"编号","源文件","行","组件/函数","控件","显示文字或动态表达式","点击/输入事件","表单提交","外部表单","禁用条件","显示条件","静态处理路径","所属文件问题（不代表此控件已复现）","证据边界"
"CTRL-0001","src/components/CustomerPaymentCodeScanner.tsx","159","CustomerPaymentCodeScanner","form","{tableCode} · 本次收款 {amountLabel} × {cameraState === 'detected' ? <><CheckCircle2 size={20} />付款码已读取</> : cameraState === 'unavailable' ? <><ScanLine size={20} />请使用扫码枪或输入付款码</> : <><ScanLine size={20} />{cameraState === 'ready' ? '对准客户付款码' : '正在启动摄像头'}</>} {cameraDetail && <p role=""status"">{cameraDetail}</p>} 客户付款码 {code ? `已读取 ${code.length} 位` : '微信 / 支付宝 / 云闪付'} {error && <div className=""payment-code-error"" role=""alert""><CircleAlert size={15} />{error}</div>} {submitting ? '正在发起收款' : '确认发起收款'}","{""onSubmit"":""submit""}","","","","","已定义交互事件","","定义与绑定已登记；业务结果按闭环表核对，不能将源码登记或同名按钮可见计为逐实例通过"
"CTRL-0002","src/components/CustomerPaymentCodeScanner.tsx","162","CustomerPaymentCodeScanner","button","×","{""onClick"":""onClose""}","submit","","","","所属表单：submit","","定义与绑定已登记；业务结果按闭环表核对，不能将源码登记或同名按钮可见计为逐实例通过"
"CTRL-0003","src/components/CustomerPaymentCodeScanner.tsx","171","CustomerPaymentCodeScanner","input","","{""onChange"":""(event) => { setCode(event.target.value.replace(/\\s/g, '')); setError('') }""}","submit","","","","所属表单：submit","","定义与绑定已登记；业务结果按闭环表核对，不能将源码登记或同名按钮可见计为逐实例通过"
"CTRL-0004","src/components/CustomerPaymentCodeScanner.tsx","184","CustomerPaymentCodeScanner","button","{submitting ? '正在发起收款' : '确认发起收款'}","{}","submit","","!code || submitting","","所属表单：submit","","定义与绑定已登记；业务结果按闭环表核对，不能将源码登记或同名按钮可见计为逐实例通过"
"CTRL-0005","src/components/GuestRecommendationTools.tsx","273","GuestRecommendationTools","button","帮我快速选 回答三个小问题","{""onClick"":""openQuickSelection""}","","","","","已定义交互事件","","定义与绑定已登记；业务结果按闭环表核对，不能将源码登记或同名按钮可见计为逐实例通过"
"CTRL-0006","src/components/GuestRecommendationTools.tsx","278","GuestRecommendationTools","button","摇一摇喝什么 给今晚一点灵感","{""onClick"":""openShake""}","","","","","已定义交互事件","","定义与绑定已登记；业务结果按闭环表核对，不能将源码登记或同名按钮可见计为逐实例通过"
"CTRL-0007","src/components/GuestRecommendationTools.tsx","286","GuestRecommendationTools","button","关闭推荐","{""onClick"":""() => closeSheet()""}","","","","activeSheet","已定义交互事件","","定义与绑定已登记；业务结果按闭环表核对，不能将源码登记或同名按钮可见计为逐实例通过"
"CTRL-0008","src/components/GuestRecommendationTools.tsx","305","GuestRecommendationTools","button","关闭快速选择","{""onClick"":""() => closeSheet()""}","","","","activeSheet && activeSheet === 'quick'","已定义交互事件","","定义与绑定已登记；业务结果按闭环表核对，不能将源码登记或同名按钮可见计为逐实例通过"
"CTRL-0009","src/components/GuestRecommendationTools.tsx","316","GuestRecommendationTools","button","{option.label}","{""onClick"":""() => answerQuestion(option.value)""}","","","","","已定义交互事件","","定义与绑定已登记；业务结果按闭环表核对，不能将源码登记或同名按钮可见计为逐实例通过"
"CTRL-0010","src/components/GuestRecommendationTools.tsx","337","GuestRecommendationTools","button","soundEnabled ? '关闭推荐音效' : '开启推荐音效'","{""onClick"":""() => {\n                        setSoundEnabled((enabled) => !enabled)\n                        onInteraction?.('recommendation_sound_toggled', { enabled: !soundEnabled })\n                      }""}","","","","activeSheet && activeSheet === 'quick'","已定义交互事件","","定义与绑定已登记；业务结果按闭环表核对，不能将源码登记或同名按钮可见计为逐实例通过"
"CTRL-0011","src/components/GuestRecommendationTools.tsx","350","GuestRecommendationTools","button","关闭摇一摇推荐","{""onClick"":""() => closeSheet()""}","","","","activeSheet && activeSheet === 'quick'","已定义交互事件","","定义与绑定已登记；业务结果按闭环表核对，不能将源码登记或同名按钮可见计为逐实例通过"
"CTRL-0012","src/components/GuestRecommendationTools.tsx","377","GuestRecommendationTools","button","再摇一次","{""onClick"":""requestAnotherShake""}","","","!shakeAvailable","activeSheet && activeSheet === 'quick'","已定义交互事件","","定义与绑定已登记；业务结果按闭环表核对，不能将源码登记或同名按钮可见计为逐实例通过"
"CTRL-0013","src/components/GuestRecommendationTools.tsx","380","GuestRecommendationTools","button","看看详情","{""onClick"":""() => {\n                      if (!shakeProduct) return\n                      closeSheet('product_action')\n                      onInteraction?.('recommendation_shake_product_opened', { productId: shakeProduct.id })\n                      onOpenProduct(shakeProduct)\n                    }""}","","","!shakeProduct","activeSheet && activeSheet === 'quick'","已定义交互事件","","定义与绑定已登记；业务结果按闭环表核对，不能将源码登记或同名按钮可见计为逐实例通过"
"CTRL-0014","src/components/GuestRecommendationTools.tsx","393","GuestRecommendationTools","button","就选这个","{""onClick"":""() => {\n                      if (!shakeProduct) return\n                      closeSheet('product_action')\n                      onInteraction?.('recommendation_shake_product_chosen', { productId: shakeProduct.id })\n                      onChooseProduct(shakeProduct)\n                    }""}","","","!shakeProduct","activeSheet && activeSheet === 'quick'","已定义交互事件","","定义与绑定已登记；业务结果按闭环表核对，不能将源码登记或同名按钮可见计为逐实例通过"
"CTRL-0015","src/components/MenuOrderingWorkspace.tsx","820","MenuOrderingWorkspace","input","`${product.name}商品备注`","{""onChange"":""(event) => setItemNotes((current) => ({ ...current, [product.id]: event.target.value }))""}","","","checkoutBusy || cartReadOnly || cartMutating","","已定义交互事件","","定义与绑定已登记；业务结果按闭环表核对，不能将源码登记或同名按钮可见计为逐实例通过"
"CTRL-0016","src/components/MenuOrderingWorkspace.tsx","826","MenuOrderingWorkspace","button","第 {index+1} 份： {unit.groups.flatMap((selection)=>{ const group=(product.bundleChoiceGroups??[]).find((candidate)=>candidate.id===selection.groupId) return selection.productIds.map((id)=>group?.options.find((option)=>option.productId===id)?.name??'已选菜品') }).join('、')} · 修改","{""onClick"":""()=>editBundleUnit(product,index)""}","","","cartReadOnly||cartMutating","","已定义交互事件","","定义与绑定已登记；业务结果按闭环表核对，不能将源码登记或同名按钮可见计为逐实例通过"
"CTRL-0017","src/components/MenuOrderingWorkspace.tsx","837","MenuOrderingWorkspace","button","","{""onClick"":""() => removeProduct(product.id)""}","","","cartReadOnly || cartMutating","","已定义交互事件","","定义与绑定已登记；业务结果按闭环表核对，不能将源码登记或同名按钮可见计为逐实例通过"
"CTRL-0018","src/components/MenuOrderingWorkspace.tsx","839","MenuOrderingWorkspace","input","`${product.name}数量`","{""onFocus"":""(event) => event.currentTarget.select()"",""onChange"":""(event) => setProductQuantity(product.id, Number(event.target.value))""}","","","cartReadOnly || cartMutating","product.productKind!=='bundle'&&(product.maxOrderQuantity ?? 50)>50","已定义交互事件","","定义与绑定已登记；业务结果按闭环表核对，不能将源码登记或同名按钮可见计为逐实例通过"
"CTRL-0019","src/components/MenuOrderingWorkspace.tsx","841","MenuOrderingWorkspace","button","","{""onClick"":""() => changeQuantity(product.id, 1)""}","","","cartReadOnly || cartMutating","","已定义交互事件","","定义与绑定已登记；业务结果按闭环表核对，不能将源码登记或同名按钮可见计为逐实例通过"
"CTRL-0020","src/components/MenuOrderingWorkspace.tsx","848","MenuOrderingWorkspace","textarea","","{""onChange"":""(event) => setFulfillmentNote(event.target.value)""}","","","","","已定义交互事件","","定义与绑定已登记；业务结果按闭环表核对，不能将源码登记或同名按钮可见计为逐实例通过"
"CTRL-0021","src/components/MenuOrderingWorkspace.tsx","905","MenuOrderingWorkspace","button","{category.name}","{""onClick"":""() => {\n                if (guestSalesMode) changeGuestMenuView(category.id as typeof guestMenuViews[number]['id'])\n                else {\n                  setCategoryId(category.id)\n                  emitInteraction('category_viewed', { categoryId: category.id })\n                }\n              }""}","","","","","已定义交互事件","","定义与绑定已登记；业务结果按闭环表核对，不能将源码登记或同名按钮可见计为逐实例通过"
"CTRL-0022","src/components/MenuOrderingWorkspace.tsx","925","MenuOrderingWorkspace","button","{family.name}","{""onClick"":""() => {\n                setBeverageFamily(family.id)\n                emitInteraction('category_viewed', { categoryId: `drinks:${family.id}` })\n              }""}","","","","","已定义交互事件","","定义与绑定已登记；业务结果按闭环表核对，不能将源码登记或同名按钮可见计为逐实例通过"
"CTRL-0023","src/components/MenuOrderingWorkspace.tsx","971","MenuOrderingWorkspace","button","`查看${product.name}详情`","{""onClick"":""() => openProductDetail(product)""}","","","","","已定义交互事件","","定义与绑定已登记；业务结果按闭环表核对，不能将源码登记或同名按钮可见计为逐实例通过"
"CTRL-0024","src/components/MenuOrderingWorkspace.tsx","978","MenuOrderingWorkspace","button","`快速加入${product.name}`","{""onClick"":""() => changeQuantity(product.id, 1)""}","","","cartMutating","status.orderable && quantity === 0","已定义交互事件","","定义与绑定已登记；业务结果按闭环表核对，不能将源码登记或同名按钮可见计为逐实例通过"
"CTRL-0025","src/components/MenuOrderingWorkspace.tsx","986","MenuOrderingWorkspace","button","`查看${product.name}详情`","{""onClick"":""() => openProductDetail(product)""}","","","","","已定义交互事件","","定义与绑定已登记；业务结果按闭环表核对，不能将源码登记或同名按钮可见计为逐实例通过"
"CTRL-0026","src/components/MenuOrderingWorkspace.tsx","997","MenuOrderingWorkspace","button","{status.label}","{}","","","true","!status.orderable","固定不可操作的状态展示","","定义与绑定已登记；业务结果按闭环表核对，不能将源码登记或同名按钮可见计为逐实例通过"
"CTRL-0027","src/components/MenuOrderingWorkspace.tsx","998","MenuOrderingWorkspace","button","{chooseLabel}","{""onClick"":""() => changeQuantity(product.id, 1)""}","","","cartMutating","!status.orderable && quantity === 0","已定义交互事件","","定义与绑定已登记；业务结果按闭环表核对，不能将源码登记或同名按钮可见计为逐实例通过"
"CTRL-0028","src/components/MenuOrderingWorkspace.tsx","1000","MenuOrderingWorkspace","button","`减少${product.name}`","{""onClick"":""() => changeQuantity(product.id, -1)""}","","","cartMutating","!status.orderable && quantity === 0","已定义交互事件","","定义与绑定已登记；业务结果按闭环表核对，不能将源码登记或同名按钮可见计为逐实例通过"
"CTRL-0029","src/components/MenuOrderingWorkspace.tsx","1002","MenuOrderingWorkspace","button","`增加${product.name}`","{""onClick"":""() => changeQuantity(product.id, 1)""}","","","cartMutating","!status.orderable && quantity === 0","已定义交互事件","","定义与绑定已登记；业务结果按闭环表核对，不能将源码登记或同名按钮可见计为逐实例通过"
"CTRL-0030","src/components/MenuOrderingWorkspace.tsx","1011","MenuOrderingWorkspace","button","看酒水","{""onClick"":""() => changeGuestMenuView('drinks')""}","","","","guestSalesMode && guestMenuView === 'recommend' && !searchQuery.trim()","已定义交互事件","","定义与绑定已登记；业务结果按闭环表核对，不能将源码登记或同名按钮可见计为逐实例通过"
"CTRL-0031","src/components/MenuOrderingWorkspace.tsx","1012","MenuOrderingWorkspace","button","看小食","{""onClick"":""() => changeGuestMenuView('food')""}","","","","guestSalesMode && guestMenuView === 'recommend' && !searchQuery.trim()","已定义交互事件","","定义与绑定已登记；业务结果按闭环表核对，不能将源码登记或同名按钮可见计为逐实例通过"
"CTRL-0032","src/components/MenuOrderingWorkspace.tsx","1017","MenuOrderingWorkspace","input","搜索菜单商品","{""onChange"":""(event) => setSearchQuery(event.target.value)"",""onKeyDown"":""(event) => {\n                  if (event.key === 'Escape') {\n                    setSearchQuery('')\n                    event.currentTarget.blur()\n                  }\n                }""}","","","","","已定义交互事件","","定义与绑定已登记；业务结果按闭环表核对，不能将源码登记或同名按钮可见计为逐实例通过"
"CTRL-0033","src/components/MenuOrderingWorkspace.tsx","1034","MenuOrderingWorkspace","button","清除搜索","{""onClick"":""() => setSearchQuery('')""}","","","","searchQuery","已定义交互事件","","定义与绑定已登记；业务结果按闭环表核对，不能将源码登记或同名按钮可见计为逐实例通过"
"CTRL-0034","src/components/MenuOrderingWorkspace.tsx","1051","MenuOrderingWorkspace","button","清除搜索","{""onClick"":""() => setSearchQuery('')""}","","","","(!guestSalesMode || guestMenuView !== 'recommend' || searchQuery.trim() || visibleProducts.length > 0) && visibleProducts.length === 0 && searchQuery","已定义交互事件","","定义与绑定已登记；业务结果按闭环表核对，不能将源码登记或同名按钮可见计为逐实例通过"
"CTRL-0035","src/components/MenuOrderingWorkspace.tsx","1051","MenuOrderingWorkspace","button","清除分类，搜索全部商品","{""onClick"":""()=>setCategoryId('all')""}","","","","(!guestSalesMode || guestMenuView !== 'recommend' || searchQuery.trim() || visibleProducts.length > 0) && visibleProducts.length === 0 && categoryId!=='all'","已定义交互事件","","定义与绑定已登记；业务结果按闭环表核对，不能将源码登记或同名按钮可见计为逐实例通过"
"CTRL-0036","src/components/MenuOrderingWorkspace.tsx","1068","MenuOrderingWorkspace","button","`查看${product.name}详情`","{""onClick"":""() => openProductDetail(product)""}","","","","","已定义交互事件","","定义与绑定已登记；业务结果按闭环表核对，不能将源码登记或同名按钮可见计为逐实例通过"
"CTRL-0037","src/components/MenuOrderingWorkspace.tsx","1075","MenuOrderingWorkspace","button","`查看${product.name}详情`","{""onClick"":""() => openProductDetail(product)""}","","","","","已定义交互事件","","定义与绑定已登记；业务结果按闭环表核对，不能将源码登记或同名按钮可见计为逐实例通过"
"CTRL-0038","src/components/MenuOrderingWorkspace.tsx","1083","MenuOrderingWorkspace","button","`${product.name}暂不可点，${status.label}`","{}","","","true","!status.orderable","固定不可操作的状态展示","","定义与绑定已登记；业务结果按闭环表核对，不能将源码登记或同名按钮可见计为逐实例通过"
"CTRL-0039","src/components/MenuOrderingWorkspace.tsx","1085","MenuOrderingWorkspace","button","`加入${product.name}`","{""onClick"":""() => changeQuantity(product.id, 1)""}","","","cartMutating","!status.orderable && quantity === 0","已定义交互事件","","定义与绑定已登记；业务结果按闭环表核对，不能将源码登记或同名按钮可见计为逐实例通过"
"CTRL-0040","src/components/MenuOrderingWorkspace.tsx","1088","MenuOrderingWorkspace","button","","{""onClick"":""() => changeQuantity(product.id, -1)""}","","","cartMutating","!status.orderable && quantity === 0","已定义交互事件","","定义与绑定已登记；业务结果按闭环表核对，不能将源码登记或同名按钮可见计为逐实例通过"
"CTRL-0041","src/components/MenuOrderingWorkspace.tsx","1090","MenuOrderingWorkspace","input","`${product.name}数量`","{""onFocus"":""(event) => event.currentTarget.select()"",""onChange"":""(event) => setProductQuantity(product.id, Number(event.target.value))""}","","","cartMutating","!status.orderable && quantity === 0 && product.productKind!=='bundle'&&(product.maxOrderQuantity ?? 50)>50","已定义交互事件","","定义与绑定已登记；业务结果按闭环表核对，不能将源码登记或同名按钮可见计为逐实例通过"
"CTRL-0042","src/components/MenuOrderingWorkspace.tsx","1092","MenuOrderingWorkspace","button","","{""onClick"":""() => changeQuantity(product.id, 1)""}","","","cartMutating","!status.orderable && quantity === 0","已定义交互事件","","定义与绑定已登记；业务结果按闭环表核对，不能将源码登记或同名按钮可见计为逐实例通过"
"CTRL-0043","src/components/MenuOrderingWorkspace.tsx","1104","MenuOrderingWorkspace","button","关闭购物车","{""onClick"":""() => setCartOpen(false)""}","","","","compactCart && cartOpen","已定义交互事件","","定义与绑定已登记；业务结果按闭环表核对，不能将源码登记或同名按钮可见计为逐实例通过"
"CTRL-0044","src/components/MenuOrderingWorkspace.tsx","1107","MenuOrderingWorkspace","button","","{""onClick"":""() => setCartOpen(false)""}","","","","compactCart && cartOpen","已定义交互事件","","定义与绑定已登记；业务结果按闭环表核对，不能将源码登记或同名按钮可见计为逐实例通过"
"CTRL-0045","src/components/MenuOrderingWorkspace.tsx","1112","MenuOrderingWorkspace","button","{cartMutating ? '正在同步选择' : busy ? '正在提交' : submitLabel}","{""onClick"":""() => void submit()""}","","","cartProducts.length === 0 || checkoutBusy || submitDisabled","compactCart && cartOpen","已定义交互事件","","定义与绑定已登记；业务结果按闭环表核对，不能将源码登记或同名按钮可见计为逐实例通过"
"CTRL-0046","src/components/MenuOrderingWorkspace.tsx","1119","MenuOrderingWorkspace","button","`查看本次购物车，待提交${itemCount}件，合计${formatMenuAmount(total)}元`","{""onClick"":""() => setCartOpen((open) => !open)""}","","","itemCount === 0","compactCart && itemCount > 0","已定义交互事件","","定义与绑定已登记；业务结果按闭环表核对，不能将源码登记或同名按钮可见计为逐实例通过"
"CTRL-0047","src/components/MenuOrderingWorkspace.tsx","1133","MenuOrderingWorkspace","button","{cartMutating ? '正在同步' : submitDisabled ? submitLabel : '查看已选'}","{""onClick"":""() => setCartOpen(true)""}","","","cartProducts.length === 0 || checkoutBusy || submitDisabled","compactCart && itemCount > 0","已定义交互事件","","定义与绑定已登记；业务结果按闭环表核对，不能将源码登记或同名按钮可见计为逐实例通过"
"CTRL-0048","src/components/MenuOrderingWorkspace.tsx","1143","MenuOrderingWorkspace","button","{cartMutating ? '正在同步选择' : busy ? '正在提交' : submitLabel}","{""onClick"":""() => void submit()""}","","","cartProducts.length === 0 || checkoutBusy || submitDisabled","compactCart","已定义交互事件","","定义与绑定已登记；业务结果按闭环表核对，不能将源码登记或同名按钮可见计为逐实例通过"
"CTRL-0049","src/components/MenuOrderingWorkspace.tsx","1152","MenuOrderingWorkspace","button","关闭商品详情","{""onClick"":""() => { setDetailProductId('');setEditingBundleUnit(null) }""}","","","","detailProduct","已定义交互事件","","定义与绑定已登记；业务结果按闭环表核对，不能将源码登记或同名按钮可见计为逐实例通过"
"CTRL-0050","src/components/MenuOrderingWorkspace.tsx","1156","MenuOrderingWorkspace","button","","{""onClick"":""() => { setDetailProductId('');setEditingBundleUnit(null) }""}","","","","detailProduct","已定义交互事件","","定义与绑定已登记；业务结果按闭环表核对，不能将源码登记或同名按钮可见计为逐实例通过"
"CTRL-0051","src/components/MenuOrderingWorkspace.tsx","1184","MenuOrderingWorkspace","button","{option.name??'可选菜品'} {option.quantity>1?`每份 × ${option.quantity}`:(option.unavailableReason??'包含 1 份')} {selected?'已选':'选择'}","{""onClick"":""()=>toggleDetailChoice(group.id,option.productId,group.selectionCount)""}","","","option.available===false","","已定义交互事件","","定义与绑定已登记；业务结果按闭环表核对，不能将源码登记或同名按钮可见计为逐实例通过"
"CTRL-0052","src/components/MenuOrderingWorkspace.tsx","1205","MenuOrderingWorkspace","button","{editingBundleUnit?<Check size={18}/>:<Plus size={18} />} {detailChoiceGroups.length>0 ?(detailChoicesComplete?(editingBundleUnit?`保存第${editingBundleUnit.unitIndex+1}份`:'确认选择并加入'):'请先完成选择') :'加入购物车'}","{""onClick"":""()=>void addConfiguredBundle(detailProduct)""}","","","availability.get(detailProduct.id)?.orderable !== true || cartMutating || !detailChoicesComplete","detailProduct && detailProduct.productKind==='bundle'","已定义交互事件","","定义与绑定已登记；业务结果按闭环表核对，不能将源码登记或同名按钮可见计为逐实例通过"
"CTRL-0053","src/components/MenuOrderingWorkspace.tsx","1212","MenuOrderingWorkspace","button","加入购物车","{""onClick"":""()=>changeQuantity(detailProduct.id,1)""}","","","availability.get(detailProduct.id)?.orderable !== true || cartMutating","detailProduct && detailProduct.productKind==='bundle' && detailQuantity===0","已定义交互事件","","定义与绑定已登记；业务结果按闭环表核对，不能将源码登记或同名按钮可见计为逐实例通过"
"CTRL-0054","src/components/MenuOrderingWorkspace.tsx","1218","MenuOrderingWorkspace","button","`减少${detailProduct.name}`","{""onClick"":""()=>changeQuantity(detailProduct.id,-1)""}","","","cartMutating","detailProduct && detailProduct.productKind==='bundle' && detailQuantity===0","已定义交互事件","","定义与绑定已登记；业务结果按闭环表核对，不能将源码登记或同名按钮可见计为逐实例通过"
"CTRL-0055","src/components/MenuOrderingWorkspace.tsx","1220","MenuOrderingWorkspace","button","`增加${detailProduct.name}`","{""onClick"":""()=>changeQuantity(detailProduct.id,1)""}","","","cartMutating","detailProduct && detailProduct.productKind==='bundle' && detailQuantity===0","已定义交互事件","","定义与绑定已登记；业务结果按闭环表核对，不能将源码登记或同名按钮可见计为逐实例通过"
"CTRL-0056","src/components/MenuOrderingWorkspace.tsx","1226","MenuOrderingWorkspace","div","再完整一点 加 ¥ {formatMenuAmount(upgradeProduct.listPriceAmount - upgradeSourceProduct.listPriceAmount)} ，换成 {upgradeProduct.name} {recommendationConfig(upgradeProduct).reason || upgradeProduct.description || '更适合今晚完整地喝一轮。'} 保持现在这样 升级这一份","{""onClick"":""() => {\n        setUpgradePromptProductId('')\n        setUpgradeSourceProductId('')\n      }""}","","","","guestSalesMode && upgradeProduct && upgradeSourceProduct && upgradeProduct.listPriceAmount > upgradeSourceProduct.listPriceAmount","已定义交互事件","","定义与绑定已登记；业务结果按闭环表核对，不能将源码登记或同名按钮可见计为逐实例通过"
"CTRL-0057","src/components/MenuOrderingWorkspace.tsx","1230","MenuOrderingWorkspace","section","升级今晚选择","{""onClick"":""(event) => event.stopPropagation()""}","","","","guestSalesMode && upgradeProduct && upgradeSourceProduct && upgradeProduct.listPriceAmount > upgradeSourceProduct.listPriceAmount","已定义交互事件","","定义与绑定已登记；业务结果按闭环表核对，不能将源码登记或同名按钮可见计为逐实例通过"
"CTRL-0058","src/components/MenuOrderingWorkspace.tsx","1235","MenuOrderingWorkspace","button","保持现在这样","{""onClick"":""() => {\n              setUpgradePromptProductId('')\n              setUpgradeSourceProductId('')\n            }""}","","","","guestSalesMode && upgradeProduct && upgradeSourceProduct && upgradeProduct.listPriceAmount > upgradeSourceProduct.listPriceAmount","已定义交互事件","","定义与绑定已登记；业务结果按闭环表核对，不能将源码登记或同名按钮可见计为逐实例通过"
"CTRL-0059","src/components/MenuOrderingWorkspace.tsx","1239","MenuOrderingWorkspace","button","升级这一份","{""onClick"":""() => {\n              removeProduct(upgradeSourceProduct.id)\n              void setProductQuantity(upgradeProduct.id, 1)\n              emitInteraction('upgrade_accepted', {\n                productId: upgradeProduct.id,\n                metadata: { fromProductId: upgradeSourceProduct.id },\n              })\n              setUpgradePromptProductId('')\n              setUpgradeSourceProductId('')\n            }""}","","","","guestSalesMode && upgradeProduct && upgradeSourceProduct && upgradeProduct.listPriceAmount > upgradeSourceProduct.listPriceAmount","已定义交互事件","","定义与绑定已登记；业务结果按闭环表核对，不能将源码登记或同名按钮可见计为逐实例通过"
"CTRL-0060","src/components/MenuOrderingWorkspace.tsx","1253","MenuOrderingWorkspace","div","{confirmation === 'duplicate' ? <AlertTriangle size={22} /> : complimentaryMode ? <Gift size={22} /> : <ShoppingCart size={22} />} {confirmation === 'continue' ? 'CONTINUE ORDER' : complimentaryMode ? 'GIFT CHECK' : 'ORDER CHECK'} {confirmation === 'duplicate' ? '刚刚下过一笔相同订单' : confirmation === 'continue' ? '还要继续加单吗？' : complimentaryMode ? '请确认这次赠送' : '请确认这次上单'} {confirmation === 'continue' ? <p>您刚完成一次下单。确认是新一轮加单后再继续，避免手滑重复上单。</p> : <> <div className=""menu-confirm-lines"">{cartProducts.map((product) => <div key={product.id}><span>{product.name} × {cart[product.id]}</span><strong>¥{((cartUnitAmount(product) * cart[product.id]!) / 100).toFixed(2)}</strong></div>)}</div> <div className=""menu-conf","{""onClick"":""() => setConfirmation(null)""}","","","","confirmation","已定义交互事件","","定义与绑定已登记；业务结果按闭环表核对，不能将源码登记或同名按钮可见计为逐实例通过"
"CTRL-0061","src/components/MenuOrderingWorkspace.tsx","1254","MenuOrderingWorkspace","section","confirmation === 'continue' ? '确认继续加单' : complimentaryMode ? '确认赠送' : '确认上单'","{""onClick"":""(event) => event.stopPropagation()""}","","","","confirmation","已定义交互事件","","定义与绑定已登记；业务结果按闭环表核对，不能将源码登记或同名按钮可见计为逐实例通过"
"CTRL-0062","src/components/MenuOrderingWorkspace.tsx","1258","MenuOrderingWorkspace","button","","{""onClick"":""() => setConfirmation(null)""}","","","","confirmation","已定义交互事件","","定义与绑定已登记；业务结果按闭环表核对，不能将源码登记或同名按钮可见计为逐实例通过"
"CTRL-0063","src/components/MenuOrderingWorkspace.tsx","1268","MenuOrderingWorkspace","button","再看看","{""onClick"":""() => setConfirmation(null)""}","","","checkoutBusy","confirmation","已定义交互事件","","定义与绑定已登记；业务结果按闭环表核对，不能将源码登记或同名按钮可见计为逐实例通过"
"CTRL-0064","src/components/MenuOrderingWorkspace.tsx","1269","MenuOrderingWorkspace","button","{cartMutating ? '正在同步选择' : busy ? '正在提交' : confirmation === 'duplicate' ? '确认继续加单' : confirmation === 'continue' ? '继续选商品' : complimentaryMode ? '确认赠送' : '确认上单'}","{""onClick"":""() => {\n              if (confirmation === 'continue') void confirmContinuation()\n              else void executeSubmit(confirmation === 'duplicate' ? confirmedDuplicateOrderId : undefined)\n            }""}","","","isMenuConfirmationDisabled({
              busy: checkoutBusy,
              submitDisabled,
              confirmation,
              confirmedDuplicateOrderId,
            })","confirmation","已定义交互事件","","定义与绑定已登记；业务结果按闭环表核对，不能将源码登记或同名按钮可见计为逐实例通过"
"CTRL-0065","src/normalized-ui/ActivityOperationsPanel.tsx","452","ActivityOperationsPanel","button","{expanded ? '收起' : '打开工作台'}","{""onClick"":""() => setExpanded((value) => {if(value)setRevealedContacts({});return !value})""}","","","","","已定义交互事件","SYS-300","定义与绑定已登记；业务结果按闭环表核对，不能将源码登记或同名按钮可见计为逐实例通过"
"CTRL-0066","src/normalized-ui/ActivityOperationsPanel.tsx","456","ActivityOperationsPanel","button","新建活动草稿","{""onClick"":""startCreate""}","","","!!busy","expanded && canManage","已定义交互事件","SYS-300","定义与绑定已登记；业务结果按闭环表核对，不能将源码登记或同名按钮可见计为逐实例通过"
"CTRL-0067","src/normalized-ui/ActivityOperationsPanel.tsx","456","ActivityOperationsPanel","button","刷新","{""onClick"":""() => void loadActivities()""}","","","phase === 'loading'","expanded","已定义交互事件","SYS-300","定义与绑定已登记；业务结果按闭环表核对，不能将源码登记或同名按钮可见计为逐实例通过"
"CTRL-0068","src/normalized-ui/ActivityOperationsPanel.tsx","457","ActivityOperationsPanel","button","重新读取","{""onClick"":""() => void loadActivities()""}","","","","expanded && phase === 'error'","已定义交互事件","SYS-300","定义与绑定已登记；业务结果按闭环表核对，不能将源码登记或同名按钮可见计为逐实例通过"
"CTRL-0069","src/normalized-ui/ActivityOperationsPanel.tsx","458","ActivityOperationsPanel","button","{activity.title} {statusLabel(activity.status)} · {dateText(activity.startsAt)} {activity.occupiedSeats} / {activity.capacity} 人 · 候补 {activity.waitlistedSeats} 人","{""onClick"":""() => {if(!closeInFlight.current)void loadDetail(activity.publicId)}""}","","","!!busy","","已定义交互事件","SYS-300","定义与绑定已登记；业务结果按闭环表核对，不能将源码登记或同名按钮可见计为逐实例通过"
"CTRL-0070","src/normalized-ui/ActivityOperationsPanel.tsx","462","ActivityOperationsPanel","button","复核并发布","{""onClick"":""() => void publishActivity(detail.activity)""}","","","busy === 'publish'","expanded && detail && detail.activity.status === 'draft' && detail.activity.publicId !== '' && canPublish","已定义交互事件","SYS-300","定义与绑定已登记；业务结果按闭环表核对，不能将源码登记或同名按钮可见计为逐实例通过"
"CTRL-0071","src/normalized-ui/ActivityOperationsPanel.tsx","465","ActivityOperationsPanel","summary","{detail.activity.publicId === '' ? '填写活动草稿' : '编辑草稿'} （发布后不可静默修改）","{}","","","","expanded && detail && draft && canManage","浏览器原生展开/收起","SYS-300","定义与绑定已登记；业务结果按闭环表核对，不能将源码登记或同名按钮可见计为逐实例通过"
"CTRL-0072","src/normalized-ui/ActivityOperationsPanel.tsx","465","ActivityOperationsPanel","form","活动与时间 活动名称 活动类型 会员音乐夜 城市漫步 徒步 露营 音乐野餐 求婚活动 其他 列表摘要 活动详情 开始时间 结束时间 集合地点 人数上限 封面图片（可选） 费用、权益和客群 计价方式 每次报名/每组 每人 预付方式 无需预付 订金可选 必须付订金 必须全额预付 活动费用 订金 付款时限 付款说明 可见范围 所有顾客 所有会员 指定客群 指定会员等级 {memberLevels.map(([code,label]) => <label key={code}><input type=""checkbox"" disabled={draft.visibility !== 'segment'} checked={draft.audienceMemberLevels.includes(code)} onChange={() => updateDraft('audienceMemberLevels', toggle(draft.audienceMemberLevels,code))} />{label}</label>)} 指定会员阶段 {lifecycleStages.map(([code,label]) => <label key={code}><input type=""checkbox"" disabled={draft.visibility !== 'segment'} checked={draft.audienceLifecycleStages.includes(code)} onChange={() => updateDraft('audienceLifecycleSt","{""onSubmit"":""(event) => void saveDraft(event)""}","","","","expanded && detail && draft && canManage","已定义交互事件","SYS-300","定义与绑定已登记；业务结果按闭环表核对，不能将源码登记或同名按钮可见计为逐实例通过"
"CTRL-0073","src/normalized-ui/ActivityOperationsPanel.tsx","467","ActivityOperationsPanel","input","活动名称","{""onChange"":""(event) => updateDraft('title', event.target.value)""}","(event) => void saveDraft(event)","","","expanded && detail && draft && canManage","所属表单：(event) => void saveDraft(event)","SYS-300","定义与绑定已登记；业务结果按闭环表核对，不能将源码登记或同名按钮可见计为逐实例通过"
"CTRL-0074","src/normalized-ui/ActivityOperationsPanel.tsx","468","ActivityOperationsPanel","select","会员音乐夜 城市漫步 徒步 露营 音乐野餐 求婚活动 其他","{""onChange"":""(event) => updateDraft('kind', event.target.value)""}","(event) => void saveDraft(event)","","","expanded && detail && draft && canManage","所属表单：(event) => void saveDraft(event)","SYS-300","定义与绑定已登记；业务结果按闭环表核对，不能将源码登记或同名按钮可见计为逐实例通过"
"CTRL-0075","src/normalized-ui/ActivityOperationsPanel.tsx","469","ActivityOperationsPanel","textarea","列表摘要","{""onChange"":""(event) => updateDraft('summary', event.target.value)""}","(event) => void saveDraft(event)","","","expanded && detail && draft && canManage","所属表单：(event) => void saveDraft(event)","SYS-300","定义与绑定已登记；业务结果按闭环表核对，不能将源码登记或同名按钮可见计为逐实例通过"
"CTRL-0076","src/normalized-ui/ActivityOperationsPanel.tsx","470","ActivityOperationsPanel","textarea","活动详情","{""onChange"":""(event) => updateDraft('activityDetails', event.target.value)""}","(event) => void saveDraft(event)","","","expanded && detail && draft && canManage","所属表单：(event) => void saveDraft(event)","SYS-300","定义与绑定已登记；业务结果按闭环表核对，不能将源码登记或同名按钮可见计为逐实例通过"
"CTRL-0077","src/normalized-ui/ActivityOperationsPanel.tsx","471","ActivityOperationsPanel","input","开始时间","{""onChange"":""(event) => updateDraft('startsAt', event.target.value)""}","(event) => void saveDraft(event)","","","expanded && detail && draft && canManage","所属表单：(event) => void saveDraft(event)","SYS-300","定义与绑定已登记；业务结果按闭环表核对，不能将源码登记或同名按钮可见计为逐实例通过"
"CTRL-0078","src/normalized-ui/ActivityOperationsPanel.tsx","472","ActivityOperationsPanel","input","结束时间","{""onChange"":""(event) => updateDraft('endsAt', event.target.value)""}","(event) => void saveDraft(event)","","","expanded && detail && draft && canManage","所属表单：(event) => void saveDraft(event)","SYS-300","定义与绑定已登记；业务结果按闭环表核对，不能将源码登记或同名按钮可见计为逐实例通过"
"CTRL-0079","src/normalized-ui/ActivityOperationsPanel.tsx","473","ActivityOperationsPanel","input","集合地点","{""onChange"":""(event) => updateDraft('assemblyLocation', event.target.value)""}","(event) => void saveDraft(event)","","","expanded && detail && draft && canManage","所属表单：(event) => void saveDraft(event)","SYS-300","定义与绑定已登记；业务结果按闭环表核对，不能将源码登记或同名按钮可见计为逐实例通过"
"CTRL-0080","src/normalized-ui/ActivityOperationsPanel.tsx","474","ActivityOperationsPanel","NumberInputWithUnit","人数上限","{""onChange"":""(event) => updateDraft('capacity', event.target.value)""}","(event) => void saveDraft(event)","","","expanded && detail && draft && canManage","所属表单：(event) => void saveDraft(event)","SYS-300","定义与绑定已登记；业务结果按闭环表核对，不能将源码登记或同名按钮可见计为逐实例通过"
"CTRL-0081","src/normalized-ui/ActivityOperationsPanel.tsx","475","ActivityOperationsPanel","input","封面图片（可选）","{}","(event) => void saveDraft(event)","","","expanded && detail && draft && canManage","所属表单：(event) => void saveDraft(event)","SYS-300","定义与绑定已登记；业务结果按闭环表核对，不能将源码登记或同名按钮可见计为逐实例通过"
"CTRL-0082","src/normalized-ui/ActivityOperationsPanel.tsx","476","ActivityOperationsPanel","MediaAssetPicker","","{""onChange"":""(coverUrl)=>updateDraft('coverUrl',coverUrl)""}","(event) => void saveDraft(event)","","","expanded && detail && draft && canManage","所属表单：(event) => void saveDraft(event)","SYS-300","定义与绑定已登记；业务结果按闭环表核对，不能将源码登记或同名按钮可见计为逐实例通过"
"CTRL-0083","src/normalized-ui/ActivityOperationsPanel.tsx","479","ActivityOperationsPanel","select","每次报名/每组 每人","{""onChange"":""(event) => updateDraft('feeBasis', event.target.value)""}","(event) => void saveDraft(event)","","","expanded && detail && draft && canManage","所属表单：(event) => void saveDraft(event)","SYS-300","定义与绑定已登记；业务结果按闭环表核对，不能将源码登记或同名按钮可见计为逐实例通过"
"CTRL-0084","src/normalized-ui/ActivityOperationsPanel.tsx","480","ActivityOperationsPanel","select","无需预付 订金可选 必须付订金 必须全额预付","{""onChange"":""(event) => updateDraft('paymentMode', event.target.value as ActivityPaymentMode)""}","(event) => void saveDraft(event)","","","expanded && detail && draft && canManage","所属表单：(event) => void saveDraft(event)","SYS-300","定义与绑定已登记；业务结果按闭环表核对，不能将源码登记或同名按钮可见计为逐实例通过"
"CTRL-0085","src/normalized-ui/ActivityOperationsPanel.tsx","481","ActivityOperationsPanel","NumberInputWithUnit","活动费用","{""onChange"":""(event) => updateDraft('feeYuan', event.target.value)""}","(event) => void saveDraft(event)","","","expanded && detail && draft && canManage","所属表单：(event) => void saveDraft(event)","SYS-300","定义与绑定已登记；业务结果按闭环表核对，不能将源码登记或同名按钮可见计为逐实例通过"
"CTRL-0086","src/normalized-ui/ActivityOperationsPanel.tsx","482","ActivityOperationsPanel","NumberInputWithUnit","订金","{""onChange"":""(event) => updateDraft('depositYuan', event.target.value)""}","(event) => void saveDraft(event)","","","expanded && detail && draft && canManage","所属表单：(event) => void saveDraft(event)","SYS-300","定义与绑定已登记；业务结果按闭环表核对，不能将源码登记或同名按钮可见计为逐实例通过"
"CTRL-0087","src/normalized-ui/ActivityOperationsPanel.tsx","483","ActivityOperationsPanel","NumberInputWithUnit","付款时限","{""onChange"":""(event) => updateDraft('paymentDeadlineMinutes', event.target.value)""}","(event) => void saveDraft(event)","","","expanded && detail && draft && canManage","所属表单：(event) => void saveDraft(event)","SYS-300","定义与绑定已登记；业务结果按闭环表核对，不能将源码登记或同名按钮可见计为逐实例通过"
"CTRL-0088","src/normalized-ui/ActivityOperationsPanel.tsx","484","ActivityOperationsPanel","input","付款说明","{""onChange"":""(event) => updateDraft('paymentRuleText', event.target.value)""}","(event) => void saveDraft(event)","","","expanded && detail && draft && canManage","所属表单：(event) => void saveDraft(event)","SYS-300","定义与绑定已登记；业务结果按闭环表核对，不能将源码登记或同名按钮可见计为逐实例通过"
"CTRL-0089","src/normalized-ui/ActivityOperationsPanel.tsx","485","ActivityOperationsPanel","select","所有顾客 所有会员 指定客群","{""onChange"":""(event) => updateDraft('visibility', event.target.value)""}","(event) => void saveDraft(event)","","","expanded && detail && draft && canManage","所属表单：(event) => void saveDraft(event)","SYS-300","定义与绑定已登记；业务结果按闭环表核对，不能将源码登记或同名按钮可见计为逐实例通过"
"CTRL-0090","src/normalized-ui/ActivityOperationsPanel.tsx","486","ActivityOperationsPanel","input","{label}","{""onChange"":""() => updateDraft('audienceMemberLevels', toggle(draft.audienceMemberLevels,code))""}","(event) => void saveDraft(event)","","draft.visibility !== 'segment'","","所属表单：(event) => void saveDraft(event)","SYS-300","定义与绑定已登记；业务结果按闭环表核对，不能将源码登记或同名按钮可见计为逐实例通过"
"CTRL-0091","src/normalized-ui/ActivityOperationsPanel.tsx","487","ActivityOperationsPanel","input","{label}","{""onChange"":""() => updateDraft('audienceLifecycleStages', toggle(draft.audienceLifecycleStages,code))""}","(event) => void saveDraft(event)","","draft.visibility !== 'segment'","","所属表单：(event) => void saveDraft(event)","SYS-300","定义与绑定已登记；业务结果按闭环表核对，不能将源码登记或同名按钮可见计为逐实例通过"
"CTRL-0092","src/normalized-ui/ActivityOperationsPanel.tsx","488","ActivityOperationsPanel","textarea","会员权益或赠送","{""onChange"":""(event) => updateDraft('memberBenefitText', event.target.value)""}","(event) => void saveDraft(event)","","","expanded && detail && draft && canManage","所属表单：(event) => void saveDraft(event)","SYS-300","定义与绑定已登记；业务结果按闭环表核对，不能将源码登记或同名按钮可见计为逐实例通过"
"CTRL-0093","src/normalized-ui/ActivityOperationsPanel.tsx","492","ActivityOperationsPanel","input","报名必须选择套餐","{""onChange"":""(event) => updateDraft('packageSelectionRequired', event.target.checked)""}","(event) => void saveDraft(event)","","","expanded && detail && draft && canManage","所属表单：(event) => void saveDraft(event)","SYS-300","定义与绑定已登记；业务结果按闭环表核对，不能将源码登记或同名按钮可见计为逐实例通过"
"CTRL-0094","src/normalized-ui/ActivityOperationsPanel.tsx","495","ActivityOperationsPanel","button","删除","{""onClick"":""()=>removePackage(index)""}","(event) => void saveDraft(event)","","","","所属表单：(event) => void saveDraft(event)","SYS-300","定义与绑定已登记；业务结果按闭环表核对，不能将源码登记或同名按钮可见计为逐实例通过"
"CTRL-0095","src/normalized-ui/ActivityOperationsPanel.tsx","496","ActivityOperationsPanel","input","套餐名称","{""onChange"":""(event)=>updatePackage(index,'name',event.target.value)""}","(event) => void saveDraft(event)","","","","所属表单：(event) => void saveDraft(event)","SYS-300","定义与绑定已登记；业务结果按闭环表核对，不能将源码登记或同名按钮可见计为逐实例通过"
"CTRL-0096","src/normalized-ui/ActivityOperationsPanel.tsx","497","ActivityOperationsPanel","NumberInputWithUnit","名额","{""onChange"":""(event)=>updatePackage(index,'capacity',event.target.value)""}","(event) => void saveDraft(event)","","","","所属表单：(event) => void saveDraft(event)","SYS-300","定义与绑定已登记；业务结果按闭环表核对，不能将源码登记或同名按钮可见计为逐实例通过"
"CTRL-0097","src/normalized-ui/ActivityOperationsPanel.tsx","498","ActivityOperationsPanel","NumberInputWithUnit","加购价","{""onChange"":""(event)=>updatePackage(index,'feeYuan',event.target.value)""}","(event) => void saveDraft(event)","","","","所属表单：(event) => void saveDraft(event)","SYS-300","定义与绑定已登记；业务结果按闭环表核对，不能将源码登记或同名按钮可见计为逐实例通过"
"CTRL-0098","src/normalized-ui/ActivityOperationsPanel.tsx","499","ActivityOperationsPanel","NumberInputWithUnit","订金","{""onChange"":""(event)=>updatePackage(index,'depositYuan',event.target.value)""}","(event) => void saveDraft(event)","","","","所属表单：(event) => void saveDraft(event)","SYS-300","定义与绑定已登记；业务结果按闭环表核对，不能将源码登记或同名按钮可见计为逐实例通过"
"CTRL-0099","src/normalized-ui/ActivityOperationsPanel.tsx","500","ActivityOperationsPanel","select","每次报名 每人","{""onChange"":""(event)=>updatePackage(index,'feeBasis',event.target.value as PackageForm['feeBasis'])""}","(event) => void saveDraft(event)","","","","所属表单：(event) => void saveDraft(event)","SYS-300","定义与绑定已登记；业务结果按闭环表核对，不能将源码登记或同名按钮可见计为逐实例通过"
"CTRL-0100","src/normalized-ui/ActivityOperationsPanel.tsx","501","ActivityOperationsPanel","select","无需预付 订金可选 必须付订金 必须全额预付","{""onChange"":""(event)=>updatePackage(index,'paymentMode',event.target.value as ActivityPaymentMode)""}","(event) => void saveDraft(event)","","","","所属表单：(event) => void saveDraft(event)","SYS-300","定义与绑定已登记；业务结果按闭环表核对，不能将源码登记或同名按钮可见计为逐实例通过"
"CTRL-0101","src/normalized-ui/ActivityOperationsPanel.tsx","502","ActivityOperationsPanel","NumberInputWithUnit","付款时限","{""onChange"":""(event)=>updatePackage(index,'paymentDeadlineMinutes',event.target.value)""}","(event) => void saveDraft(event)","","","","所属表单：(event) => void saveDraft(event)","SYS-300","定义与绑定已登记；业务结果按闭环表核对，不能将源码登记或同名按钮可见计为逐实例通过"
"CTRL-0102","src/normalized-ui/ActivityOperationsPanel.tsx","503","ActivityOperationsPanel","NumberInputWithUnit","每会员限购","{""onChange"":""(event)=>updatePackage(index,'memberPurchaseLimit',event.target.value)""}","(event) => void saveDraft(event)","","","","所属表单：(event) => void saveDraft(event)","SYS-300","定义与绑定已登记；业务结果按闭环表核对，不能将源码登记或同名按钮可见计为逐实例通过"
"CTRL-0103","src/normalized-ui/ActivityOperationsPanel.tsx","504","ActivityOperationsPanel","input","开售时间（可空）","{""onChange"":""(event)=>updatePackage(index,'availableFrom',event.target.value)""}","(event) => void saveDraft(event)","","","","所属表单：(event) => void saveDraft(event)","SYS-300","定义与绑定已登记；业务结果按闭环表核对，不能将源码登记或同名按钮可见计为逐实例通过"
"CTRL-0104","src/normalized-ui/ActivityOperationsPanel.tsx","505","ActivityOperationsPanel","input","停售时间（可空）","{""onChange"":""(event)=>updatePackage(index,'availableUntil',event.target.value)""}","(event) => void saveDraft(event)","","","","所属表单：(event) => void saveDraft(event)","SYS-300","定义与绑定已登记；业务结果按闭环表核对，不能将源码登记或同名按钮可见计为逐实例通过"
"CTRL-0105","src/normalized-ui/ActivityOperationsPanel.tsx","506","ActivityOperationsPanel","input","付款说明","{""onChange"":""(event)=>updatePackage(index,'paymentRuleText',event.target.value)""}","(event) => void saveDraft(event)","","","","所属表单：(event) => void saveDraft(event)","SYS-300","定义与绑定已登记；业务结果按闭环表核对，不能将源码登记或同名按钮可见计为逐实例通过"
"CTRL-0106","src/normalized-ui/ActivityOperationsPanel.tsx","507","ActivityOperationsPanel","textarea","套餐说明","{""onChange"":""(event)=>updatePackage(index,'description',event.target.value)""}","(event) => void saveDraft(event)","","","","所属表单：(event) => void saveDraft(event)","SYS-300","定义与绑定已登记；业务结果按闭环表核对，不能将源码登记或同名按钮可见计为逐实例通过"
"CTRL-0107","src/normalized-ui/ActivityOperationsPanel.tsx","508","ActivityOperationsPanel","textarea","包含内容（每行一项）","{""onChange"":""(event)=>updatePackage(index,'includedItems',event.target.value)""}","(event) => void saveDraft(event)","","","","所属表单：(event) => void saveDraft(event)","SYS-300","定义与绑定已登记；业务结果按闭环表核对，不能将源码登记或同名按钮可见计为逐实例通过"
"CTRL-0108","src/normalized-ui/ActivityOperationsPanel.tsx","509","ActivityOperationsPanel","input","取用规则版本（可空）","{""onChange"":""(event)=>updatePackage(index,'redemptionPolicyVersion',event.target.value)""}","(event) => void saveDraft(event)","","","","所属表单：(event) => void saveDraft(event)","SYS-300","定义与绑定已登记；业务结果按闭环表核对，不能将源码登记或同名按钮可见计为逐实例通过"
"CTRL-0109","src/normalized-ui/ActivityOperationsPanel.tsx","510","ActivityOperationsPanel","input","退款规则版本（可空）","{""onChange"":""(event)=>updatePackage(index,'refundPolicyVersion',event.target.value)""}","(event) => void saveDraft(event)","","","","所属表单：(event) => void saveDraft(event)","SYS-300","定义与绑定已登记；业务结果按闭环表核对，不能将源码登记或同名按钮可见计为逐实例通过"
"CTRL-0110","src/normalized-ui/ActivityOperationsPanel.tsx","511","ActivityOperationsPanel","input","套餐图片地址（可空）","{""onChange"":""(event)=>updatePackage(index,'imageUrl',event.target.value)""}","(event) => void saveDraft(event)","","","","所属表单：(event) => void saveDraft(event)","SYS-300","定义与绑定已登记；业务结果按闭环表核对，不能将源码登记或同名按钮可见计为逐实例通过"
"CTRL-0111","src/normalized-ui/ActivityOperationsPanel.tsx","512","ActivityOperationsPanel","PackageComponentSelector","","{""onChange"":""(components) => updatePackage(index, 'components', components)""}","(event) => void saveDraft(event)","","","","所属表单：(event) => void saveDraft(event)","SYS-300","定义与绑定已登记；业务结果按闭环表核对，不能将源码登记或同名按钮可见计为逐实例通过"
"CTRL-0112","src/normalized-ui/ActivityOperationsPanel.tsx","519","ActivityOperationsPanel","button","新增套餐","{""onClick"":""addPackage""}","(event) => void saveDraft(event)","","","expanded && detail && draft && canManage","所属表单：(event) => void saveDraft(event)","SYS-300","定义与绑定已登记；业务结果按闭环表核对，不能将源码登记或同名按钮可见计为逐实例通过"
"CTRL-0113","src/normalized-ui/ActivityOperationsPanel.tsx","522","ActivityOperationsPanel","input","退款规则版本","{""onChange"":""(event) => updateDraft('refundPolicyVersion', event.target.value)""}","(event) => void saveDraft(event)","","","expanded && detail && draft && canManage","所属表单：(event) => void saveDraft(event)","SYS-300","定义与绑定已登记；业务结果按闭环表核对，不能将源码登记或同名按钮可见计为逐实例通过"
"CTRL-0114","src/normalized-ui/ActivityOperationsPanel.tsx","523","ActivityOperationsPanel","input","安全规则版本","{""onChange"":""(event) => updateDraft('safetyPolicyVersion', event.target.value)""}","(event) => void saveDraft(event)","","","expanded && detail && draft && canManage","所属表单：(event) => void saveDraft(event)","SYS-300","定义与绑定已登记；业务结果按闭环表核对，不能将源码登记或同名按钮可见计为逐实例通过"
"CTRL-0115","src/normalized-ui/ActivityOperationsPanel.tsx","524","ActivityOperationsPanel","textarea","退款说明","{""onChange"":""(event) => updateDraft('refundPolicySummary', event.target.value)""}","(event) => void saveDraft(event)","","","expanded && detail && draft && canManage","所属表单：(event) => void saveDraft(event)","SYS-300","定义与绑定已登记；业务结果按闭环表核对，不能将源码登记或同名按钮可见计为逐实例通过"
"CTRL-0116","src/normalized-ui/ActivityOperationsPanel.tsx","525","ActivityOperationsPanel","textarea","安全确认文案","{""onChange"":""(event) => updateDraft('safetyAcknowledgementText', event.target.value)""}","(event) => void saveDraft(event)","","","expanded && detail && draft && canManage","所属表单：(event) => void saveDraft(event)","SYS-300","定义与绑定已登记；业务结果按闭环表核对，不能将源码登记或同名按钮可见计为逐实例通过"
"CTRL-0117","src/normalized-ui/ActivityOperationsPanel.tsx","526","ActivityOperationsPanel","textarea","安全要求（每行一项）","{""onChange"":""(event) => updateDraft('safetyRequirements', event.target.value)""}","(event) => void saveDraft(event)","","","expanded && detail && draft && canManage","所属表单：(event) => void saveDraft(event)","SYS-300","定义与绑定已登记；业务结果按闭环表核对，不能将源码登记或同名按钮可见计为逐实例通过"
"CTRL-0118","src/normalized-ui/ActivityOperationsPanel.tsx","527","ActivityOperationsPanel","textarea","费用包含（每行一项）","{""onChange"":""(event) => updateDraft('includedItems', event.target.value)""}","(event) => void saveDraft(event)","","","expanded && detail && draft && canManage","所属表单：(event) => void saveDraft(event)","SYS-300","定义与绑定已登记；业务结果按闭环表核对，不能将源码登记或同名按钮可见计为逐实例通过"
"CTRL-0119","src/normalized-ui/ActivityOperationsPanel.tsx","528","ActivityOperationsPanel","textarea","参与条件（每行一项）","{""onChange"":""(event) => updateDraft('participationRequirements', event.target.value)""}","(event) => void saveDraft(event)","","","expanded && detail && draft && canManage","所属表单：(event) => void saveDraft(event)","SYS-300","定义与绑定已登记；业务结果按闭环表核对，不能将源码登记或同名按钮可见计为逐实例通过"
"CTRL-0120","src/normalized-ui/ActivityOperationsPanel.tsx","529","ActivityOperationsPanel","textarea","联系与集合说明","{""onChange"":""(event) => updateDraft('contactInstructions', event.target.value)""}","(event) => void saveDraft(event)","","","expanded && detail && draft && canManage","所属表单：(event) => void saveDraft(event)","SYS-300","定义与绑定已登记；业务结果按闭环表核对，不能将源码登记或同名按钮可见计为逐实例通过"
"CTRL-0121","src/normalized-ui/ActivityOperationsPanel.tsx","530","ActivityOperationsPanel","input","修改原因","{""onChange"":""(event) => updateDraft('reason', event.target.value)""}","(event) => void saveDraft(event)","","","expanded && detail && draft && canManage","所属表单：(event) => void saveDraft(event)","SYS-300","定义与绑定已登记；业务结果按闭环表核对，不能将源码登记或同名按钮可见计为逐实例通过"
"CTRL-0122","src/normalized-ui/ActivityOperationsPanel.tsx","532","ActivityOperationsPanel","button","{busy === 'draft' ? '保存中' : detail.activity.publicId === '' ? createUncertain ? '核对上次建立结果' : '建立草稿并读回' : '保存草稿并读回'}","{}","(event) => void saveDraft(event)","","busy === 'draft'","expanded && detail && draft && canManage","所属表单：(event) => void saveDraft(event)","SYS-300","定义与绑定已登记；业务结果按闭环表核对，不能将源码登记或同名按钮可见计为逐实例通过"
"CTRL-0123","src/normalized-ui/ActivityOperationsPanel.tsx","535","ActivityOperationsPanel","button","先停止新报名","{""onClick"":""()=>void stopRegistration(detail.activity)""}","","","!!busy||detail.activity.status==='draft'","expanded && detail && canManage && detail.activity.publicId !== '' && !['cancelled','completed'].includes(detail.activity.status) && detail.activity.registrationClosedAt","已定义交互事件","SYS-300","定义与绑定已登记；业务结果按闭环表核对，不能将源码登记或同名按钮可见计为逐实例通过"
"CTRL-0124","src/normalized-ui/ActivityOperationsPanel.tsx","536","ActivityOperationsPanel","input","活动结束原因","{""onChange"":""event=>setReason(event.target.value)""}","","","","expanded && detail && canManage && detail.activity.publicId !== '' && !['cancelled','completed'].includes(detail.activity.status)","已定义交互事件","SYS-300","定义与绑定已登记；业务结果按闭环表核对，不能将源码登记或同名按钮可见计为逐实例通过"
"CTRL-0125","src/normalized-ui/ActivityOperationsPanel.tsx","537","ActivityOperationsPanel","button","检查并结束活动","{""onClick"":""()=>void closeActivity(detail.activity,'completed')""}","","","!!busy","expanded && detail && canManage && detail.activity.publicId !== '' && !['cancelled','completed'].includes(detail.activity.status)","已定义交互事件","SYS-300","定义与绑定已登记；业务结果按闭环表核对，不能将源码登记或同名按钮可见计为逐实例通过"
"CTRL-0126","src/normalized-ui/ActivityOperationsPanel.tsx","538","ActivityOperationsPanel","button","取消活动","{""onClick"":""()=>void closeActivity(detail.activity,'cancelled')""}","","","!!busy","expanded && detail && canManage && detail.activity.publicId !== '' && !['cancelled','completed'].includes(detail.activity.status)","已定义交互事件","SYS-300","定义与绑定已登记；业务结果按闭环表核对，不能将源码登记或同名按钮可见计为逐实例通过"
"CTRL-0127","src/normalized-ui/ActivityOperationsPanel.tsx","545","ActivityOperationsPanel","button","{activityPackage.status === 'published' ? '暂停套餐' : '恢复套餐'}","{""onClick"":""() => void setPackageAvailability(detail.activity,activityPackage)""}","","","busy===`package:${activityPackage.publicId}:${activityPackage.status === 'published' ? 'pause' : 'resume'}`","canManage && ['published','paused'].includes(activityPackage.status)","已定义交互事件","SYS-300","定义与绑定已登记；业务结果按闭环表核对，不能将源码登记或同名按钮可见计为逐实例通过"
"CTRL-0128","src/normalized-ui/ActivityOperationsPanel.tsx","549","ActivityOperationsPanel","input","本次操作原因","{""onChange"":""(event) => setReason(event.target.value)""}","","","","expanded && detail && detail.activity.publicId !== '' && canManage","已定义交互事件","SYS-300","定义与绑定已登记；业务结果按闭环表核对，不能将源码登记或同名按钮可见计为逐实例通过"
"CTRL-0129","src/normalized-ui/ActivityOperationsPanel.tsx","550","ActivityOperationsPanel","button","重试系统候补任务","{""onClick"":""() => void retryWaitlistPromotion(detail.activity)""}","","","busy === 'waitlist-retry'","expanded && detail && detail.activity.publicId !== '' && canManage && detail.activity.waitlistedSeats > 0","已定义交互事件","SYS-300","定义与绑定已登记；业务结果按闭环表核对，不能将源码登记或同名按钮可见计为逐实例通过"
"CTRL-0130","src/normalized-ui/ActivityOperationsPanel.tsx","557","ActivityOperationsPanel","button","{revealActionLabel(registration)} · 60秒","{""onClick"":""()=>void revealContact(registration)""}","","","busy===`${registration.publicId}:contact`","canRevealContact && revealPurpose(registration)!==null && registration.maskedContact!=='已清除' && !revealedContacts[registration.publicId]","已定义交互事件","SYS-300","定义与绑定已登记；业务结果按闭环表核对，不能将源码登记或同名按钮可见计为逐实例通过"
"CTRL-0131","src/normalized-ui/ActivityOperationsPanel.tsx","563","ActivityOperationsPanel","button","签到","{""onClick"":""() => void registrationAction(registration,'check-in')""}","","","","canManage && registration.status === 'confirmed'","已定义交互事件","SYS-300","定义与绑定已登记；业务结果按闭环表核对，不能将源码登记或同名按钮可见计为逐实例通过"
"CTRL-0132","src/normalized-ui/ActivityOperationsPanel.tsx","563","ActivityOperationsPanel","button","未到","{""onClick"":""() => void registrationAction(registration,'no-show')""}","","","","canManage && registration.status === 'confirmed'","已定义交互事件","SYS-300","定义与绑定已登记；业务结果按闭环表核对，不能将源码登记或同名按钮可见计为逐实例通过"
"CTRL-0133","src/normalized-ui/ActivityOperationsPanel.tsx","564","ActivityOperationsPanel","button","登记套餐交付","{""onClick"":""() => void registrationAction(registration,'fulfill-package')""}","","","busy===`${registration.publicId}:fulfill-package`","canManage && registration.status === 'checked_in' && registration.packageFulfillmentStatus === 'pending'","已定义交互事件","SYS-300","定义与绑定已登记；业务结果按闭环表核对，不能将源码登记或同名按钮可见计为逐实例通过"
"CTRL-0134","src/normalized-ui/ActivityOperationsPanel.tsx","565","ActivityOperationsPanel","button","取消报名","{""onClick"":""() => void registrationAction(registration,'cancel')""}","","","","canManage && ['reserved','payment_pending','confirmed','waitlisted'].includes(registration.status) && registration.paymentStatus !== 'paid' && registration.paidAmountMinor === 0","已定义交互事件","SYS-300","定义与绑定已登记；业务结果按闭环表核对，不能将源码登记或同名按钮可见计为逐实例通过"
"CTRL-0135","src/normalized-ui/ActivityOperationsPanel.tsx","566","ActivityOperationsPanel","button","先查支付","{""onClick"":""() => void queryPayment(registration)""}","","","","registration.status === 'payment_pending' && registration.providerActionState && registration.paymentId","已定义交互事件","SYS-300","定义与绑定已登记；业务结果按闭环表核对，不能将源码登记或同名按钮可见计为逐实例通过"
"CTRL-0136","src/normalized-ui/ActivityOperationsPanel.tsx","567","ActivityOperationsPanel","button","店长发起退款取消","{""onClick"":""() => void refundAction(registration,'request')""}","","","","canRequestRefund && registration.paymentStatus === 'paid' && registration.refund === null","已定义交互事件","SYS-300","定义与绑定已登记；业务结果按闭环表核对，不能将源码登记或同名按钮可见计为逐实例通过"
"CTRL-0137","src/normalized-ui/ActivityOperationsPanel.tsx","568","ActivityOperationsPanel","button","收银复核通过","{""onClick"":""() => void refundAction(registration,'approve')""}","","","","canApproveRefund && registration.refund?.status === 'requested'","已定义交互事件","SYS-300","定义与绑定已登记；业务结果按闭环表核对，不能将源码登记或同名按钮可见计为逐实例通过"
"CTRL-0138","src/normalized-ui/ActivityOperationsPanel.tsx","568","ActivityOperationsPanel","button","驳回","{""onClick"":""() => void refundAction(registration,'reject')""}","","","","canApproveRefund && registration.refund?.status === 'requested'","已定义交互事件","SYS-300","定义与绑定已登记；业务结果按闭环表核对，不能将源码登记或同名按钮可见计为逐实例通过"
"CTRL-0139","src/normalized-ui/ActivityOperationsPanel.tsx","569","ActivityOperationsPanel","button","执行退款","{""onClick"":""() => void refundAction(registration,'execute')""}","","","","canExecuteRefund && registration.refund?.status === 'approved'","已定义交互事件","SYS-300","定义与绑定已登记；业务结果按闭环表核对，不能将源码登记或同名按钮可见计为逐实例通过"
"CTRL-0140","src/normalized-ui/ActivityOperationsPanel.tsx","570","ActivityOperationsPanel","button","查询渠道退款","{""onClick"":""() => void refundAction(registration,'query')""}","","","","canExecuteRefund && registration.refund?.status === 'processing'","已定义交互事件","SYS-300","定义与绑定已登记；业务结果按闭环表核对，不能将源码登记或同名按钮可见计为逐实例通过"
"CTRL-0141","src/normalized-ui/ActivityOperationsPanel.tsx","700","PackageComponentSelector","select","{selected === undefined && <option value={component.inventoryItemId}>{component.inventoryItemId === '' ? '旧草稿物料无法识别，请重新选择' : `物料 ${component.inventoryItemId} 未在当前可用列表返回，请核对是否停用或访问范围变化` }</option>} {catalog.map((item) => <option key={item.id} value={item.id}>{item.name} · {item.sku} · {inventoryUnitLabel(item.baseUnit)}</option>)}","{""onChange"":""(event) => update(index, { inventoryItemId: event.target.value })""}","","","","","已定义交互事件","SYS-300","定义与绑定已登记；业务结果按闭环表核对，不能将源码登记或同名按钮可见计为逐实例通过"
"CTRL-0142","src/normalized-ui/ActivityOperationsPanel.tsx","704","PackageComponentSelector","NumberInputWithUnit","每份数量","{""onChange"":""(event) => update(index, { quantity: event.target.value })""}","","","","","已定义交互事件","SYS-300","定义与绑定已登记；业务结果按闭环表核对，不能将源码登记或同名按钮可见计为逐实例通过"
"CTRL-0143","src/normalized-ui/ActivityOperationsPanel.tsx","705","PackageComponentSelector","select","每人 每次报名","{""onChange"":""(event) => update(index, { perParticipant: event.target.value === 'per_person' })""}","","","","","已定义交互事件","SYS-300","定义与绑定已登记；业务结果按闭环表核对，不能将源码登记或同名按钮可见计为逐实例通过"
"CTRL-0144","src/normalized-ui/ActivityOperationsPanel.tsx","706","PackageComponentSelector","button","移除","{""onClick"":""() => onChange(componentEditorText(components.filter((_, currentIndex) => currentIndex !== index)))""}","","","","","已定义交互事件","SYS-300","定义与绑定已登记；业务结果按闭环表核对，不能将源码登记或同名按钮可见计为逐实例通过"
"CTRL-0145","src/normalized-ui/ActivityOperationsPanel.tsx","710","PackageComponentSelector","button","{state === 'loading' ? '正在读取物料…' : '添加库存物料'}","{""onClick"":""add""}","","","state !== 'ready' || catalog.length === 0","","已定义交互事件","SYS-300","定义与绑定已登记；业务结果按闭环表核对，不能将源码登记或同名按钮可见计为逐实例通过"
"CTRL-0146","src/normalized-ui/AnnualBenefitManagementPanel.tsx","315","AnnualBenefitManagementPanel","form","政策编号 起草说明 添加年度礼遇规则 规则编号 顾客名称 规则类型 {Object.entries(ruleLabels).map(([value, label]) => <option key={value} value={value}>{label}</option>)} 适用等级 {Object.entries(tierLabels).map(([value, label]) => <option key={value} value={value}>{label}</option>)} 权益定义 请选择 {configuration?.definitions.filter((item) => item.status === 'active').map((item) => <option key={item.id} value={item.id}>{item.name}（{item.benefitKind}）</option>)} 数量 有效天数 提前可用天数 延后可用天数 叠加组 优先级（小数优先） 库存要求 正式配方与可预留库存 不涉及库存 资格变化撤销策略 核销前撤销 仅按有效期失效 人工复核补偿 {draftRule.ruleKind === 'birthday' && <label>2月29日非闰年规则<select value={draftRule.feb29Policy ?? 'feb28'} onChange={(event) => updateRule({ feb29Policy: event.target.value as Feb29Policy })}","{""onSubmit"":""(event) => void saveDraft(event)""}","","","","canManage","已定义交互事件","SYS-291、SYS-299","定义与绑定已登记；业务结果按闭环表核对，不能将源码登记或同名按钮可见计为逐实例通过"
"CTRL-0147","src/normalized-ui/AnnualBenefitManagementPanel.tsx","316","AnnualBenefitManagementPanel","input","政策编号","{""onChange"":""(event) => setPolicyCode(event.target.value.toUpperCase())""}","(event) => void saveDraft(event)","","","canManage","所属表单：(event) => void saveDraft(event)","SYS-291、SYS-299","定义与绑定已登记；业务结果按闭环表核对，不能将源码登记或同名按钮可见计为逐实例通过"
"CTRL-0148","src/normalized-ui/AnnualBenefitManagementPanel.tsx","317","AnnualBenefitManagementPanel","input","起草说明","{""onChange"":""(event) => setReason(event.target.value)""}","(event) => void saveDraft(event)","","","canManage","所属表单：(event) => void saveDraft(event)","SYS-291、SYS-299","定义与绑定已登记；业务结果按闭环表核对，不能将源码登记或同名按钮可见计为逐实例通过"
"CTRL-0149","src/normalized-ui/AnnualBenefitManagementPanel.tsx","319","AnnualBenefitManagementPanel","input","规则编号","{""onChange"":""(event) => updateRule({ ruleCode: event.target.value.toUpperCase() })""}","(event) => void saveDraft(event)","","","canManage","所属表单：(event) => void saveDraft(event)","SYS-291、SYS-299","定义与绑定已登记；业务结果按闭环表核对，不能将源码登记或同名按钮可见计为逐实例通过"
"CTRL-0150","src/normalized-ui/AnnualBenefitManagementPanel.tsx","320","AnnualBenefitManagementPanel","input","顾客名称","{""onChange"":""(event) => updateRule({ title: event.target.value })""}","(event) => void saveDraft(event)","","","canManage","所属表单：(event) => void saveDraft(event)","SYS-291、SYS-299","定义与绑定已登记；业务结果按闭环表核对，不能将源码登记或同名按钮可见计为逐实例通过"
"CTRL-0151","src/normalized-ui/AnnualBenefitManagementPanel.tsx","321","AnnualBenefitManagementPanel","select","{Object.entries(ruleLabels).map(([value, label]) => <option key={value} value={value}>{label}</option>)}","{""onChange"":""(event) => changeKind(event.target.value as RuleKind)""}","(event) => void saveDraft(event)","","","canManage","所属表单：(event) => void saveDraft(event)","SYS-291、SYS-299","定义与绑定已登记；业务结果按闭环表核对，不能将源码登记或同名按钮可见计为逐实例通过"
"CTRL-0152","src/normalized-ui/AnnualBenefitManagementPanel.tsx","322","AnnualBenefitManagementPanel","select","{Object.entries(tierLabels).map(([value, label]) => <option key={value} value={value}>{label}</option>)}","{""onChange"":""(event) => updateRule({ eligibleTier: event.target.value as Tier })""}","(event) => void saveDraft(event)","","","canManage","所属表单：(event) => void saveDraft(event)","SYS-291、SYS-299","定义与绑定已登记；业务结果按闭环表核对，不能将源码登记或同名按钮可见计为逐实例通过"
"CTRL-0153","src/normalized-ui/AnnualBenefitManagementPanel.tsx","323","AnnualBenefitManagementPanel","select","请选择 {configuration?.definitions.filter((item) => item.status === 'active').map((item) => <option key={item.id} value={item.id}>{item.name}（{item.benefitKind}）</option>)}","{""onChange"":""(event) => updateRule({ benefitDefinitionId: event.target.value })""}","(event) => void saveDraft(event)","","","canManage","所属表单：(event) => void saveDraft(event)","SYS-291、SYS-299","定义与绑定已登记；业务结果按闭环表核对，不能将源码登记或同名按钮可见计为逐实例通过"
"CTRL-0154","src/normalized-ui/AnnualBenefitManagementPanel.tsx","324","AnnualBenefitManagementPanel","input","数量","{""onChange"":""(event) => updateRule({ quantity: Number(event.target.value) })""}","(event) => void saveDraft(event)","","","canManage","所属表单：(event) => void saveDraft(event)","SYS-291、SYS-299","定义与绑定已登记；业务结果按闭环表核对，不能将源码登记或同名按钮可见计为逐实例通过"
"CTRL-0155","src/normalized-ui/AnnualBenefitManagementPanel.tsx","325","AnnualBenefitManagementPanel","input","有效天数","{""onChange"":""(event) => updateRule({ validityDays: Number(event.target.value) })""}","(event) => void saveDraft(event)","","","canManage","所属表单：(event) => void saveDraft(event)","SYS-291、SYS-299","定义与绑定已登记；业务结果按闭环表核对，不能将源码登记或同名按钮可见计为逐实例通过"
"CTRL-0156","src/normalized-ui/AnnualBenefitManagementPanel.tsx","326","AnnualBenefitManagementPanel","input","提前可用天数","{""onChange"":""(event) => updateRule({ windowBeforeDays: Number(event.target.value) })""}","(event) => void saveDraft(event)","","","canManage","所属表单：(event) => void saveDraft(event)","SYS-291、SYS-299","定义与绑定已登记；业务结果按闭环表核对，不能将源码登记或同名按钮可见计为逐实例通过"
"CTRL-0157","src/normalized-ui/AnnualBenefitManagementPanel.tsx","327","AnnualBenefitManagementPanel","input","延后可用天数","{""onChange"":""(event) => updateRule({ windowAfterDays: Number(event.target.value) })""}","(event) => void saveDraft(event)","","","canManage","所属表单：(event) => void saveDraft(event)","SYS-291、SYS-299","定义与绑定已登记；业务结果按闭环表核对，不能将源码登记或同名按钮可见计为逐实例通过"
"CTRL-0158","src/normalized-ui/AnnualBenefitManagementPanel.tsx","328","AnnualBenefitManagementPanel","input","叠加组","{""onChange"":""(event) => updateRule({ stackGroup: event.target.value.toLowerCase() })""}","(event) => void saveDraft(event)","","","canManage","所属表单：(event) => void saveDraft(event)","SYS-291、SYS-299","定义与绑定已登记；业务结果按闭环表核对，不能将源码登记或同名按钮可见计为逐实例通过"
"CTRL-0159","src/normalized-ui/AnnualBenefitManagementPanel.tsx","329","AnnualBenefitManagementPanel","input","优先级（小数优先）","{""onChange"":""(event) => updateRule({ priority: Number(event.target.value) })""}","(event) => void saveDraft(event)","","","canManage","所属表单：(event) => void saveDraft(event)","SYS-291、SYS-299","定义与绑定已登记；业务结果按闭环表核对，不能将源码登记或同名按钮可见计为逐实例通过"
"CTRL-0160","src/normalized-ui/AnnualBenefitManagementPanel.tsx","330","AnnualBenefitManagementPanel","select","正式配方与可预留库存 不涉及库存","{""onChange"":""(event) => updateRule({ inventoryRequirement: event.target.value as InventoryRequirement })""}","(event) => void saveDraft(event)","","","canManage","所属表单：(event) => void saveDraft(event)","SYS-291、SYS-299","定义与绑定已登记；业务结果按闭环表核对，不能将源码登记或同名按钮可见计为逐实例通过"
"CTRL-0161","src/normalized-ui/AnnualBenefitManagementPanel.tsx","331","AnnualBenefitManagementPanel","select","核销前撤销 仅按有效期失效 人工复核补偿","{""onChange"":""(event) => updateRule({ revocationPolicy: event.target.value as RevocationPolicy })""}","(event) => void saveDraft(event)","","","canManage","所属表单：(event) => void saveDraft(event)","SYS-291、SYS-299","定义与绑定已登记；业务结果按闭环表核对，不能将源码登记或同名按钮可见计为逐实例通过"
"CTRL-0162","src/normalized-ui/AnnualBenefitManagementPanel.tsx","332","AnnualBenefitManagementPanel","select","按2月28日 按3月1日 仅闰年发放","{""onChange"":""(event) => updateRule({ feb29Policy: event.target.value as Feb29Policy })""}","(event) => void saveDraft(event)","","","canManage && draftRule.ruleKind === 'birthday'","所属表单：(event) => void saveDraft(event)","SYS-291、SYS-299","定义与绑定已登记；业务结果按闭环表核对，不能将源码登记或同名按钮可见计为逐实例通过"
"CTRL-0163","src/normalized-ui/AnnualBenefitManagementPanel.tsx","333","AnnualBenefitManagementPanel","input","优先安排保留分钟","{""onChange"":""(event) => updateRule({ reservationHoldMinutes: Number(event.target.value) })""}","(event) => void saveDraft(event)","","","canManage && draftRule.ruleKind === 'priority_seating'","所属表单：(event) => void saveDraft(event)","SYS-291、SYS-299","定义与绑定已登记；业务结果按闭环表核对，不能将源码登记或同名按钮可见计为逐实例通过"
"CTRL-0164","src/normalized-ui/AnnualBenefitManagementPanel.tsx","334","AnnualBenefitManagementPanel","input","点心暂留分钟","{""onChange"":""(event) => updateRule({ redemptionHoldMinutes: Number(event.target.value) })""}","(event) => void saveDraft(event)","","","canManage && draftRule.ruleKind === 'daily_snack'","所属表单：(event) => void saveDraft(event)","SYS-291、SYS-299","定义与绑定已登记；业务结果按闭环表核对，不能将源码登记或同名按钮可见计为逐实例通过"
"CTRL-0165","src/normalized-ui/AnnualBenefitManagementPanel.tsx","334","AnnualBenefitManagementPanel","input","每桌每日上限","{""onChange"":""(event) => updateRule({ tableDailyLimit: Number(event.target.value) })""}","(event) => void saveDraft(event)","","","canManage && draftRule.ruleKind === 'daily_snack'","所属表单：(event) => void saveDraft(event)","SYS-291、SYS-299","定义与绑定已登记；业务结果按闭环表核对，不能将源码登记或同名按钮可见计为逐实例通过"
"CTRL-0166","src/normalized-ui/AnnualBenefitManagementPanel.tsx","335","AnnualBenefitManagementPanel","select","不适用 仅无酒精 员工合规核验","{""onChange"":""(event) => updateRule({ alcoholHandling: event.target.value as AlcoholHandling })""}","(event) => void saveDraft(event)","","","canManage && draftRule.ruleKind !== 'daily_snack'","所属表单：(event) => void saveDraft(event)","SYS-291、SYS-299","定义与绑定已登记；业务结果按闭环表核对，不能将源码登记或同名按钮可见计为逐实例通过"
"CTRL-0167","src/normalized-ui/AnnualBenefitManagementPanel.tsx","336","AnnualBenefitManagementPanel","select","请选择正式配方商品 {configuration?.products.map((product) => <option key={product.id} value={product.id}>{product.name}</option>)}","{""onChange"":""(event) => updateRule({ substitutes: event.target.value ? [{ productId: event.target.value, priority: 10, reason: '酒水合规无酒精替代' }] : [] })""}","(event) => void saveDraft(event)","","","canManage && draftRule.alcoholHandling === 'staff_compliance_required'","所属表单：(event) => void saveDraft(event)","SYS-291、SYS-299","定义与绑定已登记；业务结果按闭环表核对，不能将源码登记或同名按钮可见计为逐实例通过"
"CTRL-0168","src/normalized-ui/AnnualBenefitManagementPanel.tsx","337","AnnualBenefitManagementPanel","input","高等级继承","{""onChange"":""(event) => updateRule({ inheritToHigherTiers: event.target.checked })""}","(event) => void saveDraft(event)","","","canManage","所属表单：(event) => void saveDraft(event)","SYS-291、SYS-299","定义与绑定已登记；业务结果按闭环表核对，不能将源码登记或同名按钮可见计为逐实例通过"
"CTRL-0169","src/normalized-ui/AnnualBenefitManagementPanel.tsx","338","AnnualBenefitManagementPanel","button","加入礼遇规则","{""onClick"":""addRule""}","(event) => void saveDraft(event)","","","canManage","所属表单：(event) => void saveDraft(event)","SYS-291、SYS-299","定义与绑定已登记；业务结果按闭环表核对，不能将源码登记或同名按钮可见计为逐实例通过"
"CTRL-0170","src/normalized-ui/AnnualBenefitManagementPanel.tsx","340","AnnualBenefitManagementPanel","button","移除","{""onClick"":""() => setDraftRules((items) => items.filter((item) => item.ruleCode !== rule.ruleCode))""}","(event) => void saveDraft(event)","","","","所属表单：(event) => void saveDraft(event)","SYS-291、SYS-299","定义与绑定已登记；业务结果按闭环表核对，不能将源码登记或同名按钮可见计为逐实例通过"
"CTRL-0171","src/normalized-ui/AnnualBenefitManagementPanel.tsx","341","AnnualBenefitManagementPanel","button","{busy === 'draft' ? '正在保存' : '保存年度礼遇草稿'}","{}","(event) => void saveDraft(event)","","Boolean(busy)","canManage","所属表单：(event) => void saveDraft(event)","SYS-291、SYS-299","定义与绑定已登记；业务结果按闭环表核对，不能将源码登记或同名按钮可见计为逐实例通过"
"CTRL-0172","src/normalized-ui/AnnualBenefitManagementPanel.tsx","343","AnnualBenefitManagementPanel","form","节日规则 请选择 {festivalRules.map((rule) => <option key={rule.id} value={rule.id}>{rule.title}</option>)} 年份 开始日期 结束日期 日期确认依据 {busy === 'occurrence' ? '正在确认' : '确认节日日期'}","{""onSubmit"":""(event) => void confirmOccurrence(event)""}","","","","canConfirmOccurrence","已定义交互事件","SYS-291、SYS-299","定义与绑定已登记；业务结果按闭环表核对，不能将源码登记或同名按钮可见计为逐实例通过"
"CTRL-0173","src/normalized-ui/AnnualBenefitManagementPanel.tsx","343","AnnualBenefitManagementPanel","select","请选择 {festivalRules.map((rule) => <option key={rule.id} value={rule.id}>{rule.title}</option>)}","{""onChange"":""(event) => setOccurrence({ ...occurrence, ruleId: event.target.value })""}","(event) => void confirmOccurrence(event)","","","canConfirmOccurrence","所属表单：(event) => void confirmOccurrence(event)","SYS-291、SYS-299","定义与绑定已登记；业务结果按闭环表核对，不能将源码登记或同名按钮可见计为逐实例通过"
"CTRL-0174","src/normalized-ui/AnnualBenefitManagementPanel.tsx","343","AnnualBenefitManagementPanel","input","年份","{""onChange"":""(event) => setOccurrence({ ...occurrence, cycleYear: event.target.value })""}","(event) => void confirmOccurrence(event)","","","canConfirmOccurrence","所属表单：(event) => void confirmOccurrence(event)","SYS-291、SYS-299","定义与绑定已登记；业务结果按闭环表核对，不能将源码登记或同名按钮可见计为逐实例通过"
"CTRL-0175","src/normalized-ui/AnnualBenefitManagementPanel.tsx","343","AnnualBenefitManagementPanel","input","开始日期","{""onChange"":""(event) => setOccurrence({ ...occurrence, startsOn: event.target.value })""}","(event) => void confirmOccurrence(event)","","","canConfirmOccurrence","所属表单：(event) => void confirmOccurrence(event)","SYS-291、SYS-299","定义与绑定已登记；业务结果按闭环表核对，不能将源码登记或同名按钮可见计为逐实例通过"
"CTRL-0176","src/normalized-ui/AnnualBenefitManagementPanel.tsx","343","AnnualBenefitManagementPanel","input","结束日期","{""onChange"":""(event) => setOccurrence({ ...occurrence, endsOn: event.target.value })""}","(event) => void confirmOccurrence(event)","","","canConfirmOccurrence","所属表单：(event) => void confirmOccurrence(event)","SYS-291、SYS-299","定义与绑定已登记；业务结果按闭环表核对，不能将源码登记或同名按钮可见计为逐实例通过"
"CTRL-0177","src/normalized-ui/AnnualBenefitManagementPanel.tsx","343","AnnualBenefitManagementPanel","input","日期确认依据","{""onChange"":""(event) => setOccurrence({ ...occurrence, confirmationReference: event.target.value })""}","(event) => void confirmOccurrence(event)","","","canConfirmOccurrence","所属表单：(event) => void confirmOccurrence(event)","SYS-291、SYS-299","定义与绑定已登记；业务结果按闭环表核对，不能将源码登记或同名按钮可见计为逐实例通过"
"CTRL-0178","src/normalized-ui/AnnualBenefitManagementPanel.tsx","343","AnnualBenefitManagementPanel","button","{busy === 'occurrence' ? '正在确认' : '确认节日日期'}","{}","(event) => void confirmOccurrence(event)","","Boolean(busy)","canConfirmOccurrence","所属表单：(event) => void confirmOccurrence(event)","SYS-291、SYS-299","定义与绑定已登记；业务结果按闭环表核对，不能将源码登记或同名按钮可见计为逐实例通过"
"CTRL-0179","src/normalized-ui/AnnualBenefitManagementPanel.tsx","344","AnnualBenefitManagementPanel","button","独立审批","{""onClick"":""() => void approve(policy)""}","","","Boolean(busy)","policy.status === 'draft' && canApprove && policy.draftedByEmployeeId !== auth.employee.id","已定义交互事件","SYS-291、SYS-299","定义与绑定已登记；业务结果按闭环表核对，不能将源码登记或同名按钮可见计为逐实例通过"
"CTRL-0180","src/normalized-ui/AnnualBenefitManagementPanel.tsx","344","AnnualBenefitManagementPanel","button","排期发布","{""onClick"":""() => void publish(policy)""}","","","Boolean(busy)","policy.status === 'approved' && canPublish && policy.draftedByEmployeeId !== auth.employee.id && policy.approvedByEmployeeId !== auth.employee.id","已定义交互事件","SYS-291、SYS-299","定义与绑定已登记；业务结果按闭环表核对，不能将源码登记或同名按钮可见计为逐实例通过"
"CTRL-0181","src/normalized-ui/AnnualBenefitManagementPanel.tsx","345","AnnualBenefitManagementPanel","select","{item.allowedProducts.map((product)=><option key={product.productId} value={product.productId}>{product.name}{product.isOriginal?'（原礼遇）':'（合规替代）'}</option>)}","{""onChange"":""(event)=>setGiftSelections((current)=>({...current,[item.reservationId]:{productId:event.target.value,reason:current[item.reservationId]?.reason ?? ''}}))""}","","","","","已定义交互事件","SYS-291、SYS-299","定义与绑定已登记；业务结果按闭环表核对，不能将源码登记或同名按钮可见计为逐实例通过"
"CTRL-0182","src/normalized-ui/AnnualBenefitManagementPanel.tsx","345","AnnualBenefitManagementPanel","input","替换原因","{""onChange"":""(event)=>setGiftSelections((current)=>({...current,[item.reservationId]:{...selection,reason:event.target.value}}))""}","","","","selected && !selected.isOriginal","已定义交互事件","SYS-291、SYS-299","定义与绑定已登记；业务结果按闭环表核对，不能将源码登记或同名按钮可见计为逐实例通过"
"CTRL-0183","src/normalized-ui/AnnualBenefitManagementPanel.tsx","345","AnnualBenefitManagementPanel","button","{busy===`annual-gift-${item.reservationId}`?'正在核销':'二次确认并进入出品'}","{""onClick"":""()=>void redeemAnnualGift(item)""}","","","Boolean(busy)","","已定义交互事件","SYS-291、SYS-299","定义与绑定已登记；业务结果按闭环表核对，不能将源码登记或同名按钮可见计为逐实例通过"
"CTRL-0184","src/normalized-ui/AnnualBenefitManagementPanel.tsx","345","AnnualBenefitManagementPanel","button","{busy===`annual-gift-cancel-${item.reservationId}`?'正在取消':'取消暂留'}","{""onClick"":""()=>void cancelAnnualGift(item)""}","","","Boolean(busy)","","已定义交互事件","SYS-291、SYS-299","定义与绑定已登记；业务结果按闭环表核对，不能将源码登记或同名按钮可见计为逐实例通过"
"CTRL-0185","src/normalized-ui/AnnualBenefitManagementPanel.tsx","346","AnnualBenefitManagementPanel","button","{busy === `daily-snack-${claim.id}` ? '正在核销' : '确认核销并通知出品'}","{""onClick"":""() => void redeemDailySnack(claim)""}","","","Boolean(busy)","claim.status === 'reserved'","已定义交互事件","SYS-291、SYS-299","定义与绑定已登记；业务结果按闭环表核对，不能将源码登记或同名按钮可见计为逐实例通过"
"CTRL-0186","src/normalized-ui/AnnualBenefitManagementPanel.tsx","346","AnnualBenefitManagementPanel","button","{busy === `daily-snack-cancel-${claim.id}` ? '正在取消' : '取消暂留'}","{""onClick"":""() => void cancelDailySnack(claim)""}","","","Boolean(busy)","claim.status === 'reserved'","已定义交互事件","SYS-291、SYS-299","定义与绑定已登记；业务结果按闭环表核对，不能将源码登记或同名按钮可见计为逐实例通过"
"CTRL-0187","src/normalized-ui/AnnualBenefitManagementPanel.tsx","347","AnnualBenefitManagementPanel","button","{busy===`fulfillment-retry-${item.id}`?'正在重新派发':'复核并重新派发'}","{""onClick"":""()=>void retryComplimentaryFulfillment(item)""}","","","Boolean(busy)","","已定义交互事件","SYS-291、SYS-299","定义与绑定已登记；业务结果按闭环表核对，不能将源码登记或同名按钮可见计为逐实例通过"
"CTRL-0188","src/normalized-ui/AnnualBenefitManagementPanel.tsx","347","AnnualBenefitManagementPanel","button","{busy===`fulfillment-cancel-${item.id}`?'正在取消释放':'取消出品并释放'}","{""onClick"":""()=>void resolveComplimentaryCancellation(item)""}","","","Boolean(busy)","item.status==='failed'","已定义交互事件","SYS-291、SYS-299","定义与绑定已登记；业务结果按闭环表核对，不能将源码登记或同名按钮可见计为逐实例通过"
"CTRL-0189","src/normalized-ui/AnnualBenefitManagementPanel.tsx","347","AnnualBenefitManagementPanel","button","{busy===`fulfillment-compensate-${item.id}`?'正在补偿结案':'线下补偿结案'}","{""onClick"":""()=>void resolveComplimentaryCompensation(item)""}","","","Boolean(busy)","item.status==='failed'","已定义交互事件","SYS-291、SYS-299","定义与绑定已登记；业务结果按闭环表核对，不能将源码登记或同名按钮可见计为逐实例通过"
"CTRL-0190","src/normalized-ui/BottleCustodyPanel.tsx","44","BottleCustodyPanel","button","刷新已保存的记录","{""onClick"":""()=>void perform(()=>refreshSaved('办理结果已保存',refreshTarget.current!))""}","","","busy","refreshError","已定义交互事件","SYS-300","定义与绑定已登记；业务结果按闭环表核对，不能将源码登记或同名按钮可见计为逐实例通过"
"CTRL-0191","src/normalized-ui/BottleCustodyPanel.tsx","45","BottleCustodyPanel","input","会员号","{""onChange"":""e=>setMember(e.target.value)""}","","","","","已定义交互事件","SYS-300","定义与绑定已登记；业务结果按闭环表核对，不能将源码登记或同名按钮可见计为逐实例通过"
"CTRL-0192","src/normalized-ui/BottleCustodyPanel.tsx","45","BottleCustodyPanel","input","编号或酒名","{""onChange"":""e=>setSearch(e.target.value)""}","","","","","已定义交互事件","SYS-300","定义与绑定已登记；业务结果按闭环表核对，不能将源码登记或同名按钮可见计为逐实例通过"
"CTRL-0193","src/normalized-ui/BottleCustodyPanel.tsx","45","BottleCustodyPanel","select","全部 {categories.map(c=><option key={c.id} value={c.id}>{c.name}</option>)}","{""onChange"":""e=>setCategory(e.target.value)""}","","","","(!policy||policy.reportDimensions.includes('category'))","已定义交互事件","SYS-300","定义与绑定已登记；业务结果按闭环表核对，不能将源码登记或同名按钮可见计为逐实例通过"
"CTRL-0194","src/normalized-ui/BottleCustodyPanel.tsx","45","BottleCustodyPanel","select","全部 {['stored','collected','archived'].map(s=><option key={s} value={s}>{names[s]}</option>)}","{""onChange"":""e=>setStatus(e.target.value)""}","","","","(!policy||policy.reportDimensions.includes('status'))","已定义交互事件","SYS-300","定义与绑定已登记；业务结果按闭环表核对，不能将源码登记或同名按钮可见计为逐实例通过"
"CTRL-0195","src/normalized-ui/BottleCustodyPanel.tsx","45","BottleCustodyPanel","input","开始日期","{""onChange"":""e=>setFrom(e.target.value)""}","","","","(!policy||policy.reportDimensions.includes('date'))","已定义交互事件","SYS-300","定义与绑定已登记；业务结果按闭环表核对，不能将源码登记或同名按钮可见计为逐实例通过"
"CTRL-0196","src/normalized-ui/BottleCustodyPanel.tsx","45","BottleCustodyPanel","input","结束日期","{""onChange"":""e=>setTo(e.target.value)""}","","","","(!policy||policy.reportDimensions.includes('date'))","已定义交互事件","SYS-300","定义与绑定已登记；业务结果按闭环表核对，不能将源码登记或同名按钮可见计为逐实例通过"
"CTRL-0197","src/normalized-ui/BottleCustodyPanel.tsx","45","BottleCustodyPanel","button","查询 / 刷新","{""onClick"":""()=>void perform(()=>list())""}","","","blocked","","已定义交互事件","SYS-300","定义与绑定已登记；业务结果按闭环表核对，不能将源码登记或同名按钮可见计为逐实例通过"
"CTRL-0198","src/normalized-ui/BottleCustodyPanel.tsx","45","BottleCustodyPanel","button","按筛选导出 Excel","{""onClick"":""()=>void perform(async()=>{const result=await command<{base64:string;filename:string;count:number}>(`${path}/export`,{...(member?{memberNo:member}:{}),...(category?{categoryId:category}:{}),...(status?{status}:{}),...(search?{query:search}:{}),...(from?{from:`${from}T00:00:00+08:00`}:{}),...(to?{to:new Date(Date.parse(`${to}T00:00:00+08:00`)+86400000).toISOString()}:{})});const blob=new Blob([Uint8Array.from(atob(result.base64),c=>c.charCodeAt(0))],{type:'application/vnd.openxmlformats-officedocument.spreadsheetml.sheet'}),url=URL.createObjectURL(blob),a=document.createElement('a');a.href=url;a.download=result.filename;a.click();setTimeout(()=>URL.revokeObjectURL(url),1000);setMessage(`已导出 ${result.count} 笔；登记价值非实收收入。`)})""}","","","blocked||!auth.permissions.includes('bottle.custody.export')","","已定义交互事件","SYS-300","定义与绑定已登记；业务结果按闭环表核对，不能将源码登记或同名按钮可见计为逐实例通过"
"CTRL-0199","src/normalized-ui/BottleCustodyPanel.tsx","47","BottleCustodyPanel","button","{order.member_no} · {order.item_name} {names[order.status]} · 余 {Number(order.remaining_quantity)} {order.unit} {order.public_id} 到期 {new Date(order.expires_at).toLocaleString('zh-CN',{timeZone:'Asia/Shanghai'})}","{""onClick"":""()=>void perform(()=>inspect(order.id))""}","","","blocked","","已定义交互事件","SYS-300","定义与绑定已登记；业务结果按闭环表核对，不能将源码登记或同名按钮可见计为逐实例通过"
"CTRL-0200","src/normalized-ui/BottleCustodyPanel.tsx","47","BottleCustodyPanel","button","加载更多存酒","{""onClick"":""()=>void perform(()=>list(true))""}","","","blocked","cursor","已定义交互事件","SYS-300","定义与绑定已登记；业务结果按闭环表核对，不能将源码登记或同名按钮可见计为逐实例通过"
"CTRL-0201","src/normalized-ui/BottleCustodyPanel.tsx","48","BottleCustodyPanel","button","生成打印凭证","{""onClick"":""()=>{const preview=window.open('','_blank');if(!preview){setMessage('请允许打开打印预览窗口');return}preview.opener=null;void perform(async()=>{const result=await command<{html:string}>(`${path}/${detail.order.id}/print`,{});preview.document.open();preview.document.write(result.html);preview.document.close();await inspect(detail.order.id)})}""}","","","blocked","detail","已定义交互事件","SYS-300","定义与绑定已登记；业务结果按闭环表核对，不能将源码登记或同名按钮可见计为逐实例通过"
"CTRL-0202","src/normalized-ui/BottleCustodyPanel.tsx","49","BottleCustodyPanel","summary","存入照片与联系记录（ {detail.deposits.length} ）","{}","","","","detail","浏览器原生展开/收起","SYS-300","定义与绑定已登记；业务结果按闭环表核对，不能将源码登记或同名按钮可见计为逐实例通过"
"CTRL-0203","src/normalized-ui/BottleCustodyPanel.tsx","49","BottleCustodyPanel","button","查看带时间水印照片","{""onClick"":""()=>void perform(async()=>{const r=await api.getEndpoint<{data:{base64:string}}>(`${path}/${detail.order.id}/photos/${d.id}`);setPhotos(previous=>({...previous,[d.id]:r.data.base64}))})""}","","","blocked","","已定义交互事件","SYS-300","定义与绑定已登记；业务结果按闭环表核对，不能将源码登记或同名按钮可见计为逐实例通过"
"CTRL-0204","src/normalized-ui/BottleCustodyPanel.tsx","51","BottleCustodyPanel","input","本次取酒数量","{""onChange"":""e=>setQuantity(e.target.value)""}","","","","detail && detail.order.status==='stored'","已定义交互事件","SYS-300","定义与绑定已登记；业务结果按闭环表核对，不能将源码登记或同名按钮可见计为逐实例通过"
"CTRL-0205","src/normalized-ui/BottleCustodyPanel.tsx","51","BottleCustodyPanel","button","向会员服务号发验证码","{""onClick"":""()=>void perform(async()=>{if(!await confirmAction({title:'确认发送取酒验证码',description:'发码前请确认：客人已在服务号「订阅提醒」页点过「一键订阅提醒」并勾选「取酒验证码」类通知。未授权会发送失败。确认后继续发送？',confirmLabel:'确认发送'}))return;await mutate('request-code',{quantity})})""}","","","blocked","detail && detail.order.status==='stored'","已定义交互事件","SYS-300","定义与绑定已登记；业务结果按闭环表核对，不能将源码登记或同名按钮可见计为逐实例通过"
"CTRL-0206","src/normalized-ui/BottleCustodyPanel.tsx","52","BottleCustodyPanel","button","刷新发送状态","{""onClick"":""()=>void perform(()=>inspect(detail.order.id))""}","","","blocked","detail && challenge","已定义交互事件","SYS-300","定义与绑定已登记；业务结果按闭环表核对，不能将源码登记或同名按钮可见计为逐实例通过"
"CTRL-0207","src/normalized-ui/BottleCustodyPanel.tsx","52","BottleCustodyPanel","input","会员出示的验证码","{""onChange"":""e=>setCode(e.target.value)""}","","","","detail && challenge","已定义交互事件","SYS-300","定义与绑定已登记；业务结果按闭环表核对，不能将源码登记或同名按钮可见计为逐实例通过"
"CTRL-0208","src/normalized-ui/BottleCustodyPanel.tsx","52","BottleCustodyPanel","button","验证","{""onClick"":""()=>void perform(async()=>{const result=await command<{verified:boolean;message:string}>(`${path}/${detail.order.id}/verify`,{challengeId:challenge.id,code});await inspect(detail.order.id);setMessage(result.message)})""}","","","blocked||challenge.delivery_status!=='accepted'","detail && challenge","已定义交互事件","SYS-300","定义与绑定已登记；业务结果按闭环表核对，不能将源码登记或同名按钮可见计为逐实例通过"
"CTRL-0209","src/normalized-ui/BottleCustodyPanel.tsx","52","BottleCustodyPanel","button","确认实物已取走","{""onClick"":""()=>void perform(()=>mutate('collect',{challengeId:challenge.id}))""}","","","blocked||!challenge.verified_at","detail && challenge","已定义交互事件","SYS-300","定义与绑定已登记；业务结果按闭环表核对，不能将源码登记或同名按钮可见计为逐实例通过"
"CTRL-0210","src/normalized-ui/BottleCustodyPanel.tsx","53","BottleCustodyPanel","select","新建存酒单 沿用原单","{""onChange"":""e=>setRestorageMode(e.target.value)""}","","","blocked||policy.requireOriginalOrder","policy?.allowRestorage","已定义交互事件","SYS-300","定义与绑定已登记；业务结果按闭环表核对，不能将源码登记或同名按钮可见计为逐实例通过"
"CTRL-0211","src/normalized-ui/BottleCustodyPanel.tsx","53","BottleCustodyPanel","CustodyFractionSelect","","{""onChange"":""setReturnQuantity""}","","","","","已定义交互事件","SYS-300","定义与绑定已登记；业务结果按闭环表核对，不能将源码登记或同名按钮可见计为逐实例通过"
"CTRL-0212","src/normalized-ui/BottleCustodyPanel.tsx","53","BottleCustodyPanel","input","再存数量","{""onChange"":""e=>setReturnQuantity(e.target.value)""}","","","","","已定义交互事件","SYS-300","定义与绑定已登记；业务结果按闭环表核对，不能将源码登记或同名按钮可见计为逐实例通过"
"CTRL-0213","src/normalized-ui/BottleCustodyPanel.tsx","53","BottleCustodyPanel","CustodyDepositCapture","","{""onChange"":""value=>setReturnEvidence(previous=>({...previous,[c.id]:value}))""}","","","blocked","policy?.allowRestorage","已定义交互事件","SYS-300","定义与绑定已登记；业务结果按闭环表核对，不能将源码登记或同名按钮可见计为逐实例通过"
"CTRL-0214","src/normalized-ui/BottleCustodyPanel.tsx","53","BottleCustodyPanel","button","确认再存","{""onClick"":""()=>void perform(()=>mutate('resolve-collection',{evidence:withFraction(returnEvidence[c.id]!,returnQuantity||c.quantity,detail.order.unit),collectionId:c.id,quantity:returnQuantity||c.quantity,restorageMode:policy?.requireOriginalOrder?'original':restorageMode,reason:reason||'顾客现场确认再存'}))""}","","","blocked||!policy?.allowRestorage||!returnEvidence[c.id]?.photoBase64","","已定义交互事件","SYS-300","定义与绑定已登记；业务结果按闭环表核对，不能将源码登记或同名按钮可见计为逐实例通过"
"CTRL-0215","src/normalized-ui/BottleCustodyPanel.tsx","53","BottleCustodyPanel","button","确认不再存","{""onClick"":""()=>void perform(()=>mutate('resolve-collection',{collectionId:c.id,quantity:null,reason:reason||'顾客现场确认不再存'}))""}","","","blocked","","已定义交互事件","SYS-300","定义与绑定已登记；业务结果按闭环表核对，不能将源码登记或同名按钮可见计为逐实例通过"
"CTRL-0216","src/normalized-ui/BottleCustodyPanel.tsx","54","BottleCustodyPanel","button","归档此单","{""onClick"":""()=>void perform(()=>mutate('archive',{reason:reason||'人工确认所有取酒已处理，归档'}))""}","","","blocked","detail && detail.order.status==='collected'&&detail.collections.every(c=>c.status!=='collected')","已定义交互事件","SYS-300","定义与绑定已登记；业务结果按闭环表核对，不能将源码登记或同名按钮可见计为逐实例通过"
"CTRL-0217","src/normalized-ui/BottleCustodyPanel.tsx","55","BottleCustodyPanel","button","查看本次再存新单","{""onClick"":""()=>void perform(()=>inspect(c.restored_order_id!))""}","","","blocked","","已定义交互事件","SYS-300","定义与绑定已登记；业务结果按闭环表核对，不能将源码登记或同名按钮可见计为逐实例通过"
"CTRL-0218","src/normalized-ui/BottleCustodyPanel.tsx","56","BottleCustodyPanel","summary","调整到期时间","{}","","","","detail","浏览器原生展开/收起","SYS-300","定义与绑定已登记；业务结果按闭环表核对，不能将源码登记或同名按钮可见计为逐实例通过"
"CTRL-0219","src/normalized-ui/BottleCustodyPanel.tsx","56","BottleCustodyPanel","input","新到期时间（北京时间）","{""onChange"":""e=>setExpiry(e.target.value)""}","","","","detail","已定义交互事件","SYS-300","定义与绑定已登记；业务结果按闭环表核对，不能将源码登记或同名按钮可见计为逐实例通过"
"CTRL-0220","src/normalized-ui/BottleCustodyPanel.tsx","56","BottleCustodyPanel","input","原因","{""onChange"":""e=>setReason(e.target.value)""}","","","","detail","已定义交互事件","SYS-300","定义与绑定已登记；业务结果按闭环表核对，不能将源码登记或同名按钮可见计为逐实例通过"
"CTRL-0221","src/normalized-ui/BottleCustodyPanel.tsx","56","BottleCustodyPanel","button","保存到期时间","{""onClick"":""()=>void perform(()=>mutate('expiry',{expiresAt:`${expiry}:00+08:00`,reason}))""}","","","blocked||!expiry||reason.trim().length<2","detail","已定义交互事件","SYS-300","定义与绑定已登记；业务结果按闭环表核对，不能将源码登记或同名按钮可见计为逐实例通过"
"CTRL-0222","src/normalized-ui/BottleCustodyPanel.tsx","57","BottleCustodyPanel","summary","存取与验证记录（ {detail.events.length} ）","{}","","","","detail","浏览器原生展开/收起","SYS-300","定义与绑定已登记；业务结果按闭环表核对，不能将源码登记或同名按钮可见计为逐实例通过"
"CTRL-0223","src/normalized-ui/BottleCustodyPanel.tsx","57","BottleCustodyPanel","summary","到期提醒记录","{}","","","","detail","浏览器原生展开/收起","SYS-300","定义与绑定已登记；业务结果按闭环表核对，不能将源码登记或同名按钮可见计为逐实例通过"
"CTRL-0224","src/normalized-ui/BottleCustodyPanel.tsx","58","BottleCustodyPanel","summary","录入新存酒","{}","","","","","浏览器原生展开/收起","SYS-300","定义与绑定已登记；业务结果按闭环表核对，不能将源码登记或同名按钮可见计为逐实例通过"
"CTRL-0225","src/normalized-ui/BottleCustodyPanel.tsx","58","BottleCustodyPanel","form","存酒登记价值（元，选填，非收入） {(['memberNo','itemName','unit','quantity','sourceReference','location','note','days'] as const).map((field,index)=><label key={field}>{['会员号','酒名','单位','数量','原订单编号（外部凭证）','存放位置','备注','存期天数（留空用品类默认）'][index]}<input required={index<4} value={form[field]} onChange={e=>setForm({...form,[field]:e.target.value})}/></label>)} 品类 请选择 {categories.filter(c=>c.active).map(c=><option key={c.id} value={c.id}>{c.name} · {c.default_days}天</option>)} 指定到期时间（优先于天数，北京时间） {policy?.extraFieldDefinitions.map(field=><label key={field.key}>{field.label}<input type={field.type==='number'?'text':field.type} required={field.required} maxLength={500} value={extraFields[field.key]??''} onChange={e=>se","{""onSubmit"":""event=>{event.preventDefault();void perform(async()=>{if(declaredValue&&!/^(?:0|[1-9][0-9]{0,9})(?:\\.[0-9]{1,2})?$/.test(declaredValue))throw new Error('登记价值须为最多两位小数的金额');const result=await command<Detail>(path,{...form,evidence:withFraction(evidence,form.quantity,form.unit),declaredValueMinor:declaredValue?Math.round(Number(declaredValue)*100):null,extraFields,days:newExpiry?null:(form.days?Number(form.days):null),expiresAt:newExpiry?`${newExpiry}:00+08:00`:null});setDetail(result);clearDetailDrafts();setQuantity(result.order.remaining_quantity);setEvidence({photoBase64:'',phone:null,fraction:null});setDepositKey(key=>key+1);setForm(current=>({...current,itemName:'',quantity:'1',sourceReference:'',note:''}));setDeclaredValue('');setExtraFields({});setNewExpiry('');await refreshSaved('存酒已登记，照片与手机号已保存；取酒须验证服务号验证码。',result.order.id)})}""}","","","","","已定义交互事件","SYS-300","定义与绑定已登记；业务结果按闭环表核对，不能将源码登记或同名按钮可见计为逐实例通过"
"CTRL-0226","src/normalized-ui/BottleCustodyPanel.tsx","59","BottleCustodyPanel","CustodyFractionSelect","","{""onChange"":""quantity=>setForm({...form,quantity})""}","event=>{event.preventDefault();void perform(async()=>{if(declaredValue&&!/^(?:0|[1-9][0-9]{0,9})(?:\.[0-9]{1,2})?$/.test(declaredValue))throw new Error('登记价值须为最多两位小数的金额');const result=await command<Detail>(path,{...form,evidence:withFraction(evidence,form.quantity,form.unit),declaredValueMinor:declaredValue?Math.round(Number(declaredValue)*100):null,extraFields,days:newExpiry?null:(form.days?Number(form.days):null),expiresAt:newExpiry?`${newExpiry}:00+08:00`:null});setDetail(result);clearDetailDrafts();setQuantity(result.order.remaining_quantity);setEvidence({photoBase64:'',phone:null,fraction:null});setDepositKey(key=>key+1);setForm(current=>({...current,itemName:'',quantity:'1',sourceReference:'',note:''}));setDeclaredValue('');setExtraFields({});setNewExpiry('');await refreshSaved('存酒已登记，照片与手机号已保存；取酒须验证服务号验证码。',result.order.id)})}","","","","所属表单：event=>{event.preventDefault();void perform(async()=>{if(declaredValue&&!/^(?:0|[1-9][0-9]{0,9})(?:\.[0-9]{1,2})?$/.test(declaredValue))throw new Error('登记价值须为最多两位小数的金额');const result=await command<Detail>(path,{...form,evidence:withFraction(evidence,form.quantity,form.unit),declaredValueMinor:declaredValue?Math.round(Number(declaredValue)*100):null,extraFields,days:newExpiry?null:(form.days?Number(form.days):null),expiresAt:newExpiry?`${newExpiry}:00+08:00`:null});setDetail(result);clearDetailDrafts();setQuantity(result.order.remaining_quantity);setEvidence({photoBase64:'',phone:null,fraction:null});setDepositKey(key=>key+1);setForm(current=>({...current,itemName:'',quantity:'1',sourceReference:'',note:''}));setDeclaredValue('');setExtraFields({});setNewExpiry('');await refreshSaved('存酒已登记，照片与手机号已保存；取酒须验证服务号验证码。',result.order.id)})}","SYS-300","定义与绑定已登记；业务结果按闭环表核对，不能将源码登记或同名按钮可见计为逐实例通过"
"CTRL-0227","src/normalized-ui/BottleCustodyPanel.tsx","59","BottleCustodyPanel","input","存酒登记价值（元，选填，非收入）","{""onChange"":""e=>setDeclaredValue(e.target.value)""}","event=>{event.preventDefault();void perform(async()=>{if(declaredValue&&!/^(?:0|[1-9][0-9]{0,9})(?:\.[0-9]{1,2})?$/.test(declaredValue))throw new Error('登记价值须为最多两位小数的金额');const result=await command<Detail>(path,{...form,evidence:withFraction(evidence,form.quantity,form.unit),declaredValueMinor:declaredValue?Math.round(Number(declaredValue)*100):null,extraFields,days:newExpiry?null:(form.days?Number(form.days):null),expiresAt:newExpiry?`${newExpiry}:00+08:00`:null});setDetail(result);clearDetailDrafts();setQuantity(result.order.remaining_quantity);setEvidence({photoBase64:'',phone:null,fraction:null});setDepositKey(key=>key+1);setForm(current=>({...current,itemName:'',quantity:'1',sourceReference:'',note:''}));setDeclaredValue('');setExtraFields({});setNewExpiry('');await refreshSaved('存酒已登记，照片与手机号已保存；取酒须验证服务号验证码。',result.order.id)})}","","","","所属表单：event=>{event.preventDefault();void perform(async()=>{if(declaredValue&&!/^(?:0|[1-9][0-9]{0,9})(?:\.[0-9]{1,2})?$/.test(declaredValue))throw new Error('登记价值须为最多两位小数的金额');const result=await command<Detail>(path,{...form,evidence:withFraction(evidence,form.quantity,form.unit),declaredValueMinor:declaredValue?Math.round(Number(declaredValue)*100):null,extraFields,days:newExpiry?null:(form.days?Number(form.days):null),expiresAt:newExpiry?`${newExpiry}:00+08:00`:null});setDetail(result);clearDetailDrafts();setQuantity(result.order.remaining_quantity);setEvidence({photoBase64:'',phone:null,fraction:null});setDepositKey(key=>key+1);setForm(current=>({...current,itemName:'',quantity:'1',sourceReference:'',note:''}));setDeclaredValue('');setExtraFields({});setNewExpiry('');await refreshSaved('存酒已登记，照片与手机号已保存；取酒须验证服务号验证码。',result.order.id)})}","SYS-300","定义与绑定已登记；业务结果按闭环表核对，不能将源码登记或同名按钮可见计为逐实例通过"
"CTRL-0228","src/normalized-ui/BottleCustodyPanel.tsx","59","BottleCustodyPanel","input","{['会员号','酒名','单位','数量','原订单编号（外部凭证）','存放位置','备注','存期天数（留空用品类默认）'][index]}","{""onChange"":""e=>setForm({...form,[field]:e.target.value})""}","event=>{event.preventDefault();void perform(async()=>{if(declaredValue&&!/^(?:0|[1-9][0-9]{0,9})(?:\.[0-9]{1,2})?$/.test(declaredValue))throw new Error('登记价值须为最多两位小数的金额');const result=await command<Detail>(path,{...form,evidence:withFraction(evidence,form.quantity,form.unit),declaredValueMinor:declaredValue?Math.round(Number(declaredValue)*100):null,extraFields,days:newExpiry?null:(form.days?Number(form.days):null),expiresAt:newExpiry?`${newExpiry}:00+08:00`:null});setDetail(result);clearDetailDrafts();setQuantity(result.order.remaining_quantity);setEvidence({photoBase64:'',phone:null,fraction:null});setDepositKey(key=>key+1);setForm(current=>({...current,itemName:'',quantity:'1',sourceReference:'',note:''}));setDeclaredValue('');setExtraFields({});setNewExpiry('');await refreshSaved('存酒已登记，照片与手机号已保存；取酒须验证服务号验证码。',result.order.id)})}","","","","所属表单：event=>{event.preventDefault();void perform(async()=>{if(declaredValue&&!/^(?:0|[1-9][0-9]{0,9})(?:\.[0-9]{1,2})?$/.test(declaredValue))throw new Error('登记价值须为最多两位小数的金额');const result=await command<Detail>(path,{...form,evidence:withFraction(evidence,form.quantity,form.unit),declaredValueMinor:declaredValue?Math.round(Number(declaredValue)*100):null,extraFields,days:newExpiry?null:(form.days?Number(form.days):null),expiresAt:newExpiry?`${newExpiry}:00+08:00`:null});setDetail(result);clearDetailDrafts();setQuantity(result.order.remaining_quantity);setEvidence({photoBase64:'',phone:null,fraction:null});setDepositKey(key=>key+1);setForm(current=>({...current,itemName:'',quantity:'1',sourceReference:'',note:''}));setDeclaredValue('');setExtraFields({});setNewExpiry('');await refreshSaved('存酒已登记，照片与手机号已保存；取酒须验证服务号验证码。',result.order.id)})}","SYS-300","定义与绑定已登记；业务结果按闭环表核对，不能将源码登记或同名按钮可见计为逐实例通过"
"CTRL-0229","src/normalized-ui/BottleCustodyPanel.tsx","59","BottleCustodyPanel","select","请选择 {categories.filter(c=>c.active).map(c=><option key={c.id} value={c.id}>{c.name} · {c.default_days}天</option>)}","{""onChange"":""e=>setForm({...form,categoryId:e.target.value})""}","event=>{event.preventDefault();void perform(async()=>{if(declaredValue&&!/^(?:0|[1-9][0-9]{0,9})(?:\.[0-9]{1,2})?$/.test(declaredValue))throw new Error('登记价值须为最多两位小数的金额');const result=await command<Detail>(path,{...form,evidence:withFraction(evidence,form.quantity,form.unit),declaredValueMinor:declaredValue?Math.round(Number(declaredValue)*100):null,extraFields,days:newExpiry?null:(form.days?Number(form.days):null),expiresAt:newExpiry?`${newExpiry}:00+08:00`:null});setDetail(result);clearDetailDrafts();setQuantity(result.order.remaining_quantity);setEvidence({photoBase64:'',phone:null,fraction:null});setDepositKey(key=>key+1);setForm(current=>({...current,itemName:'',quantity:'1',sourceReference:'',note:''}));setDeclaredValue('');setExtraFields({});setNewExpiry('');await refreshSaved('存酒已登记，照片与手机号已保存；取酒须验证服务号验证码。',result.order.id)})}","","","","所属表单：event=>{event.preventDefault();void perform(async()=>{if(declaredValue&&!/^(?:0|[1-9][0-9]{0,9})(?:\.[0-9]{1,2})?$/.test(declaredValue))throw new Error('登记价值须为最多两位小数的金额');const result=await command<Detail>(path,{...form,evidence:withFraction(evidence,form.quantity,form.unit),declaredValueMinor:declaredValue?Math.round(Number(declaredValue)*100):null,extraFields,days:newExpiry?null:(form.days?Number(form.days):null),expiresAt:newExpiry?`${newExpiry}:00+08:00`:null});setDetail(result);clearDetailDrafts();setQuantity(result.order.remaining_quantity);setEvidence({photoBase64:'',phone:null,fraction:null});setDepositKey(key=>key+1);setForm(current=>({...current,itemName:'',quantity:'1',sourceReference:'',note:''}));setDeclaredValue('');setExtraFields({});setNewExpiry('');await refreshSaved('存酒已登记，照片与手机号已保存；取酒须验证服务号验证码。',result.order.id)})}","SYS-300","定义与绑定已登记；业务结果按闭环表核对，不能将源码登记或同名按钮可见计为逐实例通过"
"CTRL-0230","src/normalized-ui/BottleCustodyPanel.tsx","59","BottleCustodyPanel","input","指定到期时间（优先于天数，北京时间）","{""onChange"":""e=>setNewExpiry(e.target.value)""}","event=>{event.preventDefault();void perform(async()=>{if(declaredValue&&!/^(?:0|[1-9][0-9]{0,9})(?:\.[0-9]{1,2})?$/.test(declaredValue))throw new Error('登记价值须为最多两位小数的金额');const result=await command<Detail>(path,{...form,evidence:withFraction(evidence,form.quantity,form.unit),declaredValueMinor:declaredValue?Math.round(Number(declaredValue)*100):null,extraFields,days:newExpiry?null:(form.days?Number(form.days):null),expiresAt:newExpiry?`${newExpiry}:00+08:00`:null});setDetail(result);clearDetailDrafts();setQuantity(result.order.remaining_quantity);setEvidence({photoBase64:'',phone:null,fraction:null});setDepositKey(key=>key+1);setForm(current=>({...current,itemName:'',quantity:'1',sourceReference:'',note:''}));setDeclaredValue('');setExtraFields({});setNewExpiry('');await refreshSaved('存酒已登记，照片与手机号已保存；取酒须验证服务号验证码。',result.order.id)})}","","","","所属表单：event=>{event.preventDefault();void perform(async()=>{if(declaredValue&&!/^(?:0|[1-9][0-9]{0,9})(?:\.[0-9]{1,2})?$/.test(declaredValue))throw new Error('登记价值须为最多两位小数的金额');const result=await command<Detail>(path,{...form,evidence:withFraction(evidence,form.quantity,form.unit),declaredValueMinor:declaredValue?Math.round(Number(declaredValue)*100):null,extraFields,days:newExpiry?null:(form.days?Number(form.days):null),expiresAt:newExpiry?`${newExpiry}:00+08:00`:null});setDetail(result);clearDetailDrafts();setQuantity(result.order.remaining_quantity);setEvidence({photoBase64:'',phone:null,fraction:null});setDepositKey(key=>key+1);setForm(current=>({...current,itemName:'',quantity:'1',sourceReference:'',note:''}));setDeclaredValue('');setExtraFields({});setNewExpiry('');await refreshSaved('存酒已登记，照片与手机号已保存；取酒须验证服务号验证码。',result.order.id)})}","SYS-300","定义与绑定已登记；业务结果按闭环表核对，不能将源码登记或同名按钮可见计为逐实例通过"
"CTRL-0231","src/normalized-ui/BottleCustodyPanel.tsx","59","BottleCustodyPanel","input","{field.label}","{""onChange"":""e=>setExtraFields({...extraFields,[field.key]:e.target.value})""}","event=>{event.preventDefault();void perform(async()=>{if(declaredValue&&!/^(?:0|[1-9][0-9]{0,9})(?:\.[0-9]{1,2})?$/.test(declaredValue))throw new Error('登记价值须为最多两位小数的金额');const result=await command<Detail>(path,{...form,evidence:withFraction(evidence,form.quantity,form.unit),declaredValueMinor:declaredValue?Math.round(Number(declaredValue)*100):null,extraFields,days:newExpiry?null:(form.days?Number(form.days):null),expiresAt:newExpiry?`${newExpiry}:00+08:00`:null});setDetail(result);clearDetailDrafts();setQuantity(result.order.remaining_quantity);setEvidence({photoBase64:'',phone:null,fraction:null});setDepositKey(key=>key+1);setForm(current=>({...current,itemName:'',quantity:'1',sourceReference:'',note:''}));setDeclaredValue('');setExtraFields({});setNewExpiry('');await refreshSaved('存酒已登记，照片与手机号已保存；取酒须验证服务号验证码。',result.order.id)})}","","","","所属表单：event=>{event.preventDefault();void perform(async()=>{if(declaredValue&&!/^(?:0|[1-9][0-9]{0,9})(?:\.[0-9]{1,2})?$/.test(declaredValue))throw new Error('登记价值须为最多两位小数的金额');const result=await command<Detail>(path,{...form,evidence:withFraction(evidence,form.quantity,form.unit),declaredValueMinor:declaredValue?Math.round(Number(declaredValue)*100):null,extraFields,days:newExpiry?null:(form.days?Number(form.days):null),expiresAt:newExpiry?`${newExpiry}:00+08:00`:null});setDetail(result);clearDetailDrafts();setQuantity(result.order.remaining_quantity);setEvidence({photoBase64:'',phone:null,fraction:null});setDepositKey(key=>key+1);setForm(current=>({...current,itemName:'',quantity:'1',sourceReference:'',note:''}));setDeclaredValue('');setExtraFields({});setNewExpiry('');await refreshSaved('存酒已登记，照片与手机号已保存；取酒须验证服务号验证码。',result.order.id)})}","SYS-300","定义与绑定已登记；业务结果按闭环表核对，不能将源码登记或同名按钮可见计为逐实例通过"
"CTRL-0232","src/normalized-ui/BottleCustodyPanel.tsx","59","BottleCustodyPanel","CustodyDepositCapture","","{""onChange"":""setEvidence""}","event=>{event.preventDefault();void perform(async()=>{if(declaredValue&&!/^(?:0|[1-9][0-9]{0,9})(?:\.[0-9]{1,2})?$/.test(declaredValue))throw new Error('登记价值须为最多两位小数的金额');const result=await command<Detail>(path,{...form,evidence:withFraction(evidence,form.quantity,form.unit),declaredValueMinor:declaredValue?Math.round(Number(declaredValue)*100):null,extraFields,days:newExpiry?null:(form.days?Number(form.days):null),expiresAt:newExpiry?`${newExpiry}:00+08:00`:null});setDetail(result);clearDetailDrafts();setQuantity(result.order.remaining_quantity);setEvidence({photoBase64:'',phone:null,fraction:null});setDepositKey(key=>key+1);setForm(current=>({...current,itemName:'',quantity:'1',sourceReference:'',note:''}));setDeclaredValue('');setExtraFields({});setNewExpiry('');await refreshSaved('存酒已登记，照片与手机号已保存；取酒须验证服务号验证码。',result.order.id)})}","","blocked","","所属表单：event=>{event.preventDefault();void perform(async()=>{if(declaredValue&&!/^(?:0|[1-9][0-9]{0,9})(?:\.[0-9]{1,2})?$/.test(declaredValue))throw new Error('登记价值须为最多两位小数的金额');const result=await command<Detail>(path,{...form,evidence:withFraction(evidence,form.quantity,form.unit),declaredValueMinor:declaredValue?Math.round(Number(declaredValue)*100):null,extraFields,days:newExpiry?null:(form.days?Number(form.days):null),expiresAt:newExpiry?`${newExpiry}:00+08:00`:null});setDetail(result);clearDetailDrafts();setQuantity(result.order.remaining_quantity);setEvidence({photoBase64:'',phone:null,fraction:null});setDepositKey(key=>key+1);setForm(current=>({...current,itemName:'',quantity:'1',sourceReference:'',note:''}));setDeclaredValue('');setExtraFields({});setNewExpiry('');await refreshSaved('存酒已登记，照片与手机号已保存；取酒须验证服务号验证码。',result.order.id)})}","SYS-300","定义与绑定已登记；业务结果按闭环表核对，不能将源码登记或同名按钮可见计为逐实例通过"
"CTRL-0233","src/normalized-ui/BottleCustodyPanel.tsx","59","BottleCustodyPanel","button","登记存酒","{}","event=>{event.preventDefault();void perform(async()=>{if(declaredValue&&!/^(?:0|[1-9][0-9]{0,9})(?:\.[0-9]{1,2})?$/.test(declaredValue))throw new Error('登记价值须为最多两位小数的金额');const result=await command<Detail>(path,{...form,evidence:withFraction(evidence,form.quantity,form.unit),declaredValueMinor:declaredValue?Math.round(Number(declaredValue)*100):null,extraFields,days:newExpiry?null:(form.days?Number(form.days):null),expiresAt:newExpiry?`${newExpiry}:00+08:00`:null});setDetail(result);clearDetailDrafts();setQuantity(result.order.remaining_quantity);setEvidence({photoBase64:'',phone:null,fraction:null});setDepositKey(key=>key+1);setForm(current=>({...current,itemName:'',quantity:'1',sourceReference:'',note:''}));setDeclaredValue('');setExtraFields({});setNewExpiry('');await refreshSaved('存酒已登记，照片与手机号已保存；取酒须验证服务号验证码。',result.order.id)})}","","blocked||!policy?.enabled||!evidence.photoBase64","","所属表单：event=>{event.preventDefault();void perform(async()=>{if(declaredValue&&!/^(?:0|[1-9][0-9]{0,9})(?:\.[0-9]{1,2})?$/.test(declaredValue))throw new Error('登记价值须为最多两位小数的金额');const result=await command<Detail>(path,{...form,evidence:withFraction(evidence,form.quantity,form.unit),declaredValueMinor:declaredValue?Math.round(Number(declaredValue)*100):null,extraFields,days:newExpiry?null:(form.days?Number(form.days):null),expiresAt:newExpiry?`${newExpiry}:00+08:00`:null});setDetail(result);clearDetailDrafts();setQuantity(result.order.remaining_quantity);setEvidence({photoBase64:'',phone:null,fraction:null});setDepositKey(key=>key+1);setForm(current=>({...current,itemName:'',quantity:'1',sourceReference:'',note:''}));setDeclaredValue('');setExtraFields({});setNewExpiry('');await refreshSaved('存酒已登记，照片与手机号已保存；取酒须验证服务号验证码。',result.order.id)})}","SYS-300","定义与绑定已登记；业务结果按闭环表核对，不能将源码登记或同名按钮可见计为逐实例通过"
"CTRL-0234","src/normalized-ui/BottleCustodyPanel.tsx","60","BottleCustodyPanel","summary","存酒配置与品类","{}","","","","manage&&policy","浏览器原生展开/收起","SYS-300","定义与绑定已登记；业务结果按闭环表核对，不能将源码登记或同名按钮可见计为逐实例通过"
"CTRL-0235","src/normalized-ui/BottleCustodyPanel.tsx","60","BottleCustodyPanel","form","{(['enabled','remindersEnabled','allowPartial','allowRestorage','requireOriginalOrder'] as const).map((key,index)=><label key={key}><input type=""checkbox"" checked={policy[key]} onChange={e=>patch({[key]:e.target.checked})}/>{['启用新存酒','启用到期提醒（需客人先在服务号订阅页授权「存酒到期提醒」）','允许部分取酒和再存','允许再存','强制再存沿用原单'][index]}</label>)} 归档方式 取酒全部处理后自动归档 取酒全部处理后人工归档 {(['defaultDays','codeDigits','codeTtlSeconds','resendSeconds','maximumAttempts'] as const).map((key,index)=><label key={key}>{['默认存期天数','验证码位数','验证码有效秒数','重发间隔秒数','最大错误尝试次数'][index]}<input type=""number"" value={policy[key]} onChange={e=>patch({[key]:Number(e.target.value)})}/></label>)} 提醒档位（逗号分隔天数） 提醒时间 取酒与提醒服务号 请选择服务号 {accounts.map(account=><option key","{""onSubmit"":""event=>{event.preventDefault();void perform(async()=>{await command(`${path}/policy`,{policy,version,reason:reason||'调整存酒规则'});await config();setMessage('存酒配置已保存')})}""}","","","","manage&&policy","已定义交互事件","SYS-300","定义与绑定已登记；业务结果按闭环表核对，不能将源码登记或同名按钮可见计为逐实例通过"
"CTRL-0236","src/normalized-ui/BottleCustodyPanel.tsx","61","BottleCustodyPanel","input","{['启用新存酒','启用到期提醒（需客人先在服务号订阅页授权「存酒到期提醒」）','允许部分取酒和再存','允许再存','强制再存沿用原单'][index]}","{""onChange"":""e=>patch({[key]:e.target.checked})""}","event=>{event.preventDefault();void perform(async()=>{await command(`${path}/policy`,{policy,version,reason:reason||'调整存酒规则'});await config();setMessage('存酒配置已保存')})}","","","","所属表单：event=>{event.preventDefault();void perform(async()=>{await command(`${path}/policy`,{policy,version,reason:reason||'调整存酒规则'});await config();setMessage('存酒配置已保存')})}","SYS-300","定义与绑定已登记；业务结果按闭环表核对，不能将源码登记或同名按钮可见计为逐实例通过"
"CTRL-0237","src/normalized-ui/BottleCustodyPanel.tsx","62","BottleCustodyPanel","select","取酒全部处理后自动归档 取酒全部处理后人工归档","{""onChange"":""e=>patch({archiveMode:e.target.value as Policy['archiveMode']})""}","event=>{event.preventDefault();void perform(async()=>{await command(`${path}/policy`,{policy,version,reason:reason||'调整存酒规则'});await config();setMessage('存酒配置已保存')})}","","","manage&&policy","所属表单：event=>{event.preventDefault();void perform(async()=>{await command(`${path}/policy`,{policy,version,reason:reason||'调整存酒规则'});await config();setMessage('存酒配置已保存')})}","SYS-300","定义与绑定已登记；业务结果按闭环表核对，不能将源码登记或同名按钮可见计为逐实例通过"
"CTRL-0238","src/normalized-ui/BottleCustodyPanel.tsx","63","BottleCustodyPanel","input","{['默认存期天数','验证码位数','验证码有效秒数','重发间隔秒数','最大错误尝试次数'][index]}","{""onChange"":""e=>patch({[key]:Number(e.target.value)})""}","event=>{event.preventDefault();void perform(async()=>{await command(`${path}/policy`,{policy,version,reason:reason||'调整存酒规则'});await config();setMessage('存酒配置已保存')})}","","","","所属表单：event=>{event.preventDefault();void perform(async()=>{await command(`${path}/policy`,{policy,version,reason:reason||'调整存酒规则'});await config();setMessage('存酒配置已保存')})}","SYS-300","定义与绑定已登记；业务结果按闭环表核对，不能将源码登记或同名按钮可见计为逐实例通过"
"CTRL-0239","src/normalized-ui/BottleCustodyPanel.tsx","64","BottleCustodyPanel","input","提醒档位（逗号分隔天数）","{""onChange"":""e=>patch({reminderDays:e.target.value.split(/[,，]/).map(Number)})""}","event=>{event.preventDefault();void perform(async()=>{await command(`${path}/policy`,{policy,version,reason:reason||'调整存酒规则'});await config();setMessage('存酒配置已保存')})}","","","manage&&policy","所属表单：event=>{event.preventDefault();void perform(async()=>{await command(`${path}/policy`,{policy,version,reason:reason||'调整存酒规则'});await config();setMessage('存酒配置已保存')})}","SYS-300","定义与绑定已登记；业务结果按闭环表核对，不能将源码登记或同名按钮可见计为逐实例通过"
"CTRL-0240","src/normalized-ui/BottleCustodyPanel.tsx","64","BottleCustodyPanel","input","提醒时间","{""onChange"":""e=>{const [hour,minute]=e.target.value.split(':').map(Number);patch({sendMinute:hour!*60+minute!})}""}","event=>{event.preventDefault();void perform(async()=>{await command(`${path}/policy`,{policy,version,reason:reason||'调整存酒规则'});await config();setMessage('存酒配置已保存')})}","","","manage&&policy","所属表单：event=>{event.preventDefault();void perform(async()=>{await command(`${path}/policy`,{policy,version,reason:reason||'调整存酒规则'});await config();setMessage('存酒配置已保存')})}","SYS-300","定义与绑定已登记；业务结果按闭环表核对，不能将源码登记或同名按钮可见计为逐实例通过"
"CTRL-0241","src/normalized-ui/BottleCustodyPanel.tsx","65","BottleCustodyPanel","select","请选择服务号 {accounts.map(account=><option key={account.id} value={account.id}>{account.name}</option>)}","{""onChange"":""e=>patch({serviceAccountId:e.target.value||null})""}","event=>{event.preventDefault();void perform(async()=>{await command(`${path}/policy`,{policy,version,reason:reason||'调整存酒规则'});await config();setMessage('存酒配置已保存')})}","","","manage&&policy","所属表单：event=>{event.preventDefault();void perform(async()=>{await command(`${path}/policy`,{policy,version,reason:reason||'调整存酒规则'});await config();setMessage('存酒配置已保存')})}","SYS-300","定义与绑定已登记；业务结果按闭环表核对，不能将源码登记或同名按钮可见计为逐实例通过"
"CTRL-0242","src/normalized-ui/BottleCustodyPanel.tsx","65","BottleCustodyPanel","input","编号格式","{""onChange"":""e=>patch({numberPattern:e.target.value})""}","event=>{event.preventDefault();void perform(async()=>{await command(`${path}/policy`,{policy,version,reason:reason||'调整存酒规则'});await config();setMessage('存酒配置已保存')})}","","","manage&&policy","所属表单：event=>{event.preventDefault();void perform(async()=>{await command(`${path}/policy`,{policy,version,reason:reason||'调整存酒规则'});await config();setMessage('存酒配置已保存')})}","SYS-300","定义与绑定已登记；业务结果按闭环表核对，不能将源码登记或同名按钮可见计为逐实例通过"
"CTRL-0243","src/normalized-ui/BottleCustodyPanel.tsx","65","BottleCustodyPanel","input","打印标题","{""onChange"":""e=>patch({printTitle:e.target.value})""}","event=>{event.preventDefault();void perform(async()=>{await command(`${path}/policy`,{policy,version,reason:reason||'调整存酒规则'});await config();setMessage('存酒配置已保存')})}","","","manage&&policy","所属表单：event=>{event.preventDefault();void perform(async()=>{await command(`${path}/policy`,{policy,version,reason:reason||'调整存酒规则'});await config();setMessage('存酒配置已保存')})}","SYS-300","定义与绑定已登记；业务结果按闭环表核对，不能将源码登记或同名按钮可见计为逐实例通过"
"CTRL-0244","src/normalized-ui/BottleCustodyPanel.tsx","65","BottleCustodyPanel","textarea","打印页脚","{""onChange"":""e=>patch({printFooter:e.target.value})""}","event=>{event.preventDefault();void perform(async()=>{await command(`${path}/policy`,{policy,version,reason:reason||'调整存酒规则'});await config();setMessage('存酒配置已保存')})}","","","manage&&policy","所属表单：event=>{event.preventDefault();void perform(async()=>{await command(`${path}/policy`,{policy,version,reason:reason||'调整存酒规则'});await config();setMessage('存酒配置已保存')})}","SYS-300","定义与绑定已登记；业务结果按闭环表核对，不能将源码登记或同名按钮可见计为逐实例通过"
"CTRL-0245","src/normalized-ui/BottleCustodyPanel.tsx","65","BottleCustodyPanel","input","打印： {['品类','酒名','原存量','剩余量','到期时间','位置','状态','原购凭证'][i]}","{""onChange"":""e=>patch({printFields:e.target.checked?[...policy.printFields,key]:policy.printFields.filter(f=>f!==key)})""}","event=>{event.preventDefault();void perform(async()=>{await command(`${path}/policy`,{policy,version,reason:reason||'调整存酒规则'});await config();setMessage('存酒配置已保存')})}","","","","所属表单：event=>{event.preventDefault();void perform(async()=>{await command(`${path}/policy`,{policy,version,reason:reason||'调整存酒规则'});await config();setMessage('存酒配置已保存')})}","SYS-300","定义与绑定已登记；业务结果按闭环表核对，不能将源码登记或同名按钮可见计为逐实例通过"
"CTRL-0246","src/normalized-ui/BottleCustodyPanel.tsx","65","BottleCustodyPanel","input","报表筛选： {['品类','状态','日期'][i]}","{""onChange"":""e=>patch({reportDimensions:e.target.checked?[...policy.reportDimensions,key]:policy.reportDimensions.filter(f=>f!==key)})""}","event=>{event.preventDefault();void perform(async()=>{await command(`${path}/policy`,{policy,version,reason:reason||'调整存酒规则'});await config();setMessage('存酒配置已保存')})}","","","","所属表单：event=>{event.preventDefault();void perform(async()=>{await command(`${path}/policy`,{policy,version,reason:reason||'调整存酒规则'});await config();setMessage('存酒配置已保存')})}","SYS-300","定义与绑定已登记；业务结果按闭环表核对，不能将源码登记或同名按钮可见计为逐实例通过"
"CTRL-0247","src/normalized-ui/BottleCustodyPanel.tsx","65","BottleCustodyPanel","textarea","提醒内容","{""onChange"":""e=>patch({reminderText:e.target.value})""}","event=>{event.preventDefault();void perform(async()=>{await command(`${path}/policy`,{policy,version,reason:reason||'调整存酒规则'});await config();setMessage('存酒配置已保存')})}","","","manage&&policy","所属表单：event=>{event.preventDefault();void perform(async()=>{await command(`${path}/policy`,{policy,version,reason:reason||'调整存酒规则'});await config();setMessage('存酒配置已保存')})}","SYS-300","定义与绑定已登记；业务结果按闭环表核对，不能将源码登记或同名按钮可见计为逐实例通过"
"CTRL-0248","src/normalized-ui/BottleCustodyPanel.tsx","65","BottleCustodyPanel","button","保存存酒规则","{}","event=>{event.preventDefault();void perform(async()=>{await command(`${path}/policy`,{policy,version,reason:reason||'调整存酒规则'});await config();setMessage('存酒配置已保存')})}","","blocked","manage&&policy","所属表单：event=>{event.preventDefault();void perform(async()=>{await command(`${path}/policy`,{policy,version,reason:reason||'调整存酒规则'});await config();setMessage('存酒配置已保存')})}","SYS-300","定义与绑定已登记；业务结果按闭环表核对，不能将源码登记或同名按钮可见计为逐实例通过"
"CTRL-0249","src/normalized-ui/BottleCustodyPanel.tsx","66","BottleCustodyPanel","button","移除字段","{""onClick"":""()=>patch({extraFieldDefinitions:policy.extraFieldDefinitions.filter(f=>f.key!==field.key)})""}","","","blocked","","已定义交互事件","SYS-300","定义与绑定已登记；业务结果按闭环表核对，不能将源码登记或同名按钮可见计为逐实例通过"
"CTRL-0250","src/normalized-ui/BottleCustodyPanel.tsx","66","BottleCustodyPanel","input","字段编号","{""onChange"":""e=>setExtraDefinition({...extraDefinition,key:e.target.value})""}","","","","manage&&policy","已定义交互事件","SYS-300","定义与绑定已登记；业务结果按闭环表核对，不能将源码登记或同名按钮可见计为逐实例通过"
"CTRL-0251","src/normalized-ui/BottleCustodyPanel.tsx","66","BottleCustodyPanel","input","字段名称","{""onChange"":""e=>setExtraDefinition({...extraDefinition,label:e.target.value})""}","","","","manage&&policy","已定义交互事件","SYS-300","定义与绑定已登记；业务结果按闭环表核对，不能将源码登记或同名按钮可见计为逐实例通过"
"CTRL-0252","src/normalized-ui/BottleCustodyPanel.tsx","66","BottleCustodyPanel","select","文字 数字 日期","{""onChange"":""e=>setExtraDefinition({...extraDefinition,type:e.target.value as ExtraField['type']})""}","","","","manage&&policy","已定义交互事件","SYS-300","定义与绑定已登记；业务结果按闭环表核对，不能将源码登记或同名按钮可见计为逐实例通过"
"CTRL-0253","src/normalized-ui/BottleCustodyPanel.tsx","66","BottleCustodyPanel","input","必填","{""onChange"":""e=>setExtraDefinition({...extraDefinition,required:e.target.checked})""}","","","","manage&&policy","已定义交互事件","SYS-300","定义与绑定已登记；业务结果按闭环表核对，不能将源码登记或同名按钮可见计为逐实例通过"
"CTRL-0254","src/normalized-ui/BottleCustodyPanel.tsx","66","BottleCustodyPanel","button","添加到待保存规则","{""onClick"":""()=>{if(!/^[a-z][a-z0-9_]{0,29}$/.test(extraDefinition.key)||!extraDefinition.label.trim()||policy.extraFieldDefinitions.some(f=>f.key===extraDefinition.key)){setMessage('字段编号须为小写字母开头且不重复，并填写名称');return}patch({extraFieldDefinitions:[...policy.extraFieldDefinitions,extraDefinition]});setExtraDefinition({key:'',label:'',type:'text',required:false})}""}","","","blocked||policy.extraFieldDefinitions.length>=20","manage&&policy","已定义交互事件","SYS-300","定义与绑定已登记；业务结果按闭环表核对，不能将源码登记或同名按钮可见计为逐实例通过"
"CTRL-0255","src/normalized-ui/BottleCustodyPanel.tsx","66","BottleCustodyPanel","button","编辑","{""onClick"":""()=>setCategoryForm({id:c.id,code:c.code,name:c.name,defaultDays:c.default_days,active:c.active,sortOrder:c.sort_order})""}","","","blocked","","已定义交互事件","SYS-300","定义与绑定已登记；业务结果按闭环表核对，不能将源码登记或同名按钮可见计为逐实例通过"
"CTRL-0256","src/normalized-ui/BottleCustodyPanel.tsx","66","BottleCustodyPanel","form","品类编号 品类名称 默认到期天数 排序 品类启用 保存品类 清空新增","{""onSubmit"":""event=>{event.preventDefault();void perform(async()=>{await command(`${path}/categories`,categoryForm);await config();setMessage('品类已保存')})}""}","","","","manage&&policy","已定义交互事件","SYS-300","定义与绑定已登记；业务结果按闭环表核对，不能将源码登记或同名按钮可见计为逐实例通过"
"CTRL-0257","src/normalized-ui/BottleCustodyPanel.tsx","66","BottleCustodyPanel","input","品类编号","{""onChange"":""e=>setCategoryForm({...categoryForm,code:e.target.value})""}","event=>{event.preventDefault();void perform(async()=>{await command(`${path}/categories`,categoryForm);await config();setMessage('品类已保存')})}","","","manage&&policy","所属表单：event=>{event.preventDefault();void perform(async()=>{await command(`${path}/categories`,categoryForm);await config();setMessage('品类已保存')})}","SYS-300","定义与绑定已登记；业务结果按闭环表核对，不能将源码登记或同名按钮可见计为逐实例通过"
"CTRL-0258","src/normalized-ui/BottleCustodyPanel.tsx","66","BottleCustodyPanel","input","品类名称","{""onChange"":""e=>setCategoryForm({...categoryForm,name:e.target.value})""}","event=>{event.preventDefault();void perform(async()=>{await command(`${path}/categories`,categoryForm);await config();setMessage('品类已保存')})}","","","manage&&policy","所属表单：event=>{event.preventDefault();void perform(async()=>{await command(`${path}/categories`,categoryForm);await config();setMessage('品类已保存')})}","SYS-300","定义与绑定已登记；业务结果按闭环表核对，不能将源码登记或同名按钮可见计为逐实例通过"
"CTRL-0259","src/normalized-ui/BottleCustodyPanel.tsx","66","BottleCustodyPanel","input","默认到期天数","{""onChange"":""e=>setCategoryForm({...categoryForm,defaultDays:Number(e.target.value)})""}","event=>{event.preventDefault();void perform(async()=>{await command(`${path}/categories`,categoryForm);await config();setMessage('品类已保存')})}","","","manage&&policy","所属表单：event=>{event.preventDefault();void perform(async()=>{await command(`${path}/categories`,categoryForm);await config();setMessage('品类已保存')})}","SYS-300","定义与绑定已登记；业务结果按闭环表核对，不能将源码登记或同名按钮可见计为逐实例通过"
"CTRL-0260","src/normalized-ui/BottleCustodyPanel.tsx","66","BottleCustodyPanel","input","排序","{""onChange"":""e=>setCategoryForm({...categoryForm,sortOrder:Number(e.target.value)})""}","event=>{event.preventDefault();void perform(async()=>{await command(`${path}/categories`,categoryForm);await config();setMessage('品类已保存')})}","","","manage&&policy","所属表单：event=>{event.preventDefault();void perform(async()=>{await command(`${path}/categories`,categoryForm);await config();setMessage('品类已保存')})}","SYS-300","定义与绑定已登记；业务结果按闭环表核对，不能将源码登记或同名按钮可见计为逐实例通过"
"CTRL-0261","src/normalized-ui/BottleCustodyPanel.tsx","66","BottleCustodyPanel","input","品类启用","{""onChange"":""e=>setCategoryForm({...categoryForm,active:e.target.checked})""}","event=>{event.preventDefault();void perform(async()=>{await command(`${path}/categories`,categoryForm);await config();setMessage('品类已保存')})}","","","manage&&policy","所属表单：event=>{event.preventDefault();void perform(async()=>{await command(`${path}/categories`,categoryForm);await config();setMessage('品类已保存')})}","SYS-300","定义与绑定已登记；业务结果按闭环表核对，不能将源码登记或同名按钮可见计为逐实例通过"
"CTRL-0262","src/normalized-ui/BottleCustodyPanel.tsx","66","BottleCustodyPanel","button","保存品类","{}","event=>{event.preventDefault();void perform(async()=>{await command(`${path}/categories`,categoryForm);await config();setMessage('品类已保存')})}","","blocked","manage&&policy","所属表单：event=>{event.preventDefault();void perform(async()=>{await command(`${path}/categories`,categoryForm);await config();setMessage('品类已保存')})}","SYS-300","定义与绑定已登记；业务结果按闭环表核对，不能将源码登记或同名按钮可见计为逐实例通过"
"CTRL-0263","src/normalized-ui/BottleCustodyPanel.tsx","66","BottleCustodyPanel","button","清空新增","{""onClick"":""()=>setCategoryForm({code:'',name:'',defaultDays:20,active:true,sortOrder:0})""}","event=>{event.preventDefault();void perform(async()=>{await command(`${path}/categories`,categoryForm);await config();setMessage('品类已保存')})}","","blocked","manage&&policy","所属表单：event=>{event.preventDefault();void perform(async()=>{await command(`${path}/categories`,categoryForm);await config();setMessage('品类已保存')})}","SYS-300","定义与绑定已登记；业务结果按闭环表核对，不能将源码登记或同名按钮可见计为逐实例通过"
"CTRL-0264","src/normalized-ui/CashierAfterSalesWorkbench.tsx","482","CashierAfterSalesWorkbenchView","button","重试","{""onClick"":""onReload""}","","","","","已定义交互事件","SYS-299","定义与绑定已登记；业务结果按闭环表核对，不能将源码登记或同名按钮可见计为逐实例通过"
"CTRL-0265","src/normalized-ui/CashierAfterSalesWorkbench.tsx","504","CashierAfterSalesWorkbenchView","button","{busyKey === 'business-day-close-pending' ? <LoaderCircle className=""is-spinning"" size={17} /> : <Check size={17} />} 检查并结束","{""onClick"":""() => void onClosePendingBusinessDays()""}","","","busyKey !== null","auth.permissions.includes('business_day.close') && onClosePendingBusinessDays","已定义交互事件","SYS-299","定义与绑定已登记；业务结果按闭环表核对，不能将源码登记或同名按钮可见计为逐实例通过"
"CTRL-0266","src/normalized-ui/CashierAfterSalesWorkbench.tsx","512","CashierAfterSalesWorkbenchView","summary","`查看${blocker.tableCode}${blocker.label}${blocker.count}项明细`","{}","","","","","浏览器原生展开/收起","SYS-299","定义与绑定已登记；业务结果按闭环表核对，不能将源码登记或同名按钮可见计为逐实例通过"
"CTRL-0267","src/normalized-ui/CashierAfterSalesWorkbench.tsx","521","CashierAfterSalesWorkbenchView","article","access.allowed?`打开${fact.title}对应处理详情`:undefined","{""onClick"":""()=>{if(access.allowed) openBusinessDayFact(fact)}"",""onKeyDown"":""(event)=>{\n                    if(!access.allowed||event.currentTarget!==event.target||!['Enter',' '].includes(event.key)) return\n                    event.preventDefault();openBusinessDayFact(fact)\n                  }""}","","","","","已定义交互事件","SYS-299","定义与绑定已登记；业务结果按闭环表核对，不能将源码登记或同名按钮可见计为逐实例通过"
"CTRL-0268","src/normalized-ui/CashierAfterSalesWorkbench.tsx","541","CashierAfterSalesWorkbenchView","button","打开 {access.moduleLabel} 核对","{""onClick"":""(event) => {event.stopPropagation();openBusinessDayFact(fact)}""}","","","","access.allowed","已定义交互事件","SYS-299","定义与绑定已登记；业务结果按闭环表核对，不能将源码登记或同名按钮可见计为逐实例通过"
"CTRL-0269","src/normalized-ui/CashierAfterSalesWorkbench.tsx","550","CashierAfterSalesWorkbenchView","form","查找","{""onSubmit"":""submitSearch""}","","","","","已定义交互事件","SYS-299","定义与绑定已登记；业务结果按闭环表核对，不能将源码登记或同名按钮可见计为逐实例通过"
"CTRL-0270","src/normalized-ui/CashierAfterSalesWorkbench.tsx","552","CashierAfterSalesWorkbenchView","input","查找收银订单","{""onChange"":""(event) => setSearchDraft(event.target.value)""}","submitSearch","","","","所属表单：submitSearch","SYS-299","定义与绑定已登记；业务结果按闭环表核对，不能将源码登记或同名按钮可见计为逐实例通过"
"CTRL-0271","src/normalized-ui/CashierAfterSalesWorkbench.tsx","559","CashierAfterSalesWorkbenchView","button","查找","{}","submitSearch","","","","所属表单：submitSearch","SYS-299","定义与绑定已登记；业务结果按闭环表核对，不能将源码登记或同名按钮可见计为逐实例通过"
"CTRL-0272","src/normalized-ui/CashierAfterSalesWorkbench.tsx","563","CashierAfterSalesWorkbenchView","select","全部区域 {areaOptions.map((area) => <option key={area.id} value={area.id}>{area.name}</option>)}","{""onChange"":""(event) => onAreaId?.(event.target.value)""}","","","","","已定义交互事件","SYS-299","定义与绑定已登记；业务结果按闭环表核对，不能将源码登记或同名按钮可见计为逐实例通过"
"CTRL-0273","src/normalized-ui/CashierAfterSalesWorkbench.tsx","567","CashierAfterSalesWorkbenchView","select","全部状态 待支付 支付中 已完成 已退款","{""onChange"":""(event) => onPaymentState?.(event.target.value as typeof paymentState)""}","","","","","已定义交互事件","SYS-299","定义与绑定已登记；业务结果按闭环表核对，不能将源码登记或同名按钮可见计为逐实例通过"
"CTRL-0274","src/normalized-ui/CashierAfterSalesWorkbench.tsx","579","CashierAfterSalesWorkbenchView","button","{view.summary.requestedRefundCount} 待复核","{""onClick"":""() => setSummaryFilter((current) => current === 'requested' ? 'all' : 'requested')""}","","","","","已定义交互事件","SYS-299","定义与绑定已登记；业务结果按闭环表核对，不能将源码登记或同名按钮可见计为逐实例通过"
"CTRL-0275","src/normalized-ui/CashierAfterSalesWorkbench.tsx","585","CashierAfterSalesWorkbenchView","button","{view.summary.processingRefundCount} 待执行","{""onClick"":""() => setSummaryFilter((current) => current === 'processing' ? 'all' : 'processing')""}","","","","","已定义交互事件","SYS-299","定义与绑定已登记；业务结果按闭环表核对，不能将源码登记或同名按钮可见计为逐实例通过"
"CTRL-0276","src/normalized-ui/CashierAfterSalesWorkbench.tsx","600","CashierAfterSalesWorkbenchView","button","前往会员管理","{""onClick"":""()=>onNavigate('/staff/member-management')""}","","","","(view.summary.couponRefundReviewCount??0)>0 && auth.permissions.includes('loyalty.configuration.view')&&onNavigate","已定义交互事件","SYS-299","定义与绑定已登记；业务结果按闭环表核对，不能将源码登记或同名按钮可见计为逐实例通过"
"CTRL-0277","src/normalized-ui/CashierAfterSalesWorkbench.tsx","605","CashierAfterSalesWorkbenchView","button","显示全部","{""onClick"":""() => setSummaryFilter('all')""}","","","","summaryFilter !== 'all'","已定义交互事件","SYS-299","定义与绑定已登记；业务结果按闭环表核对，不能将源码登记或同名按钮可见计为逐实例通过"
"CTRL-0278","src/normalized-ui/CashierAfterSalesWorkbench.tsx","622","CashierAfterSalesWorkbenchView","button","{order.tableCode} {order.carryover ? `${order.businessDate ?? '前一营业日'}遗留 · ` : ''} {shortReference(order.publicId)} · {formatTime(order.submittedAt ?? order.createdAt)} ¥ {formatAmount(order.totalAmountMinor)} {order.totalAmountMinor === 0 && order.status !== 'cancelled' ? '无需收款' : paymentStatusLabel(order.paymentStatus)} {(order.receivableIncreaseMinor??0)>0&&<small>原单 ¥{formatAmount(order.originalAmountMinor??order.totalAmountMinor)} · 套餐按单点价补差 ¥{formatAmount(order.receivableIncreaseMinor!)}</small>} {(order.stoppedAmountMinor??0)>0&&<small>原单 ¥{formatAmount(order.originalAmountMinor??order.totalAmountMinor)} · 已停止减免 ¥{formatAmount(order.stoppedAmountMinor!)}</small>} {(order.couponRefundR","{""onClick"":""() => setExpandedOrderId(expanded ? null : order.id)""}","","","","","已定义交互事件","SYS-299","定义与绑定已登记；业务结果按闭环表核对，不能将源码登记或同名按钮可见计为逐实例通过"
"CTRL-0279","src/normalized-ui/CashierAfterSalesWorkbench.tsx","638","CashierAfterSalesWorkbenchView","button","顾客已离店，去翻台","{""onClick"":""() => onNavigate?.(`/staff/live?tableSessionId=${encodeURIComponent(order.tableSessionId ?? '')}`)""}","","","","expanded && order.carryover && (order.tableSessionStatus === 'open' || order.tableSessionStatus === 'closing') && auth.permissions.includes('table.close') && auth.permissions.includes('table.turnover_unsettled')","已定义交互事件","SYS-299","定义与绑定已登记；业务结果按闭环表核对，不能将源码登记或同名按钮可见计为逐实例通过"
"CTRL-0280","src/normalized-ui/CashierAfterSalesWorkbench.tsx","688","CashierAfterSalesWorkbenchView","button","处理未付款订单","{""onClick"":""() => setCancellationDraft({\n                          orderId: order.id,\n                          reasonCode: 'guest_left',\n                          reasonNote: '',\n                          confirmed: false,\n                        })""}","","","","expanded && order.paymentStatus === 'unpaid' && order.status !== 'cancelled' && auth.permissions.includes('order.cancel_unpaid') && cancellationDraft?.orderId !== order.id","已定义交互事件","SYS-299","定义与绑定已登记；业务结果按闭环表核对，不能将源码登记或同名按钮可见计为逐实例通过"
"CTRL-0281","src/normalized-ui/CashierAfterSalesWorkbench.tsx","695","CashierAfterSalesWorkbenchView","select","客人离店且未付款 重复订单 测试或跨日清理 其他","{""onChange"":""(event) => setCancellationDraft({\n                            ...cancellationDraft,\n                            reasonCode: event.target.value as CancellationDraft['reasonCode'],\n                            confirmed: false,\n                          })""}","","","","expanded && order.paymentStatus === 'unpaid' && order.status !== 'cancelled' && auth.permissions.includes('order.cancel_unpaid') && cancellationDraft?.orderId !== order.id","已定义交互事件","SYS-299","定义与绑定已登记；业务结果按闭环表核对，不能将源码登记或同名按钮可见计为逐实例通过"
"CTRL-0282","src/normalized-ui/CashierAfterSalesWorkbench.tsx","708","CashierAfterSalesWorkbenchView","textarea","","{""onChange"":""(event) => setCancellationDraft({\n                            ...cancellationDraft,\n                            reasonNote: event.target.value,\n                            confirmed: false,\n                          })""}","","","","expanded && order.paymentStatus === 'unpaid' && order.status !== 'cancelled' && auth.permissions.includes('order.cancel_unpaid') && cancellationDraft?.orderId !== order.id","已定义交互事件","SYS-299","定义与绑定已登记；业务结果按闭环表核对，不能将源码登记或同名按钮可见计为逐实例通过"
"CTRL-0283","src/normalized-ui/CashierAfterSalesWorkbench.tsx","720","CashierAfterSalesWorkbenchView","button","返回","{""onClick"":""() => setCancellationDraft(null)""}","","","","expanded && order.paymentStatus === 'unpaid' && order.status !== 'cancelled' && auth.permissions.includes('order.cancel_unpaid') && cancellationDraft?.orderId !== order.id","已定义交互事件","SYS-299","定义与绑定已登记；业务结果按闭环表核对，不能将源码登记或同名按钮可见计为逐实例通过"
"CTRL-0284","src/normalized-ui/CashierAfterSalesWorkbench.tsx","721","CashierAfterSalesWorkbenchView","button","{cancellationDraft.confirmed ? '再次确认取消订单' : '核对并继续'}","{""onClick"":""() => void submitCancellation(order)""}","","","busyKey === `order-cancel-unpaid-${order.id}` || cancellationDraft.reasonNote.trim().length < 4","expanded && order.paymentStatus === 'unpaid' && order.status !== 'cancelled' && auth.permissions.includes('order.cancel_unpaid') && cancellationDraft?.orderId !== order.id","已定义交互事件","SYS-299","定义与绑定已登记；业务结果按闭环表核对，不能将源码登记或同名按钮可见计为逐实例通过"
"CTRL-0285","src/normalized-ui/CashierAfterSalesWorkbench.tsx","736","CashierAfterSalesWorkbenchView","button","异常结清已送达金额","{""onClick"":""() => setSettlementExceptionDraft({\n                          orderId: order.id,\n                          reasonCode: 'manager_comp',\n                          reasonNote: '',\n                          confirmed: false,\n                        })""}","","","","expanded && order.paymentStatus === 'unpaid' && order.status === 'cancelled' && order.items.some((item) => item.status === 'delivered') && order.settlementException == null && auth.permissions.includes('order.settle_exception') && settlementExceptionDraft?.orderId !== order.id","已定义交互事件","SYS-299","定义与绑定已登记；业务结果按闭环表核对，不能将源码登记或同名按钮可见计为逐实例通过"
"CTRL-0286","src/normalized-ui/CashierAfterSalesWorkbench.tsx","743","CashierAfterSalesWorkbenchView","select","店长确认免单 确认无法收回 {auth.employee.roleCodes.includes('OWNER') && <option value=""test_cleanup"">测试数据清理（老板）</option>}","{""onChange"":""(event) => setSettlementExceptionDraft({\n                            ...settlementExceptionDraft,\n                            reasonCode: event.target.value as SettlementExceptionDraft['reasonCode'],\n                            confirmed: false,\n                          })""}","","","","expanded && order.paymentStatus === 'unpaid' && order.status === 'cancelled' && order.items.some((item) => item.status === 'delivered') && order.settlementException == null && auth.permissions.includes('order.settle_exception') && settlementExceptionDraft?.orderId !== order.id","已定义交互事件","SYS-299","定义与绑定已登记；业务结果按闭环表核对，不能将源码登记或同名按钮可见计为逐实例通过"
"CTRL-0287","src/normalized-ui/CashierAfterSalesWorkbench.tsx","755","CashierAfterSalesWorkbenchView","textarea","","{""onChange"":""(event) => setSettlementExceptionDraft({\n                            ...settlementExceptionDraft,\n                            reasonNote: event.target.value,\n                            confirmed: false,\n                          })""}","","","","expanded && order.paymentStatus === 'unpaid' && order.status === 'cancelled' && order.items.some((item) => item.status === 'delivered') && order.settlementException == null && auth.permissions.includes('order.settle_exception') && settlementExceptionDraft?.orderId !== order.id","已定义交互事件","SYS-299","定义与绑定已登记；业务结果按闭环表核对，不能将源码登记或同名按钮可见计为逐实例通过"
"CTRL-0288","src/normalized-ui/CashierAfterSalesWorkbench.tsx","767","CashierAfterSalesWorkbenchView","button","返回","{""onClick"":""() => setSettlementExceptionDraft(null)""}","","","","expanded && order.paymentStatus === 'unpaid' && order.status === 'cancelled' && order.items.some((item) => item.status === 'delivered') && order.settlementException == null && auth.permissions.includes('order.settle_exception') && settlementExceptionDraft?.orderId !== order.id","已定义交互事件","SYS-299","定义与绑定已登记；业务结果按闭环表核对，不能将源码登记或同名按钮可见计为逐实例通过"
"CTRL-0289","src/normalized-ui/CashierAfterSalesWorkbench.tsx","768","CashierAfterSalesWorkbenchView","button","{settlementExceptionDraft.confirmed ? '再次确认异常结清' : '核对并继续'}","{""onClick"":""() => void submitSettlementException(order)""}","","","busyKey === `order-settle-exception-${order.id}` || settlementExceptionDraft.reasonNote.trim().length < 4","expanded && order.paymentStatus === 'unpaid' && order.status === 'cancelled' && order.items.some((item) => item.status === 'delivered') && order.settlementException == null && auth.permissions.includes('order.settle_exception') && settlementExceptionDraft?.orderId !== order.id","已定义交互事件","SYS-299","定义与绑定已登记；业务结果按闭环表核对，不能将源码登记或同名按钮可见计为逐实例通过"
"CTRL-0290","src/normalized-ui/CashierAfterSalesWorkbench.tsx","801","CashierAfterSalesWorkbenchView","textarea","","{""onChange"":""(event) => setKdsCancellationDraft({\n                                ...kdsCancellationDraft,\n                                reasonNote: event.target.value,\n                                confirmed: false,\n                              })""}","","","","canCancel && view.actions.canManageKdsException && drafting","已定义交互事件","SYS-299","定义与绑定已登记；业务结果按闭环表核对，不能将源码登记或同名按钮可见计为逐实例通过"
"CTRL-0291","src/normalized-ui/CashierAfterSalesWorkbench.tsx","813","CashierAfterSalesWorkbenchView","button","返回","{""onClick"":""() => setKdsCancellationDraft(null)""}","","","","canCancel && view.actions.canManageKdsException && drafting","已定义交互事件","SYS-299","定义与绑定已登记；业务结果按闭环表核对，不能将源码登记或同名按钮可见计为逐实例通过"
"CTRL-0292","src/normalized-ui/CashierAfterSalesWorkbench.tsx","814","CashierAfterSalesWorkbenchView","button","{kdsCancellationDraft.confirmed ? '再次确认终止出品' : '核对并继续'}","{""onClick"":""() => void submitKdsCancellation(task)""}","","","busyKey === `refund-kds-cancel-${task.id}` || kdsCancellationDraft.reasonNote.trim().length < 4","canCancel && view.actions.canManageKdsException && drafting","已定义交互事件","SYS-299","定义与绑定已登记；业务结果按闭环表核对，不能将源码登记或同名按钮可见计为逐实例通过"
"CTRL-0293","src/normalized-ui/CashierAfterSalesWorkbench.tsx","820","CashierAfterSalesWorkbenchView","button","核对退款后处理出品","{""onClick"":""() => setKdsCancellationDraft({ taskId: task.id, reasonNote: '', confirmed: false })""}","","","busyKey !== null","canCancel && view.actions.canManageKdsException && drafting","已定义交互事件","SYS-299","定义与绑定已登记；业务结果按闭环表核对，不能将源码登记或同名按钮可见计为逐实例通过"
"CTRL-0294","src/normalized-ui/CashierAfterSalesWorkbench.tsx","889","ManualCollectionPanel","textarea","","{""onChange"":""(event) => { setRecollectionReason(event.target.value); setRecollectionConfirmed(false) }""}","","","","canAuthorize","已定义交互事件","SYS-299","定义与绑定已登记；业务结果按闭环表核对，不能将源码登记或同名按钮可见计为逐实例通过"
"CTRL-0295","src/normalized-ui/CashierAfterSalesWorkbench.tsx","893","ManualCollectionPanel","button","{busyKey === authorizationKey ? <LoaderCircle className=""is-spinning"" size={17} /> : null} {recollectionConfirmed ? '确认授权重新收款' : '核对并继续'}","{""onClick"":""() => void authorize()""}","","","busyKey !== null || recollectionReason.trim().length < 4","canAuthorize","已定义交互事件","SYS-299","定义与绑定已登记；业务结果按闭环表核对，不能将源码登记或同名按钮可见计为逐实例通过"
"CTRL-0296","src/normalized-ui/CashierAfterSalesWorkbench.tsx","958","ManualCollectionPanel","button","暂时收起","{""onClick"":""() => setOnlineAction(null)""}","","","","onlineAction !== null && onlineAction.status !== 'failed'","已定义交互事件","SYS-299","定义与绑定已登记；业务结果按闭环表核对，不能将源码登记或同名按钮可见计为逐实例通过"
"CTRL-0297","src/normalized-ui/CashierAfterSalesWorkbench.tsx","963","ManualCollectionPanel","button","出示付款二维码","{""onClick"":""() => void createPayment('native_qr')""}","","","busyKey !== null","provider === null && canCreateOnline","已定义交互事件","SYS-299","定义与绑定已登记；业务结果按闭环表核对，不能将源码登记或同名按钮可见计为逐实例通过"
"CTRL-0298","src/normalized-ui/CashierAfterSalesWorkbench.tsx","964","ManualCollectionPanel","button","扫顾客付款码","{""onClick"":""() => setShowScanner(true)""}","","","busyKey !== null","provider === null && canCreateOnline","已定义交互事件","SYS-299","定义与绑定已登记；业务结果按闭环表核对，不能将源码登记或同名按钮可见计为逐实例通过"
"CTRL-0299","src/normalized-ui/CashierAfterSalesWorkbench.tsx","965","ManualCollectionPanel","button","登记现金收款","{""onClick"":""() => setProvider('cash')""}","","","busyKey !== null","provider === null && actions.canRecordManualCash","已定义交互事件","SYS-299","定义与绑定已登记；业务结果按闭环表核对，不能将源码登记或同名按钮可见计为逐实例通过"
"CTRL-0300","src/normalized-ui/CashierAfterSalesWorkbench.tsx","966","ManualCollectionPanel","button","登记实体POS收款","{""onClick"":""() => setProvider('physical_pos')""}","","","busyKey !== null","provider === null && actions.canRecordManualPos","已定义交互事件","SYS-299","定义与绑定已登记；业务结果按闭环表核对，不能将源码登记或同名按钮可见计为逐实例通过"
"CTRL-0301","src/normalized-ui/CashierAfterSalesWorkbench.tsx","967","ManualCollectionPanel","button","登记其他线下收款","{""onClick"":""() => setProvider('external_manual')""}","","","busyKey !== null","provider === null && actions.canRecordManualExternal","已定义交互事件","SYS-299","定义与绑定已登记；业务结果按闭环表核对，不能将源码登记或同名按钮可见计为逐实例通过"
"CTRL-0302","src/normalized-ui/CashierAfterSalesWorkbench.tsx","971","ManualCollectionPanel","select","银行转账 其他扫码或数字钱包 储值卡或代金凭证 公司账户结算 其他经批准方式","{""onChange"":""(event) => { setExternalMethodCode(event.target.value as typeof externalMethodCode); setConfirmed(false) }""}","","","","provider === null && provider === 'external_manual'","已定义交互事件","SYS-299","定义与绑定已登记；业务结果按闭环表核对，不能将源码登记或同名按钮可见计为逐实例通过"
"CTRL-0303","src/normalized-ui/CashierAfterSalesWorkbench.tsx","972","ManualCollectionPanel","input","","{""onChange"":""(event) => { setReceiptReference(event.target.value); setConfirmed(false) }""}","","","","provider === null && provider === 'cash'","已定义交互事件","SYS-299","定义与绑定已登记；业务结果按闭环表核对，不能将源码登记或同名按钮可见计为逐实例通过"
"CTRL-0304","src/normalized-ui/CashierAfterSalesWorkbench.tsx","973","ManualCollectionPanel","input","","{""onChange"":""(event) => { setTerminalId(event.target.value); setConfirmed(false) }""}","","","","provider === null && provider === 'physical_pos'","已定义交互事件","SYS-299","定义与绑定已登记；业务结果按闭环表核对，不能将源码登记或同名按钮可见计为逐实例通过"
"CTRL-0305","src/normalized-ui/CashierAfterSalesWorkbench.tsx","974","ManualCollectionPanel","textarea","","{""onChange"":""(event) => { setCollectionNote(event.target.value); setConfirmed(false) }""}","","","","provider === null && provider === 'external_manual'","已定义交互事件","SYS-299","定义与绑定已登记；业务结果按闭环表核对，不能将源码登记或同名按钮可见计为逐实例通过"
"CTRL-0306","src/normalized-ui/CashierAfterSalesWorkbench.tsx","977","ManualCollectionPanel","button","返回","{""onClick"":""() => { setProvider(null); setConfirmed(false) }""}","","","busyKey !== null","provider === null","已定义交互事件","SYS-299","定义与绑定已登记；业务结果按闭环表核对，不能将源码登记或同名按钮可见计为逐实例通过"
"CTRL-0307","src/normalized-ui/CashierAfterSalesWorkbench.tsx","978","ManualCollectionPanel","button","{busyKey === mutationKey ? <LoaderCircle className=""is-spinning"" size={17} /> : null} {confirmed ? `确认已收到${manualCollectionAmountLabel(provider)}` : '核对并继续'}","{""onClick"":""() => void submit()""}","","","busyKey !== null || (provider !== 'cash' && receiptReference.trim().length < 3) || (provider === 'physical_pos' && terminalId.trim().length < 2) || (provider === 'external_manual' && collectionNote.trim().length < 2)","provider === null","已定义交互事件","SYS-299","定义与绑定已登记；业务结果按闭环表核对，不能将源码登记或同名按钮可见计为逐实例通过"
"CTRL-0308","src/normalized-ui/CashierAfterSalesWorkbench.tsx","1016","ActivityCashierPanel","ActivityCashierRegistrationCard","","{""onToggle"":""() => setExpandedId((current) => current === registration.id ? null : registration.id)""}","","","","","已定义交互事件","SYS-299","定义与绑定已登记；业务结果按闭环表核对，不能将源码登记或同名按钮可见计为逐实例通过"
"CTRL-0309","src/normalized-ui/CashierAfterSalesWorkbench.tsx","1093","ActivityCashierRegistrationCard","button","{registration.activityTitle} {shortReference(registration.publicId)} · {registration.partySize} 人 · {formatTime(registration.startsAt)} ¥ {formatAmount(isRefunded ? registration.paidAmountMinor : dueMinor)} {hasUnrefundedLateSuccess ? `旧款待退款 ${lateSuccessPayments.length} 笔` : paymentStatusLabel(registration.paymentStatus)}","{""onClick"":""onToggle""}","","","","","已定义交互事件","SYS-299","定义与绑定已登记；业务结果按闭环表核对，不能将源码登记或同名按钮可见计为逐实例通过"
"CTRL-0310","src/normalized-ui/CashierAfterSalesWorkbench.tsx","1109","ActivityCashierRegistrationCard","textarea","","{""onChange"":""(event) => setRefundReason(event.target.value)""}","","","","expanded && hasUnrefundedLateSuccess","已定义交互事件","SYS-299","定义与绑定已登记；业务结果按闭环表核对，不能将源码登记或同名按钮可见计为逐实例通过"
"CTRL-0311","src/normalized-ui/CashierAfterSalesWorkbench.tsx","1119","ActivityCashierRegistrationCard","button","{lateSuccessRefundActionLabel(lateSuccessPayment.refundStatus)}","{""onClick"":""() => void onMutation(\n                  `activity-late-success-refund-${registration.id}-${lateSuccessPayment.publicId}`,\n                  `/api/staff/community-activity-registrations/${encodeURIComponent(registration.publicId)}/refunds`,\n                  { paymentPublicId: lateSuccessPayment.publicId, reason: refundReason.trim() },\n                  '旧报名的延迟到账退款申请已提交，等待非申请人复核。',\n                )""}","","","busyKey !== null || refundReason.trim().length < 2","canRequestLateRefund","已定义交互事件","SYS-299","定义与绑定已登记；业务结果按闭环表核对，不能将源码登记或同名按钮可见计为逐实例通过"
"CTRL-0312","src/normalized-ui/CashierAfterSalesWorkbench.tsx","1134","ActivityCashierRegistrationCard","textarea","","{""onChange"":""(event) => setRecollectionReason(event.target.value)""}","","","","expanded && needsAuthorization && actions.canAuthorizeRecollection","已定义交互事件","SYS-299","定义与绑定已登记；业务结果按闭环表核对，不能将源码登记或同名按钮可见计为逐实例通过"
"CTRL-0313","src/normalized-ui/CashierAfterSalesWorkbench.tsx","1135","ActivityCashierRegistrationCard","button","授权重新收款","{""onClick"":""() => void onMutation(\n              `activity-recollection-authorize-${registration.id}`,\n              `/api/activity-registrations/${encodeURIComponent(registration.publicId)}/recollection-authorizations`,\n              { reason: recollectionReason.trim() },\n              '已授权一次活动重新收款；实际收款前仍会重新占用名额和库存。',\n            )""}","","","busyKey !== null || recollectionReason.trim().length < 4","expanded && needsAuthorization && actions.canAuthorizeRecollection","已定义交互事件","SYS-299","定义与绑定已登记；业务结果按闭环表核对，不能将源码登记或同名按钮可见计为逐实例通过"
"CTRL-0314","src/normalized-ui/CashierAfterSalesWorkbench.tsx","1147","ActivityCashierRegistrationCard","button","登记现金","{""onClick"":""() => setProvider('cash')""}","","","busyKey !== null","expanded && canCollect && provider === null && actions.canRecordManualCash","已定义交互事件","SYS-299","定义与绑定已登记；业务结果按闭环表核对，不能将源码登记或同名按钮可见计为逐实例通过"
"CTRL-0315","src/normalized-ui/CashierAfterSalesWorkbench.tsx","1148","ActivityCashierRegistrationCard","button","登记实体POS","{""onClick"":""() => setProvider('physical_pos')""}","","","busyKey !== null","expanded && canCollect && provider === null && actions.canRecordManualPos","已定义交互事件","SYS-299","定义与绑定已登记；业务结果按闭环表核对，不能将源码登记或同名按钮可见计为逐实例通过"
"CTRL-0316","src/normalized-ui/CashierAfterSalesWorkbench.tsx","1149","ActivityCashierRegistrationCard","button","登记其他方式","{""onClick"":""() => setProvider('external_manual')""}","","","busyKey !== null","expanded && canCollect && provider === null && actions.canRecordManualExternal","已定义交互事件","SYS-299","定义与绑定已登记；业务结果按闭环表核对，不能将源码登记或同名按钮可见计为逐实例通过"
"CTRL-0317","src/normalized-ui/CashierAfterSalesWorkbench.tsx","1151","ActivityCashierRegistrationCard","select","银行转账 其他扫码或数字钱包 储值卡或代金凭证 公司账户结算 其他经批准方式","{""onChange"":""(event) => { setExternalMethodCode(event.target.value as typeof externalMethodCode); setCollectionConfirmed(false) }""}","","","","expanded && canCollect && provider === null && provider === 'external_manual'","已定义交互事件","SYS-299","定义与绑定已登记；业务结果按闭环表核对，不能将源码登记或同名按钮可见计为逐实例通过"
"CTRL-0318","src/normalized-ui/CashierAfterSalesWorkbench.tsx","1152","ActivityCashierRegistrationCard","input","","{""onChange"":""(event) => { setReceiptReference(event.target.value); setCollectionConfirmed(false) }""}","","","","expanded && canCollect && provider === null && provider === 'cash'","已定义交互事件","SYS-299","定义与绑定已登记；业务结果按闭环表核对，不能将源码登记或同名按钮可见计为逐实例通过"
"CTRL-0319","src/normalized-ui/CashierAfterSalesWorkbench.tsx","1153","ActivityCashierRegistrationCard","input","","{""onChange"":""(event) => { setTerminalId(event.target.value); setCollectionConfirmed(false) }""}","","","","expanded && canCollect && provider === null && provider === 'physical_pos'","已定义交互事件","SYS-299","定义与绑定已登记；业务结果按闭环表核对，不能将源码登记或同名按钮可见计为逐实例通过"
"CTRL-0320","src/normalized-ui/CashierAfterSalesWorkbench.tsx","1154","ActivityCashierRegistrationCard","textarea","","{""onChange"":""(event) => { setCollectionNote(event.target.value); setCollectionConfirmed(false) }""}","","","","expanded && canCollect && provider === null && provider === 'external_manual'","已定义交互事件","SYS-299","定义与绑定已登记；业务结果按闭环表核对，不能将源码登记或同名按钮可见计为逐实例通过"
"CTRL-0321","src/normalized-ui/CashierAfterSalesWorkbench.tsx","1156","ActivityCashierRegistrationCard","button","返回","{""onClick"":""() => { setProvider(null); setCollectionConfirmed(false) }""}","","","busyKey !== null","expanded && canCollect && provider === null","已定义交互事件","SYS-299","定义与绑定已登记；业务结果按闭环表核对，不能将源码登记或同名按钮可见计为逐实例通过"
"CTRL-0322","src/normalized-ui/CashierAfterSalesWorkbench.tsx","1156","ActivityCashierRegistrationCard","button","{collectionConfirmed ? '确认已实际收款' : '核对并继续'}","{""onClick"":""() => { if (!collectionConfirmed) setCollectionConfirmed(true); else void submitCollection() }""}","","","busyKey !== null || (provider !== 'cash' && receiptReference.trim().length < 3) || (provider === 'physical_pos' && terminalId.trim().length < 2) || (provider === 'external_manual' && collectionNote.trim().length < 2)","expanded && canCollect && provider === null","已定义交互事件","SYS-299","定义与绑定已登记；业务结果按闭环表核对，不能将源码登记或同名按钮可见计为逐实例通过"
"CTRL-0323","src/normalized-ui/CashierAfterSalesWorkbench.tsx","1162","ActivityCashierRegistrationCard","textarea","","{""onChange"":""(event) => setRefundReason(event.target.value)""}","","","","expanded && canRequestRefund","已定义交互事件","SYS-299","定义与绑定已登记；业务结果按闭环表核对，不能将源码登记或同名按钮可见计为逐实例通过"
"CTRL-0324","src/normalized-ui/CashierAfterSalesWorkbench.tsx","1163","ActivityCashierRegistrationCard","button","发起全额退款","{""onClick"":""() => void onMutation(\n            `activity-refund-request-${registration.id}`,\n            `/api/staff/community-activity-registrations/${encodeURIComponent(registration.publicId)}/refunds`,\n            { reason: refundReason.trim() },\n            '活动退款申请已提交，等待非申请人复核。',\n          )""}","","","busyKey !== null || refundReason.trim().length < 2","expanded && canRequestRefund","已定义交互事件","SYS-299","定义与绑定已登记；业务结果按闭环表核对，不能将源码登记或同名按钮可见计为逐实例通过"
"CTRL-0325","src/normalized-ui/CashierAfterSalesWorkbench.tsx","1285","PaymentBlock","button","选择原商品发起退款","{""onClick"":""() => onOpenRefund(payment)""}","","","","actions.canRequestRefund && payment.remainingRefundableMinor > 0 && !drafting","已定义交互事件","SYS-299","定义与绑定已登记；业务结果按闭环表核对，不能将源码登记或同名按钮可见计为逐实例通过"
"CTRL-0326","src/normalized-ui/CashierAfterSalesWorkbench.tsx","1294","PaymentBlock","button","{busyKey === `payment-provider-query-${payment.id}` ? <LoaderCircle className=""is-spinning"" size={17} /> : null} 查询渠道结果","{""onClick"":""() => void onMutation(\n          `payment-provider-query-${payment.id}`,\n          `/api/payments/${encodeURIComponent(payment.id)}/provider-query`,\n          {},\n          '已完成渠道查单，结果已按渠道回传更新。',\n        )""}","","","busyKey !== null","actions.canViewReconciliation && payment.provider === 'postar' && (payment.status === 'created' || payment.status === 'pending') && payment.providerActionState !== null && payment.providerActionState !== 'failed'","已定义交互事件","SYS-299","定义与绑定已登记；业务结果按闭环表核对，不能将源码登记或同名按钮可见计为逐实例通过"
"CTRL-0327","src/normalized-ui/CashierAfterSalesWorkbench.tsx","1311","PaymentBlock","button","{busyKey === `refund-provider-query-${refund.id}` ? <LoaderCircle className=""is-spinning"" size={17} /> : null} 查询退款渠道结果","{""onClick"":""() => void onMutation(\n            `refund-provider-query-${refund.id}`,\n            `/api/refunds/${encodeURIComponent(refund.id)}/provider-query`,\n            {},\n            '已完成退款渠道查询，结果已按渠道回传更新。',\n          )""}","","","busyKey !== null","","已定义交互事件","SYS-299","定义与绑定已登记；业务结果按闭环表核对，不能将源码登记或同名按钮可见计为逐实例通过"
"CTRL-0328","src/normalized-ui/CashierAfterSalesWorkbench.tsx","1326","PaymentBlock","select","退货或取消商品 退差价 服务补偿，商品继续供应 重复收款退回","{""onChange"":""event=>onRefundPurpose(event.target.value as RefundDraft['purpose'])""}","","","","drafting","已定义交互事件","SYS-299","定义与绑定已登记；业务结果按闭环表核对，不能将源码登记或同名按钮可见计为逐实例通过"
"CTRL-0329","src/normalized-ui/CashierAfterSalesWorkbench.tsx","1335","PaymentBlock","input","{selected && <input type=""text"" inputMode=""decimal"" aria-label={`${item.productName}退款金额`} value={refundDraft.amounts[item.id] ?? ''} onChange={(event) => onRefundAmount(item.id, event.target.value)} />}","{""onChange"":""() => onToggleRefundItem(item.id, item.remainingRefundableMinor)""}","","","item.remainingRefundableMinor <= 0||item.fundsOnly&&!['price_adjustment','duplicate_payment'].includes(refundDraft.purpose)","","已定义交互事件","SYS-299","定义与绑定已登记；业务结果按闭环表核对，不能将源码登记或同名按钮可见计为逐实例通过"
"CTRL-0330","src/normalized-ui/CashierAfterSalesWorkbench.tsx","1342","PaymentBlock","input","`${item.productName}退款金额`","{""onChange"":""(event) => onRefundAmount(item.id, event.target.value)""}","","","","selected","已定义交互事件","SYS-299","定义与绑定已登记；业务结果按闭环表核对，不能将源码登记或同名按钮可见计为逐实例通过"
"CTRL-0331","src/normalized-ui/CashierAfterSalesWorkbench.tsx","1351","PaymentBlock","textarea","","{""onChange"":""(event) => onRefundReason(event.target.value)""}","","","","drafting","已定义交互事件","SYS-299","定义与绑定已登记；业务结果按闭环表核对，不能将源码登记或同名按钮可见计为逐实例通过"
"CTRL-0332","src/normalized-ui/CashierAfterSalesWorkbench.tsx","1360","PaymentBlock","button","取消","{""onClick"":""onCancelRefund""}","","","","drafting","已定义交互事件","SYS-299","定义与绑定已登记；业务结果按闭环表核对，不能将源码登记或同名按钮可见计为逐实例通过"
"CTRL-0333","src/normalized-ui/CashierAfterSalesWorkbench.tsx","1361","PaymentBlock","button","{busyKey === `refund-request-${payment.id}` ? <LoaderCircle className=""is-spinning"" size={17} /> : <Send size={17} />} 提交退款","{""onClick"":""() => void onSubmitRefund(payment)""}","","","!validRefund || busyKey !== null","drafting","已定义交互事件","SYS-299","定义与绑定已登记；业务结果按闭环表核对，不能将源码登记或同名按钮可见计为逐实例通过"
"CTRL-0334","src/normalized-ui/CashierAfterSalesWorkbench.tsx","1420","RefundBlock","button","处理原售后单","{""onClick"":""()=>setCaseOpen(true)""}","","","!refund.afterSalesCase.orderItemId","refund.afterSalesCase","已定义交互事件","SYS-299","定义与绑定已登记；业务结果按闭环表核对，不能将源码登记或同名按钮可见计为逐实例通过"
"CTRL-0335","src/normalized-ui/CashierAfterSalesWorkbench.tsx","1437","RefundBlock","input","","{""onChange"":""(event) => onDecisionReason(refund.id, event.target.value)""}","","","","canDecide","已定义交互事件","SYS-299","定义与绑定已登记；业务结果按闭环表核对，不能将源码登记或同名按钮可见计为逐实例通过"
"CTRL-0336","src/normalized-ui/CashierAfterSalesWorkbench.tsx","1439","RefundBlock","button","复核驳回","{""onClick"":""() => void onMutation(\n            `refund-reject-${refund.id}`,\n            `/api/refunds/${encodeURIComponent(refund.id)}/reject`,\n            { reason: decisionReason },\n            '退款申请已驳回，可由申请人更正后重新提交。',\n          )""}","","","decisionReason.trim().length < 2 || busyKey !== null","canDecide","已定义交互事件","SYS-299","定义与绑定已登记；业务结果按闭环表核对，不能将源码登记或同名按钮可见计为逐实例通过"
"CTRL-0337","src/normalized-ui/CashierAfterSalesWorkbench.tsx","1450","RefundBlock","button","复核通过","{""onClick"":""() => void onMutation(\n            `refund-approve-${refund.id}`,\n            `/api/refunds/${encodeURIComponent(refund.id)}/approve`,\n            { reason: decisionReason },\n            manualProvider ? '退款已复核通过，请在线下实际退还后登记独立凭证；系统不会自动转账。' : '退款已复核通过，系统会自动向原支付渠道提交并核对结果，无需再次点击执行。',\n          )""}","","","decisionReason.trim().length < 2 || busyKey !== null","canDecide","已定义交互事件","SYS-299","定义与绑定已登记；业务结果按闭环表核对，不能将源码登记或同名按钮可见计为逐实例通过"
"CTRL-0338","src/normalized-ui/CashierAfterSalesWorkbench.tsx","1464","RefundBlock","button","{busyKey === `refund-execute-${refund.id}` ? <LoaderCircle className=""is-spinning"" size={17} /> : <ReceiptText size={17} />} {manualProvider ? '开始人工退款' : '立即提交原路退款'}","{""onClick"":""() => void onMutation(\n        `refund-execute-${refund.id}`,\n        `/api/refunds/${encodeURIComponent(refund.id)}/execute`,\n        {},\n        manualProvider\n          ? '已进入人工退款处理，请完成退款后登记独立凭证。'\n          : '退款已进入待渠道处理，尚未证明渠道受理或退款成功。',\n      )""}","","","busyKey !== null","canBegin","已定义交互事件","SYS-299","定义与绑定已登记；业务结果按闭环表核对，不能将源码登记或同名按钮可见计为逐实例通过"
"CTRL-0339","src/normalized-ui/CashierAfterSalesWorkbench.tsx","1481","RefundBlock","button","{busyKey === `refund-provider-query-${refund.id}` ? <LoaderCircle className=""is-spinning"" size={17} /> : <RefreshCcw size={17} />} 查询渠道结果","{""onClick"":""() => void onMutation(\n            `refund-provider-query-${refund.id}`,\n            `/api/refunds/${encodeURIComponent(refund.id)}/provider-query`,\n            {},\n            '已查询渠道退款结果。',\n          )""}","","","busyKey !== null","refund.status === 'processing' && !manualProvider && payment.provider === 'postar' && refund.providerSubmissionState !== 'not_started' && actions.canExecuteRefund","已定义交互事件","SYS-299","定义与绑定已登记；业务结果按闭环表核对，不能将源码登记或同名按钮可见计为逐实例通过"
"CTRL-0340","src/normalized-ui/CashierAfterSalesWorkbench.tsx","1500","RefundBlock","input","","{""onChange"":""(event) => {setManualConfirmation(null);onManualReceipt(refund.id, event.target.value)}""}","","","","canRecordManual && payment.provider === 'cash'","已定义交互事件","SYS-299","定义与绑定已登记；业务结果按闭环表核对，不能将源码登记或同名按钮可见计为逐实例通过"
"CTRL-0341","src/normalized-ui/CashierAfterSalesWorkbench.tsx","1502","RefundBlock","button","登记失败","{""onClick"":""() => setManualConfirmation('failed')""}","","","(payment.provider !== 'cash' && manualReceipt.trim().length === 0) || busyKey !== null","canRecordManual","已定义交互事件","SYS-299","定义与绑定已登记；业务结果按闭环表核对，不能将源码登记或同名按钮可见计为逐实例通过"
"CTRL-0342","src/normalized-ui/CashierAfterSalesWorkbench.tsx","1508","RefundBlock","button","登记已退","{""onClick"":""() => setManualConfirmation('succeeded')""}","","","(payment.provider !== 'cash' && manualReceipt.trim().length === 0) || busyKey !== null","canRecordManual","已定义交互事件","SYS-299","定义与绑定已登记；业务结果按闭环表核对，不能将源码登记或同名按钮可见计为逐实例通过"
"CTRL-0343","src/normalized-ui/CashierAfterSalesWorkbench.tsx","1521","RefundBlock","button","返回核对","{""onClick"":""() => setManualConfirmation(null)""}","","","","canRecordManual && manualConfirmation !== null","已定义交互事件","SYS-299","定义与绑定已登记；业务结果按闭环表核对，不能将源码登记或同名按钮可见计为逐实例通过"
"CTRL-0344","src/normalized-ui/CashierAfterSalesWorkbench.tsx","1522","RefundBlock","button","{manualConfirmation === 'succeeded' ? '确认已实际退款' : '确认退款失败'}","{""onClick"":""() => {\n              const succeeded = manualConfirmation === 'succeeded'\n              setManualConfirmation(null)\n              void onMutation(\n                `refund-manual-${succeeded ? 'success' : 'failed'}-${refund.id}`,\n                `/api/refunds/${encodeURIComponent(refund.id)}/manual-result`,\n                { succeeded, ...(payment.provider === 'cash' ? {} : { receiptReference: manualReceipt }) },\n                succeeded ? '人工退款凭证已登记并写入退款账。' : '已登记人工退款失败，金额未记入退款账。',\n              )\n            }""}","","","busyKey !== null","canRecordManual && manualConfirmation !== null","已定义交互事件","SYS-299","定义与绑定已登记；业务结果按闭环表核对，不能将源码登记或同名按钮可见计为逐实例通过"
"CTRL-0345","src/normalized-ui/CashierDaySummary.tsx","19","CashierDaySummary","summary","销售与统计口径","{}","","","","","浏览器原生展开/收起","","定义与绑定已登记；业务结果按闭环表核对，不能将源码登记或同名按钮可见计为逐实例通过"
"CTRL-0346","src/normalized-ui/CatalogManagementPanel.tsx","870","CatalogManagementPanel","button","{isInventoryFlow ? '酒水上架流程' : '商品、售价与推荐'} {isInventoryFlow ? '第 4–5 步：商品、售价、配方与可售校验' : '上架、搜索、人数范围、优先级、成本和组合'} {products.length > 0 ? `${products.length}项` : '经营配置'}","{""onClick"":""() => setExpanded((value) => !value)""}","","","","","已定义交互事件","SYS-290、SYS-300、SYS-302","定义与绑定已登记；业务结果按闭环表核对，不能将源码登记或同名按钮可见计为逐实例通过"
"CTRL-0347","src/normalized-ui/CatalogManagementPanel.tsx","877","CatalogManagementPanel","button","重新读取商品","{""onClick"":""() => void load()""}","","","","expanded && phase === 'error'","已定义交互事件","SYS-290、SYS-300、SYS-302","定义与绑定已登记；业务结果按闭环表核对，不能将源码登记或同名按钮可见计为逐实例通过"
"CTRL-0348","src/normalized-ui/CatalogManagementPanel.tsx","881","CatalogManagementPanel","button","新增分类","{""onClick"":""startCreateCategory""}","","","","expanded && phase === 'ready'","已定义交互事件","SYS-290、SYS-300、SYS-302","定义与绑定已登记；业务结果按闭环表核对，不能将源码登记或同名按钮可见计为逐实例通过"
"CTRL-0349","src/normalized-ui/CatalogManagementPanel.tsx","882","CatalogManagementPanel","form","{categoryDraft.id === null ? '新增菜单分类' : `编辑 ${categoryDraft.displayName}`} 分类编号 顾客显示名称 上级分类 作为一级分类 {menuCategories.filter((item) => item.parentCode === null && item.code !== categoryDraft.code).map((item) => <option key={item.code} value={item.code}>{item.displayName}</option>)} 菜单排序 顾客菜单可见 取消 {categoryBusy ? '保存中' : '保存分类'}","{""onSubmit"":""(event) => void saveMenuCategory(event)""}","","","","expanded && phase === 'ready' && categoryDraft !== null","已定义交互事件","SYS-290、SYS-300、SYS-302","定义与绑定已登记；业务结果按闭环表核对，不能将源码登记或同名按钮可见计为逐实例通过"
"CTRL-0350","src/normalized-ui/CatalogManagementPanel.tsx","884","CatalogManagementPanel","input","分类编号","{""onChange"":""(event) => setCategoryDraft((current) => current === null ? null : { ...current, code: event.target.value })""}","(event) => void saveMenuCategory(event)","","categoryDraft.id !== null","expanded && phase === 'ready' && categoryDraft !== null","所属表单：(event) => void saveMenuCategory(event)","SYS-290、SYS-300、SYS-302","定义与绑定已登记；业务结果按闭环表核对，不能将源码登记或同名按钮可见计为逐实例通过"
"CTRL-0351","src/normalized-ui/CatalogManagementPanel.tsx","885","CatalogManagementPanel","input","顾客显示名称","{""onChange"":""(event) => setCategoryDraft((current) => current === null ? null : { ...current, displayName: event.target.value })""}","(event) => void saveMenuCategory(event)","","","expanded && phase === 'ready' && categoryDraft !== null","所属表单：(event) => void saveMenuCategory(event)","SYS-290、SYS-300、SYS-302","定义与绑定已登记；业务结果按闭环表核对，不能将源码登记或同名按钮可见计为逐实例通过"
"CTRL-0352","src/normalized-ui/CatalogManagementPanel.tsx","886","CatalogManagementPanel","select","作为一级分类 {menuCategories.filter((item) => item.parentCode === null && item.code !== categoryDraft.code).map((item) => <option key={item.code} value={item.code}>{item.displayName}</option>)}","{""onChange"":""(event) => setCategoryDraft((current) => current === null ? null : { ...current, parentCode: event.target.value })""}","(event) => void saveMenuCategory(event)","","","expanded && phase === 'ready' && categoryDraft !== null","所属表单：(event) => void saveMenuCategory(event)","SYS-290、SYS-300、SYS-302","定义与绑定已登记；业务结果按闭环表核对，不能将源码登记或同名按钮可见计为逐实例通过"
"CTRL-0353","src/normalized-ui/CatalogManagementPanel.tsx","887","CatalogManagementPanel","NumberInputWithUnit","菜单排序","{""onChange"":""(event) => setCategoryDraft((current) => current === null ? null : { ...current, sortOrder: event.target.value })""}","(event) => void saveMenuCategory(event)","","","expanded && phase === 'ready' && categoryDraft !== null","所属表单：(event) => void saveMenuCategory(event)","SYS-290、SYS-300、SYS-302","定义与绑定已登记；业务结果按闭环表核对，不能将源码登记或同名按钮可见计为逐实例通过"
"CTRL-0354","src/normalized-ui/CatalogManagementPanel.tsx","888","CatalogManagementPanel","input","顾客菜单可见","{""onChange"":""(event) => setCategoryDraft((current) => current === null ? null : { ...current, guestVisible: event.target.checked })""}","(event) => void saveMenuCategory(event)","","","expanded && phase === 'ready' && categoryDraft !== null","所属表单：(event) => void saveMenuCategory(event)","SYS-290、SYS-300、SYS-302","定义与绑定已登记；业务结果按闭环表核对，不能将源码登记或同名按钮可见计为逐实例通过"
"CTRL-0355","src/normalized-ui/CatalogManagementPanel.tsx","889","CatalogManagementPanel","button","取消","{""onClick"":""() => setCategoryDraft(null)""}","(event) => void saveMenuCategory(event)","","","expanded && phase === 'ready' && categoryDraft !== null","所属表单：(event) => void saveMenuCategory(event)","SYS-290、SYS-300、SYS-302","定义与绑定已登记；业务结果按闭环表核对，不能将源码登记或同名按钮可见计为逐实例通过"
"CTRL-0356","src/normalized-ui/CatalogManagementPanel.tsx","889","CatalogManagementPanel","button","{categoryBusy ? '保存中' : '保存分类'}","{}","(event) => void saveMenuCategory(event)","","categoryBusy","expanded && phase === 'ready' && categoryDraft !== null","所属表单：(event) => void saveMenuCategory(event)","SYS-290、SYS-300、SYS-302","定义与绑定已登记；业务结果按闭环表核对，不能将源码登记或同名按钮可见计为逐实例通过"
"CTRL-0357","src/normalized-ui/CatalogManagementPanel.tsx","893","CatalogManagementPanel","button","编辑","{""onClick"":""() => startEditCategory(category)""}","","","","","已定义交互事件","SYS-290、SYS-300、SYS-302","定义与绑定已登记；业务结果按闭环表核对，不能将源码登记或同名按钮可见计为逐实例通过"
"CTRL-0358","src/normalized-ui/CatalogManagementPanel.tsx","895","CatalogManagementPanel","input","搜索配置商品","{""onChange"":""(event) => setQuery(event.target.value)""}","","","","expanded && phase === 'ready'","已定义交互事件","SYS-290、SYS-300、SYS-302","定义与绑定已登记；业务结果按闭环表核对，不能将源码登记或同名按钮可见计为逐实例通过"
"CTRL-0359","src/normalized-ui/CatalogManagementPanel.tsx","895","CatalogManagementPanel","button","新增商品","{""onClick"":""startCreate""}","","","","expanded && phase === 'ready'","已定义交互事件","SYS-290、SYS-300、SYS-302","定义与绑定已登记；业务结果按闭环表核对，不能将源码登记或同名按钮可见计为逐实例通过"
"CTRL-0360","src/normalized-ui/CatalogManagementPanel.tsx","895","CatalogManagementPanel","button","刷新可售状态","{""onClick"":""() => void load()""}","","","","expanded && phase === 'ready'","已定义交互事件","SYS-290、SYS-300、SYS-302","定义与绑定已登记；业务结果按闭环表核对，不能将源码登记或同名按钮可见计为逐实例通过"
"CTRL-0361","src/normalized-ui/CatalogManagementPanel.tsx","896","CatalogManagementPanel","form","{draft.id === null ? '新增商品' : `编辑 ${draft.name}`} {draft.id !== null && draft.productKind === 'bundle' && draft.status !== 'inactive' && <button type=""button"" onClick={() => { updateDraft('status', 'inactive'); setNotice(null) }}>标记停用（尚未保存）</button>} 取消 商品编号 商品名称 顾客菜单分类 {!menuCategoryOptions.some((option) => option.code === draft.categoryCode) && <option value={draft.categoryCode}>当前分类（其他分类）</option>} {menuCategoryOptions.map((option) => <option key={option.code} value={option.code}>{option.label}</option>)} 分类名称、层级、顺序和顾客可见性在上方统一配置。 商品类型 单品 组合商品 销售规格 {salesSpecificationOptions.map((option) => <option key={option.code} value={option.code}>{option.label}</option>)} 规格只描述销售形态；真实库存始终由下方配方引用，不重复建","{""onSubmit"":""(event) => void save(event)""}","","","","expanded && phase === 'ready' && draft !== null","已定义交互事件","SYS-290、SYS-300、SYS-302","定义与绑定已登记；业务结果按闭环表核对，不能将源码登记或同名按钮可见计为逐实例通过"
"CTRL-0362","src/normalized-ui/CatalogManagementPanel.tsx","897","CatalogManagementPanel","button","标记停用（尚未保存）","{""onClick"":""() => { updateDraft('status', 'inactive'); setNotice(null) }""}","(event) => void save(event)","","","expanded && phase === 'ready' && draft !== null && draft.id !== null && draft.productKind === 'bundle' && draft.status !== 'inactive'","所属表单：(event) => void save(event)","SYS-290、SYS-300、SYS-302","定义与绑定已登记；业务结果按闭环表核对，不能将源码登记或同名按钮可见计为逐实例通过"
"CTRL-0363","src/normalized-ui/CatalogManagementPanel.tsx","897","CatalogManagementPanel","button","取消","{""onClick"":""closeDraft""}","(event) => void save(event)","","","expanded && phase === 'ready' && draft !== null","所属表单：(event) => void save(event)","SYS-290、SYS-300、SYS-302","定义与绑定已登记；业务结果按闭环表核对，不能将源码登记或同名按钮可见计为逐实例通过"
"CTRL-0364","src/normalized-ui/CatalogManagementPanel.tsx","899","CatalogManagementPanel","input","商品编号","{""onChange"":""(event) => updateDraft('code', event.target.value)""}","(event) => void save(event)","","draft.id !== null","expanded && phase === 'ready' && draft !== null","所属表单：(event) => void save(event)","SYS-290、SYS-300、SYS-302","定义与绑定已登记；业务结果按闭环表核对，不能将源码登记或同名按钮可见计为逐实例通过"
"CTRL-0365","src/normalized-ui/CatalogManagementPanel.tsx","900","CatalogManagementPanel","input","商品名称","{""onChange"":""(event) => updateDraft('name', event.target.value)""}","(event) => void save(event)","","","expanded && phase === 'ready' && draft !== null","所属表单：(event) => void save(event)","SYS-290、SYS-300、SYS-302","定义与绑定已登记；业务结果按闭环表核对，不能将源码登记或同名按钮可见计为逐实例通过"
"CTRL-0366","src/normalized-ui/CatalogManagementPanel.tsx","901","CatalogManagementPanel","select","{!menuCategoryOptions.some((option) => option.code === draft.categoryCode) && <option value={draft.categoryCode}>当前分类（其他分类）</option>} {menuCategoryOptions.map((option) => <option key={option.code} value={option.code}>{option.label}</option>)}","{""onChange"":""(event) => updateCategory(event.target.value)""}","(event) => void save(event)","","","expanded && phase === 'ready' && draft !== null","所属表单：(event) => void save(event)","SYS-290、SYS-300、SYS-302","定义与绑定已登记；业务结果按闭环表核对，不能将源码登记或同名按钮可见计为逐实例通过"
"CTRL-0367","src/normalized-ui/CatalogManagementPanel.tsx","902","CatalogManagementPanel","select","单品 组合商品","{""onChange"":""(event) => updateDraft('productKind', event.target.value as ProductKind)""}","(event) => void save(event)","","","expanded && phase === 'ready' && draft !== null","所属表单：(event) => void save(event)","SYS-290、SYS-300、SYS-302","定义与绑定已登记；业务结果按闭环表核对，不能将源码登记或同名按钮可见计为逐实例通过"
"CTRL-0368","src/normalized-ui/CatalogManagementPanel.tsx","903","CatalogManagementPanel","select","{salesSpecificationOptions.map((option) => <option key={option.code} value={option.code}>{option.label}</option>)}","{""onChange"":""(event) => updateDraft('salesSpecificationType', event.target.value as SalesSpecificationType)""}","(event) => void save(event)","","draft.productKind === 'bundle'","expanded && phase === 'ready' && draft !== null","所属表单：(event) => void save(event)","SYS-290、SYS-300、SYS-302","定义与绑定已登记；业务结果按闭环表核对，不能将源码登记或同名按钮可见计为逐实例通过"
"CTRL-0369","src/normalized-ui/CatalogManagementPanel.tsx","904","CatalogManagementPanel","button","新建 {draft.salesSpecificationType === 'whole_bottle' ? '单杯' : '整瓶'} 版本","{""onClick"":""() => startSalesCompanion(draft.salesSpecificationType === 'whole_bottle' ? 'glass' : 'whole_bottle')""}","(event) => void save(event)","","","expanded && phase === 'ready' && draft !== null && draft.id !== null && draft.productKind === 'single' && draft.inventoryControlMode === 'tracked' && (draft.salesSpecificationType === 'whole_bottle' || draft.salesSpecificationType === 'glass')","所属表单：(event) => void save(event)","SYS-290、SYS-300、SYS-302","定义与绑定已登记；业务结果按闭环表核对，不能将源码登记或同名按钮可见计为逐实例通过"
"CTRL-0370","src/normalized-ui/CatalogManagementPanel.tsx","905","CatalogManagementPanel","select","吧台 后厨 收银 无需出品","{""onChange"":""(event) => updateDraft('fulfillmentStation', event.target.value as FulfillmentStation)""}","(event) => void save(event)","","draft.productKind === 'bundle'","expanded && phase === 'ready' && draft !== null","所属表单：(event) => void save(event)","SYS-290、SYS-300、SYS-302","定义与绑定已登记；业务结果按闭环表核对，不能将源码登记或同名按钮可见计为逐实例通过"
"CTRL-0371","src/normalized-ui/CatalogManagementPanel.tsx","906","CatalogManagementPanel","select","在售 售罄 停用","{""onChange"":""(event) => updateDraft('status', event.target.value as ProductStatus)""}","(event) => void save(event)","","","expanded && phase === 'ready' && draft !== null","所属表单：(event) => void save(event)","SYS-290、SYS-300、SYS-302","定义与绑定已登记；业务结果按闭环表核对，不能将源码登记或同名按钮可见计为逐实例通过"
"CTRL-0372","src/normalized-ui/CatalogManagementPanel.tsx","907","CatalogManagementPanel","select","跟踪库存（酒水等） 暂不管理数量（小吃水果）","{""onChange"":""(event) => updateDraft('inventoryControlMode', event.target.value as InventoryControlMode)""}","(event) => void save(event)","","draft.productKind === 'bundle'","expanded && phase === 'ready' && draft !== null","所属表单：(event) => void save(event)","SYS-290、SYS-300、SYS-302","定义与绑定已登记；业务结果按闭环表核对，不能将源码登记或同名按钮可见计为逐实例通过"
"CTRL-0373","src/normalized-ui/CatalogManagementPanel.tsx","908","CatalogManagementPanel","input","搜索文本","{""onChange"":""(event) => updateDraft('searchText', event.target.value)""}","(event) => void save(event)","","","expanded && phase === 'ready' && draft !== null","所属表单：(event) => void save(event)","SYS-290、SYS-300、SYS-302","定义与绑定已登记；业务结果按闭环表核对，不能将源码登记或同名按钮可见计为逐实例通过"
"CTRL-0374","src/normalized-ui/CatalogManagementPanel.tsx","909","CatalogManagementPanel","NumberInputWithUnit","标准售价 {!canManagePrice && <small>当前岗位不能定价；不会在保存后尝试补写售价。</small>}","{""onChange"":""(event) => updateDraft('priceYuan', event.target.value)""}","(event) => void save(event)","","!canManagePrice","expanded && phase === 'ready' && draft !== null","所属表单：(event) => void save(event)","SYS-290、SYS-300、SYS-302","定义与绑定已登记；业务结果按闭环表核对，不能将源码登记或同名按钮可见计为逐实例通过"
"CTRL-0375","src/normalized-ui/CatalogManagementPanel.tsx","915","CatalogManagementPanel","NumberInputWithUnit","成本金额","{""onChange"":""(event) => updateDraft('costYuan', event.target.value)""}","(event) => void save(event)","","","expanded && phase === 'ready' && draft !== null && canViewInventoryCost && (draft.inventoryControlMode === 'tracked' || draft.productKind === 'bundle') && canViewInventoryCost","所属表单：(event) => void save(event)","SYS-290、SYS-300、SYS-302","定义与绑定已登记；业务结果按闭环表核对，不能将源码登记或同名按钮可见计为逐实例通过"
"CTRL-0376","src/normalized-ui/CatalogManagementPanel.tsx","925","CatalogManagementPanel","NumberInputWithUnit","推荐最少人数","{""onChange"":""(event) => updateDraft('recommendationMinGuests', event.target.value)""}","(event) => void save(event)","","","expanded && phase === 'ready' && draft !== null","所属表单：(event) => void save(event)","SYS-290、SYS-300、SYS-302","定义与绑定已登记；业务结果按闭环表核对，不能将源码登记或同名按钮可见计为逐实例通过"
"CTRL-0377","src/normalized-ui/CatalogManagementPanel.tsx","926","CatalogManagementPanel","NumberInputWithUnit","推荐最多人数","{""onChange"":""(event) => updateDraft('recommendationMaxGuests', event.target.value)""}","(event) => void save(event)","","","expanded && phase === 'ready' && draft !== null","所属表单：(event) => void save(event)","SYS-290、SYS-300、SYS-302","定义与绑定已登记；业务结果按闭环表核对，不能将源码登记或同名按钮可见计为逐实例通过"
"CTRL-0378","src/normalized-ui/CatalogManagementPanel.tsx","927","CatalogManagementPanel","NumberInputWithUnit","推荐优先级","{""onChange"":""(event) => updateDraft('recommendationPriority', event.target.value)""}","(event) => void save(event)","","","expanded && phase === 'ready' && draft !== null","所属表单：(event) => void save(event)","SYS-290、SYS-300、SYS-302","定义与绑定已登记；业务结果按闭环表核对，不能将源码登记或同名按钮可见计为逐实例通过"
"CTRL-0379","src/normalized-ui/CatalogManagementPanel.tsx","928","CatalogManagementPanel","input","顾客菜单可见","{""onChange"":""(event) => updateDraft('guestVisible', event.target.checked)""}","(event) => void save(event)","","","expanded && phase === 'ready' && draft !== null","所属表单：(event) => void save(event)","SYS-290、SYS-300、SYS-302","定义与绑定已登记；业务结果按闭环表核对，不能将源码登记或同名按钮可见计为逐实例通过"
"CTRL-0380","src/normalized-ui/CatalogManagementPanel.tsx","929","CatalogManagementPanel","input","参与商品推荐","{""onChange"":""(event) => updateDraft('recommendationEnabled', event.target.checked)""}","(event) => void save(event)","","","expanded && phase === 'ready' && draft !== null","所属表单：(event) => void save(event)","SYS-290、SYS-300、SYS-302","定义与绑定已登记；业务结果按闭环表核对，不能将源码登记或同名按钮可见计为逐实例通过"
"CTRL-0381","src/normalized-ui/CatalogManagementPanel.tsx","931","CatalogManagementPanel","input","调价原因","{""onChange"":""(event) => updateDraft('priceReason', event.target.value)""}","(event) => void save(event)","","","expanded && phase === 'ready' && draft !== null && canManagePrice","所属表单：(event) => void save(event)","SYS-290、SYS-300、SYS-302","定义与绑定已登记；业务结果按闭环表核对，不能将源码登记或同名按钮可见计为逐实例通过"
"CTRL-0382","src/normalized-ui/CatalogManagementPanel.tsx","934","CatalogManagementPanel","input","成本变更原因","{""onChange"":""(event) => updateDraft('costChangeReason', event.target.value)""}","(event) => void save(event)","","","expanded && phase === 'ready' && draft !== null && canViewInventoryCost && draft.inventoryControlMode !== 'tracked' && draft.productKind !== 'bundle' && draft.id !== null && currentProduct !== null && moneyToMinor(draft.costYuan, true) !== currentProduct.costAmountMinor","所属表单：(event) => void save(event)","SYS-290、SYS-300、SYS-302","定义与绑定已登记；业务结果按闭环表核对，不能将源码登记或同名按钮可见计为逐实例通过"
"CTRL-0383","src/normalized-ui/CatalogManagementPanel.tsx","935","CatalogManagementPanel","button","{showAdvanced ? '收起高级字段' : '显示高级字段（供应、标签与渠道）'}","{""onClick"":""() => setShowAdvanced((value) => !value)""}","(event) => void save(event)","","","expanded && phase === 'ready' && draft !== null","所属表单：(event) => void save(event)","SYS-290、SYS-300、SYS-302","定义与绑定已登记；业务结果按闭环表核对，不能将源码登记或同名按钮可见计为逐实例通过"
"CTRL-0384","src/normalized-ui/CatalogManagementPanel.tsx","937","CatalogManagementPanel","NumberInputWithUnit","菜单排序","{""onChange"":""(event) => updateDraft('sortOrder', event.target.value)""}","(event) => void save(event)","","","expanded && phase === 'ready' && draft !== null && showAdvanced","所属表单：(event) => void save(event)","SYS-290、SYS-300、SYS-302","定义与绑定已登记；业务结果按闭环表核对，不能将源码登记或同名按钮可见计为逐实例通过"
"CTRL-0385","src/normalized-ui/CatalogManagementPanel.tsx","938","CatalogManagementPanel","NumberInputWithUnit","单笔最大数量","{""onChange"":""(event) => updateDraft('maxOrderQuantity', event.target.value)""}","(event) => void save(event)","","","expanded && phase === 'ready' && draft !== null && showAdvanced","所属表单：(event) => void save(event)","SYS-290、SYS-300、SYS-302","定义与绑定已登记；业务结果按闭环表核对，不能将源码登记或同名按钮可见计为逐实例通过"
"CTRL-0386","src/normalized-ui/CatalogManagementPanel.tsx","939","CatalogManagementPanel","input","供应开始","{""onChange"":""(event) => updateDraft('availableFrom', event.target.value)""}","(event) => void save(event)","","","expanded && phase === 'ready' && draft !== null && showAdvanced","所属表单：(event) => void save(event)","SYS-290、SYS-300、SYS-302","定义与绑定已登记；业务结果按闭环表核对，不能将源码登记或同名按钮可见计为逐实例通过"
"CTRL-0387","src/normalized-ui/CatalogManagementPanel.tsx","940","CatalogManagementPanel","input","供应结束","{""onChange"":""(event) => updateDraft('availableUntil', event.target.value)""}","(event) => void save(event)","","","expanded && phase === 'ready' && draft !== null && showAdvanced","所属表单：(event) => void save(event)","SYS-290、SYS-300、SYS-302","定义与绑定已登记；业务结果按闭环表核对，不能将源码登记或同名按钮可见计为逐实例通过"
"CTRL-0388","src/normalized-ui/CatalogManagementPanel.tsx","941","CatalogManagementPanel","NumberInputWithUnit","KDS优先级","{""onChange"":""(event) => updateDraft('kdsPriority', event.target.value)""}","(event) => void save(event)","","","expanded && phase === 'ready' && draft !== null && showAdvanced","所属表单：(event) => void save(event)","SYS-290、SYS-300、SYS-302","定义与绑定已登记；业务结果按闭环表核对，不能将源码登记或同名按钮可见计为逐实例通过"
"CTRL-0389","src/normalized-ui/CatalogManagementPanel.tsx","942","CatalogManagementPanel","NumberInputWithUnit","出品时限","{""onChange"":""(event) => updateDraft('fulfillmentSlaSeconds', event.target.value)""}","(event) => void save(event)","","","expanded && phase === 'ready' && draft !== null && showAdvanced","所属表单：(event) => void save(event)","SYS-290、SYS-300、SYS-302","定义与绑定已登记；业务结果按闭环表核对，不能将源码登记或同名按钮可见计为逐实例通过"
"CTRL-0390","src/normalized-ui/CatalogManagementPanel.tsx","943","CatalogManagementPanel","NumberInputWithUnit","预计准备","{""onChange"":""(event) => updateDraft('recommendationExpectedPrepMinutes', event.target.value)""}","(event) => void save(event)","","","expanded && phase === 'ready' && draft !== null && showAdvanced","所属表单：(event) => void save(event)","SYS-290、SYS-300、SYS-302","定义与绑定已登记；业务结果按闭环表核对，不能将源码登记或同名按钮可见计为逐实例通过"
"CTRL-0391","src/normalized-ui/CatalogManagementPanel.tsx","944","CatalogManagementPanel","NumberInputWithUnit","推荐保留","{""onChange"":""(event) => updateDraft('recommendationHoldMinutes', event.target.value)""}","(event) => void save(event)","","","expanded && phase === 'ready' && draft !== null && showAdvanced","所属表单：(event) => void save(event)","SYS-290、SYS-300、SYS-302","定义与绑定已登记；业务结果按闭环表核对，不能将源码登记或同名按钮可见计为逐实例通过"
"CTRL-0392","src/normalized-ui/CatalogManagementPanel.tsx","945","CatalogManagementPanel","select","无 {products.filter((product) => product.id !== draft.id).map((product) => <option key={product.id} value={product.id}>{product.name}</option>)}","{""onChange"":""(event) => updateDraft('recommendationUpgradeProductId', event.target.value)""}","(event) => void save(event)","","","expanded && phase === 'ready' && draft !== null && showAdvanced","所属表单：(event) => void save(event)","SYS-290、SYS-300、SYS-302","定义与绑定已登记；业务结果按闭环表核对，不能将源码登记或同名按钮可见计为逐实例通过"
"CTRL-0393","src/normalized-ui/CatalogManagementPanel.tsx","946","CatalogManagementPanel","input","场景标签（英文逗号分隔）","{""onChange"":""(event) => updateDraft('recommendationSceneTags', event.target.value)""}","(event) => void save(event)","","","expanded && phase === 'ready' && draft !== null && showAdvanced","所属表单：(event) => void save(event)","SYS-290、SYS-300、SYS-302","定义与绑定已登记；业务结果按闭环表核对，不能将源码登记或同名按钮可见计为逐实例通过"
"CTRL-0394","src/normalized-ui/CatalogManagementPanel.tsx","947","CatalogManagementPanel","input","意图标签","{""onChange"":""(event) => updateDraft('recommendationIntentTags', event.target.value)""}","(event) => void save(event)","","","expanded && phase === 'ready' && draft !== null && showAdvanced","所属表单：(event) => void save(event)","SYS-290、SYS-300、SYS-302","定义与绑定已登记；业务结果按闭环表核对，不能将源码登记或同名按钮可见计为逐实例通过"
"CTRL-0395","src/normalized-ui/CatalogManagementPanel.tsx","948","CatalogManagementPanel","input","口味标签","{""onChange"":""(event) => updateDraft('recommendationTasteTags', event.target.value)""}","(event) => void save(event)","","","expanded && phase === 'ready' && draft !== null && showAdvanced","所属表单：(event) => void save(event)","SYS-290、SYS-300、SYS-302","定义与绑定已登记；业务结果按闭环表核对，不能将源码登记或同名按钮可见计为逐实例通过"
"CTRL-0396","src/normalized-ui/CatalogManagementPanel.tsx","949","CatalogManagementPanel","input","停留标签","{""onChange"":""(event) => updateDraft('recommendationDwellTags', event.target.value)""}","(event) => void save(event)","","","expanded && phase === 'ready' && draft !== null && showAdvanced","所属表单：(event) => void save(event)","SYS-290、SYS-300、SYS-302","定义与绑定已登记；业务结果按闭环表核对，不能将源码登记或同名按钮可见计为逐实例通过"
"CTRL-0397","src/normalized-ui/CatalogManagementPanel.tsx","950","CatalogManagementPanel","input","商品文案","{""onChange"":""(event) => updateDraft('description', event.target.value)""}","(event) => void save(event)","","","expanded && phase === 'ready' && draft !== null && showAdvanced","所属表单：(event) => void save(event)","SYS-290、SYS-300、SYS-302","定义与绑定已登记；业务结果按闭环表核对，不能将源码登记或同名按钮可见计为逐实例通过"
"CTRL-0398","src/normalized-ui/CatalogManagementPanel.tsx","951","CatalogManagementPanel","select","未评价 {[0,1,2,3,4,5].map(level=><option key={level} value={level}>{level}/5</option>)}","{""onChange"":""event=>updateDraft('acidity',event.target.value)""}","(event) => void save(event)","","","expanded && phase === 'ready' && draft !== null && showAdvanced","所属表单：(event) => void save(event)","SYS-290、SYS-300、SYS-302","定义与绑定已登记；业务结果按闭环表核对，不能将源码登记或同名按钮可见计为逐实例通过"
"CTRL-0399","src/normalized-ui/CatalogManagementPanel.tsx","952","CatalogManagementPanel","select","未评价 {[0,1,2,3,4,5].map(level=><option key={level} value={level}>{level}/5</option>)}","{""onChange"":""event=>updateDraft('sweetness',event.target.value)""}","(event) => void save(event)","","","expanded && phase === 'ready' && draft !== null && showAdvanced","所属表单：(event) => void save(event)","SYS-290、SYS-300、SYS-302","定义与绑定已登记；业务结果按闭环表核对，不能将源码登记或同名按钮可见计为逐实例通过"
"CTRL-0400","src/normalized-ui/CatalogManagementPanel.tsx","954","CatalogManagementPanel","select","从下方图片库选择或暂不设置 {menuImageOptions.map((option) => <option value={option.url} key={option.url}>{option.label}</option>)}","{""onChange"":""(event) => updateDraft('imageUrl', event.target.value)""}","(event) => void save(event)","","","expanded && phase === 'ready' && draft !== null && showAdvanced","所属表单：(event) => void save(event)","SYS-290、SYS-300、SYS-302","定义与绑定已登记；业务结果按闭环表核对，不能将源码登记或同名按钮可见计为逐实例通过"
"CTRL-0401","src/normalized-ui/CatalogManagementPanel.tsx","955","CatalogManagementPanel","input","已选图片","{}","(event) => void save(event)","","","expanded && phase === 'ready' && draft !== null && showAdvanced","所属表单：(event) => void save(event)","SYS-290、SYS-300、SYS-302","定义与绑定已登记；业务结果按闭环表核对，不能将源码登记或同名按钮可见计为逐实例通过"
"CTRL-0402","src/normalized-ui/CatalogManagementPanel.tsx","956","CatalogManagementPanel","MediaAssetPicker","","{""onChange"":""(imageUrl) => updateDraft('imageUrl', imageUrl)""}","(event) => void save(event)","","","expanded && phase === 'ready' && draft !== null && showAdvanced && auth.permissions.includes('media.asset.menu.manage')","所属表单：(event) => void save(event)","SYS-290、SYS-300、SYS-302","定义与绑定已登记；业务结果按闭环表核对，不能将源码登记或同名按钮可见计为逐实例通过"
"CTRL-0403","src/normalized-ui/CatalogManagementPanel.tsx","957","CatalogManagementPanel","input","可一次出齐","{""onChange"":""(event) => updateDraft('recommendationSingleWaveEligible', event.target.checked)""}","(event) => void save(event)","","","expanded && phase === 'ready' && draft !== null && showAdvanced","所属表单：(event) => void save(event)","SYS-290、SYS-300、SYS-302","定义与绑定已登记；业务结果按闭环表核对，不能将源码登记或同名按钮可见计为逐实例通过"
"CTRL-0404","src/normalized-ui/CatalogManagementPanel.tsx","958","CatalogManagementPanel","input","{label}","{""onChange"":""() => updateDraft('allowedChannels', draft.allowedChannels.includes(value) ? draft.allowedChannels.filter((item) => item !== value) : [...draft.allowedChannels, value])""}","(event) => void save(event)","","","","所属表单：(event) => void save(event)","SYS-290、SYS-300、SYS-302","定义与绑定已登记；业务结果按闭环表核对，不能将源码登记或同名按钮可见计为逐实例通过"
"CTRL-0405","src/normalized-ui/CatalogManagementPanel.tsx","964","CatalogManagementPanel","button","重新读取阶段配置","{""onClick"":""() => void loadProductPerformancePhases(draft.id!)""}","(event) => void save(event)","","","expanded && phase === 'ready' && draft !== null && canConfigurePerformancePhase && draft.id !== null && performancePhaseState === 'error'","所属表单：(event) => void save(event)","SYS-290、SYS-300、SYS-302","定义与绑定已登记；业务结果按闭环表核对，不能将源码登记或同名按钮可见计为逐实例通过"
"CTRL-0406","src/normalized-ui/CatalogManagementPanel.tsx","966","CatalogManagementPanel","input","","{""onChange"":""() => togglePerformancePhase(option.code)""}","(event) => void save(event)","","","","所属表单：(event) => void save(event)","SYS-290、SYS-300、SYS-302","定义与绑定已登记；业务结果按闭环表核对，不能将源码登记或同名按钮可见计为逐实例通过"
"CTRL-0407","src/normalized-ui/CatalogManagementPanel.tsx","968","CatalogManagementPanel","input","配置原因","{""onChange"":""(event) => setPerformancePhaseReason(event.target.value)""}","(event) => void save(event)","","","expanded && phase === 'ready' && draft !== null && canConfigurePerformancePhase && draft.id !== null && performancePhaseState === 'ready'","所属表单：(event) => void save(event)","SYS-290、SYS-300、SYS-302","定义与绑定已登记；业务结果按闭环表核对，不能将源码登记或同名按钮可见计为逐实例通过"
"CTRL-0408","src/normalized-ui/CatalogManagementPanel.tsx","969","CatalogManagementPanel","button","{performancePhaseBusy ? '保存中' : '单独保存阶段配置'}","{""onClick"":""() => void savePerformancePhases()""}","(event) => void save(event)","","performancePhaseBusy || performancePhaseReason.trim().length < 2","expanded && phase === 'ready' && draft !== null && canConfigurePerformancePhase && draft.id !== null && performancePhaseState === 'ready'","所属表单：(event) => void save(event)","SYS-290、SYS-300、SYS-302","定义与绑定已登记；业务结果按闭环表核对，不能将源码登记或同名按钮可见计为逐实例通过"
"CTRL-0409","src/normalized-ui/CatalogManagementPanel.tsx","976","CatalogManagementPanel","button","重新读取库存配方","{""onClick"":""() => void loadRecipeEditor(draft.id!)""}","(event) => void save(event)","","","expanded && phase === 'ready' && draft !== null && canManageInventory && draft.productKind === 'single' && draft.inventoryControlMode === 'tracked' && draft.id !== null && recipeState === 'error'","所属表单：(event) => void save(event)","SYS-290、SYS-300、SYS-302","定义与绑定已登记；业务结果按闭环表核对，不能将源码登记或同名按钮可见计为逐实例通过"
"CTRL-0410","src/normalized-ui/CatalogManagementPanel.tsx","978","CatalogManagementPanel","NumberInputWithUnit","每份配方产出数量","{""onChange"":""(event) => setRecipeYield(event.target.value)""}","(event) => void save(event)","","","expanded && phase === 'ready' && draft !== null && canManageInventory && draft.productKind === 'single' && draft.inventoryControlMode === 'tracked' && draft.id !== null && recipeState === 'ready'","所属表单：(event) => void save(event)","SYS-290、SYS-300、SYS-302","定义与绑定已登记；业务结果按闭环表核对，不能将源码登记或同名按钮可见计为逐实例通过"
"CTRL-0411","src/normalized-ui/CatalogManagementPanel.tsx","981","CatalogManagementPanel","select","全部原料 {recipeCategories.map((category) => <option key={category} value={category}>{inventoryCategoryLabel(category)}</option>)}","{""onChange"":""(event) => setRecipeCategoryFilter(event.target.value)""}","(event) => void save(event)","","","expanded && phase === 'ready' && draft !== null && canManageInventory && draft.productKind === 'single' && draft.inventoryControlMode === 'tracked' && draft.id !== null && recipeState === 'ready' && inventoryItems.length === 0","所属表单：(event) => void save(event)","SYS-290、SYS-300、SYS-302","定义与绑定已登记；业务结果按闭环表核对，不能将源码登记或同名按钮可见计为逐实例通过"
"CTRL-0412","src/normalized-ui/CatalogManagementPanel.tsx","985","CatalogManagementPanel","input","","{""onChange"":""() => toggleRecipeComponent(item.id)""}","(event) => void save(event)","","","","所属表单：(event) => void save(event)","SYS-290、SYS-300、SYS-302","定义与绑定已登记；业务结果按闭环表核对，不能将源码登记或同名按钮可见计为逐实例通过"
"CTRL-0413","src/normalized-ui/CatalogManagementPanel.tsx","986","CatalogManagementPanel","NumberInputWithUnit","每份用量","{""onChange"":""(event) => updateRecipeComponent(item.id, 'quantity', event.target.value)""}","(event) => void save(event)","","","component !== undefined","所属表单：(event) => void save(event)","SYS-290、SYS-300、SYS-302","定义与绑定已登记；业务结果按闭环表核对，不能将源码登记或同名按钮可见计为逐实例通过"
"CTRL-0414","src/normalized-ui/CatalogManagementPanel.tsx","986","CatalogManagementPanel","NumberInputWithUnit","预计损耗","{""onChange"":""(event) => updateRecipeComponent(item.id, 'expectedWasteQuantity', event.target.value)""}","(event) => void save(event)","","","component !== undefined","所属表单：(event) => void save(event)","SYS-290、SYS-300、SYS-302","定义与绑定已登记；业务结果按闭环表核对，不能将源码登记或同名按钮可见计为逐实例通过"
"CTRL-0415","src/normalized-ui/CatalogManagementPanel.tsx","989","CatalogManagementPanel","button","{recipeBusy ? '保存中' : '保存配方并刷新可售检查'}","{""onClick"":""() => void saveRecipe()""}","(event) => void save(event)","","recipeBusy || inventoryItems.length === 0","expanded && phase === 'ready' && draft !== null && canManageInventory && draft.productKind === 'single' && draft.inventoryControlMode === 'tracked' && draft.id !== null && recipeState === 'ready'","所属表单：(event) => void save(event)","SYS-290、SYS-300、SYS-302","定义与绑定已登记；业务结果按闭环表核对，不能将源码登记或同名按钮可见计为逐实例通过"
"CTRL-0416","src/normalized-ui/CatalogManagementPanel.tsx","995","CatalogManagementPanel","button","核对 {component.itemName} 的库存成本","{""onClick"":""()=>onOpenInventoryCost(component.inventoryItemId)""}","(event) => void save(event)","","","","所属表单：(event) => void save(event)","SYS-290、SYS-300、SYS-302","定义与绑定已登记；业务结果按闭环表核对，不能将源码登记或同名按钮可见计为逐实例通过"
"CTRL-0417","src/normalized-ui/CatalogManagementPanel.tsx","1004","CatalogManagementPanel","input","{product.id in draft.componentQuantities && <NumberInputWithUnit aria-label={`${product.name}数量`} inputMode=""numeric"" unit=""份"" value={draft.componentQuantities[product.id]} onChange={(event) => updateDraft('componentQuantities', { ...draft.componentQuantities, [product.id]: event.target.value })} />}","{""onChange"":""() => toggleComponent(product.id)""}","(event) => void save(event)","","","","所属表单：(event) => void save(event)","SYS-290、SYS-300、SYS-302","定义与绑定已登记；业务结果按闭环表核对，不能将源码登记或同名按钮可见计为逐实例通过"
"CTRL-0418","src/normalized-ui/CatalogManagementPanel.tsx","1004","CatalogManagementPanel","NumberInputWithUnit","`${product.name}数量`","{""onChange"":""(event) => updateDraft('componentQuantities', { ...draft.componentQuantities, [product.id]: event.target.value })""}","(event) => void save(event)","","","product.id in draft.componentQuantities","所属表单：(event) => void save(event)","SYS-290、SYS-300、SYS-302","定义与绑定已登记；业务结果按闭环表核对，不能将源码登记或同名按钮可见计为逐实例通过"
"CTRL-0419","src/normalized-ui/CatalogManagementPanel.tsx","1005","CatalogManagementPanel","button","新增必选组","{""onClick"":""addChoiceGroup""}","(event) => void save(event)","","","expanded && phase === 'ready' && draft !== null && draft.productKind==='bundle'","所属表单：(event) => void save(event)","SYS-290、SYS-300、SYS-302","定义与绑定已登记；业务结果按闭环表核对，不能将源码登记或同名按钮可见计为逐实例通过"
"CTRL-0420","src/normalized-ui/CatalogManagementPanel.tsx","1005","CatalogManagementPanel","input","搜索套餐候选菜品","{""onChange"":""(event)=>setChoiceProductQuery(event.target.value)""}","(event) => void save(event)","","","expanded && phase === 'ready' && draft !== null && draft.productKind==='bundle'","所属表单：(event) => void save(event)","SYS-290、SYS-300、SYS-302","定义与绑定已登记；业务结果按闭环表核对，不能将源码登记或同名按钮可见计为逐实例通过"
"CTRL-0421","src/normalized-ui/CatalogManagementPanel.tsx","1005","CatalogManagementPanel","select","按分类筛选套餐候选菜品","{""onChange"":""(event)=>setChoiceProductCategory(event.target.value)""}","(event) => void save(event)","","","expanded && phase === 'ready' && draft !== null && draft.productKind==='bundle'","所属表单：(event) => void save(event)","SYS-290、SYS-300、SYS-302","定义与绑定已登记；业务结果按闭环表核对，不能将源码登记或同名按钮可见计为逐实例通过"
"CTRL-0422","src/normalized-ui/CatalogManagementPanel.tsx","1005","CatalogManagementPanel","select","按状态筛选套餐候选菜品","{""onChange"":""(event)=>setChoiceProductStatus(event.target.value as 'all'|'active'|'ready')""}","(event) => void save(event)","","","expanded && phase === 'ready' && draft !== null && draft.productKind==='bundle'","所属表单：(event) => void save(event)","SYS-290、SYS-300、SYS-302","定义与绑定已登记；业务结果按闭环表核对，不能将源码登记或同名按钮可见计为逐实例通过"
"CTRL-0423","src/normalized-ui/CatalogManagementPanel.tsx","1005","CatalogManagementPanel","input","组编号","{""onChange"":""(event)=>updateChoiceGroup(groupIndex,{ code:event.target.value })""}","(event) => void save(event)","","","","所属表单：(event) => void save(event)","SYS-290、SYS-300、SYS-302","定义与绑定已登记；业务结果按闭环表核对，不能将源码登记或同名按钮可见计为逐实例通过"
"CTRL-0424","src/normalized-ui/CatalogManagementPanel.tsx","1005","CatalogManagementPanel","input","客人看到的提示","{""onChange"":""(event)=>updateChoiceGroup(groupIndex,{ name:event.target.value })""}","(event) => void save(event)","","","","所属表单：(event) => void save(event)","SYS-290、SYS-300、SYS-302","定义与绑定已登记；业务结果按闭环表核对，不能将源码登记或同名按钮可见计为逐实例通过"
"CTRL-0425","src/normalized-ui/CatalogManagementPanel.tsx","1005","CatalogManagementPanel","NumberInputWithUnit","必须选择","{""onChange"":""(event)=>updateChoiceGroup(groupIndex,{ selectionCount:event.target.value })""}","(event) => void save(event)","","","","所属表单：(event) => void save(event)","SYS-290、SYS-300、SYS-302","定义与绑定已登记；业务结果按闭环表核对，不能将源码登记或同名按钮可见计为逐实例通过"
"CTRL-0426","src/normalized-ui/CatalogManagementPanel.tsx","1005","CatalogManagementPanel","button","删除本组","{""onClick"":""()=>updateDraft('choiceGroups',draft.choiceGroups.filter((_,index)=>index!==groupIndex))""}","(event) => void save(event)","","","","所属表单：(event) => void save(event)","SYS-290、SYS-300、SYS-302","定义与绑定已登记；业务结果按闭环表核对，不能将源码登记或同名按钮可见计为逐实例通过"
"CTRL-0427","src/normalized-ui/CatalogManagementPanel.tsx","1005","CatalogManagementPanel","input","{product.id in group.optionQuantities&&<NumberInputWithUnit aria-label={`${product.name}每次选择包含数量`} inputMode=""numeric"" unit=""份"" value={group.optionQuantities[product.id]} onChange={(event)=>updateChoiceGroup(groupIndex,{ optionQuantities:{ ...group.optionQuantities,[product.id]:event.target.value } })}/>}","{""onChange"":""()=>toggleChoiceOption(groupIndex,product.id)""}","(event) => void save(event)","","","","所属表单：(event) => void save(event)","SYS-290、SYS-300、SYS-302","定义与绑定已登记；业务结果按闭环表核对，不能将源码登记或同名按钮可见计为逐实例通过"
"CTRL-0428","src/normalized-ui/CatalogManagementPanel.tsx","1005","CatalogManagementPanel","NumberInputWithUnit","`${product.name}每次选择包含数量`","{""onChange"":""(event)=>updateChoiceGroup(groupIndex,{ optionQuantities:{ ...group.optionQuantities,[product.id]:event.target.value } })""}","(event) => void save(event)","","","product.id in group.optionQuantities","所属表单：(event) => void save(event)","SYS-290、SYS-300、SYS-302","定义与绑定已登记；业务结果按闭环表核对，不能将源码登记或同名按钮可见计为逐实例通过"
"CTRL-0429","src/normalized-ui/CatalogManagementPanel.tsx","1006","CatalogManagementPanel","button","{busy ? <LoaderCircle className=""is-spinning"" size={18} /> : <Check size={18} />} {performancePhaseDirty ? '请先处理阶段配置' : '保存并读回验证'}","{}","(event) => void save(event)","","busy || performancePhaseDirty","expanded && phase === 'ready' && draft !== null","所属表单：(event) => void save(event)","SYS-290、SYS-300、SYS-302","定义与绑定已登记；业务结果按闭环表核对，不能将源码登记或同名按钮可见计为逐实例通过"
"CTRL-0430","src/normalized-ui/CatalogManagementPanel.tsx","1011","CatalogManagementPanel","summary","查看全部原因","{}","","","","blockers.length>1","浏览器原生展开/收起","SYS-290、SYS-300、SYS-302","定义与绑定已登记；业务结果按闭环表核对，不能将源码登记或同名按钮可见计为逐实例通过"
"CTRL-0431","src/normalized-ui/CatalogManagementPanel.tsx","1011","CatalogManagementPanel","button","编辑","{""onClick"":""() => startEdit(product)""}","","","","","已定义交互事件","SYS-290、SYS-300、SYS-302","定义与绑定已登记；业务结果按闭环表核对，不能将源码登记或同名按钮可见计为逐实例通过"
"CTRL-0432","src/normalized-ui/CheckoutUpgradeManagementPanel.tsx","170","CheckoutUpgradeManagementPanel","button","{expanded?'收起':'配置'}","{""onClick"":""()=>setExpanded((value)=>!value)""}","","","","","已定义交互事件","SYS-295、SYS-298","定义与绑定已登记；业务结果按闭环表核对，不能将源码登记或同名按钮可见计为逐实例通过"
"CTRL-0433","src/normalized-ui/CheckoutUpgradeManagementPanel.tsx","173","CheckoutUpgradeManagementPanel","button","刷新","{""onClick"":""()=>void load()""}","","","busy==='load'","expanded","已定义交互事件","SYS-295、SYS-298","定义与绑定已登记；业务结果按闭环表核对，不能将源码登记或同名按钮可见计为逐实例通过"
"CTRL-0434","src/normalized-ui/CheckoutUpgradeManagementPanel.tsx","175","CheckoutUpgradeManagementPanel","summary","新建规则草稿","{}","","","","expanded && canDraftRule","浏览器原生展开/收起","SYS-295、SYS-298","定义与绑定已登记；业务结果按闭环表核对，不能将源码登记或同名按钮可见计为逐实例通过"
"CTRL-0435","src/normalized-ui/CheckoutUpgradeManagementPanel.tsx","175","CheckoutUpgradeManagementPanel","form","规则代码 规则名称 原商品 {products.filter((item)=>item.productKind==='single'||item.productKind==='bundle').map((item)=><option key={item.id} value={item.id}>{item.name} · {item.code}</option>)} 升级套餐 {products.filter((item)=>item.productKind==='bundle').map((item)=><option key={item.id} value={item.id}>{item.name} · {item.code}</option>)} 人数范围 至 优先级 报价有效分钟 最低毛利（基点） 场景标签 酒水标签 顾客标题 顾客说明 确认按钮 高度匹配准入条件 先满足全部条件，再按优先级排序。贡献额为成交额减商品成本，不是扣除房租工资后的净利润；未填写、成本未知或不适配时不能主动推荐。 最多加价 相对加价上限（可留空，仅用绝对上限） 升级后最低贡献额 最低新增贡献额 适配依据 新增商品 选择需要限定份量的商品 {products.map(item=><option value={item.id} key={item.id}>{item.name}</option>)} 该商品每人最多 保存此份量上限 {portionLimits.map(item=><div className=""upgrade-qualification-entry"" key={item.produ","{""onSubmit"":""(event)=>void saveRule(event)""}","","","","expanded && canDraftRule","已定义交互事件","SYS-295、SYS-298","定义与绑定已登记；业务结果按闭环表核对，不能将源码登记或同名按钮可见计为逐实例通过"
"CTRL-0436","src/normalized-ui/CheckoutUpgradeManagementPanel.tsx","176","CheckoutUpgradeManagementPanel","input","规则代码","{""onChange"":""(event)=>setRule({...rule,code:event.target.value.toUpperCase()})""}","(event)=>void saveRule(event)","","","expanded && canDraftRule","所属表单：(event)=>void saveRule(event)","SYS-295、SYS-298","定义与绑定已登记；业务结果按闭环表核对，不能将源码登记或同名按钮可见计为逐实例通过"
"CTRL-0437","src/normalized-ui/CheckoutUpgradeManagementPanel.tsx","177","CheckoutUpgradeManagementPanel","input","规则名称","{""onChange"":""(event)=>setRule({...rule,name:event.target.value})""}","(event)=>void saveRule(event)","","","expanded && canDraftRule","所属表单：(event)=>void saveRule(event)","SYS-295、SYS-298","定义与绑定已登记；业务结果按闭环表核对，不能将源码登记或同名按钮可见计为逐实例通过"
"CTRL-0438","src/normalized-ui/CheckoutUpgradeManagementPanel.tsx","178","CheckoutUpgradeManagementPanel","select","原商品","{""onChange"":""(event)=>setRule({...rule,sourceProductId:event.target.value})""}","(event)=>void saveRule(event)","","","expanded && canDraftRule","所属表单：(event)=>void saveRule(event)","SYS-295、SYS-298","定义与绑定已登记；业务结果按闭环表核对，不能将源码登记或同名按钮可见计为逐实例通过"
"CTRL-0439","src/normalized-ui/CheckoutUpgradeManagementPanel.tsx","179","CheckoutUpgradeManagementPanel","select","升级套餐","{""onChange"":""(event)=>setRule({...rule,targetProductId:event.target.value})""}","(event)=>void saveRule(event)","","","expanded && canDraftRule","所属表单：(event)=>void saveRule(event)","SYS-295、SYS-298","定义与绑定已登记；业务结果按闭环表核对，不能将源码登记或同名按钮可见计为逐实例通过"
"CTRL-0440","src/normalized-ui/CheckoutUpgradeManagementPanel.tsx","180","CheckoutUpgradeManagementPanel","input","人数范围","{""onChange"":""(event)=>setRule({...rule,minimumPartySize:event.target.value})""}","(event)=>void saveRule(event)","","","expanded && canDraftRule","所属表单：(event)=>void saveRule(event)","SYS-295、SYS-298","定义与绑定已登记；业务结果按闭环表核对，不能将源码登记或同名按钮可见计为逐实例通过"
"CTRL-0441","src/normalized-ui/CheckoutUpgradeManagementPanel.tsx","180","CheckoutUpgradeManagementPanel","input","人数范围","{""onChange"":""(event)=>setRule({...rule,maximumPartySize:event.target.value})""}","(event)=>void saveRule(event)","","","expanded && canDraftRule","所属表单：(event)=>void saveRule(event)","SYS-295、SYS-298","定义与绑定已登记；业务结果按闭环表核对，不能将源码登记或同名按钮可见计为逐实例通过"
"CTRL-0442","src/normalized-ui/CheckoutUpgradeManagementPanel.tsx","181","CheckoutUpgradeManagementPanel","input","优先级","{""onChange"":""(event)=>setRule({...rule,priority:event.target.value})""}","(event)=>void saveRule(event)","","","expanded && canDraftRule","所属表单：(event)=>void saveRule(event)","SYS-295、SYS-298","定义与绑定已登记；业务结果按闭环表核对，不能将源码登记或同名按钮可见计为逐实例通过"
"CTRL-0443","src/normalized-ui/CheckoutUpgradeManagementPanel.tsx","182","CheckoutUpgradeManagementPanel","input","报价有效分钟","{""onChange"":""(event)=>setRule({...rule,offerValidMinutes:event.target.value})""}","(event)=>void saveRule(event)","","","expanded && canDraftRule","所属表单：(event)=>void saveRule(event)","SYS-295、SYS-298","定义与绑定已登记；业务结果按闭环表核对，不能将源码登记或同名按钮可见计为逐实例通过"
"CTRL-0444","src/normalized-ui/CheckoutUpgradeManagementPanel.tsx","183","CheckoutUpgradeManagementPanel","input","最低毛利（基点）","{""onChange"":""(event)=>setRule({...rule,minimumGrossMarginBasisPoints:event.target.value})""}","(event)=>void saveRule(event)","","","expanded && canDraftRule","所属表单：(event)=>void saveRule(event)","SYS-295、SYS-298","定义与绑定已登记；业务结果按闭环表核对，不能将源码登记或同名按钮可见计为逐实例通过"
"CTRL-0445","src/normalized-ui/CheckoutUpgradeManagementPanel.tsx","184","CheckoutUpgradeManagementPanel","input","场景标签","{""onChange"":""(event)=>setRule({...rule,occasionTags:event.target.value})""}","(event)=>void saveRule(event)","","","expanded && canDraftRule","所属表单：(event)=>void saveRule(event)","SYS-295、SYS-298","定义与绑定已登记；业务结果按闭环表核对，不能将源码登记或同名按钮可见计为逐实例通过"
"CTRL-0446","src/normalized-ui/CheckoutUpgradeManagementPanel.tsx","185","CheckoutUpgradeManagementPanel","input","酒水标签","{""onChange"":""(event)=>setRule({...rule,alcoholPreferenceTags:event.target.value})""}","(event)=>void saveRule(event)","","","expanded && canDraftRule","所属表单：(event)=>void saveRule(event)","SYS-295、SYS-298","定义与绑定已登记；业务结果按闭环表核对，不能将源码登记或同名按钮可见计为逐实例通过"
"CTRL-0447","src/normalized-ui/CheckoutUpgradeManagementPanel.tsx","186","CheckoutUpgradeManagementPanel","input","顾客标题","{""onChange"":""(event)=>setRule({...rule,promptTitle:event.target.value})""}","(event)=>void saveRule(event)","","","expanded && canDraftRule","所属表单：(event)=>void saveRule(event)","SYS-295、SYS-298","定义与绑定已登记；业务结果按闭环表核对，不能将源码登记或同名按钮可见计为逐实例通过"
"CTRL-0448","src/normalized-ui/CheckoutUpgradeManagementPanel.tsx","187","CheckoutUpgradeManagementPanel","textarea","顾客说明","{""onChange"":""(event)=>setRule({...rule,promptBody:event.target.value})""}","(event)=>void saveRule(event)","","","expanded && canDraftRule","所属表单：(event)=>void saveRule(event)","SYS-295、SYS-298","定义与绑定已登记；业务结果按闭环表核对，不能将源码登记或同名按钮可见计为逐实例通过"
"CTRL-0449","src/normalized-ui/CheckoutUpgradeManagementPanel.tsx","188","CheckoutUpgradeManagementPanel","input","确认按钮","{""onChange"":""(event)=>setRule({...rule,callToAction:event.target.value})""}","(event)=>void saveRule(event)","","","expanded && canDraftRule","所属表单：(event)=>void saveRule(event)","SYS-295、SYS-298","定义与绑定已登记；业务结果按闭环表核对，不能将源码登记或同名按钮可见计为逐实例通过"
"CTRL-0450","src/normalized-ui/CheckoutUpgradeManagementPanel.tsx","191","CheckoutUpgradeManagementPanel","NumberInputWithUnit","最多加价","{""onChange"":""event=>setQualification({...qualification,maximumAddMinor:event.target.value})""}","(event)=>void saveRule(event)","","","expanded && canDraftRule","所属表单：(event)=>void saveRule(event)","SYS-295、SYS-298","定义与绑定已登记；业务结果按闭环表核对，不能将源码登记或同名按钮可见计为逐实例通过"
"CTRL-0451","src/normalized-ui/CheckoutUpgradeManagementPanel.tsx","192","CheckoutUpgradeManagementPanel","NumberInputWithUnit","相对加价上限（可留空，仅用绝对上限）","{""onChange"":""event=>setQualification({...qualification,maximumAddBasisPoints:event.target.value})""}","(event)=>void saveRule(event)","","","expanded && canDraftRule","所属表单：(event)=>void saveRule(event)","SYS-295、SYS-298","定义与绑定已登记；业务结果按闭环表核对，不能将源码登记或同名按钮可见计为逐实例通过"
"CTRL-0452","src/normalized-ui/CheckoutUpgradeManagementPanel.tsx","193","CheckoutUpgradeManagementPanel","NumberInputWithUnit","升级后最低贡献额","{""onChange"":""event=>setQualification({...qualification,minimumContributionMinor:event.target.value})""}","(event)=>void saveRule(event)","","","expanded && canDraftRule","所属表单：(event)=>void saveRule(event)","SYS-295、SYS-298","定义与绑定已登记；业务结果按闭环表核对，不能将源码登记或同名按钮可见计为逐实例通过"
"CTRL-0453","src/normalized-ui/CheckoutUpgradeManagementPanel.tsx","194","CheckoutUpgradeManagementPanel","NumberInputWithUnit","最低新增贡献额","{""onChange"":""event=>setQualification({...qualification,minimumIncrementalContributionMinor:event.target.value})""}","(event)=>void saveRule(event)","","","expanded && canDraftRule","所属表单：(event)=>void saveRule(event)","SYS-295、SYS-298","定义与绑定已登记；业务结果按闭环表核对，不能将源码登记或同名按钮可见计为逐实例通过"
"CTRL-0454","src/normalized-ui/CheckoutUpgradeManagementPanel.tsx","195","CheckoutUpgradeManagementPanel","textarea","适配依据","{""onChange"":""event=>setQualification({...qualification,positiveFitReason:event.target.value})""}","(event)=>void saveRule(event)","","","expanded && canDraftRule","所属表单：(event)=>void saveRule(event)","SYS-295、SYS-298","定义与绑定已登记；业务结果按闭环表核对，不能将源码登记或同名按钮可见计为逐实例通过"
"CTRL-0455","src/normalized-ui/CheckoutUpgradeManagementPanel.tsx","196","CheckoutUpgradeManagementPanel","select","份量上限商品","{""onChange"":""event=>setLimitProduct(event.target.value)""}","(event)=>void saveRule(event)","","","expanded && canDraftRule","所属表单：(event)=>void saveRule(event)","SYS-295、SYS-298","定义与绑定已登记；业务结果按闭环表核对，不能将源码登记或同名按钮可见计为逐实例通过"
"CTRL-0456","src/normalized-ui/CheckoutUpgradeManagementPanel.tsx","197","CheckoutUpgradeManagementPanel","NumberInputWithUnit","该商品每人最多","{""onChange"":""event=>setLimitQuantity(event.target.value)""}","(event)=>void saveRule(event)","","","expanded && canDraftRule","所属表单：(event)=>void saveRule(event)","SYS-295、SYS-298","定义与绑定已登记；业务结果按闭环表核对，不能将源码登记或同名按钮可见计为逐实例通过"
"CTRL-0457","src/normalized-ui/CheckoutUpgradeManagementPanel.tsx","198","CheckoutUpgradeManagementPanel","button","保存此份量上限","{""onClick"":""()=>setPortionLimits(previous=>[...previous.filter(item=>item.productId!==limitProduct),{productId:limitProduct,quantity:Number(limitQuantity)}])""}","(event)=>void saveRule(event)","","!limitProduct||!limitQuantity.trim()||!Number.isInteger(Number(limitQuantity))||Number(limitQuantity)<1||Number(limitQuantity)>100","expanded && canDraftRule","所属表单：(event)=>void saveRule(event)","SYS-295、SYS-298","定义与绑定已登记；业务结果按闭环表核对，不能将源码登记或同名按钮可见计为逐实例通过"
"CTRL-0458","src/normalized-ui/CheckoutUpgradeManagementPanel.tsx","199","CheckoutUpgradeManagementPanel","button","移除","{""onClick"":""()=>setPortionLimits(previous=>previous.filter(value=>value.productId!==item.productId))""}","(event)=>void saveRule(event)","","","","所属表单：(event)=>void saveRule(event)","SYS-295、SYS-298","定义与绑定已登记；业务结果按闭环表核对，不能将源码登记或同名按钮可见计为逐实例通过"
"CTRL-0459","src/normalized-ui/CheckoutUpgradeManagementPanel.tsx","200","CheckoutUpgradeManagementPanel","select","排除商品","{""onChange"":""event=>{if(event.target.value)setExcludedProducts(previous=>[...new Set([...previous,event.target.value])])}""}","(event)=>void saveRule(event)","","","expanded && canDraftRule","所属表单：(event)=>void saveRule(event)","SYS-295、SYS-298","定义与绑定已登记；业务结果按闭环表核对，不能将源码登记或同名按钮可见计为逐实例通过"
"CTRL-0460","src/normalized-ui/CheckoutUpgradeManagementPanel.tsx","201","CheckoutUpgradeManagementPanel","button","移除排除商品","{""onClick"":""()=>setExcludedProducts(previous=>previous.filter(value=>value!==id))""}","(event)=>void saveRule(event)","","","","所属表单：(event)=>void saveRule(event)","SYS-295、SYS-298","定义与绑定已登记；业务结果按闭环表核对，不能将源码登记或同名按钮可见计为逐实例通过"
"CTRL-0461","src/normalized-ui/CheckoutUpgradeManagementPanel.tsx","203","CheckoutUpgradeManagementPanel","button","保存草稿","{}","(event)=>void saveRule(event)","","busy==='rule-draft'","expanded && canDraftRule","所属表单：(event)=>void saveRule(event)","SYS-295、SYS-298","定义与绑定已登记；业务结果按闭环表核对，不能将源码登记或同名按钮可见计为逐实例通过"
"CTRL-0462","src/normalized-ui/CheckoutUpgradeManagementPanel.tsx","208","CheckoutUpgradeManagementPanel","summary","核对高度匹配条件","{}","","","","item.qualification","浏览器原生展开/收起","SYS-295、SYS-298","定义与绑定已登记；业务结果按闭环表核对，不能将源码登记或同名按钮可见计为逐实例通过"
"CTRL-0463","src/normalized-ui/CheckoutUpgradeManagementPanel.tsx","216","CheckoutUpgradeManagementPanel","button","审批","{""onClick"":""()=>void ruleAction(item,'approve')""}","","","","item.status==='draft'&&canApproveRule&&item.draftedByEmployeeId!==auth.employee.id","已定义交互事件","SYS-295、SYS-298","定义与绑定已登记；业务结果按闭环表核对，不能将源码登记或同名按钮可见计为逐实例通过"
"CTRL-0464","src/normalized-ui/CheckoutUpgradeManagementPanel.tsx","216","CheckoutUpgradeManagementPanel","button","发布","{""onClick"":""()=>void ruleAction(item,'publish')""}","","","","item.status==='approved'&&canPublishRule&&item.draftedByEmployeeId!==auth.employee.id&&item.approvedByEmployeeId!==auth.employee.id","已定义交互事件","SYS-295、SYS-298","定义与绑定已登记；业务结果按闭环表核对，不能将源码登记或同名按钮可见计为逐实例通过"
"CTRL-0465","src/normalized-ui/CheckoutUpgradeManagementPanel.tsx","216","CheckoutUpgradeManagementPanel","button","复制为回滚草稿","{""onClick"":""()=>void ruleAction(item,'rollback-draft')""}","","","","item.status==='retired'&&canPublishRule","已定义交互事件","SYS-295、SYS-298","定义与绑定已登记；业务结果按闭环表核对，不能将源码登记或同名按钮可见计为逐实例通过"
"CTRL-0466","src/normalized-ui/CheckoutUpgradeManagementPanel.tsx","218","CheckoutUpgradeManagementPanel","summary","新建产能版本","{}","","","","expanded && canDraftCapacity","浏览器原生展开/收起","SYS-295、SYS-298","定义与绑定已登记；业务结果按闭环表核对，不能将源码登记或同名按钮可见计为逐实例通过"
"CTRL-0467","src/normalized-ui/CheckoutUpgradeManagementPanel.tsx","218","CheckoutUpgradeManagementPanel","form","出品站点 吧台 厨房 收银 配置原因 {capacity.windows.map((item,index)=><div key={item.key}><label>开始<input required type=""datetime-local"" value={item.startsAt} onChange={(event)=>setCapacity({...capacity,windows:replaceWindow(capacity.windows,index,{...item,startsAt:event.target.value})})}/></label><label>结束<input required type=""datetime-local"" value={item.endsAt} onChange={(event)=>setCapacity({...capacity,windows:replaceWindow(capacity.windows,index,{...item,endsAt:event.target.value})})}/></label><label>上限单位<input required type=""number"" min={1} max={1000000} value={item.capacityLimitUnits} onChange={(event)=>setCapacity({...capacity,windows:replaceWindow(capacity.windows,index,{...item,capacityLimitUnits","{""onSubmit"":""(event)=>void saveCapacity(event)""}","","","","expanded && canDraftCapacity","已定义交互事件","SYS-295、SYS-298","定义与绑定已登记；业务结果按闭环表核对，不能将源码登记或同名按钮可见计为逐实例通过"
"CTRL-0468","src/normalized-ui/CheckoutUpgradeManagementPanel.tsx","219","CheckoutUpgradeManagementPanel","select","吧台 厨房 收银","{""onChange"":""(event)=>setCapacity({...capacity,stationCode:event.target.value as typeof capacity.stationCode})""}","(event)=>void saveCapacity(event)","","","expanded && canDraftCapacity","所属表单：(event)=>void saveCapacity(event)","SYS-295、SYS-298","定义与绑定已登记；业务结果按闭环表核对，不能将源码登记或同名按钮可见计为逐实例通过"
"CTRL-0469","src/normalized-ui/CheckoutUpgradeManagementPanel.tsx","220","CheckoutUpgradeManagementPanel","input","配置原因","{""onChange"":""(event)=>setCapacity({...capacity,reason:event.target.value})""}","(event)=>void saveCapacity(event)","","","expanded && canDraftCapacity","所属表单：(event)=>void saveCapacity(event)","SYS-295、SYS-298","定义与绑定已登记；业务结果按闭环表核对，不能将源码登记或同名按钮可见计为逐实例通过"
"CTRL-0470","src/normalized-ui/CheckoutUpgradeManagementPanel.tsx","221","CheckoutUpgradeManagementPanel","input","开始","{""onChange"":""(event)=>setCapacity({...capacity,windows:replaceWindow(capacity.windows,index,{...item,startsAt:event.target.value})})""}","(event)=>void saveCapacity(event)","","","","所属表单：(event)=>void saveCapacity(event)","SYS-295、SYS-298","定义与绑定已登记；业务结果按闭环表核对，不能将源码登记或同名按钮可见计为逐实例通过"
"CTRL-0471","src/normalized-ui/CheckoutUpgradeManagementPanel.tsx","221","CheckoutUpgradeManagementPanel","input","结束","{""onChange"":""(event)=>setCapacity({...capacity,windows:replaceWindow(capacity.windows,index,{...item,endsAt:event.target.value})})""}","(event)=>void saveCapacity(event)","","","","所属表单：(event)=>void saveCapacity(event)","SYS-295、SYS-298","定义与绑定已登记；业务结果按闭环表核对，不能将源码登记或同名按钮可见计为逐实例通过"
"CTRL-0472","src/normalized-ui/CheckoutUpgradeManagementPanel.tsx","221","CheckoutUpgradeManagementPanel","input","上限单位","{""onChange"":""(event)=>setCapacity({...capacity,windows:replaceWindow(capacity.windows,index,{...item,capacityLimitUnits:event.target.value})})""}","(event)=>void saveCapacity(event)","","","","所属表单：(event)=>void saveCapacity(event)","SYS-295、SYS-298","定义与绑定已登记；业务结果按闭环表核对，不能将源码登记或同名按钮可见计为逐实例通过"
"CTRL-0473","src/normalized-ui/CheckoutUpgradeManagementPanel.tsx","221","CheckoutUpgradeManagementPanel","button","删除时间窗","{""onClick"":""()=>setCapacity({...capacity,windows:capacity.windows.filter((_,position)=>position!==index)})""}","(event)=>void saveCapacity(event)","","","capacity.windows.length>1","所属表单：(event)=>void saveCapacity(event)","SYS-295、SYS-298","定义与绑定已登记；业务结果按闭环表核对，不能将源码登记或同名按钮可见计为逐实例通过"
"CTRL-0474","src/normalized-ui/CheckoutUpgradeManagementPanel.tsx","222","CheckoutUpgradeManagementPanel","button","增加时间窗","{""onClick"":""()=>setCapacity({...capacity,windows:[...capacity.windows,emptyWindow()]})""}","(event)=>void saveCapacity(event)","","","expanded && canDraftCapacity","所属表单：(event)=>void saveCapacity(event)","SYS-295、SYS-298","定义与绑定已登记；业务结果按闭环表核对，不能将源码登记或同名按钮可见计为逐实例通过"
"CTRL-0475","src/normalized-ui/CheckoutUpgradeManagementPanel.tsx","222","CheckoutUpgradeManagementPanel","button","保存产能草稿","{}","(event)=>void saveCapacity(event)","","busy==='capacity-draft'","expanded && canDraftCapacity","所属表单：(event)=>void saveCapacity(event)","SYS-295、SYS-298","定义与绑定已登记；业务结果按闭环表核对，不能将源码登记或同名按钮可见计为逐实例通过"
"CTRL-0476","src/normalized-ui/CheckoutUpgradeManagementPanel.tsx","224","CheckoutUpgradeManagementPanel","button","审批","{""onClick"":""()=>void capacityAction(item,'approve')""}","","","","item.status==='draft'&&canApproveCapacity","已定义交互事件","SYS-295、SYS-298","定义与绑定已登记；业务结果按闭环表核对，不能将源码登记或同名按钮可见计为逐实例通过"
"CTRL-0477","src/normalized-ui/CheckoutUpgradeManagementPanel.tsx","224","CheckoutUpgradeManagementPanel","button","发布","{""onClick"":""()=>void capacityAction(item,'publish')""}","","","","item.status==='approved'&&canPublishCapacity","已定义交互事件","SYS-295、SYS-298","定义与绑定已登记；业务结果按闭环表核对，不能将源码登记或同名按钮可见计为逐实例通过"
"CTRL-0478","src/normalized-ui/ConfirmationDialog.tsx","109","ConfirmationDialog","button","{request.cancelLabel}","{""onClick"":""() => onResolve(false)""}","","","","","已定义交互事件","","定义与绑定已登记；业务结果按闭环表核对，不能将源码登记或同名按钮可见计为逐实例通过"
"CTRL-0479","src/normalized-ui/ConfirmationDialog.tsx","112","ConfirmationDialog","button","{request.confirmLabel}","{""onClick"":""() => onResolve(true)""}","","","","","已定义交互事件","","定义与绑定已登记；业务结果按闭环表核对，不能将源码登记或同名按钮可见计为逐实例通过"
"CTRL-0480","src/normalized-ui/ConfirmationDialog.tsx","165","InputPromptDialog","textarea","{request.multiline ? <textarea id={inputId} ref={(node) => { input.current = node }} value={value} onChange={(event) => setValue(event.target.value)} /> : <input id={inputId} ref={(node) => { input.current = node }} value={value} onChange={(event) => setValue(event.target.value)} />}","{""onChange"":""(event) => setValue(event.target.value)""}","","","","request.multiline","已定义交互事件","","定义与绑定已登记；业务结果按闭环表核对，不能将源码登记或同名按钮可见计为逐实例通过"
"CTRL-0481","src/normalized-ui/ConfirmationDialog.tsx","166","InputPromptDialog","input","{request.multiline ? <textarea id={inputId} ref={(node) => { input.current = node }} value={value} onChange={(event) => setValue(event.target.value)} /> : <input id={inputId} ref={(node) => { input.current = node }} value={value} onChange={(event) => setValue(event.target.value)} />}","{""onChange"":""(event) => setValue(event.target.value)""}","","","","request.multiline","已定义交互事件","","定义与绑定已登记；业务结果按闭环表核对，不能将源码登记或同名按钮可见计为逐实例通过"
"CTRL-0482","src/normalized-ui/ConfirmationDialog.tsx","169","InputPromptDialog","button","{request.cancelLabel}","{""onClick"":""() => onResolve(null)""}","","","","","已定义交互事件","","定义与绑定已登记；业务结果按闭环表核对，不能将源码登记或同名按钮可见计为逐实例通过"
"CTRL-0483","src/normalized-ui/ConfirmationDialog.tsx","170","InputPromptDialog","button","{request.confirmLabel}","{""onClick"":""() => onResolve(value)""}","","","","","已定义交互事件","","定义与绑定已登记；业务结果按闭环表核对，不能将源码登记或同名按钮可见计为逐实例通过"
"CTRL-0484","src/normalized-ui/CouponCalendarPreviewPanel.tsx","69","CouponCalendarPreviewPanel","summary","优惠券可用日历预览","{}","","","","","浏览器原生展开/收起","","定义与绑定已登记；业务结果按闭环表核对，不能将源码登记或同名按钮可见计为逐实例通过"
"CTRL-0485","src/normalized-ui/CouponCalendarPreviewPanel.tsx","73","CouponCalendarPreviewPanel","input","可用日期起","{""onChange"":""event => change('from', event.target.value)""}","","","","","已定义交互事件","","定义与绑定已登记；业务结果按闭环表核对，不能将源码登记或同名按钮可见计为逐实例通过"
"CTRL-0486","src/normalized-ui/CouponCalendarPreviewPanel.tsx","74","CouponCalendarPreviewPanel","input","可用日期止（含当天）","{""onChange"":""event => change('through', event.target.value)""}","","","","","已定义交互事件","","定义与绑定已登记；业务结果按闭环表核对，不能将源码登记或同名按钮可见计为逐实例通过"
"CTRL-0487","src/normalized-ui/CouponCalendarPreviewPanel.tsx","75","CouponCalendarPreviewPanel","input","绝对开始时间（可留空，取起始日零点）","{""onChange"":""event => change('absoluteFrom', event.target.value)""}","","","","","已定义交互事件","","定义与绑定已登记；业务结果按闭环表核对，不能将源码登记或同名按钮可见计为逐实例通过"
"CTRL-0488","src/normalized-ui/CouponCalendarPreviewPanel.tsx","76","CouponCalendarPreviewPanel","input","绝对截止时间（北京时间）","{""onChange"":""event => change('until', event.target.value)""}","","","","","已定义交互事件","","定义与绑定已登记；业务结果按闭环表核对，不能将源码登记或同名按钮可见计为逐实例通过"
"CTRL-0489","src/normalized-ui/CouponCalendarPreviewPanel.tsx","77","CouponCalendarPreviewPanel","select","日期归属","{""onChange"":""event => change('basis', event.target.value)""}","","","","","已定义交互事件","","定义与绑定已登记；业务结果按闭环表核对，不能将源码登记或同名按钮可见计为逐实例通过"
"CTRL-0490","src/normalized-ui/CouponCalendarPreviewPanel.tsx","78","CouponCalendarPreviewPanel","NumberInputWithUnit","发放后有效天数（留空仅按固定日期）","{""onChange"":""event=>change('relativeDays',event.target.value)""}","","","","","已定义交互事件","","定义与绑定已登记；业务结果按闭环表核对，不能将源码登记或同名按钮可见计为逐实例通过"
"CTRL-0491","src/normalized-ui/CouponCalendarPreviewPanel.tsx","79","CouponCalendarPreviewPanel","select","每满24小时算一天 自然日结束（发放当日算第1天） 营业日结束（须先配置营业日）","{""onChange"":""event=>change('relativeBasis',event.target.value)""}","","","","form.relativeDays!==''","已定义交互事件","","定义与绑定已登记；业务结果按闭环表核对，不能将源码登记或同名按钮可见计为逐实例通过"
"CTRL-0492","src/normalized-ui/CouponCalendarPreviewPanel.tsx","79","CouponCalendarPreviewPanel","input","模拟发放时间（北京时间）","{""onChange"":""event=>change('issuedAt',event.target.value)""}","","","","form.relativeDays!==''","已定义交互事件","","定义与绑定已登记；业务结果按闭环表核对，不能将源码登记或同名按钮可见计为逐实例通过"
"CTRL-0493","src/normalized-ui/CouponCalendarPreviewPanel.tsx","80","CouponCalendarPreviewPanel","input","营业日换日时刻","{""onChange"":""event => change('cutoff', event.target.value)""}","","","","form.basis === 'business'","已定义交互事件","","定义与绑定已登记；业务结果按闭环表核对，不能将源码登记或同名按钮可见计为逐实例通过"
"CTRL-0494","src/normalized-ui/CouponCalendarPreviewPanel.tsx","81","CouponCalendarPreviewPanel","select","{['一','二','三','四','五','六','日'].map((day, index) => <option key={day} value={index + 1}>星期{day}</option>)}","{""onChange"":""event => change('weekStartsOn', event.target.value)""}","","","","","已定义交互事件","","定义与绑定已登记；业务结果按闭环表核对，不能将源码登记或同名按钮可见计为逐实例通过"
"CTRL-0495","src/normalized-ui/CouponCalendarPreviewPanel.tsx","83","CouponCalendarPreviewPanel","input","周 {day}","{""onChange"":""event => { invalidate(); setWeekdays(previous => event.target.checked ? [...previous, index + 1] : previous.filter(value => value !== index + 1)) }""}","","","","","已定义交互事件","","定义与绑定已登记；业务结果按闭环表核对，不能将源码登记或同名按钮可见计为逐实例通过"
"CTRL-0496","src/normalized-ui/CouponCalendarPreviewPanel.tsx","84","CouponCalendarPreviewPanel","input","全天可用","{""onChange"":""event => change('allDay', event.target.checked)""}","","","","","已定义交互事件","","定义与绑定已登记；业务结果按闭环表核对，不能将源码登记或同名按钮可见计为逐实例通过"
"CTRL-0497","src/normalized-ui/CouponCalendarPreviewPanel.tsx","87","CouponCalendarPreviewPanel","input","时段 {index + 1} 开始","{""onChange"":""event => { invalidate(); setWindows(previous => previous.map((item, position) => position === index ? { ...item, start: event.target.value } : item)) }""}","","","","","已定义交互事件","","定义与绑定已登记；业务结果按闭环表核对，不能将源码登记或同名按钮可见计为逐实例通过"
"CTRL-0498","src/normalized-ui/CouponCalendarPreviewPanel.tsx","88","CouponCalendarPreviewPanel","input","时段 {index + 1} 结束","{""onChange"":""event => { invalidate(); setWindows(previous => previous.map((item, position) => position === index ? { ...item, end: event.target.value } : item)) }""}","","","","","已定义交互事件","","定义与绑定已登记；业务结果按闭环表核对，不能将源码登记或同名按钮可见计为逐实例通过"
"CTRL-0499","src/normalized-ui/CouponCalendarPreviewPanel.tsx","89","CouponCalendarPreviewPanel","button","移除时段 {index + 1}","{""onClick"":""() => { invalidate(); setWindows(previous => previous.filter((_, position) => position !== index)) }""}","","","","windows.length > 1","已定义交互事件","","定义与绑定已登记；业务结果按闭环表核对，不能将源码登记或同名按钮可见计为逐实例通过"
"CTRL-0500","src/normalized-ui/CouponCalendarPreviewPanel.tsx","91","CouponCalendarPreviewPanel","button","添加时间段","{""onClick"":""() => { invalidate(); setWindows(previous => [...previous, { start: '18:00', end: '20:00' }]) }""}","","","windows.length >= 12","!form.allDay","已定义交互事件","","定义与绑定已登记；业务结果按闭环表核对，不能将源码登记或同名按钮可见计为逐实例通过"
"CTRL-0501","src/normalized-ui/CouponCalendarPreviewPanel.tsx","94","CouponCalendarPreviewPanel","textarea","排除日期（完整年月日，逗号或换行分隔）","{""onChange"":""event => change('excluded', event.target.value)""}","","","","","已定义交互事件","","定义与绑定已登记；业务结果按闭环表核对，不能将源码登记或同名按钮可见计为逐实例通过"
"CTRL-0502","src/normalized-ui/CouponCalendarPreviewPanel.tsx","95","CouponCalendarPreviewPanel","button","{busy ? '正在计算…' : '生成可用日历'}","{""onClick"":""() => void preview()""}","","","busy","","已定义交互事件","","定义与绑定已登记；业务结果按闭环表核对，不能将源码登记或同名按钮可见计为逐实例通过"
"CTRL-0503","src/normalized-ui/CouponCalendarPreviewPanel.tsx","103","CouponCalendarPreviewPanel","button","查看后续日期","{""onClick"":""() => void preview(result.nextCalendarDate!)""}","","","busy","result && !result.hasUsableWindow && result.nextCalendarDate","已定义交互事件","","定义与绑定已登记；业务结果按闭环表核对，不能将源码登记或同名按钮可见计为逐实例通过"
"CTRL-0504","src/normalized-ui/CouponCalendarVersionPanel.tsx","72","CouponCalendarVersionPanel","button","读取最近30个时间规则版本","{""onClick"":""() => void load()""}","","","busy","","已定义交互事件","","定义与绑定已登记；业务结果按闭环表核对，不能将源码登记或同名按钮可见计为逐实例通过"
"CTRL-0505","src/normalized-ui/CouponCalendarVersionPanel.tsx","73","CouponCalendarVersionPanel","select","选择时间规则版本","{""onChange"":""event => { const item = items.find(value => value.id === event.target.value); if (item) open(item) }""}","","","busy","items.length > 0","已定义交互事件","","定义与绑定已登记；业务结果按闭环表核对，不能将源码登记或同名按钮可见计为逐实例通过"
"CTRL-0506","src/normalized-ui/CouponCalendarVersionPanel.tsx","75","CouponCalendarVersionPanel","input","活动规则编号","{""onChange"":""event => { setCode(event.target.value); setVersion(0); setSelected(null) }""}","","","","","已定义交互事件","","定义与绑定已登记；业务结果按闭环表核对，不能将源码登记或同名按钮可见计为逐实例通过"
"CTRL-0507","src/normalized-ui/CouponCalendarVersionPanel.tsx","76","CouponCalendarVersionPanel","NumberInputWithUnit","{label}","{""onChange"":""event => { setSelected(null); setLimits(previous => ({ ...previous, [key]: event.target.value })) }""}","","","","","已定义交互事件","","定义与绑定已登记；业务结果按闭环表核对，不能将源码登记或同名按钮可见计为逐实例通过"
"CTRL-0508","src/normalized-ui/CouponCalendarVersionPanel.tsx","77","CouponCalendarVersionPanel","input","本次版本操作原因","{""onChange"":""event => setReason(event.target.value)""}","","","","","已定义交互事件","","定义与绑定已登记；业务结果按闭环表核对，不能将源码登记或同名按钮可见计为逐实例通过"
"CTRL-0509","src/normalized-ui/CouponCalendarVersionPanel.tsx","79","CouponCalendarVersionPanel","button","保存时间规则第 {version + 1} 版","{""onClick"":""() => void save()""}","","","reason.trim().length < 2","auth.permissions.includes('loyalty.configuration.edit')","已定义交互事件","","定义与绑定已登记；业务结果按闭环表核对，不能将源码登记或同名按钮可见计为逐实例通过"
"CTRL-0510","src/normalized-ui/CouponCalendarVersionPanel.tsx","81","CouponCalendarVersionPanel","button","审批时间规则","{""onClick"":""() => void decide('approve')""}","","","reason.trim().length < 2","selected && selected.status === 'draft' && selected.createdByEmployeeId !== auth.employee.id && auth.permissions.includes('loyalty.configuration.approve')","已定义交互事件","","定义与绑定已登记；业务结果按闭环表核对，不能将源码登记或同名按钮可见计为逐实例通过"
"CTRL-0511","src/normalized-ui/CouponCalendarVersionPanel.tsx","82","CouponCalendarVersionPanel","button","发布时间规则","{""onClick"":""() => void decide('publish')""}","","","reason.trim().length < 2","selected && selected.status === 'approved' && selected.createdByEmployeeId !== auth.employee.id && !selected.decisions.some(item => item.action === 'approve' && item.employeeId === auth.employee.id) && auth.permissions.includes('loy","已定义交互事件","","定义与绑定已登记；业务结果按闭环表核对，不能将源码登记或同名按钮可见计为逐实例通过"
"CTRL-0512","src/normalized-ui/CouponCalendarVersionPanel.tsx","83","CouponCalendarVersionPanel","button","停止此版本新发券","{""onClick"":""() => void decide('stop_issuing')""}","","","reason.trim().length < 2","selected && selected.status === 'published' && auth.permissions.includes('loyalty.policy.publish')","已定义交互事件","","定义与绑定已登记；业务结果按闭环表核对，不能将源码登记或同名按钮可见计为逐实例通过"
"CTRL-0513","src/normalized-ui/CouponRefundReviewPanel.tsx","44","CouponRefundReviewPanel","summary","退款后的权益复核","{}","","","","","浏览器原生展开/收起","","定义与绑定已登记；业务结果按闭环表核对，不能将源码登记或同名按钮可见计为逐实例通过"
"CTRL-0514","src/normalized-ui/CouponRefundReviewPanel.tsx","46","CouponRefundReviewPanel","button","读取待复核权益","{""onClick"":""()=>void load('pending')""}","","","busy","","已定义交互事件","","定义与绑定已登记；业务结果按闭环表核对，不能将源码登记或同名按钮可见计为逐实例通过"
"CTRL-0515","src/normalized-ui/CouponRefundReviewPanel.tsx","46","CouponRefundReviewPanel","button","已处理记录","{""onClick"":""()=>void load('resolved')""}","","","busy","","已定义交互事件","","定义与绑定已登记；业务结果按闭环表核对，不能将源码登记或同名按钮可见计为逐实例通过"
"CTRL-0516","src/normalized-ui/CouponRefundReviewPanel.tsx","50","CouponRefundReviewPanel","button","复核此权益","{""onClick"":""()=>{setSelected(key(row));setAction('');setReason('');setEvidence('');setReplacements([]);setReplacementCursor(null);setReplacementId('')}""}","","","busy","row.action && auth.permissions.includes('loyalty.policy.publish')","已定义交互事件","","定义与绑定已登记；业务结果按闭环表核对，不能将源码登记或同名按钮可见计为逐实例通过"
"CTRL-0517","src/normalized-ui/CouponRefundReviewPanel.tsx","53","CouponRefundReviewPanel","select","权益处理方式","{""onChange"":""e=>setAction(e.target.value)""}","","","","row.action && auth.permissions.includes('loyalty.policy.publish') && selected===key(row)","已定义交互事件","","定义与绑定已登记；业务结果按闭环表核对，不能将源码登记或同名按钮可见计为逐实例通过"
"CTRL-0518","src/normalized-ui/CouponRefundReviewPanel.tsx","61","CouponRefundReviewPanel","button","读取本人新券","{""onClick"":""()=>void loadReplacements(row)""}","","","","row.action && auth.permissions.includes('loyalty.policy.publish') && selected===key(row) && action==='replacement_coupon'","已定义交互事件","","定义与绑定已登记；业务结果按闭环表核对，不能将源码登记或同名按钮可见计为逐实例通过"
"CTRL-0519","src/normalized-ui/CouponRefundReviewPanel.tsx","62","CouponRefundReviewPanel","select","已发补偿券","{""onChange"":""event=>setReplacementId(event.target.value)""}","","","","row.action && auth.permissions.includes('loyalty.policy.publish') && selected===key(row) && action==='replacement_coupon'","已定义交互事件","","定义与绑定已登记；业务结果按闭环表核对，不能将源码登记或同名按钮可见计为逐实例通过"
"CTRL-0520","src/normalized-ui/CouponRefundReviewPanel.tsx","63","CouponRefundReviewPanel","button","更多本人新券","{""onClick"":""()=>void loadReplacements(row,true)""}","","","","row.action && auth.permissions.includes('loyalty.policy.publish') && selected===key(row) && action==='replacement_coupon' && replacementCursor","已定义交互事件","","定义与绑定已登记；业务结果按闭环表核对，不能将源码登记或同名按钮可见计为逐实例通过"
"CTRL-0521","src/normalized-ui/CouponRefundReviewPanel.tsx","65","CouponRefundReviewPanel","textarea","权益复核原因","{""onChange"":""e=>setReason(e.target.value)""}","","","","row.action && auth.permissions.includes('loyalty.policy.publish') && selected===key(row)","已定义交互事件","","定义与绑定已登记；业务结果按闭环表核对，不能将源码登记或同名按钮可见计为逐实例通过"
"CTRL-0522","src/normalized-ui/CouponRefundReviewPanel.tsx","66","CouponRefundReviewPanel","input","规则或补偿凭证","{""onChange"":""e=>setEvidence(e.target.value)""}","","","","row.action && auth.permissions.includes('loyalty.policy.publish') && selected===key(row)","已定义交互事件","","定义与绑定已登记；业务结果按闭环表核对，不能将源码登记或同名按钮可见计为逐实例通过"
"CTRL-0523","src/normalized-ui/CouponRefundReviewPanel.tsx","67","CouponRefundReviewPanel","button","记录权益处理","{""onClick"":""()=>void decide(row)""}","","","!action||reason.trim().length<2||evidence.trim().length<2||(action==='replacement_coupon'&&!replacementId)","row.action && auth.permissions.includes('loyalty.policy.publish') && selected===key(row)","已定义交互事件","","定义与绑定已登记；业务结果按闭环表核对，不能将源码登记或同名按钮可见计为逐实例通过"
"CTRL-0524","src/normalized-ui/CouponRefundReviewPanel.tsx","70","CouponRefundReviewPanel","button","更多权益复核","{""onClick"":""()=>void load(state,true)""}","","","busy","cursor","已定义交互事件","","定义与绑定已登记；业务结果按闭环表核对，不能将源码登记或同名按钮可见计为逐实例通过"
"CTRL-0525","src/normalized-ui/CustodyDepositCapture.tsx","6","CustodyFractionSelect","select","瓶内剩余比例","{""onChange"":""e=>{const f=custodyFractions.find(f=>f[0]===e.target.value);if(f)onChange(f[2]);else onChange('')}""}","","","","unit==='瓶'","已定义交互事件","","定义与绑定已登记；业务结果按闭环表核对，不能将源码登记或同名按钮可见计为逐实例通过"
"CTRL-0526","src/normalized-ui/CustodyDepositCapture.tsx","18","CustodyDepositCapture","input","存酒联系手机号","{""onChange"":""e=>onChange({...value,phone:e.target.value})""}","","","disabled","currentPhone","已定义交互事件","","定义与绑定已登记；业务结果按闭环表核对，不能将源码登记或同名按钮可见计为逐实例通过"
"CTRL-0527","src/normalized-ui/CustodyDepositCapture.tsx","18","CustodyDepositCapture","button","使用会员登记手机号","{""onClick"":""()=>onChange({...value,phone:null})""}","","","disabled","value.phone&&currentPhone","已定义交互事件","","定义与绑定已登记；业务结果按闭环表核对，不能将源码登记或同名按钮可见计为逐实例通过"
"CTRL-0528","src/normalized-ui/CustodyDepositCapture.tsx","20","CustodyDepositCapture","button","拍摄并使用","{""onClick"":""capture""}","","","disabled||!ready","camera","已定义交互事件","","定义与绑定已登记；业务结果按闭环表核对，不能将源码登记或同名按钮可见计为逐实例通过"
"CTRL-0529","src/normalized-ui/CustodyDepositCapture.tsx","20","CustodyDepositCapture","button","关闭摄像头","{""onClick"":""stop""}","","","","camera","已定义交互事件","","定义与绑定已登记；业务结果按闭环表核对，不能将源码登记或同名按钮可见计为逐实例通过"
"CTRL-0530","src/normalized-ui/CustodyDepositCapture.tsx","20","CustodyDepositCapture","button","{starting?'正在打开摄像头…':value.photoBase64?'重新拍照':'打开摄像头拍照'}","{""onClick"":""()=>void start()""}","","","disabled||starting","camera","已定义交互事件","","定义与绑定已登记；业务结果按闭环表核对，不能将源码登记或同名按钮可见计为逐实例通过"
"CTRL-0531","src/normalized-ui/CustodyReportPanel.tsx","11","CustodyReportPanel","summary","数据中心：选择统计范围","{}","","","","","浏览器原生展开/收起","SYS-299","定义与绑定已登记；业务结果按闭环表核对，不能将源码登记或同名按钮可见计为逐实例通过"
"CTRL-0532","src/normalized-ui/CustodyReportPanel.tsx","12","CustodyReportPanel","select","存酒单 消费订单 全部（分别统计）","{""onChange"":""e=>{setScope(e.target.value);setResult(null)}""}","","","busy","","已定义交互事件","SYS-299","定义与绑定已登记；业务结果按闭环表核对，不能将源码登记或同名按钮可见计为逐实例通过"
"CTRL-0533","src/normalized-ui/CustodyReportPanel.tsx","13","CustodyReportPanel","input","报表会员号","{""onChange"":""e=>{setMember(e.target.value);setResult(null)}""}","","","busy","","已定义交互事件","SYS-299","定义与绑定已登记；业务结果按闭环表核对，不能将源码登记或同名按钮可见计为逐实例通过"
"CTRL-0534","src/normalized-ui/CustodyReportPanel.tsx","13","CustodyReportPanel","input","报表品类名称或代码","{""onChange"":""e=>{setCategory(e.target.value);setResult(null)}""}","","","busy","","已定义交互事件","SYS-299","定义与绑定已登记；业务结果按闭环表核对，不能将源码登记或同名按钮可见计为逐实例通过"
"CTRL-0535","src/normalized-ui/CustodyReportPanel.tsx","13","CustodyReportPanel","input","报表开始日期","{""onChange"":""e=>{setFrom(e.target.value);setResult(null)}""}","","","busy","","已定义交互事件","SYS-299","定义与绑定已登记；业务结果按闭环表核对，不能将源码登记或同名按钮可见计为逐实例通过"
"CTRL-0536","src/normalized-ui/CustodyReportPanel.tsx","13","CustodyReportPanel","input","报表结束日期","{""onChange"":""e=>{setTo(e.target.value);setResult(null)}""}","","","busy","","已定义交互事件","SYS-299","定义与绑定已登记；业务结果按闭环表核对，不能将源码登记或同名按钮可见计为逐实例通过"
"CTRL-0537","src/normalized-ui/CustodyReportPanel.tsx","14","CustodyReportPanel","button","查询统计","{""onClick"":""()=>void run(()=>query())""}","","","busy","","已定义交互事件","SYS-299","定义与绑定已登记；业务结果按闭环表核对，不能将源码登记或同名按钮可见计为逐实例通过"
"CTRL-0538","src/normalized-ui/CustodyReportPanel.tsx","14","CustodyReportPanel","button","导出所选范围","{""onClick"":""()=>void run(async()=>{const url='/api/staff/bottle-custody/report-export',body=input(),data=await executeRecoverableCommand(`${auth.employee.id}:${url}`,body,createIdempotencyKey('custody-report'),key=>api.postEndpoint<{base64:string;filename:string}>(url,body,{idempotencyKey:key}));const link=document.createElement('a'),objectUrl=URL.createObjectURL(new Blob([Uint8Array.from(atob(data.base64),c=>c.charCodeAt(0))],{type:'application/vnd.openxmlformats-officedocument.spreadsheetml.sheet'}));link.href=objectUrl;link.download=data.filename;link.click();setTimeout(()=>URL.revokeObjectURL(objectUrl),1000);setMessage('报表已导出')})""}","","","busy||!auth.permissions.includes('bottle.custody.export')","","已定义交互事件","SYS-299","定义与绑定已登记；业务结果按闭环表核对，不能将源码登记或同名按钮可见计为逐实例通过"
"CTRL-0539","src/normalized-ui/CustodyReportPanel.tsx","16","CustodyReportPanel","button","下一页报表","{""onClick"":""()=>void run(()=>query(result.nextOffset!))""}","","","busy","result?.nextOffset!=null","已定义交互事件","SYS-299","定义与绑定已登记；业务结果按闭环表核对，不能将源码登记或同名按钮可见计为逐实例通过"
"CTRL-0540","src/normalized-ui/CustomerExperienceAnalyticsPanel.tsx","139","CustomerExperienceAnalyticsPanel","select","最近7天 最近28天 最近84天","{""onChange"":""(event) => setDays(event.target.value)""}","","","","","已定义交互事件","SYS-300","定义与绑定已登记；业务结果按闭环表核对，不能将源码登记或同名按钮可见计为逐实例通过"
"CTRL-0541","src/normalized-ui/CustomerExperienceAnalyticsPanel.tsx","143","CustomerExperienceAnalyticsPanel","button","{busy ? '读取中' : '刷新'}","{""onClick"":""() => void load()""}","","","busy","","已定义交互事件","SYS-300","定义与绑定已登记；业务结果按闭环表核对，不能将源码登记或同名按钮可见计为逐实例通过"
"CTRL-0542","src/normalized-ui/CustomerExperienceAnalyticsPanel.tsx","146","CustomerExperienceAnalyticsPanel","form","商品 全部商品 {productOptions.map((item) => <option value={item.id} key={item.id}>{item.name}</option>)} 套餐（强订单行） 全部套餐 {(view?.packageOptions ?? []).map((item) => ( <option value={item.productId} key={item.productId}>{item.productName}</option> ))} 记录员工（仅观察） 全部员工 {employeeOptions.map((item) => <option value={item.id} key={item.id}>{item.name}</option>)} 桌号 人数 来店场景（同桌事实） 全部场景 商务 朋友聚会 约会 生日 音乐 放松 其他 客群（暂不可用） 缺事件时点分群事实 演出阶段 全部阶段 演出前 弹唱 乐队现场 中场 演出后 推荐结果（仅推荐） 全部结果 已付款 已退款 有订单投诉 同桌后续付款 后续同品复购 贡献金额缺成本 应用筛选 清除","{""onSubmit"":""(event) => {\n      event.preventDefault(); setAppliedFilters({ ...draftFilters })\n    }""}","","","","","已定义交互事件","SYS-300","定义与绑定已登记；业务结果按闭环表核对，不能将源码登记或同名按钮可见计为逐实例通过"
"CTRL-0543","src/normalized-ui/CustomerExperienceAnalyticsPanel.tsx","150","CustomerExperienceAnalyticsPanel","select","全部商品 {productOptions.map((item) => <option value={item.id} key={item.id}>{item.name}</option>)}","{""onChange"":""(event) => setDraftFilters({ ...draftFilters,productId:event.target.value })""}","(event) => {
      event.preventDefault(); setAppliedFilters({ ...draftFilters })
    }","","","","所属表单：(event) => {
      event.preventDefault(); setAppliedFilters({ ...draftFilters })
    }","SYS-300","定义与绑定已登记；业务结果按闭环表核对，不能将源码登记或同名按钮可见计为逐实例通过"
"CTRL-0544","src/normalized-ui/CustomerExperienceAnalyticsPanel.tsx","156","CustomerExperienceAnalyticsPanel","select","全部套餐 {(view?.packageOptions ?? []).map((item) => ( <option value={item.productId} key={item.productId}>{item.productName}</option> ))}","{""onChange"":""(event) => setDraftFilters({\n          ...draftFilters,packageProductId:event.target.value,\n        })""}","(event) => {
      event.preventDefault(); setAppliedFilters({ ...draftFilters })
    }","","","","所属表单：(event) => {
      event.preventDefault(); setAppliedFilters({ ...draftFilters })
    }","SYS-300","定义与绑定已登记；业务结果按闭环表核对，不能将源码登记或同名按钮可见计为逐实例通过"
"CTRL-0545","src/normalized-ui/CustomerExperienceAnalyticsPanel.tsx","166","CustomerExperienceAnalyticsPanel","select","全部员工 {employeeOptions.map((item) => <option value={item.id} key={item.id}>{item.name}</option>)}","{""onChange"":""(event) => setDraftFilters({ ...draftFilters,employeeId:event.target.value })""}","(event) => {
      event.preventDefault(); setAppliedFilters({ ...draftFilters })
    }","","","","所属表单：(event) => {
      event.preventDefault(); setAppliedFilters({ ...draftFilters })
    }","SYS-300","定义与绑定已登记；业务结果按闭环表核对，不能将源码登记或同名按钮可见计为逐实例通过"
"CTRL-0546","src/normalized-ui/CustomerExperienceAnalyticsPanel.tsx","172","CustomerExperienceAnalyticsPanel","input","桌号","{""onChange"":""(event) => setDraftFilters({ ...draftFilters,tableCode:event.target.value })""}","(event) => {
      event.preventDefault(); setAppliedFilters({ ...draftFilters })
    }","","","","所属表单：(event) => {
      event.preventDefault(); setAppliedFilters({ ...draftFilters })
    }","SYS-300","定义与绑定已登记；业务结果按闭环表核对，不能将源码登记或同名按钮可见计为逐实例通过"
"CTRL-0547","src/normalized-ui/CustomerExperienceAnalyticsPanel.tsx","176","CustomerExperienceAnalyticsPanel","input","人数","{""onChange"":""(event) => setDraftFilters({ ...draftFilters,partySize:event.target.value })""}","(event) => {
      event.preventDefault(); setAppliedFilters({ ...draftFilters })
    }","","","","所属表单：(event) => {
      event.preventDefault(); setAppliedFilters({ ...draftFilters })
    }","SYS-300","定义与绑定已登记；业务结果按闭环表核对，不能将源码登记或同名按钮可见计为逐实例通过"
"CTRL-0548","src/normalized-ui/CustomerExperienceAnalyticsPanel.tsx","180","CustomerExperienceAnalyticsPanel","select","全部场景 商务 朋友聚会 约会 生日 音乐 放松 其他","{""onChange"":""(event) => setDraftFilters({ ...draftFilters,occasion:event.target.value })""}","(event) => {
      event.preventDefault(); setAppliedFilters({ ...draftFilters })
    }","","","","所属表单：(event) => {
      event.preventDefault(); setAppliedFilters({ ...draftFilters })
    }","SYS-300","定义与绑定已登记；业务结果按闭环表核对，不能将源码登记或同名按钮可见计为逐实例通过"
"CTRL-0549","src/normalized-ui/CustomerExperienceAnalyticsPanel.tsx","188","CustomerExperienceAnalyticsPanel","select","缺事件时点分群事实","{}","(event) => {
      event.preventDefault(); setAppliedFilters({ ...draftFilters })
    }","","true","","所属表单：(event) => {
      event.preventDefault(); setAppliedFilters({ ...draftFilters })
    }","SYS-300","定义与绑定已登记；业务结果按闭环表核对，不能将源码登记或同名按钮可见计为逐实例通过"
"CTRL-0550","src/normalized-ui/CustomerExperienceAnalyticsPanel.tsx","193","CustomerExperienceAnalyticsPanel","select","全部阶段 演出前 弹唱 乐队现场 中场 演出后","{""onChange"":""(event) => setDraftFilters({ ...draftFilters,performancePhase:event.target.value })""}","(event) => {
      event.preventDefault(); setAppliedFilters({ ...draftFilters })
    }","","","","所属表单：(event) => {
      event.preventDefault(); setAppliedFilters({ ...draftFilters })
    }","SYS-300","定义与绑定已登记；业务结果按闭环表核对，不能将源码登记或同名按钮可见计为逐实例通过"
"CTRL-0551","src/normalized-ui/CustomerExperienceAnalyticsPanel.tsx","199","CustomerExperienceAnalyticsPanel","select","全部结果 已付款 已退款 有订单投诉 同桌后续付款 后续同品复购 贡献金额缺成本","{""onChange"":""(event) => setDraftFilters({\n          ...draftFilters,recommendationOutcome:event.target.value,\n        })""}","(event) => {
      event.preventDefault(); setAppliedFilters({ ...draftFilters })
    }","","","","所属表单：(event) => {
      event.preventDefault(); setAppliedFilters({ ...draftFilters })
    }","SYS-300","定义与绑定已登记；业务结果按闭环表核对，不能将源码登记或同名按钮可见计为逐实例通过"
"CTRL-0552","src/normalized-ui/CustomerExperienceAnalyticsPanel.tsx","209","CustomerExperienceAnalyticsPanel","button","应用筛选","{}","(event) => {
      event.preventDefault(); setAppliedFilters({ ...draftFilters })
    }","","busy","","所属表单：(event) => {
      event.preventDefault(); setAppliedFilters({ ...draftFilters })
    }","SYS-300","定义与绑定已登记；业务结果按闭环表核对，不能将源码登记或同名按钮可见计为逐实例通过"
"CTRL-0553","src/normalized-ui/CustomerExperienceAnalyticsPanel.tsx","210","CustomerExperienceAnalyticsPanel","button","清除","{""onClick"":""() => {\n          setDraftFilters(EMPTY_FILTERS); setAppliedFilters(EMPTY_FILTERS)\n        }""}","(event) => {
      event.preventDefault(); setAppliedFilters({ ...draftFilters })
    }","","busy","","所属表单：(event) => {
      event.preventDefault(); setAppliedFilters({ ...draftFilters })
    }","SYS-300","定义与绑定已登记；业务结果按闭环表核对，不能将源码登记或同名按钮可见计为逐实例通过"
"CTRL-0554","src/normalized-ui/CustomerExperienceManagementPanel.tsx","300","MemberAccountLookupPanel","form","会员号 {busy ? '正在查询' : '查询账户'}","{""onSubmit"":""(event) => void submit(event)""}","","","","","已定义交互事件","SYS-289、SYS-291、SYS-292、SYS-298、SYS-299、SYS-300、SYS-301","定义与绑定已登记；业务结果按闭环表核对，不能将源码登记或同名按钮可见计为逐实例通过"
"CTRL-0555","src/normalized-ui/CustomerExperienceManagementPanel.tsx","301","MemberAccountLookupPanel","input","会员号","{""onChange"":""(event) => setMemberNo(event.target.value)""}","(event) => void submit(event)","","","","所属表单：(event) => void submit(event)","SYS-289、SYS-291、SYS-292、SYS-298、SYS-299、SYS-300、SYS-301","定义与绑定已登记；业务结果按闭环表核对，不能将源码登记或同名按钮可见计为逐实例通过"
"CTRL-0556","src/normalized-ui/CustomerExperienceManagementPanel.tsx","302","MemberAccountLookupPanel","button","{busy ? '正在查询' : '查询账户'}","{}","(event) => void submit(event)","","busy || memberNo.trim().length < 1","","所属表单：(event) => void submit(event)","SYS-289、SYS-291、SYS-292、SYS-298、SYS-299、SYS-300、SYS-301","定义与绑定已登记；业务结果按闭环表核对，不能将源码登记或同名按钮可见计为逐实例通过"
"CTRL-0557","src/normalized-ui/CustomerExperienceManagementPanel.tsx","428","TierBenefitPolicyPanel","form","关联已发布等级规则 请选择 {configuration?.tierPolicies.map((item) => <option key={item.id} value={item.id}>第{item.version}版</option>)} 规则代码 适用等级 普通会员 银卡 金卡 权益定义 请选择 {configuration?.definitions.filter((item) => item.status === 'active').map((item) => <option key={item.id} value={item.id}>{item.name}</option>)} 发放数量 有效天数 降级处理 撤回未预留权益 保留至自然到期 高等级继承 进入等级时发放 保级时发放 加入当前规则 起草原因 {rules.length === 0 ? <small>还没有待保存规则</small> : rules.map((item) => <span key={item.ruleCode}>{item.ruleCode} · {item.eligibleTier} · {item.quantity}份/{item.validityDays}天 <button type=""button"" onClick={() => setRules((current) => current.filter((candidate) => candidate.ruleCode !== item.ruleCode))}>移除</button></span>)} 保存政策草稿","{""onSubmit"":""(event) => void saveDraft(event)""}","","","","canManage","已定义交互事件","SYS-289、SYS-291、SYS-292、SYS-298、SYS-299、SYS-300、SYS-301","定义与绑定已登记；业务结果按闭环表核对，不能将源码登记或同名按钮可见计为逐实例通过"
"CTRL-0558","src/normalized-ui/CustomerExperienceManagementPanel.tsx","429","TierBenefitPolicyPanel","select","请选择 {configuration?.tierPolicies.map((item) => <option key={item.id} value={item.id}>第{item.version}版</option>)}","{""onChange"":""(event) => setForm({ ...form, tierPolicyVersionId: event.target.value })""}","(event) => void saveDraft(event)","","","canManage","所属表单：(event) => void saveDraft(event)","SYS-289、SYS-291、SYS-292、SYS-298、SYS-299、SYS-300、SYS-301","定义与绑定已登记；业务结果按闭环表核对，不能将源码登记或同名按钮可见计为逐实例通过"
"CTRL-0559","src/normalized-ui/CustomerExperienceManagementPanel.tsx","430","TierBenefitPolicyPanel","input","规则代码","{""onChange"":""(event) => setForm({ ...form, ruleCode: event.target.value.toUpperCase() })""}","(event) => void saveDraft(event)","","","canManage","所属表单：(event) => void saveDraft(event)","SYS-289、SYS-291、SYS-292、SYS-298、SYS-299、SYS-300、SYS-301","定义与绑定已登记；业务结果按闭环表核对，不能将源码登记或同名按钮可见计为逐实例通过"
"CTRL-0560","src/normalized-ui/CustomerExperienceManagementPanel.tsx","431","TierBenefitPolicyPanel","select","普通会员 银卡 金卡","{""onChange"":""(event) => setForm({ ...form, eligibleTier: event.target.value as TierBenefitRuleAdmin['eligibleTier'] })""}","(event) => void saveDraft(event)","","","canManage","所属表单：(event) => void saveDraft(event)","SYS-289、SYS-291、SYS-292、SYS-298、SYS-299、SYS-300、SYS-301","定义与绑定已登记；业务结果按闭环表核对，不能将源码登记或同名按钮可见计为逐实例通过"
"CTRL-0561","src/normalized-ui/CustomerExperienceManagementPanel.tsx","432","TierBenefitPolicyPanel","select","请选择 {configuration?.definitions.filter((item) => item.status === 'active').map((item) => <option key={item.id} value={item.id}>{item.name}</option>)}","{""onChange"":""(event) => setForm({ ...form, benefitDefinitionId: event.target.value })""}","(event) => void saveDraft(event)","","","canManage","所属表单：(event) => void saveDraft(event)","SYS-289、SYS-291、SYS-292、SYS-298、SYS-299、SYS-300、SYS-301","定义与绑定已登记；业务结果按闭环表核对，不能将源码登记或同名按钮可见计为逐实例通过"
"CTRL-0562","src/normalized-ui/CustomerExperienceManagementPanel.tsx","433","TierBenefitPolicyPanel","input","发放数量","{""onChange"":""(event) => setForm({ ...form, quantity: event.target.value })""}","(event) => void saveDraft(event)","","","canManage","所属表单：(event) => void saveDraft(event)","SYS-289、SYS-291、SYS-292、SYS-298、SYS-299、SYS-300、SYS-301","定义与绑定已登记；业务结果按闭环表核对，不能将源码登记或同名按钮可见计为逐实例通过"
"CTRL-0563","src/normalized-ui/CustomerExperienceManagementPanel.tsx","434","TierBenefitPolicyPanel","input","有效天数","{""onChange"":""(event) => setForm({ ...form, validityDays: event.target.value })""}","(event) => void saveDraft(event)","","","canManage","所属表单：(event) => void saveDraft(event)","SYS-289、SYS-291、SYS-292、SYS-298、SYS-299、SYS-300、SYS-301","定义与绑定已登记；业务结果按闭环表核对，不能将源码登记或同名按钮可见计为逐实例通过"
"CTRL-0564","src/normalized-ui/CustomerExperienceManagementPanel.tsx","435","TierBenefitPolicyPanel","select","撤回未预留权益 保留至自然到期","{""onChange"":""(event) => setForm({ ...form, revocationPolicy: event.target.value as TierBenefitRuleAdmin['revocationPolicy'] })""}","(event) => void saveDraft(event)","","","canManage","所属表单：(event) => void saveDraft(event)","SYS-289、SYS-291、SYS-292、SYS-298、SYS-299、SYS-300、SYS-301","定义与绑定已登记；业务结果按闭环表核对，不能将源码登记或同名按钮可见计为逐实例通过"
"CTRL-0565","src/normalized-ui/CustomerExperienceManagementPanel.tsx","436","TierBenefitPolicyPanel","input","高等级继承","{""onChange"":""(event) => setForm({ ...form, inheritToHigherTiers: event.target.checked })""}","(event) => void saveDraft(event)","","","canManage","所属表单：(event) => void saveDraft(event)","SYS-289、SYS-291、SYS-292、SYS-298、SYS-299、SYS-300、SYS-301","定义与绑定已登记；业务结果按闭环表核对，不能将源码登记或同名按钮可见计为逐实例通过"
"CTRL-0566","src/normalized-ui/CustomerExperienceManagementPanel.tsx","437","TierBenefitPolicyPanel","input","进入等级时发放","{""onChange"":""(event) => setForm({ ...form, grantOnEntry: event.target.checked })""}","(event) => void saveDraft(event)","","","canManage","所属表单：(event) => void saveDraft(event)","SYS-289、SYS-291、SYS-292、SYS-298、SYS-299、SYS-300、SYS-301","定义与绑定已登记；业务结果按闭环表核对，不能将源码登记或同名按钮可见计为逐实例通过"
"CTRL-0567","src/normalized-ui/CustomerExperienceManagementPanel.tsx","438","TierBenefitPolicyPanel","input","保级时发放","{""onChange"":""(event) => setForm({ ...form, grantOnRetention: event.target.checked })""}","(event) => void saveDraft(event)","","","canManage","所属表单：(event) => void saveDraft(event)","SYS-289、SYS-291、SYS-292、SYS-298、SYS-299、SYS-300、SYS-301","定义与绑定已登记；业务结果按闭环表核对，不能将源码登记或同名按钮可见计为逐实例通过"
"CTRL-0568","src/normalized-ui/CustomerExperienceManagementPanel.tsx","439","TierBenefitPolicyPanel","button","加入当前规则","{""onClick"":""addRule""}","(event) => void saveDraft(event)","","","canManage","所属表单：(event) => void saveDraft(event)","SYS-289、SYS-291、SYS-292、SYS-298、SYS-299、SYS-300、SYS-301","定义与绑定已登记；业务结果按闭环表核对，不能将源码登记或同名按钮可见计为逐实例通过"
"CTRL-0569","src/normalized-ui/CustomerExperienceManagementPanel.tsx","440","TierBenefitPolicyPanel","input","起草原因","{""onChange"":""(event) => setForm({ ...form, reason: event.target.value })""}","(event) => void saveDraft(event)","","","canManage","所属表单：(event) => void saveDraft(event)","SYS-289、SYS-291、SYS-292、SYS-298、SYS-299、SYS-300、SYS-301","定义与绑定已登记；业务结果按闭环表核对，不能将源码登记或同名按钮可见计为逐实例通过"
"CTRL-0570","src/normalized-ui/CustomerExperienceManagementPanel.tsx","441","TierBenefitPolicyPanel","button","移除","{""onClick"":""() => setRules((current) => current.filter((candidate) => candidate.ruleCode !== item.ruleCode))""}","(event) => void saveDraft(event)","","","","所属表单：(event) => void saveDraft(event)","SYS-289、SYS-291、SYS-292、SYS-298、SYS-299、SYS-300、SYS-301","定义与绑定已登记；业务结果按闭环表核对，不能将源码登记或同名按钮可见计为逐实例通过"
"CTRL-0571","src/normalized-ui/CustomerExperienceManagementPanel.tsx","442","TierBenefitPolicyPanel","button","保存政策草稿","{}","(event) => void saveDraft(event)","","Boolean(busy)","canManage","所属表单：(event) => void saveDraft(event)","SYS-289、SYS-291、SYS-292、SYS-298、SYS-299、SYS-300、SYS-301","定义与绑定已登记；业务结果按闭环表核对，不能将源码登记或同名按钮可见计为逐实例通过"
"CTRL-0572","src/normalized-ui/CustomerExperienceManagementPanel.tsx","446","TierBenefitPolicyPanel","button","前往配置中心审批","{""onClick"":""() => void approve(policy)""}","","","Boolean(busy)","policy.status === 'draft' && canApprove && policy.draftedByEmployeeId !== auth.employee.id","已定义交互事件","SYS-289、SYS-291、SYS-292、SYS-298、SYS-299、SYS-300、SYS-301","定义与绑定已登记；业务结果按闭环表核对，不能将源码登记或同名按钮可见计为逐实例通过"
"CTRL-0573","src/normalized-ui/CustomerExperienceManagementPanel.tsx","446","TierBenefitPolicyPanel","button","排期发布","{""onClick"":""() => void publish(policy)""}","","","Boolean(busy)","policy.status === 'approved' && canPublish && policy.draftedByEmployeeId !== auth.employee.id && policy.approvedByEmployeeId !== auth.employee.id","已定义交互事件","SYS-289、SYS-291、SYS-292、SYS-298、SYS-299、SYS-300、SYS-301","定义与绑定已登记；业务结果按闭环表核对，不能将源码登记或同名按钮可见计为逐实例通过"
"CTRL-0574","src/normalized-ui/CustomerExperienceManagementPanel.tsx","527","MembershipTermsManagementPanel","form","条款标题 顾客摘要 条款全文 起草说明 {busy === 'draft' ? '正在保存' : '保存新版本草稿'}","{""onSubmit"":""(event) => void createDraft(event)""}","","","","canManage","已定义交互事件","SYS-289、SYS-291、SYS-292、SYS-298、SYS-299、SYS-300、SYS-301","定义与绑定已登记；业务结果按闭环表核对，不能将源码登记或同名按钮可见计为逐实例通过"
"CTRL-0575","src/normalized-ui/CustomerExperienceManagementPanel.tsx","528","MembershipTermsManagementPanel","input","条款标题","{""onChange"":""(event) => setForm({ ...form, title: event.target.value })""}","(event) => void createDraft(event)","","","canManage","所属表单：(event) => void createDraft(event)","SYS-289、SYS-291、SYS-292、SYS-298、SYS-299、SYS-300、SYS-301","定义与绑定已登记；业务结果按闭环表核对，不能将源码登记或同名按钮可见计为逐实例通过"
"CTRL-0576","src/normalized-ui/CustomerExperienceManagementPanel.tsx","529","MembershipTermsManagementPanel","input","顾客摘要","{""onChange"":""(event) => setForm({ ...form, summary: event.target.value })""}","(event) => void createDraft(event)","","","canManage","所属表单：(event) => void createDraft(event)","SYS-289、SYS-291、SYS-292、SYS-298、SYS-299、SYS-300、SYS-301","定义与绑定已登记；业务结果按闭环表核对，不能将源码登记或同名按钮可见计为逐实例通过"
"CTRL-0577","src/normalized-ui/CustomerExperienceManagementPanel.tsx","530","MembershipTermsManagementPanel","textarea","条款全文","{""onChange"":""(event) => setForm({ ...form, content: event.target.value })""}","(event) => void createDraft(event)","","","canManage","所属表单：(event) => void createDraft(event)","SYS-289、SYS-291、SYS-292、SYS-298、SYS-299、SYS-300、SYS-301","定义与绑定已登记；业务结果按闭环表核对，不能将源码登记或同名按钮可见计为逐实例通过"
"CTRL-0578","src/normalized-ui/CustomerExperienceManagementPanel.tsx","531","MembershipTermsManagementPanel","input","起草说明","{""onChange"":""(event) => setForm({ ...form, reason: event.target.value })""}","(event) => void createDraft(event)","","","canManage","所属表单：(event) => void createDraft(event)","SYS-289、SYS-291、SYS-292、SYS-298、SYS-299、SYS-300、SYS-301","定义与绑定已登记；业务结果按闭环表核对，不能将源码登记或同名按钮可见计为逐实例通过"
"CTRL-0579","src/normalized-ui/CustomerExperienceManagementPanel.tsx","532","MembershipTermsManagementPanel","button","{busy === 'draft' ? '正在保存' : '保存新版本草稿'}","{}","(event) => void createDraft(event)","","Boolean(busy)","canManage","所属表单：(event) => void createDraft(event)","SYS-289、SYS-291、SYS-292、SYS-298、SYS-299、SYS-300、SYS-301","定义与绑定已登记；业务结果按闭环表核对，不能将源码登记或同名按钮可见计为逐实例通过"
"CTRL-0580","src/normalized-ui/CustomerExperienceManagementPanel.tsx","538","MembershipTermsManagementPanel","summary","查看全文","{}","","","","","浏览器原生展开/收起","SYS-289、SYS-291、SYS-292、SYS-298、SYS-299、SYS-300、SYS-301","定义与绑定已登记；业务结果按闭环表核对，不能将源码登记或同名按钮可见计为逐实例通过"
"CTRL-0581","src/normalized-ui/CustomerExperienceManagementPanel.tsx","540","MembershipTermsManagementPanel","button","前往配置中心审批","{""onClick"":""() => void approve(version)""}","","","Boolean(busy)","version.status === 'draft' && canApprove && version.draftedByEmployeeId !== auth.employee.id","已定义交互事件","SYS-289、SYS-291、SYS-292、SYS-298、SYS-299、SYS-300、SYS-301","定义与绑定已登记；业务结果按闭环表核对，不能将源码登记或同名按钮可见计为逐实例通过"
"CTRL-0582","src/normalized-ui/CustomerExperienceManagementPanel.tsx","541","MembershipTermsManagementPanel","button","排期发布","{""onClick"":""() => void publish(version)""}","","","Boolean(busy)","version.status === 'approved' && canPublish && version.draftedByEmployeeId !== auth.employee.id && version.approvedByEmployeeId !== auth.employee.id","已定义交互事件","SYS-289、SYS-291、SYS-292、SYS-298、SYS-299、SYS-300、SYS-301","定义与绑定已登记；业务结果按闭环表核对，不能将源码登记或同名按钮可见计为逐实例通过"
"CTRL-0583","src/normalized-ui/CustomerExperienceManagementPanel.tsx","638","MembershipRecoveryPanel","form","历史会员号 已现场核验手机号 核验依据 {busy === 'contact' ? '正在保存' : '保存受控核验'}","{""onSubmit"":""(event) => void saveVerifiedContact(event)""}","","","","canVerify","已定义交互事件","SYS-289、SYS-291、SYS-292、SYS-298、SYS-299、SYS-300、SYS-301","定义与绑定已登记；业务结果按闭环表核对，不能将源码登记或同名按钮可见计为逐实例通过"
"CTRL-0584","src/normalized-ui/CustomerExperienceManagementPanel.tsx","639","MembershipRecoveryPanel","input","历史会员号","{""onChange"":""(event) => setContact({ ...contact, memberNo: event.target.value })""}","(event) => void saveVerifiedContact(event)","","","canVerify","所属表单：(event) => void saveVerifiedContact(event)","SYS-289、SYS-291、SYS-292、SYS-298、SYS-299、SYS-300、SYS-301","定义与绑定已登记；业务结果按闭环表核对，不能将源码登记或同名按钮可见计为逐实例通过"
"CTRL-0585","src/normalized-ui/CustomerExperienceManagementPanel.tsx","640","MembershipRecoveryPanel","input","已现场核验手机号","{""onChange"":""(event) => setContact({ ...contact, phone: event.target.value })""}","(event) => void saveVerifiedContact(event)","","","canVerify","所属表单：(event) => void saveVerifiedContact(event)","SYS-289、SYS-291、SYS-292、SYS-298、SYS-299、SYS-300、SYS-301","定义与绑定已登记；业务结果按闭环表核对，不能将源码登记或同名按钮可见计为逐实例通过"
"CTRL-0586","src/normalized-ui/CustomerExperienceManagementPanel.tsx","641","MembershipRecoveryPanel","input","核验依据","{""onChange"":""(event) => setContact({ ...contact, reason: event.target.value })""}","(event) => void saveVerifiedContact(event)","","","canVerify","所属表单：(event) => void saveVerifiedContact(event)","SYS-289、SYS-291、SYS-292、SYS-298、SYS-299、SYS-300、SYS-301","定义与绑定已登记；业务结果按闭环表核对，不能将源码登记或同名按钮可见计为逐实例通过"
"CTRL-0587","src/normalized-ui/CustomerExperienceManagementPanel.tsx","642","MembershipRecoveryPanel","button","{busy === 'contact' ? '正在保存' : '保存受控核验'}","{}","(event) => void saveVerifiedContact(event)","","Boolean(busy)","canVerify","所属表单：(event) => void saveVerifiedContact(event)","SYS-289、SYS-291、SYS-292、SYS-298、SYS-299、SYS-300、SYS-301","定义与绑定已登记；业务结果按闭环表核对，不能将源码登记或同名按钮可见计为逐实例通过"
"CTRL-0588","src/normalized-ui/CustomerExperienceManagementPanel.tsx","650","MembershipRecoveryPanel","button","查看候选","{""onClick"":""() => void loadCandidates(item)""}","","","Boolean(busy)","item.status === 'manual_review' && canVerify","已定义交互事件","SYS-289、SYS-291、SYS-292、SYS-298、SYS-299、SYS-300、SYS-301","定义与绑定已登记；业务结果按闭环表核对，不能将源码登记或同名按钮可见计为逐实例通过"
"CTRL-0589","src/normalized-ui/CustomerExperienceManagementPanel.tsx","651","MembershipRecoveryPanel","button","复核合并","{""onClick"":""() => void decide(item, 'approve')""}","","","Boolean(busy)","item.status === 'pending_review' && canApprove","已定义交互事件","SYS-289、SYS-291、SYS-292、SYS-298、SYS-299、SYS-300、SYS-301","定义与绑定已登记；业务结果按闭环表核对，不能将源码登记或同名按钮可见计为逐实例通过"
"CTRL-0590","src/normalized-ui/CustomerExperienceManagementPanel.tsx","652","MembershipRecoveryPanel","button","驳回","{""onClick"":""() => void decide(item, 'reject')""}","","","Boolean(busy)","canApprove","已定义交互事件","SYS-289、SYS-291、SYS-292、SYS-298、SYS-299、SYS-300、SYS-301","定义与绑定已登记；业务结果按闭环表核对，不能将源码登记或同名按钮可见计为逐实例通过"
"CTRL-0591","src/normalized-ui/CustomerExperienceManagementPanel.tsx","654","MembershipRecoveryPanel","button","选择此会员","{""onClick"":""() => void selectCandidate(item, candidate)""}","","","Boolean(busy)","","已定义交互事件","SYS-289、SYS-291、SYS-292、SYS-298、SYS-299、SYS-300、SYS-301","定义与绑定已登记；业务结果按闭环表核对，不能将源码登记或同名按钮可见计为逐实例通过"
"CTRL-0592","src/normalized-ui/CustomerExperienceManagementPanel.tsx","915","LoyaltyTierAndRedemptionPanel","form","银卡升级成长值 银卡保级成长值 金卡升级成长值 金卡保级成长值 银卡积分倍率 金卡积分倍率 评估窗口（月） 等级周期（月） 降级宽限（天） 配置原因 保存等级草稿","{""onSubmit"":""(event) => void draftTier(event)""}","","","","canManage","已定义交互事件","SYS-289、SYS-291、SYS-292、SYS-298、SYS-299、SYS-300、SYS-301","定义与绑定已登记；业务结果按闭环表核对，不能将源码登记或同名按钮可见计为逐实例通过"
"CTRL-0593","src/normalized-ui/CustomerExperienceManagementPanel.tsx","916","LoyaltyTierAndRedemptionPanel","input","银卡升级成长值","{""onChange"":""(event) => setTierForm({ ...tierForm, silverUpgradeGrowth: event.target.value })""}","(event) => void draftTier(event)","","","canManage","所属表单：(event) => void draftTier(event)","SYS-289、SYS-291、SYS-292、SYS-298、SYS-299、SYS-300、SYS-301","定义与绑定已登记；业务结果按闭环表核对，不能将源码登记或同名按钮可见计为逐实例通过"
"CTRL-0594","src/normalized-ui/CustomerExperienceManagementPanel.tsx","917","LoyaltyTierAndRedemptionPanel","input","银卡保级成长值","{""onChange"":""(event) => setTierForm({ ...tierForm, silverRetainGrowth: event.target.value })""}","(event) => void draftTier(event)","","","canManage","所属表单：(event) => void draftTier(event)","SYS-289、SYS-291、SYS-292、SYS-298、SYS-299、SYS-300、SYS-301","定义与绑定已登记；业务结果按闭环表核对，不能将源码登记或同名按钮可见计为逐实例通过"
"CTRL-0595","src/normalized-ui/CustomerExperienceManagementPanel.tsx","918","LoyaltyTierAndRedemptionPanel","input","金卡升级成长值","{""onChange"":""(event) => setTierForm({ ...tierForm, goldUpgradeGrowth: event.target.value })""}","(event) => void draftTier(event)","","","canManage","所属表单：(event) => void draftTier(event)","SYS-289、SYS-291、SYS-292、SYS-298、SYS-299、SYS-300、SYS-301","定义与绑定已登记；业务结果按闭环表核对，不能将源码登记或同名按钮可见计为逐实例通过"
"CTRL-0596","src/normalized-ui/CustomerExperienceManagementPanel.tsx","919","LoyaltyTierAndRedemptionPanel","input","金卡保级成长值","{""onChange"":""(event) => setTierForm({ ...tierForm, goldRetainGrowth: event.target.value })""}","(event) => void draftTier(event)","","","canManage","所属表单：(event) => void draftTier(event)","SYS-289、SYS-291、SYS-292、SYS-298、SYS-299、SYS-300、SYS-301","定义与绑定已登记；业务结果按闭环表核对，不能将源码登记或同名按钮可见计为逐实例通过"
"CTRL-0597","src/normalized-ui/CustomerExperienceManagementPanel.tsx","920","LoyaltyTierAndRedemptionPanel","input","银卡积分倍率","{""onChange"":""(event) => setTierForm({ ...tierForm, silverMultiplier: event.target.value })""}","(event) => void draftTier(event)","","","canManage","所属表单：(event) => void draftTier(event)","SYS-289、SYS-291、SYS-292、SYS-298、SYS-299、SYS-300、SYS-301","定义与绑定已登记；业务结果按闭环表核对，不能将源码登记或同名按钮可见计为逐实例通过"
"CTRL-0598","src/normalized-ui/CustomerExperienceManagementPanel.tsx","921","LoyaltyTierAndRedemptionPanel","input","金卡积分倍率","{""onChange"":""(event) => setTierForm({ ...tierForm, goldMultiplier: event.target.value })""}","(event) => void draftTier(event)","","","canManage","所属表单：(event) => void draftTier(event)","SYS-289、SYS-291、SYS-292、SYS-298、SYS-299、SYS-300、SYS-301","定义与绑定已登记；业务结果按闭环表核对，不能将源码登记或同名按钮可见计为逐实例通过"
"CTRL-0599","src/normalized-ui/CustomerExperienceManagementPanel.tsx","922","LoyaltyTierAndRedemptionPanel","input","评估窗口（月）","{""onChange"":""(event) => setTierForm({ ...tierForm, evaluationWindowMonths: event.target.value })""}","(event) => void draftTier(event)","","","canManage","所属表单：(event) => void draftTier(event)","SYS-289、SYS-291、SYS-292、SYS-298、SYS-299、SYS-300、SYS-301","定义与绑定已登记；业务结果按闭环表核对，不能将源码登记或同名按钮可见计为逐实例通过"
"CTRL-0600","src/normalized-ui/CustomerExperienceManagementPanel.tsx","923","LoyaltyTierAndRedemptionPanel","input","等级周期（月）","{""onChange"":""(event) => setTierForm({ ...tierForm, tierPeriodMonths: event.target.value })""}","(event) => void draftTier(event)","","","canManage","所属表单：(event) => void draftTier(event)","SYS-289、SYS-291、SYS-292、SYS-298、SYS-299、SYS-300、SYS-301","定义与绑定已登记；业务结果按闭环表核对，不能将源码登记或同名按钮可见计为逐实例通过"
"CTRL-0601","src/normalized-ui/CustomerExperienceManagementPanel.tsx","924","LoyaltyTierAndRedemptionPanel","input","降级宽限（天）","{""onChange"":""(event) => setTierForm({ ...tierForm, downgradeGraceDays: event.target.value })""}","(event) => void draftTier(event)","","","canManage","所属表单：(event) => void draftTier(event)","SYS-289、SYS-291、SYS-292、SYS-298、SYS-299、SYS-300、SYS-301","定义与绑定已登记；业务结果按闭环表核对，不能将源码登记或同名按钮可见计为逐实例通过"
"CTRL-0602","src/normalized-ui/CustomerExperienceManagementPanel.tsx","925","LoyaltyTierAndRedemptionPanel","input","配置原因","{""onChange"":""(event) => setTierForm({ ...tierForm, reason: event.target.value })""}","(event) => void draftTier(event)","","","canManage","所属表单：(event) => void draftTier(event)","SYS-289、SYS-291、SYS-292、SYS-298、SYS-299、SYS-300、SYS-301","定义与绑定已登记；业务结果按闭环表核对，不能将源码登记或同名按钮可见计为逐实例通过"
"CTRL-0603","src/normalized-ui/CustomerExperienceManagementPanel.tsx","926","LoyaltyTierAndRedemptionPanel","button","保存等级草稿","{}","(event) => void draftTier(event)","","Boolean(busy)","canManage","所属表单：(event) => void draftTier(event)","SYS-289、SYS-291、SYS-292、SYS-298、SYS-299、SYS-300、SYS-301","定义与绑定已登记；业务结果按闭环表核对，不能将源码登记或同名按钮可见计为逐实例通过"
"CTRL-0604","src/normalized-ui/CustomerExperienceManagementPanel.tsx","928","LoyaltyTierAndRedemptionPanel","button","前往配置中心审批","{""onClick"":""() => void approveTier(policy)""}","","","","policy.status === 'draft' && canApprove && policy.draftedByEmployeeId !== auth.employee.id","已定义交互事件","SYS-289、SYS-291、SYS-292、SYS-298、SYS-299、SYS-300、SYS-301","定义与绑定已登记；业务结果按闭环表核对，不能将源码登记或同名按钮可见计为逐实例通过"
"CTRL-0605","src/normalized-ui/CustomerExperienceManagementPanel.tsx","928","LoyaltyTierAndRedemptionPanel","button","排期发布","{""onClick"":""() => void publishTier(policy)""}","","","","policy.status === 'approved' && canPublish && policy.draftedByEmployeeId !== auth.employee.id && policy.approvedByEmployeeId !== auth.employee.id","已定义交互事件","SYS-289、SYS-291、SYS-292、SYS-298、SYS-299、SYS-300、SYS-301","定义与绑定已登记；业务结果按闭环表核对，不能将源码登记或同名按钮可见计为逐实例通过"
"CTRL-0606","src/normalized-ui/CustomerExperienceManagementPanel.tsx","929","LoyaltyTierAndRedemptionPanel","form","兑换商品 请选择 {products.map((product) => <option key={product.id} value={product.id}>{product.name} · 成本{money(product.costAmountMinor)}</option>)} 所需积分 总库存（留空不限） 每日库存（留空不限） 每日个人上限 30天个人上限 最低等级 普通会员 银卡 金卡 开始时间 结束时间（可选） 客户说明 配置原因 保存完整目录草稿","{""onSubmit"":""(event) => void draftCatalog(event)""}","","","","canManageCatalog","已定义交互事件","SYS-289、SYS-291、SYS-292、SYS-298、SYS-299、SYS-300、SYS-301","定义与绑定已登记；业务结果按闭环表核对，不能将源码登记或同名按钮可见计为逐实例通过"
"CTRL-0607","src/normalized-ui/CustomerExperienceManagementPanel.tsx","930","LoyaltyTierAndRedemptionPanel","select","请选择 {products.map((product) => <option key={product.id} value={product.id}>{product.name} · 成本{money(product.costAmountMinor)}</option>)}","{""onChange"":""(event) => setItemForm({ ...itemForm, productId: event.target.value })""}","(event) => void draftCatalog(event)","","","canManageCatalog","所属表单：(event) => void draftCatalog(event)","SYS-289、SYS-291、SYS-292、SYS-298、SYS-299、SYS-300、SYS-301","定义与绑定已登记；业务结果按闭环表核对，不能将源码登记或同名按钮可见计为逐实例通过"
"CTRL-0608","src/normalized-ui/CustomerExperienceManagementPanel.tsx","931","LoyaltyTierAndRedemptionPanel","input","所需积分","{""onChange"":""(event) => setItemForm({ ...itemForm, pointsRequired: event.target.value })""}","(event) => void draftCatalog(event)","","","canManageCatalog","所属表单：(event) => void draftCatalog(event)","SYS-289、SYS-291、SYS-292、SYS-298、SYS-299、SYS-300、SYS-301","定义与绑定已登记；业务结果按闭环表核对，不能将源码登记或同名按钮可见计为逐实例通过"
"CTRL-0609","src/normalized-ui/CustomerExperienceManagementPanel.tsx","932","LoyaltyTierAndRedemptionPanel","input","总库存（留空不限）","{""onChange"":""(event) => setItemForm({ ...itemForm, totalInventory: event.target.value })""}","(event) => void draftCatalog(event)","","","canManageCatalog","所属表单：(event) => void draftCatalog(event)","SYS-289、SYS-291、SYS-292、SYS-298、SYS-299、SYS-300、SYS-301","定义与绑定已登记；业务结果按闭环表核对，不能将源码登记或同名按钮可见计为逐实例通过"
"CTRL-0610","src/normalized-ui/CustomerExperienceManagementPanel.tsx","933","LoyaltyTierAndRedemptionPanel","input","每日库存（留空不限）","{""onChange"":""(event) => setItemForm({ ...itemForm, dailyInventory: event.target.value })""}","(event) => void draftCatalog(event)","","","canManageCatalog","所属表单：(event) => void draftCatalog(event)","SYS-289、SYS-291、SYS-292、SYS-298、SYS-299、SYS-300、SYS-301","定义与绑定已登记；业务结果按闭环表核对，不能将源码登记或同名按钮可见计为逐实例通过"
"CTRL-0611","src/normalized-ui/CustomerExperienceManagementPanel.tsx","934","LoyaltyTierAndRedemptionPanel","input","每日个人上限","{""onChange"":""(event) => setItemForm({ ...itemForm, memberDailyLimit: event.target.value })""}","(event) => void draftCatalog(event)","","","canManageCatalog","所属表单：(event) => void draftCatalog(event)","SYS-289、SYS-291、SYS-292、SYS-298、SYS-299、SYS-300、SYS-301","定义与绑定已登记；业务结果按闭环表核对，不能将源码登记或同名按钮可见计为逐实例通过"
"CTRL-0612","src/normalized-ui/CustomerExperienceManagementPanel.tsx","935","LoyaltyTierAndRedemptionPanel","input","30天个人上限","{""onChange"":""(event) => setItemForm({ ...itemForm, memberRolling30DayLimit: event.target.value })""}","(event) => void draftCatalog(event)","","","canManageCatalog","所属表单：(event) => void draftCatalog(event)","SYS-289、SYS-291、SYS-292、SYS-298、SYS-299、SYS-300、SYS-301","定义与绑定已登记；业务结果按闭环表核对，不能将源码登记或同名按钮可见计为逐实例通过"
"CTRL-0613","src/normalized-ui/CustomerExperienceManagementPanel.tsx","936","LoyaltyTierAndRedemptionPanel","select","普通会员 银卡 金卡","{""onChange"":""(event) => setItemForm({ ...itemForm, minimumTier: event.target.value })""}","(event) => void draftCatalog(event)","","","canManageCatalog","所属表单：(event) => void draftCatalog(event)","SYS-289、SYS-291、SYS-292、SYS-298、SYS-299、SYS-300、SYS-301","定义与绑定已登记；业务结果按闭环表核对，不能将源码登记或同名按钮可见计为逐实例通过"
"CTRL-0614","src/normalized-ui/CustomerExperienceManagementPanel.tsx","937","LoyaltyTierAndRedemptionPanel","input","开始时间","{""onChange"":""(event) => setItemForm({ ...itemForm, availableFrom: event.target.value })""}","(event) => void draftCatalog(event)","","","canManageCatalog","所属表单：(event) => void draftCatalog(event)","SYS-289、SYS-291、SYS-292、SYS-298、SYS-299、SYS-300、SYS-301","定义与绑定已登记；业务结果按闭环表核对，不能将源码登记或同名按钮可见计为逐实例通过"
"CTRL-0615","src/normalized-ui/CustomerExperienceManagementPanel.tsx","938","LoyaltyTierAndRedemptionPanel","input","结束时间（可选）","{""onChange"":""(event) => setItemForm({ ...itemForm, availableUntil: event.target.value })""}","(event) => void draftCatalog(event)","","","canManageCatalog","所属表单：(event) => void draftCatalog(event)","SYS-289、SYS-291、SYS-292、SYS-298、SYS-299、SYS-300、SYS-301","定义与绑定已登记；业务结果按闭环表核对，不能将源码登记或同名按钮可见计为逐实例通过"
"CTRL-0616","src/normalized-ui/CustomerExperienceManagementPanel.tsx","939","LoyaltyTierAndRedemptionPanel","input","客户说明","{""onChange"":""(event) => setItemForm({ ...itemForm, description: event.target.value })""}","(event) => void draftCatalog(event)","","","canManageCatalog","所属表单：(event) => void draftCatalog(event)","SYS-289、SYS-291、SYS-292、SYS-298、SYS-299、SYS-300、SYS-301","定义与绑定已登记；业务结果按闭环表核对，不能将源码登记或同名按钮可见计为逐实例通过"
"CTRL-0617","src/normalized-ui/CustomerExperienceManagementPanel.tsx","940","LoyaltyTierAndRedemptionPanel","input","配置原因","{""onChange"":""(event) => setItemForm({ ...itemForm, reason: event.target.value })""}","(event) => void draftCatalog(event)","","","canManageCatalog","所属表单：(event) => void draftCatalog(event)","SYS-289、SYS-291、SYS-292、SYS-298、SYS-299、SYS-300、SYS-301","定义与绑定已登记；业务结果按闭环表核对，不能将源码登记或同名按钮可见计为逐实例通过"
"CTRL-0618","src/normalized-ui/CustomerExperienceManagementPanel.tsx","941","LoyaltyTierAndRedemptionPanel","button","保存完整目录草稿","{}","(event) => void draftCatalog(event)","","Boolean(busy)","canManageCatalog","所属表单：(event) => void draftCatalog(event)","SYS-289、SYS-291、SYS-292、SYS-298、SYS-299、SYS-300、SYS-301","定义与绑定已登记；业务结果按闭环表核对，不能将源码登记或同名按钮可见计为逐实例通过"
"CTRL-0619","src/normalized-ui/CustomerExperienceManagementPanel.tsx","944","LoyaltyTierAndRedemptionPanel","button","前往配置中心审批","{""onClick"":""() => void approveCatalog(version)""}","","","","version.status === 'draft' && canApproveCatalog && version.draftedByEmployeeId !== auth.employee.id","已定义交互事件","SYS-289、SYS-291、SYS-292、SYS-298、SYS-299、SYS-300、SYS-301","定义与绑定已登记；业务结果按闭环表核对，不能将源码登记或同名按钮可见计为逐实例通过"
"CTRL-0620","src/normalized-ui/CustomerExperienceManagementPanel.tsx","944","LoyaltyTierAndRedemptionPanel","button","排期发布","{""onClick"":""() => void publishCatalog(version)""}","","","","version.status === 'approved' && canPublishCatalog && version.draftedByEmployeeId !== auth.employee.id && version.approvedByEmployeeId !== auth.employee.id","已定义交互事件","SYS-289、SYS-291、SYS-292、SYS-298、SYS-299、SYS-300、SYS-301","定义与绑定已登记；业务结果按闭环表核对，不能将源码登记或同名按钮可见计为逐实例通过"
"CTRL-0621","src/normalized-ui/CustomerExperienceManagementPanel.tsx","945","LoyaltyTierAndRedemptionPanel","button","试点开放","{""onClick"":""() => void setControl('pilot')""}","","","","canControl","已定义交互事件","SYS-289、SYS-291、SYS-292、SYS-298、SYS-299、SYS-300、SYS-301","定义与绑定已登记；业务结果按闭环表核对，不能将源码登记或同名按钮可见计为逐实例通过"
"CTRL-0622","src/normalized-ui/CustomerExperienceManagementPanel.tsx","945","LoyaltyTierAndRedemptionPanel","button","正式开放","{""onClick"":""() => void setControl('enabled')""}","","","","canControl","已定义交互事件","SYS-289、SYS-291、SYS-292、SYS-298、SYS-299、SYS-300、SYS-301","定义与绑定已登记；业务结果按闭环表核对，不能将源码登记或同名按钮可见计为逐实例通过"
"CTRL-0623","src/normalized-ui/CustomerExperienceManagementPanel.tsx","945","LoyaltyTierAndRedemptionPanel","button","暂停","{""onClick"":""() => void setControl('paused')""}","","","","canControl","已定义交互事件","SYS-289、SYS-291、SYS-292、SYS-298、SYS-299、SYS-300、SYS-301","定义与绑定已登记；业务结果按闭环表核对，不能将源码登记或同名按钮可见计为逐实例通过"
"CTRL-0624","src/normalized-ui/CustomerExperienceManagementPanel.tsx","945","LoyaltyTierAndRedemptionPanel","button","关闭","{""onClick"":""() => void setControl('disabled')""}","","","","canControl","已定义交互事件","SYS-289、SYS-291、SYS-292、SYS-298、SYS-299、SYS-300、SYS-301","定义与绑定已登记；业务结果按闭环表核对，不能将源码登记或同名按钮可见计为逐实例通过"
"CTRL-0625","src/normalized-ui/CustomerExperienceManagementPanel.tsx","947","LoyaltyTierAndRedemptionPanel","button","确认已交付","{""onClick"":""() => void fulfill(item.publicId)""}","","","Boolean(busy)","canFulfill","已定义交互事件","SYS-289、SYS-291、SYS-292、SYS-298、SYS-299、SYS-300、SYS-301","定义与绑定已登记；业务结果按闭环表核对，不能将源码登记或同名按钮可见计为逐实例通过"
"CTRL-0626","src/normalized-ui/CustomerExperienceManagementPanel.tsx","947","LoyaltyTierAndRedemptionPanel","button","确认尚未交付，退回积分","{""onClick"":""() => void failRedemption(item)""}","","","Boolean(busy)","canHandleException","已定义交互事件","SYS-289、SYS-291、SYS-292、SYS-298、SYS-299、SYS-300、SYS-301","定义与绑定已登记；业务结果按闭环表核对，不能将源码登记或同名按钮可见计为逐实例通过"
"CTRL-0627","src/normalized-ui/CustomerExperienceManagementPanel.tsx","1091","LoyaltyPolicyPanel","form","每多少分消费 获得积分 每多少分消费获得成长值 成长值 取整方式 向下取整 四舍五入 积分有效期（月） 配置原因 {busy === 'draft' ? '正在保存' : '保存新版本草稿'}","{""onSubmit"":""(event) => void draft(event)""}","","","","canManage","已定义交互事件","SYS-289、SYS-291、SYS-292、SYS-298、SYS-299、SYS-300、SYS-301","定义与绑定已登记；业务结果按闭环表核对，不能将源码登记或同名按钮可见计为逐实例通过"
"CTRL-0628","src/normalized-ui/CustomerExperienceManagementPanel.tsx","1092","LoyaltyPolicyPanel","input","每多少分消费","{""onChange"":""(event) => setForm({ ...form, pointsDenominatorMinor: event.target.value })""}","(event) => void draft(event)","","","canManage","所属表单：(event) => void draft(event)","SYS-289、SYS-291、SYS-292、SYS-298、SYS-299、SYS-300、SYS-301","定义与绑定已登记；业务结果按闭环表核对，不能将源码登记或同名按钮可见计为逐实例通过"
"CTRL-0629","src/normalized-ui/CustomerExperienceManagementPanel.tsx","1093","LoyaltyPolicyPanel","input","获得积分","{""onChange"":""(event) => setForm({ ...form, pointsNumerator: event.target.value })""}","(event) => void draft(event)","","","canManage","所属表单：(event) => void draft(event)","SYS-289、SYS-291、SYS-292、SYS-298、SYS-299、SYS-300、SYS-301","定义与绑定已登记；业务结果按闭环表核对，不能将源码登记或同名按钮可见计为逐实例通过"
"CTRL-0630","src/normalized-ui/CustomerExperienceManagementPanel.tsx","1094","LoyaltyPolicyPanel","input","每多少分消费获得成长值","{""onChange"":""(event) => setForm({ ...form, growthDenominatorMinor: event.target.value })""}","(event) => void draft(event)","","","canManage","所属表单：(event) => void draft(event)","SYS-289、SYS-291、SYS-292、SYS-298、SYS-299、SYS-300、SYS-301","定义与绑定已登记；业务结果按闭环表核对，不能将源码登记或同名按钮可见计为逐实例通过"
"CTRL-0631","src/normalized-ui/CustomerExperienceManagementPanel.tsx","1095","LoyaltyPolicyPanel","input","成长值","{""onChange"":""(event) => setForm({ ...form, growthNumerator: event.target.value })""}","(event) => void draft(event)","","","canManage","所属表单：(event) => void draft(event)","SYS-289、SYS-291、SYS-292、SYS-298、SYS-299、SYS-300、SYS-301","定义与绑定已登记；业务结果按闭环表核对，不能将源码登记或同名按钮可见计为逐实例通过"
"CTRL-0632","src/normalized-ui/CustomerExperienceManagementPanel.tsx","1096","LoyaltyPolicyPanel","select","向下取整 四舍五入","{""onChange"":""(event) => setForm({ ...form, roundingMode: event.target.value })""}","(event) => void draft(event)","","","canManage","所属表单：(event) => void draft(event)","SYS-289、SYS-291、SYS-292、SYS-298、SYS-299、SYS-300、SYS-301","定义与绑定已登记；业务结果按闭环表核对，不能将源码登记或同名按钮可见计为逐实例通过"
"CTRL-0633","src/normalized-ui/CustomerExperienceManagementPanel.tsx","1097","LoyaltyPolicyPanel","input","积分有效期（月）","{""onChange"":""(event) => setForm({ ...form, pointsValidityMonths: event.target.value })""}","(event) => void draft(event)","","","canManage","所属表单：(event) => void draft(event)","SYS-289、SYS-291、SYS-292、SYS-298、SYS-299、SYS-300、SYS-301","定义与绑定已登记；业务结果按闭环表核对，不能将源码登记或同名按钮可见计为逐实例通过"
"CTRL-0634","src/normalized-ui/CustomerExperienceManagementPanel.tsx","1098","LoyaltyPolicyPanel","input","配置原因","{""onChange"":""(event) => setForm({ ...form, reason: event.target.value })""}","(event) => void draft(event)","","","canManage","所属表单：(event) => void draft(event)","SYS-289、SYS-291、SYS-292、SYS-298、SYS-299、SYS-300、SYS-301","定义与绑定已登记；业务结果按闭环表核对，不能将源码登记或同名按钮可见计为逐实例通过"
"CTRL-0635","src/normalized-ui/CustomerExperienceManagementPanel.tsx","1099","LoyaltyPolicyPanel","button","{busy === 'draft' ? '正在保存' : '保存新版本草稿'}","{}","(event) => void draft(event)","","busy === 'draft'","canManage","所属表单：(event) => void draft(event)","SYS-289、SYS-291、SYS-292、SYS-298、SYS-299、SYS-300、SYS-301","定义与绑定已登记；业务结果按闭环表核对，不能将源码登记或同名按钮可见计为逐实例通过"
"CTRL-0636","src/normalized-ui/CustomerExperienceManagementPanel.tsx","1104","LoyaltyPolicyPanel","button","前往配置中心审批","{""onClick"":""() => void approve(policy)""}","","","Boolean(busy)","policy.status === 'draft' && canApprove && policy.draftedByEmployeeId !== auth.employee.id","已定义交互事件","SYS-289、SYS-291、SYS-292、SYS-298、SYS-299、SYS-300、SYS-301","定义与绑定已登记；业务结果按闭环表核对，不能将源码登记或同名按钮可见计为逐实例通过"
"CTRL-0637","src/normalized-ui/CustomerExperienceManagementPanel.tsx","1104","LoyaltyPolicyPanel","button","排期发布","{""onClick"":""() => void publish(policy)""}","","","Boolean(busy)","policy.status === 'approved' && canPublish && policy.draftedByEmployeeId !== auth.employee.id && policy.approvedByEmployeeId !== auth.employee.id","已定义交互事件","SYS-289、SYS-291、SYS-292、SYS-298、SYS-299、SYS-300、SYS-301","定义与绑定已登记；业务结果按闭环表核对，不能将源码登记或同名按钮可见计为逐实例通过"
"CTRL-0638","src/normalized-ui/CustomerExperienceManagementPanel.tsx","1112","LoyaltyPolicyPanel","button","申请补发","{""onClick"":""() => void requestSupplement(item)""}","","","busy === `request-${item.orderPublicId}`","canRequestSupplement","已定义交互事件","SYS-289、SYS-291、SYS-292、SYS-298、SYS-299、SYS-300、SYS-301","定义与绑定已登记；业务结果按闭环表核对，不能将源码登记或同名按钮可见计为逐实例通过"
"CTRL-0639","src/normalized-ui/CustomerExperienceManagementPanel.tsx","1120","LoyaltyPolicyPanel","button","复核通过","{""onClick"":""() => void decideSupplement(item, 'approve')""}","","","Boolean(busy)","item.status === 'requested' && canApproveSupplement && item.requestedByEmployeeId !== auth.employee.id","已定义交互事件","SYS-289、SYS-291、SYS-292、SYS-298、SYS-299、SYS-300、SYS-301","定义与绑定已登记；业务结果按闭环表核对，不能将源码登记或同名按钮可见计为逐实例通过"
"CTRL-0640","src/normalized-ui/CustomerExperienceManagementPanel.tsx","1120","LoyaltyPolicyPanel","button","驳回","{""onClick"":""() => void decideSupplement(item, 'reject')""}","","","Boolean(busy)","item.status === 'requested' && canApproveSupplement && item.requestedByEmployeeId !== auth.employee.id","已定义交互事件","SYS-289、SYS-291、SYS-292、SYS-298、SYS-299、SYS-300、SYS-301","定义与绑定已登记；业务结果按闭环表核对，不能将源码登记或同名按钮可见计为逐实例通过"
"CTRL-0641","src/normalized-ui/CustomerPublicationPanel.tsx","224","CustomerPublicationPanel","button","重新读取","{""onClick"":""() => void load()""}","","","","","已定义交互事件","","定义与绑定已登记；业务结果按闭环表核对，不能将源码登记或同名按钮可见计为逐实例通过"
"CTRL-0642","src/normalized-ui/CustomerPublicationPanel.tsx","227","CustomerPublicationPanel","button","刷新","{""onClick"":""() => void load(true)""}","","","busy","","已定义交互事件","","定义与绑定已登记；业务结果按闭环表核对，不能将源码登记或同名按钮可见计为逐实例通过"
"CTRL-0643","src/normalized-ui/CustomerPublicationPanel.tsx","230","CustomerPublicationPanel","form","顾客公开服务名草稿 员工内部姓名不会自动对顾客展示；请仅录入已获员工确认的服务名。 员工 请选择 {employees.map((employee) => <option key={employee.id} value={employee.id}>{employee.displayName}（{employee.employeeCode}）</option>)} 顾客公开服务名 草拟说明 {busy ? '正在保存' : '保存草稿'}","{""onSubmit"":""(event) => void submitProfileDraft(event)""}","","","","canManageProfile","已定义交互事件","","定义与绑定已登记；业务结果按闭环表核对，不能将源码登记或同名按钮可见计为逐实例通过"
"CTRL-0644","src/normalized-ui/CustomerPublicationPanel.tsx","232","CustomerPublicationPanel","select","请选择 {employees.map((employee) => <option key={employee.id} value={employee.id}>{employee.displayName}（{employee.employeeCode}）</option>)}","{""onChange"":""(event) => setEmployeeId(event.target.value)""}","(event) => void submitProfileDraft(event)","","","canManageProfile","所属表单：(event) => void submitProfileDraft(event)","","定义与绑定已登记；业务结果按闭环表核对，不能将源码登记或同名按钮可见计为逐实例通过"
"CTRL-0645","src/normalized-ui/CustomerPublicationPanel.tsx","233","CustomerPublicationPanel","input","顾客公开服务名","{""onChange"":""(event) => setPublicDisplayName(event.target.value)""}","(event) => void submitProfileDraft(event)","","","canManageProfile","所属表单：(event) => void submitProfileDraft(event)","","定义与绑定已登记；业务结果按闭环表核对，不能将源码登记或同名按钮可见计为逐实例通过"
"CTRL-0646","src/normalized-ui/CustomerPublicationPanel.tsx","234","CustomerPublicationPanel","input","草拟说明","{""onChange"":""(event) => setProfileReason(event.target.value)""}","(event) => void submitProfileDraft(event)","","","canManageProfile","所属表单：(event) => void submitProfileDraft(event)","","定义与绑定已登记；业务结果按闭环表核对，不能将源码登记或同名按钮可见计为逐实例通过"
"CTRL-0647","src/normalized-ui/CustomerPublicationPanel.tsx","235","CustomerPublicationPanel","button","{busy ? '正在保存' : '保存草稿'}","{}","(event) => void submitProfileDraft(event)","","busy","canManageProfile","所属表单：(event) => void submitProfileDraft(event)","","定义与绑定已登记；业务结果按闭环表核对，不能将源码登记或同名按钮可见计为逐实例通过"
"CTRL-0648","src/normalized-ui/CustomerPublicationPanel.tsx","238","CustomerPublicationPanel","input","门店或人事确认编号","{""onChange"":""(event) => setProfileApprovalReference(event.target.value)""}","","","","canPublishProfile","已定义交互事件","","定义与绑定已登记；业务结果按闭环表核对，不能将源码登记或同名按钮可见计为逐实例通过"
"CTRL-0649","src/normalized-ui/CustomerPublicationPanel.tsx","239","CustomerPublicationPanel","button","独立发布","{""onClick"":""() => void publishProfile(profile)""}","","","busy","profile.status === 'draft' && canPublishProfile","已定义交互事件","","定义与绑定已登记；业务结果按闭环表核对，不能将源码登记或同名按钮可见计为逐实例通过"
"CTRL-0650","src/normalized-ui/CustomerPublicationPanel.tsx","239","CustomerPublicationPanel","button","撤下","{""onClick"":""() => void withdrawProfile(profile)""}","","","busy","profile.status === 'published' && canPublishProfile","已定义交互事件","","定义与绑定已登记；业务结果按闭环表核对，不能将源码登记或同名按钮可见计为逐实例通过"
"CTRL-0651","src/normalized-ui/CustomerPublicationPanel.tsx","241","CustomerPublicationPanel","form","隐私政策草稿 只可录入已经完成法务审核的正式内容；系统会自动计算正文摘要，草稿不会向顾客展示。 版本号 运营主体 联系渠道 数据保留规则版本 第三方服务清单版本 隐私政策正文 草拟说明 {busy ? '正在保存' : '保存政策草稿'}","{""onSubmit"":""(event) => void submitPolicyDraft(event)""}","","","","canManagePrivacy","已定义交互事件","","定义与绑定已登记；业务结果按闭环表核对，不能将源码登记或同名按钮可见计为逐实例通过"
"CTRL-0652","src/normalized-ui/CustomerPublicationPanel.tsx","243","CustomerPublicationPanel","input","版本号","{""onChange"":""(event) => setPolicyVersion(event.target.value)""}","(event) => void submitPolicyDraft(event)","","","canManagePrivacy","所属表单：(event) => void submitPolicyDraft(event)","","定义与绑定已登记；业务结果按闭环表核对，不能将源码登记或同名按钮可见计为逐实例通过"
"CTRL-0653","src/normalized-ui/CustomerPublicationPanel.tsx","244","CustomerPublicationPanel","input","运营主体","{""onChange"":""(event) => setOperatorName(event.target.value)""}","(event) => void submitPolicyDraft(event)","","","canManagePrivacy","所属表单：(event) => void submitPolicyDraft(event)","","定义与绑定已登记；业务结果按闭环表核对，不能将源码登记或同名按钮可见计为逐实例通过"
"CTRL-0654","src/normalized-ui/CustomerPublicationPanel.tsx","245","CustomerPublicationPanel","input","联系渠道","{""onChange"":""(event) => setContact(event.target.value)""}","(event) => void submitPolicyDraft(event)","","","canManagePrivacy","所属表单：(event) => void submitPolicyDraft(event)","","定义与绑定已登记；业务结果按闭环表核对，不能将源码登记或同名按钮可见计为逐实例通过"
"CTRL-0655","src/normalized-ui/CustomerPublicationPanel.tsx","246","CustomerPublicationPanel","input","数据保留规则版本","{""onChange"":""(event) => setRetentionVersion(event.target.value)""}","(event) => void submitPolicyDraft(event)","","","canManagePrivacy","所属表单：(event) => void submitPolicyDraft(event)","","定义与绑定已登记；业务结果按闭环表核对，不能将源码登记或同名按钮可见计为逐实例通过"
"CTRL-0656","src/normalized-ui/CustomerPublicationPanel.tsx","247","CustomerPublicationPanel","input","第三方服务清单版本","{""onChange"":""(event) => setThirdPartyVersion(event.target.value)""}","(event) => void submitPolicyDraft(event)","","","canManagePrivacy","所属表单：(event) => void submitPolicyDraft(event)","","定义与绑定已登记；业务结果按闭环表核对，不能将源码登记或同名按钮可见计为逐实例通过"
"CTRL-0657","src/normalized-ui/CustomerPublicationPanel.tsx","248","CustomerPublicationPanel","textarea","隐私政策正文","{""onChange"":""(event) => setPolicyContent(event.target.value)""}","(event) => void submitPolicyDraft(event)","","","canManagePrivacy","所属表单：(event) => void submitPolicyDraft(event)","","定义与绑定已登记；业务结果按闭环表核对，不能将源码登记或同名按钮可见计为逐实例通过"
"CTRL-0658","src/normalized-ui/CustomerPublicationPanel.tsx","249","CustomerPublicationPanel","input","草拟说明","{""onChange"":""(event) => setPolicyReason(event.target.value)""}","(event) => void submitPolicyDraft(event)","","","canManagePrivacy","所属表单：(event) => void submitPolicyDraft(event)","","定义与绑定已登记；业务结果按闭环表核对，不能将源码登记或同名按钮可见计为逐实例通过"
"CTRL-0659","src/normalized-ui/CustomerPublicationPanel.tsx","250","CustomerPublicationPanel","button","{busy ? '正在保存' : '保存政策草稿'}","{}","(event) => void submitPolicyDraft(event)","","busy","canManagePrivacy","所属表单：(event) => void submitPolicyDraft(event)","","定义与绑定已登记；业务结果按闭环表核对，不能将源码登记或同名按钮可见计为逐实例通过"
"CTRL-0660","src/normalized-ui/CustomerPublicationPanel.tsx","253","CustomerPublicationPanel","input","法务或运营批准人","{""onChange"":""(event) => setApprovedBy(event.target.value)""}","","","","canPublishPrivacy","已定义交互事件","","定义与绑定已登记；业务结果按闭环表核对，不能将源码登记或同名按钮可见计为逐实例通过"
"CTRL-0661","src/normalized-ui/CustomerPublicationPanel.tsx","253","CustomerPublicationPanel","input","批准材料编号","{""onChange"":""(event) => setPolicyApprovalReference(event.target.value)""}","","","","canPublishPrivacy","已定义交互事件","","定义与绑定已登记；业务结果按闭环表核对，不能将源码登记或同名按钮可见计为逐实例通过"
"CTRL-0662","src/normalized-ui/CustomerPublicationPanel.tsx","254","CustomerPublicationPanel","button","独立发布","{""onClick"":""() => void publishPolicy(policy)""}","","","busy","policy.status === 'draft' && canPublishPrivacy","已定义交互事件","","定义与绑定已登记；业务结果按闭环表核对，不能将源码登记或同名按钮可见计为逐实例通过"
"CTRL-0663","src/normalized-ui/CustomerPublicationPanel.tsx","254","CustomerPublicationPanel","button","撤下","{""onClick"":""() => void withdrawPolicy(policy)""}","","","busy","policy.status === 'published' && canPublishPrivacy","已定义交互事件","","定义与绑定已登记；业务结果按闭环表核对，不能将源码登记或同名按钮可见计为逐实例通过"
"CTRL-0664","src/normalized-ui/GroupVoucherRedemptionPanel.tsx","134","GroupVoucherRedemptionPanel","form","查询待核销券 {enabled ? `${selected?.label}当前可核销` : `${GROUP_VOUCHER_PLATFORM_LABELS[platform]}尚未开通，请联系管理者。`} 平台 {GROUP_VOUCHER_PLATFORM_CODES.map((code) => { const item = platforms.find((entry) => entry.code === code) return <option key={code} value={code}> {GROUP_VOUCHER_PLATFORM_LABELS[code]}{item && !item.enabled ? '（未配置）' : ''} </option> })} 券码或付款码 扫码 {busy === 'prepare' ? <><LoaderCircle className=""is-spinning"" size={16} />正在查询</> : '查询券状态'}","{""onSubmit"":""(event) => { event.preventDefault(); void lookup() }""}","","","","canRedeem","已定义交互事件","","定义与绑定已登记；业务结果按闭环表核对，不能将源码登记或同名按钮可见计为逐实例通过"
"CTRL-0665","src/normalized-ui/GroupVoucherRedemptionPanel.tsx","140","GroupVoucherRedemptionPanel","select","{GROUP_VOUCHER_PLATFORM_CODES.map((code) => { const item = platforms.find((entry) => entry.code === code) return <option key={code} value={code}> {GROUP_VOUCHER_PLATFORM_LABELS[code]}{item && !item.enabled ? '（未配置）' : ''} </option> })}","{""onChange"":""(event) => {\n          inputVersion.current++\n          setPlatform(event.target.value as GroupVoucherPlatformCode)\n          setPreview(null)\n        }""}","(event) => { event.preventDefault(); void lookup() }","","busy === 'consume'","canRedeem","所属表单：(event) => { event.preventDefault(); void lookup() }","","定义与绑定已登记；业务结果按闭环表核对，不能将源码登记或同名按钮可见计为逐实例通过"
"CTRL-0666","src/normalized-ui/GroupVoucherRedemptionPanel.tsx","155","GroupVoucherRedemptionPanel","input","券码或付款码","{""onChange"":""(event) => { inputVersion.current++; setCode(event.target.value); setPreview(null) }""}","(event) => { event.preventDefault(); void lookup() }","","busy === 'consume'","canRedeem","所属表单：(event) => { event.preventDefault(); void lookup() }","","定义与绑定已登记；业务结果按闭环表核对，不能将源码登记或同名按钮可见计为逐实例通过"
"CTRL-0667","src/normalized-ui/GroupVoucherRedemptionPanel.tsx","158","GroupVoucherRedemptionPanel","button","扫码","{""onClick"":""() => setScannerOpen(true)""}","(event) => { event.preventDefault(); void lookup() }","","busy === 'consume'","canRedeem","所属表单：(event) => { event.preventDefault(); void lookup() }","","定义与绑定已登记；业务结果按闭环表核对，不能将源码登记或同名按钮可见计为逐实例通过"
"CTRL-0668","src/normalized-ui/GroupVoucherRedemptionPanel.tsx","161","GroupVoucherRedemptionPanel","button","{busy === 'prepare' ? <><LoaderCircle className=""is-spinning"" size={16} />正在查询</> : '查询券状态'}","{}","(event) => { event.preventDefault(); void lookup() }","","!enabled || code.trim().length < 4 || Boolean(busy)","canRedeem","所属表单：(event) => { event.preventDefault(); void lookup() }","","定义与绑定已登记；业务结果按闭环表核对，不能将源码登记或同名按钮可见计为逐实例通过"
"CTRL-0669","src/normalized-ui/GroupVoucherRedemptionPanel.tsx","171","GroupVoucherRedemptionPanel","button","{busy === 'consume' ? '正在核销' : '确认核销'}","{""onClick"":""() => void consume()""}","","","Boolean(busy)","preview && canRedeem","已定义交互事件","","定义与绑定已登记；业务结果按闭环表核对，不能将源码登记或同名按钮可见计为逐实例通过"
"CTRL-0670","src/normalized-ui/GroupVoucherRedemptionPanel.tsx","176","GroupVoucherRedemptionPanel","button","重新读取核销记录","{""onClick"":""() => void load()""}","","","refreshing","loadError","已定义交互事件","","定义与绑定已登记；业务结果按闭环表核对，不能将源码登记或同名按钮可见计为逐实例通过"
"CTRL-0671","src/normalized-ui/HomeContentManagementPanel.tsx","100","HomeContentManagementPanel","button","{expanded?'收起':'打开管理'}","{""onClick"":""()=>setExpanded(value=>!value)""}","","","","","已定义交互事件","","定义与绑定已登记；业务结果按闭环表核对，不能将源码登记或同名按钮可见计为逐实例通过"
"CTRL-0672","src/normalized-ui/HomeContentManagementPanel.tsx","104","HomeContentManagementPanel","button","新建内容草稿","{""onClick"":""create""}","","","","expanded && canView && canManage","已定义交互事件","","定义与绑定已登记；业务结果按闭环表核对，不能将源码登记或同名按钮可见计为逐实例通过"
"CTRL-0673","src/normalized-ui/HomeContentManagementPanel.tsx","104","HomeContentManagementPanel","button","刷新","{""onClick"":""()=>void load()""}","","","busy==='load'","expanded && canView","已定义交互事件","","定义与绑定已登记；业务结果按闭环表核对，不能将源码登记或同名按钮可见计为逐实例通过"
"CTRL-0674","src/normalized-ui/HomeContentManagementPanel.tsx","105","HomeContentManagementPanel","button","{item.title} {status(item.status)} · {displayMode(item.displayMode)} · 顺序 {item.priority} {date(item.validFrom)} — {date(item.validUntil)}","{""onClick"":""()=>edit(item)""}","","","","","已定义交互事件","","定义与绑定已登记；业务结果按闭环表核对，不能将源码登记或同名按钮可见计为逐实例通过"
"CTRL-0675","src/normalized-ui/HomeContentManagementPanel.tsx","106","HomeContentManagementPanel","summary","{selected?'编辑首页内容草稿':'填写新内容'}","{}","","","","expanded && canView && draft&&canManage","浏览器原生展开/收起","","定义与绑定已登记；业务结果按闭环表核对，不能将源码登记或同名按钮可见计为逐实例通过"
"CTRL-0676","src/normalized-ui/HomeContentManagementPanel.tsx","106","HomeContentManagementPanel","form","展示内容 内容编号 内容类型 品牌故事 演出内容 活动内容 会员内容 推广 / 预售内容 回访内容 各类型发布后统一使用品牌绿横向图文卡；图片为空时使用 M-BOX 品牌图。 标题 摘要 图片（可选） 操作与排期 操作文案 打开页面 仅在首页阅读 超嗨活动 预约 菜单 我的会员 首页展示方式 常驻首页 轮换展示 常驻内容始终保留；轮换内容每 6 小时选出一条。暂停展示可立即撤下。 展示对象 所有顾客 仅会员 展示顺序 开始展示 结束展示 编辑原因 {selected?'保存草稿':'建立草稿'}","{""onSubmit"":""event=>void save(event)""}","","","","expanded && canView && draft&&canManage","已定义交互事件","","定义与绑定已登记；业务结果按闭环表核对，不能将源码登记或同名按钮可见计为逐实例通过"
"CTRL-0677","src/normalized-ui/HomeContentManagementPanel.tsx","108","HomeContentManagementPanel","input","内容编号","{""onChange"":""event=>update('code',event.target.value)""}","event=>void save(event)","","Boolean(selected)","expanded && canView && draft&&canManage","所属表单：event=>void save(event)","","定义与绑定已登记；业务结果按闭环表核对，不能将源码登记或同名按钮可见计为逐实例通过"
"CTRL-0678","src/normalized-ui/HomeContentManagementPanel.tsx","109","HomeContentManagementPanel","select","品牌故事 演出内容 活动内容 会员内容 推广 / 预售内容 回访内容","{""onChange"":""event=>update('type',event.target.value as CardType)""}","event=>void save(event)","","","expanded && canView && draft&&canManage","所属表单：event=>void save(event)","","定义与绑定已登记；业务结果按闭环表核对，不能将源码登记或同名按钮可见计为逐实例通过"
"CTRL-0679","src/normalized-ui/HomeContentManagementPanel.tsx","110","HomeContentManagementPanel","input","标题","{""onChange"":""event=>update('title',event.target.value)""}","event=>void save(event)","","","expanded && canView && draft&&canManage","所属表单：event=>void save(event)","","定义与绑定已登记；业务结果按闭环表核对，不能将源码登记或同名按钮可见计为逐实例通过"
"CTRL-0680","src/normalized-ui/HomeContentManagementPanel.tsx","111","HomeContentManagementPanel","textarea","摘要","{""onChange"":""event=>update('summary',event.target.value)""}","event=>void save(event)","","","expanded && canView && draft&&canManage","所属表单：event=>void save(event)","","定义与绑定已登记；业务结果按闭环表核对，不能将源码登记或同名按钮可见计为逐实例通过"
"CTRL-0681","src/normalized-ui/HomeContentManagementPanel.tsx","112","HomeContentManagementPanel","input","图片（可选）","{}","event=>void save(event)","","","expanded && canView && draft&&canManage","所属表单：event=>void save(event)","","定义与绑定已登记；业务结果按闭环表核对，不能将源码登记或同名按钮可见计为逐实例通过"
"CTRL-0682","src/normalized-ui/HomeContentManagementPanel.tsx","113","HomeContentManagementPanel","MediaAssetPicker","","{""onChange"":""(imageUrl)=>update('imageUrl',imageUrl)""}","event=>void save(event)","","","expanded && canView && draft&&canManage","所属表单：event=>void save(event)","","定义与绑定已登记；业务结果按闭环表核对，不能将源码登记或同名按钮可见计为逐实例通过"
"CTRL-0683","src/normalized-ui/HomeContentManagementPanel.tsx","116","HomeContentManagementPanel","input","操作文案","{""onChange"":""event=>update('ctaLabel',event.target.value)""}","event=>void save(event)","","","expanded && canView && draft&&canManage","所属表单：event=>void save(event)","","定义与绑定已登记；业务结果按闭环表核对，不能将源码登记或同名按钮可见计为逐实例通过"
"CTRL-0684","src/normalized-ui/HomeContentManagementPanel.tsx","117","HomeContentManagementPanel","select","仅在首页阅读 超嗨活动 预约 菜单 我的会员","{""onChange"":""event=>update('targetPath',event.target.value)""}","event=>void save(event)","","","expanded && canView && draft&&canManage","所属表单：event=>void save(event)","","定义与绑定已登记；业务结果按闭环表核对，不能将源码登记或同名按钮可见计为逐实例通过"
"CTRL-0685","src/normalized-ui/HomeContentManagementPanel.tsx","118","HomeContentManagementPanel","select","常驻首页 轮换展示","{""onChange"":""event=>update('displayMode',event.target.value as DisplayMode)""}","event=>void save(event)","","","expanded && canView && draft&&canManage","所属表单：event=>void save(event)","","定义与绑定已登记；业务结果按闭环表核对，不能将源码登记或同名按钮可见计为逐实例通过"
"CTRL-0686","src/normalized-ui/HomeContentManagementPanel.tsx","119","HomeContentManagementPanel","select","所有顾客 仅会员","{""onChange"":""event=>update('visibility',event.target.value as Draft['visibility'])""}","event=>void save(event)","","","expanded && canView && draft&&canManage","所属表单：event=>void save(event)","","定义与绑定已登记；业务结果按闭环表核对，不能将源码登记或同名按钮可见计为逐实例通过"
"CTRL-0687","src/normalized-ui/HomeContentManagementPanel.tsx","120","HomeContentManagementPanel","input","展示顺序","{""onChange"":""event=>update('priority',event.target.value)""}","event=>void save(event)","","","expanded && canView && draft&&canManage","所属表单：event=>void save(event)","","定义与绑定已登记；业务结果按闭环表核对，不能将源码登记或同名按钮可见计为逐实例通过"
"CTRL-0688","src/normalized-ui/HomeContentManagementPanel.tsx","121","HomeContentManagementPanel","input","开始展示","{""onChange"":""event=>update('validFrom',event.target.value)""}","event=>void save(event)","","","expanded && canView && draft&&canManage","所属表单：event=>void save(event)","","定义与绑定已登记；业务结果按闭环表核对，不能将源码登记或同名按钮可见计为逐实例通过"
"CTRL-0689","src/normalized-ui/HomeContentManagementPanel.tsx","122","HomeContentManagementPanel","input","结束展示","{""onChange"":""event=>update('validUntil',event.target.value)""}","event=>void save(event)","","","expanded && canView && draft&&canManage","所属表单：event=>void save(event)","","定义与绑定已登记；业务结果按闭环表核对，不能将源码登记或同名按钮可见计为逐实例通过"
"CTRL-0690","src/normalized-ui/HomeContentManagementPanel.tsx","123","HomeContentManagementPanel","input","编辑原因","{""onChange"":""event=>update('reason',event.target.value)""}","event=>void save(event)","","","expanded && canView && draft&&canManage","所属表单：event=>void save(event)","","定义与绑定已登记；业务结果按闭环表核对，不能将源码登记或同名按钮可见计为逐实例通过"
"CTRL-0691","src/normalized-ui/HomeContentManagementPanel.tsx","125","HomeContentManagementPanel","button","{selected?'保存草稿':'建立草稿'}","{}","event=>void save(event)","","busy==='save'","expanded && canView && draft&&canManage","所属表单：event=>void save(event)","","定义与绑定已登记；业务结果按闭环表核对，不能将源码登记或同名按钮可见计为逐实例通过"
"CTRL-0692","src/normalized-ui/HomeContentManagementPanel.tsx","127","HomeContentManagementPanel","button","撤下首页","{""onClick"":""()=>void action(item,'pause')""}","","","","item.status==='published'&&canPublish","已定义交互事件","","定义与绑定已登记；业务结果按闭环表核对，不能将源码登记或同名按钮可见计为逐实例通过"
"CTRL-0693","src/normalized-ui/HomeContentManagementPanel.tsx","127","HomeContentManagementPanel","button","发布","{""onClick"":""()=>void action(item,'publish')""}","","","","['draft','paused'].includes(item.status)&&canPublish","已定义交互事件","","定义与绑定已登记；业务结果按闭环表核对，不能将源码登记或同名按钮可见计为逐实例通过"
"CTRL-0694","src/normalized-ui/HomeContentManagementPanel.tsx","129","HomeContentManagementPanel","summary","顾客联系门店","{}","","","","expanded && supportDraft&&canManageSupport","浏览器原生展开/收起","","定义与绑定已登记；业务结果按闭环表核对，不能将源码登记或同名按钮可见计为逐实例通过"
"CTRL-0695","src/normalized-ui/HomeContentManagementPanel.tsx","129","HomeContentManagementPanel","form","电话与企业微信 顾客端状态 暂不展示 试运行展示 正式展示 启用后，“我的”页面显示门店电话和企业微信二维码；不填二维码时仅显示电话。 电话名称 门店联系电话 企业微信名称 企业微信二维码（可选） 修改原因 小程序会调用原生电话能力；企业微信二维码必须从站内图片库上传。直接聊天入口需在微信官方能力完成配置后再接入。 保存门店联系信息","{""onSubmit"":""event=>void saveSupport(event)""}","","","","expanded && supportDraft&&canManageSupport","已定义交互事件","","定义与绑定已登记；业务结果按闭环表核对，不能将源码登记或同名按钮可见计为逐实例通过"
"CTRL-0696","src/normalized-ui/HomeContentManagementPanel.tsx","129","HomeContentManagementPanel","select","暂不展示 试运行展示 正式展示","{""onChange"":""event=>updateSupport('rolloutState',event.target.value as SupportDraft['rolloutState'])""}","event=>void saveSupport(event)","","","expanded && supportDraft&&canManageSupport","所属表单：event=>void saveSupport(event)","","定义与绑定已登记；业务结果按闭环表核对，不能将源码登记或同名按钮可见计为逐实例通过"
"CTRL-0697","src/normalized-ui/HomeContentManagementPanel.tsx","129","HomeContentManagementPanel","input","电话名称","{""onChange"":""event=>updateSupport('phoneLabel',event.target.value)""}","event=>void saveSupport(event)","","","expanded && supportDraft&&canManageSupport","所属表单：event=>void saveSupport(event)","","定义与绑定已登记；业务结果按闭环表核对，不能将源码登记或同名按钮可见计为逐实例通过"
"CTRL-0698","src/normalized-ui/HomeContentManagementPanel.tsx","129","HomeContentManagementPanel","input","门店联系电话","{""onChange"":""event=>updateSupport('phone',event.target.value)""}","event=>void saveSupport(event)","","","expanded && supportDraft&&canManageSupport","所属表单：event=>void saveSupport(event)","","定义与绑定已登记；业务结果按闭环表核对，不能将源码登记或同名按钮可见计为逐实例通过"
"CTRL-0699","src/normalized-ui/HomeContentManagementPanel.tsx","129","HomeContentManagementPanel","input","企业微信名称","{""onChange"":""event=>updateSupport('wecomName',event.target.value)""}","event=>void saveSupport(event)","","","expanded && supportDraft&&canManageSupport","所属表单：event=>void saveSupport(event)","","定义与绑定已登记；业务结果按闭环表核对，不能将源码登记或同名按钮可见计为逐实例通过"
"CTRL-0700","src/normalized-ui/HomeContentManagementPanel.tsx","129","HomeContentManagementPanel","input","企业微信二维码（可选）","{}","event=>void saveSupport(event)","","","expanded && supportDraft&&canManageSupport","所属表单：event=>void saveSupport(event)","","定义与绑定已登记；业务结果按闭环表核对，不能将源码登记或同名按钮可见计为逐实例通过"
"CTRL-0701","src/normalized-ui/HomeContentManagementPanel.tsx","129","HomeContentManagementPanel","MediaAssetPicker","","{""onChange"":""(wecomQrImageUrl)=>updateSupport('wecomQrImageUrl',wecomQrImageUrl)""}","event=>void saveSupport(event)","","","expanded && supportDraft&&canManageSupport","所属表单：event=>void saveSupport(event)","","定义与绑定已登记；业务结果按闭环表核对，不能将源码登记或同名按钮可见计为逐实例通过"
"CTRL-0702","src/normalized-ui/HomeContentManagementPanel.tsx","129","HomeContentManagementPanel","input","修改原因","{""onChange"":""event=>updateSupport('reason',event.target.value)""}","event=>void saveSupport(event)","","","expanded && supportDraft&&canManageSupport","所属表单：event=>void saveSupport(event)","","定义与绑定已登记；业务结果按闭环表核对，不能将源码登记或同名按钮可见计为逐实例通过"
"CTRL-0703","src/normalized-ui/HomeContentManagementPanel.tsx","129","HomeContentManagementPanel","button","保存门店联系信息","{}","event=>void saveSupport(event)","","busy==='support'","expanded && supportDraft&&canManageSupport","所属表单：event=>void saveSupport(event)","","定义与绑定已登记；业务结果按闭环表核对，不能将源码登记或同名按钮可见计为逐实例通过"
"CTRL-0704","src/normalized-ui/InventoryBarcodeScanner.tsx","157","InventoryBarcodeScanner","button","关闭扫码","{""onClick"":""onClose""}","","","","","已定义交互事件","","定义与绑定已登记；业务结果按闭环表核对，不能将源码登记或同名按钮可见计为逐实例通过"
"CTRL-0705","src/normalized-ui/InventoryBarcodeScanner.tsx","164","InventoryBarcodeScanner","button","使用识别结果","{""onClick"":""() => onDetected(detectedCode)""}","","","","cameraState === 'detected'","已定义交互事件","","定义与绑定已登记；业务结果按闭环表核对，不能将源码登记或同名按钮可见计为逐实例通过"
"CTRL-0706","src/normalized-ui/InventoryStockCountPanel.tsx","99","InventoryStockCountPanel","button","刷新盘点","{""onClick"":""() => setRevision(value => value + 1)""}","","","loading || busy","","已定义交互事件","","定义与绑定已登记；业务结果按闭环表核对，不能将源码登记或同名按钮可见计为逐实例通过"
"CTRL-0707","src/normalized-ui/InventoryStockCountPanel.tsx","102","InventoryStockCountPanel","button","待复核","{""onClick"":""() => { setStatus('submitted'); setPage(0) }""}","","","busy","","已定义交互事件","","定义与绑定已登记；业务结果按闭环表核对，不能将源码登记或同名按钮可见计为逐实例通过"
"CTRL-0708","src/normalized-ui/InventoryStockCountPanel.tsx","103","InventoryStockCountPanel","button","已处理","{""onClick"":""() => { setStatus('processed'); setPage(0) }""}","","","busy","","已定义交互事件","","定义与绑定已登记；业务结果按闭环表核对，不能将源码登记或同名按钮可见计为逐实例通过"
"CTRL-0709","src/normalized-ui/InventoryStockCountPanel.tsx","110","InventoryStockCountPanel","input","全选当前页可复核单据","{""onChange"":""event => setSelected(event.target.checked ? reviewable.map(count => count.id) : [])""}","","","busy || loading","status === 'submitted' && data?.canApprove && reviewable.length > 0","已定义交互事件","","定义与绑定已登记；业务结果按闭环表核对，不能将源码登记或同名按钮可见计为逐实例通过"
"CTRL-0710","src/normalized-ui/InventoryStockCountPanel.tsx","114","InventoryStockCountPanel","button","选中可通过","{""onClick"":""() => setSelected(reviewable.filter(count => !count.lines.some(line => line.stale)).map(count => count.id))""}","","","busy || loading","status === 'submitted' && data?.canApprove && reviewable.length > 0","已定义交互事件","","定义与绑定已登记；业务结果按闭环表核对，不能将源码登记或同名按钮可见计为逐实例通过"
"CTRL-0711","src/normalized-ui/InventoryStockCountPanel.tsx","115","InventoryStockCountPanel","button","选中需重盘","{""onClick"":""() => setSelected(reviewable.filter(count => count.lines.some(line => line.stale)).map(count => count.id))""}","","","busy || loading","status === 'submitted' && data?.canApprove && reviewable.length > 0","已定义交互事件","","定义与绑定已登记；业务结果按闭环表核对，不能将源码登记或同名按钮可见计为逐实例通过"
"CTRL-0712","src/normalized-ui/InventoryStockCountPanel.tsx","116","InventoryStockCountPanel","button","批量通过","{""onClick"":""() => void decideBatch('approve')""}","","","busy || loading || chosen.length === 0 || hasStale","status === 'submitted' && data?.canApprove && reviewable.length > 0","已定义交互事件","","定义与绑定已登记；业务结果按闭环表核对，不能将源码登记或同名按钮可见计为逐实例通过"
"CTRL-0713","src/normalized-ui/InventoryStockCountPanel.tsx","120","InventoryStockCountPanel","input","批量退回原因","{""onChange"":""event => setBatchReason(event.target.value)""}","","","busy","status === 'submitted' && data?.canApprove && reviewable.length > 0","已定义交互事件","","定义与绑定已登记；业务结果按闭环表核对，不能将源码登记或同名按钮可见计为逐实例通过"
"CTRL-0714","src/normalized-ui/InventoryStockCountPanel.tsx","121","InventoryStockCountPanel","button","批量退回","{""onClick"":""() => void decideBatch('reject')""}","","","busy || loading || chosen.length === 0","status === 'submitted' && data?.canApprove && reviewable.length > 0","已定义交互事件","","定义与绑定已登记；业务结果按闭环表核对，不能将源码登记或同名按钮可见计为逐实例通过"
"CTRL-0715","src/normalized-ui/InventoryStockCountPanel.tsx","127","InventoryStockCountPanel","input","选择此盘点","{""onChange"":""event => setSelected(current => event.target.checked ? [...current, count.id] : current.filter(id => id !== count.id))""}","","","busy || loading","count.status === 'submitted' && count.canReview","已定义交互事件","","定义与绑定已登记；业务结果按闭环表核对，不能将源码登记或同名按钮可见计为逐实例通过"
"CTRL-0716","src/normalized-ui/InventoryStockCountPanel.tsx","137","InventoryStockCountPanel","button","重新盘点： {line.itemName}","{""onClick"":""() => onRecount(line.inventoryItemId)""}","","","busy || loading","count.status === 'rejected' && onRecount","已定义交互事件","","定义与绑定已登记；业务结果按闭环表核对，不能将源码登记或同名按钮可见计为逐实例通过"
"CTRL-0717","src/normalized-ui/InventoryStockCountPanel.tsx","141","InventoryStockCountPanel","button","审核通过","{""onClick"":""() => void decide(count, 'approve')""}","","","busy || loading || count.lines.some(line => line.stale)","count.canReview","已定义交互事件","","定义与绑定已登记；业务结果按闭环表核对，不能将源码登记或同名按钮可见计为逐实例通过"
"CTRL-0718","src/normalized-ui/InventoryStockCountPanel.tsx","142","InventoryStockCountPanel","input","退回原因","{""onChange"":""event => setReasons(current => ({ ...current, [count.id]: event.target.value }))""}","","","busy","count.canReview","已定义交互事件","","定义与绑定已登记；业务结果按闭环表核对，不能将源码登记或同名按钮可见计为逐实例通过"
"CTRL-0719","src/normalized-ui/InventoryStockCountPanel.tsx","143","InventoryStockCountPanel","button","退回盘点","{""onClick"":""() => void decide(count, 'reject')""}","","","busy || loading","count.canReview","已定义交互事件","","定义与绑定已登记；业务结果按闭环表核对，不能将源码登记或同名按钮可见计为逐实例通过"
"CTRL-0720","src/normalized-ui/InventoryStockCountPanel.tsx","147","InventoryStockCountPanel","button","上一页","{""onClick"":""() => setPage(value => value - 1)""}","","","loading || busy || page === 0","","已定义交互事件","","定义与绑定已登记；业务结果按闭环表核对，不能将源码登记或同名按钮可见计为逐实例通过"
"CTRL-0721","src/normalized-ui/InventoryStockCountPanel.tsx","147","InventoryStockCountPanel","button","下一页","{""onClick"":""() => setPage(value => value + 1)""}","","","loading || busy || !data?.hasMore","","已定义交互事件","","定义与绑定已登记；业务结果按闭环表核对，不能将源码登记或同名按钮可见计为逐实例通过"
"CTRL-0722","src/normalized-ui/ItemAfterSalesPanel.tsx","71","ItemAfterSalesPanel","button","关闭商品处理","{""onClick"":""onClose""}","","","","","已定义交互事件","","定义与绑定已登记；业务结果按闭环表核对，不能将源码登记或同名按钮可见计为逐实例通过"
"CTRL-0723","src/normalized-ui/ItemAfterSalesPanel.tsx","75","ItemAfterSalesPanel","button","刷新商品状态","{""onClick"":""()=>{setBusy(true);setError('');void read().then(()=>setNotice('商品状态已更新')).catch(()=>setError('最新商品状态暂未读回，请稍后再刷新')).finally(()=>setBusy(false))}""}","","","busy","!pending","已定义交互事件","","定义与绑定已登记；业务结果按闭环表核对，不能将源码登记或同名按钮可见计为逐实例通过"
"CTRL-0724","src/normalized-ui/ItemAfterSalesPanel.tsx","76","ItemAfterSalesPanel","button","恢复上次商品处理","{""onClick"":""()=>void run(()=>api.recover(itemId))""}","","","busy","pending","已定义交互事件","","定义与绑定已登记；业务结果按闭环表核对，不能将源码登记或同名按钮可见计为逐实例通过"
"CTRL-0725","src/normalized-ui/ItemAfterSalesPanel.tsx","79","ItemAfterSalesPanel","select","客人临时不要了 重复点单 商品售罄无法提供 出品问题协商处理 客人确认继续保留商品 实物已收回并核对","{""onChange"":""event=>setReason(event.target.value)""}","","","locked","!data","已定义交互事件","","定义与绑定已登记；业务结果按闭环表核对，不能将源码登记或同名按钮可见计为逐实例通过"
"CTRL-0726","src/normalized-ui/ItemAfterSalesPanel.tsx","83","ItemAfterSalesPanel","form","本次停止份数 {data.item.includedInBundle?'停止所选套餐商品':'停止 / 申请退款'} {data.item.includedInBundle?'处理所选份数，套餐其余商品继续。保留商品按下单时单点原价重算；未付未制作直接停止，已付由另一位有权人员审核一次。原单价缺失时先暂停待核对。':'仅处理所选份数。未付且未制作直接停止减账；未付已制作先暂停，按原免收权限确认。已付款由另一位有权人员审核一次。'}","{""onSubmit"":""event=>{event.preventDefault();void run(()=>api.act(itemId,'/api/commerce/item-after-sales/requests',{orderItemId:itemId,quantity:Number(quantity),reason}))}""}","","","","!data && data.canRequest&&available>0","已定义交互事件","","定义与绑定已登记；业务结果按闭环表核对，不能将源码登记或同名按钮可见计为逐实例通过"
"CTRL-0727","src/normalized-ui/ItemAfterSalesPanel.tsx","84","ItemAfterSalesPanel","input","本次停止份数","{""onChange"":""event=>setQuantity(event.target.value)""}","event=>{event.preventDefault();void run(()=>api.act(itemId,'/api/commerce/item-after-sales/requests',{orderItemId:itemId,quantity:Number(quantity),reason}))}","","locked","!data && data.canRequest&&available>0","所属表单：event=>{event.preventDefault();void run(()=>api.act(itemId,'/api/commerce/item-after-sales/requests',{orderItemId:itemId,quantity:Number(quantity),reason}))}","","定义与绑定已登记；业务结果按闭环表核对，不能将源码登记或同名按钮可见计为逐实例通过"
"CTRL-0728","src/normalized-ui/ItemAfterSalesPanel.tsx","85","ItemAfterSalesPanel","button","{data.item.includedInBundle?'停止所选套餐商品':'停止 / 申请退款'}","{}","event=>{event.preventDefault();void run(()=>api.act(itemId,'/api/commerce/item-after-sales/requests',{orderItemId:itemId,quantity:Number(quantity),reason}))}","","locked","!data && data.canRequest&&available>0","所属表单：event=>{event.preventDefault();void run(()=>api.act(itemId,'/api/commerce/item-after-sales/requests',{orderItemId:itemId,quantity:Number(quantity),reason}))}","","定义与绑定已登记；业务结果按闭环表核对，不能将源码登记或同名按钮可见计为逐实例通过"
"CTRL-0729","src/normalized-ui/ItemAfterSalesPanel.tsx","89","ItemAfterSalesPanel","button","按份重新制作","{""onClick"":""()=>{setRemakeCount('1');setOriginalGoodsLost(false);setRemakeForm({taskId:data.originalKdsTaskId!,maximum:data.firstRemakeAvailableQuantity!})}""}","","","locked","!data && data.canManageRemake&&data.originalKdsTaskId&&(data.firstRemakeAvailableQuantity??0)>0","已定义交互事件","","定义与绑定已登记；业务结果按闭环表核对，不能将源码登记或同名按钮可见计为逐实例通过"
"CTRL-0730","src/normalized-ui/ItemAfterSalesPanel.tsx","92","ItemAfterSalesPanel","button","本批按份再次制作","{""onClick"":""()=>{setRemakeCount('1');setOriginalGoodsLost(false);setRemakeForm({taskId:batch.taskId,maximum:batch.successorAvailableQuantity})}""}","","","locked","data.canManageRemake&&batch.successorAvailableQuantity>0","已定义交互事件","","定义与绑定已登记；业务结果按闭环表核对，不能将源码登记或同名按钮可见计为逐实例通过"
"CTRL-0731","src/normalized-ui/ItemAfterSalesPanel.tsx","94","ItemAfterSalesPanel","form","按份重做","{""onSubmit"":""event=>{event.preventDefault();void run(async()=>{await api.act(itemId,`/api/commerce/kds/${remakeForm.taskId}/remake`,{quantity:Number(remakeCount),originalGoodsLost,reasonCode:'production_remake',reason:remakeReason});setRemakeForm(null)})}""}","","","","!data && data.canManageRemake&&remakeForm","已定义交互事件","","定义与绑定已登记；业务结果按闭环表核对，不能将源码登记或同名按钮可见计为逐实例通过"
"CTRL-0732","src/normalized-ui/ItemAfterSalesPanel.tsx","95","ItemAfterSalesPanel","input","本次重做份数","{""onChange"":""event=>setRemakeCount(event.target.value)""}","event=>{event.preventDefault();void run(async()=>{await api.act(itemId,`/api/commerce/kds/${remakeForm.taskId}/remake`,{quantity:Number(remakeCount),originalGoodsLost,reasonCode:'production_remake',reason:remakeReason});setRemakeForm(null)})}","","locked","!data && data.canManageRemake&&remakeForm","所属表单：event=>{event.preventDefault();void run(async()=>{await api.act(itemId,`/api/commerce/kds/${remakeForm.taskId}/remake`,{quantity:Number(remakeCount),originalGoodsLost,reasonCode:'production_remake',reason:remakeReason});setRemakeForm(null)})}","","定义与绑定已登记；业务结果按闭环表核对，不能将源码登记或同名按钮可见计为逐实例通过"
"CTRL-0733","src/normalized-ui/ItemAfterSalesPanel.tsx","96","ItemAfterSalesPanel","input","重做原因","{""onChange"":""event=>setRemakeReason(event.target.value)""}","event=>{event.preventDefault();void run(async()=>{await api.act(itemId,`/api/commerce/kds/${remakeForm.taskId}/remake`,{quantity:Number(remakeCount),originalGoodsLost,reasonCode:'production_remake',reason:remakeReason});setRemakeForm(null)})}","","locked","!data && data.canManageRemake&&remakeForm","所属表单：event=>{event.preventDefault();void run(async()=>{await api.act(itemId,`/api/commerce/kds/${remakeForm.taskId}/remake`,{quantity:Number(remakeCount),originalGoodsLost,reasonCode:'production_remake',reason:remakeReason});setRemakeForm(null)})}","","定义与绑定已登记；业务结果按闭环表核对，不能将源码登记或同名按钮可见计为逐实例通过"
"CTRL-0734","src/normalized-ui/ItemAfterSalesPanel.tsx","97","ItemAfterSalesPanel","input","需要重新制作，无法直接补送这批原实物","{""onChange"":""event=>setOriginalGoodsLost(event.target.checked)""}","event=>{event.preventDefault();void run(async()=>{await api.act(itemId,`/api/commerce/kds/${remakeForm.taskId}/remake`,{quantity:Number(remakeCount),originalGoodsLost,reasonCode:'production_remake',reason:remakeReason});setRemakeForm(null)})}","","locked","!data && data.canManageRemake&&remakeForm","所属表单：event=>{event.preventDefault();void run(async()=>{await api.act(itemId,`/api/commerce/kds/${remakeForm.taskId}/remake`,{quantity:Number(remakeCount),originalGoodsLost,reasonCode:'production_remake',reason:remakeReason});setRemakeForm(null)})}","","定义与绑定已登记；业务结果按闭环表核对，不能将源码登记或同名按钮可见计为逐实例通过"
"CTRL-0735","src/normalized-ui/ItemAfterSalesPanel.tsx","99","ItemAfterSalesPanel","button","确认本次重做","{}","event=>{event.preventDefault();void run(async()=>{await api.act(itemId,`/api/commerce/kds/${remakeForm.taskId}/remake`,{quantity:Number(remakeCount),originalGoodsLost,reasonCode:'production_remake',reason:remakeReason});setRemakeForm(null)})}","","locked||!originalGoodsLost","!data && data.canManageRemake&&remakeForm","所属表单：event=>{event.preventDefault();void run(async()=>{await api.act(itemId,`/api/commerce/kds/${remakeForm.taskId}/remake`,{quantity:Number(remakeCount),originalGoodsLost,reasonCode:'production_remake',reason:remakeReason});setRemakeForm(null)})}","","定义与绑定已登记；业务结果按闭环表核对，不能将源码登记或同名按钮可见计为逐实例通过"
"CTRL-0736","src/normalized-ui/ItemAfterSalesPanel.tsx","99","ItemAfterSalesPanel","button","收起重做","{""onClick"":""()=>setRemakeForm(null)""}","event=>{event.preventDefault();void run(async()=>{await api.act(itemId,`/api/commerce/kds/${remakeForm.taskId}/remake`,{quantity:Number(remakeCount),originalGoodsLost,reasonCode:'production_remake',reason:remakeReason});setRemakeForm(null)})}","","locked","!data && data.canManageRemake&&remakeForm","所属表单：event=>{event.preventDefault();void run(async()=>{await api.act(itemId,`/api/commerce/kds/${remakeForm.taskId}/remake`,{quantity:Number(remakeCount),originalGoodsLost,reasonCode:'production_remake',reason:remakeReason});setRemakeForm(null)})}","","定义与绑定已登记；业务结果按闭环表核对，不能将源码登记或同名按钮可见计为逐实例通过"
"CTRL-0737","src/normalized-ui/ItemAfterSalesPanel.tsx","101","ItemAfterSalesPanel","button","原实物补送","{""onClick"":""()=>setRedeliveryForm(value=>!value)""}","","","locked","!data && data.canRequestRedelivery","已定义交互事件","","定义与绑定已登记；业务结果按闭环表核对，不能将源码登记或同名按钮可见计为逐实例通过"
"CTRL-0738","src/normalized-ui/ItemAfterSalesPanel.tsx","102","ItemAfterSalesPanel","form","补送份数 补送原因 原实物仍在且可交付，无需重新制作 重新安排服务员送达，原金额和库存不变。 安排原实物补送","{""onSubmit"":""event=>{event.preventDefault();void run(()=>api.act(itemId,'/api/commerce/item-after-sales/redeliveries',{orderItemId:itemId,quantity:Number(redeliveryCount),reason:redeliveryReason,originalGoodsAvailable}))}""}","","","","!data && data.canRequestRedelivery&&redeliveryForm","已定义交互事件","","定义与绑定已登记；业务结果按闭环表核对，不能将源码登记或同名按钮可见计为逐实例通过"
"CTRL-0739","src/normalized-ui/ItemAfterSalesPanel.tsx","103","ItemAfterSalesPanel","input","补送份数","{""onChange"":""event=>setRedeliveryCount(event.target.value)""}","event=>{event.preventDefault();void run(()=>api.act(itemId,'/api/commerce/item-after-sales/redeliveries',{orderItemId:itemId,quantity:Number(redeliveryCount),reason:redeliveryReason,originalGoodsAvailable}))}","","locked","!data && data.canRequestRedelivery&&redeliveryForm","所属表单：event=>{event.preventDefault();void run(()=>api.act(itemId,'/api/commerce/item-after-sales/redeliveries',{orderItemId:itemId,quantity:Number(redeliveryCount),reason:redeliveryReason,originalGoodsAvailable}))}","","定义与绑定已登记；业务结果按闭环表核对，不能将源码登记或同名按钮可见计为逐实例通过"
"CTRL-0740","src/normalized-ui/ItemAfterSalesPanel.tsx","104","ItemAfterSalesPanel","input","补送原因","{""onChange"":""event=>setRedeliveryReason(event.target.value)""}","event=>{event.preventDefault();void run(()=>api.act(itemId,'/api/commerce/item-after-sales/redeliveries',{orderItemId:itemId,quantity:Number(redeliveryCount),reason:redeliveryReason,originalGoodsAvailable}))}","","locked","!data && data.canRequestRedelivery&&redeliveryForm","所属表单：event=>{event.preventDefault();void run(()=>api.act(itemId,'/api/commerce/item-after-sales/redeliveries',{orderItemId:itemId,quantity:Number(redeliveryCount),reason:redeliveryReason,originalGoodsAvailable}))}","","定义与绑定已登记；业务结果按闭环表核对，不能将源码登记或同名按钮可见计为逐实例通过"
"CTRL-0741","src/normalized-ui/ItemAfterSalesPanel.tsx","105","ItemAfterSalesPanel","input","原实物仍在且可交付，无需重新制作","{""onChange"":""event=>setOriginalGoodsAvailable(event.target.checked)""}","event=>{event.preventDefault();void run(()=>api.act(itemId,'/api/commerce/item-after-sales/redeliveries',{orderItemId:itemId,quantity:Number(redeliveryCount),reason:redeliveryReason,originalGoodsAvailable}))}","","locked","!data && data.canRequestRedelivery&&redeliveryForm","所属表单：event=>{event.preventDefault();void run(()=>api.act(itemId,'/api/commerce/item-after-sales/redeliveries',{orderItemId:itemId,quantity:Number(redeliveryCount),reason:redeliveryReason,originalGoodsAvailable}))}","","定义与绑定已登记；业务结果按闭环表核对，不能将源码登记或同名按钮可见计为逐实例通过"
"CTRL-0742","src/normalized-ui/ItemAfterSalesPanel.tsx","107","ItemAfterSalesPanel","button","安排原实物补送","{}","event=>{event.preventDefault();void run(()=>api.act(itemId,'/api/commerce/item-after-sales/redeliveries',{orderItemId:itemId,quantity:Number(redeliveryCount),reason:redeliveryReason,originalGoodsAvailable}))}","","locked||!originalGoodsAvailable","!data && data.canRequestRedelivery&&redeliveryForm","所属表单：event=>{event.preventDefault();void run(()=>api.act(itemId,'/api/commerce/item-after-sales/redeliveries',{orderItemId:itemId,quantity:Number(redeliveryCount),reason:redeliveryReason,originalGoodsAvailable}))}","","定义与绑定已登记；业务结果按闭环表核对，不能将源码登记或同名按钮可见计为逐实例通过"
"CTRL-0743","src/normalized-ui/ItemAfterSalesPanel.tsx","114","ItemAfterSalesPanel","form","本次实际补送份数 确认原实物已补送","{""onSubmit"":""event=>{event.preventDefault();void run(()=>api.act(itemId,`/api/commerce/item-after-sales/redeliveries/${task.id}/complete`,{quantity:Number(count),reason:'确认所选份数原实物已实际补送给客人'}))}""}","","","","data.canConfirmRedelivery&&active&&available>0","已定义交互事件","","定义与绑定已登记；业务结果按闭环表核对，不能将源码登记或同名按钮可见计为逐实例通过"
"CTRL-0744","src/normalized-ui/ItemAfterSalesPanel.tsx","115","ItemAfterSalesPanel","input","本次实际补送份数","{""onChange"":""event=>setDeliveredCounts(value=>({...value,[task.id]:event.target.value}))""}","event=>{event.preventDefault();void run(()=>api.act(itemId,`/api/commerce/item-after-sales/redeliveries/${task.id}/complete`,{quantity:Number(count),reason:'确认所选份数原实物已实际补送给客人'}))}","","locked","data.canConfirmRedelivery&&active&&available>0","所属表单：event=>{event.preventDefault();void run(()=>api.act(itemId,`/api/commerce/item-after-sales/redeliveries/${task.id}/complete`,{quantity:Number(count),reason:'确认所选份数原实物已实际补送给客人'}))}","","定义与绑定已登记；业务结果按闭环表核对，不能将源码登记或同名按钮可见计为逐实例通过"
"CTRL-0745","src/normalized-ui/ItemAfterSalesPanel.tsx","116","ItemAfterSalesPanel","button","确认原实物已补送","{}","event=>{event.preventDefault();void run(()=>api.act(itemId,`/api/commerce/item-after-sales/redeliveries/${task.id}/complete`,{quantity:Number(count),reason:'确认所选份数原实物已实际补送给客人'}))}","","locked","data.canConfirmRedelivery&&active&&available>0","所属表单：event=>{event.preventDefault();void run(()=>api.act(itemId,`/api/commerce/item-after-sales/redeliveries/${task.id}/complete`,{quantity:Number(count),reason:'确认所选份数原实物已实际补送给客人'}))}","","定义与绑定已登记；业务结果按闭环表核对，不能将源码登记或同名按钮可见计为逐实例通过"
"CTRL-0746","src/normalized-ui/ItemAfterSalesPanel.tsx","119","ItemAfterSalesPanel","button","取消本次补送","{""onClick"":""()=>void run(()=>api.act(itemId,`/api/commerce/item-after-sales/redeliveries/${task.id}/cancel`,{reason:'现场确认取消本次补送，原商品和退款保持原处理'}))""}","","","locked","data.canCancelRedelivery&&active","已定义交互事件","","定义与绑定已登记；业务结果按闭环表核对，不能将源码登记或同名按钮可见计为逐实例通过"
"CTRL-0747","src/normalized-ui/ItemAfterSalesPanel.tsx","137","ItemAfterSalesPanel","button","{current.replacementOrder?'重新换品，另开新单':'换商品，另开新单'}","{""onClick"":""()=>setReplacementCase({caseId:current.caseId,previousOrderId:current.replacementOrder?.orderId})""}","","","locked","current.canReplace&&data.item.tableSessionId","已定义交互事件","","定义与绑定已登记；业务结果按闭环表核对，不能将源码登记或同名按钮可见计为逐实例通过"
"CTRL-0748","src/normalized-ui/ItemAfterSalesPanel.tsx","146","ItemAfterSalesPanel","button","已联系所示岗位，确认知悉","{""onClick"":""()=>void run(()=>api.act(itemId,`/api/commerce/item-after-sales/${current.caseId}/notice-ack`,{noticeIds:current.notices.map(item=>item.id),reason:'已联系所示岗位核实通知内容，岗位已知悉'}))""}","","","locked","current.unconfirmedNoticeCount>0 && data.canAcknowledgeNotices&&current.notices.length>0","已定义交互事件","","定义与绑定已登记；业务结果按闭环表核对，不能将源码登记或同名按钮可见计为逐实例通过"
"CTRL-0749","src/normalized-ui/ItemAfterSalesPanel.tsx","148","ItemAfterSalesPanel","button","重试已确认失败的 {refund.provider==='cash'?'现金':refund.provider==='postar'?'线上':'原渠道'} 退款 ¥ {money(refund.amountMinor)}","{""onClick"":""()=>void run(()=>api.act(itemId,`/api/commerce/item-after-sales/${current.caseId}/refund-retry`,{refundId:refund.id,reason:'仅重试已核实失败的原付款退款，沿用原审核'}))""}","","","locked","","已定义交互事件","","定义与绑定已登记；业务结果按闭环表核对，不能将源码登记或同名按钮可见计为逐实例通过"
"CTRL-0750","src/normalized-ui/ItemAfterSalesPanel.tsx","150","ItemAfterSalesPanel","input","现金 ¥ {money(refund.amountMinor)} 已实际退给客人","{""onChange"":""event=>setCashConfirmed(value=>({...value,[refund.id]:event.target.checked}))""}","","","locked","","已定义交互事件","","定义与绑定已登记；业务结果按闭环表核对，不能将源码登记或同名按钮可见计为逐实例通过"
"CTRL-0751","src/normalized-ui/ItemAfterSalesPanel.tsx","151","ItemAfterSalesPanel","button","登记现金已退","{""onClick"":""()=>void run(()=>api.act(itemId,`/api/refunds/${refund.id}/manual-result`,{succeeded:true}))""}","","","locked||!cashConfirmed[refund.id]","","已定义交互事件","","定义与绑定已登记；业务结果按闭环表核对，不能将源码登记或同名按钮可见计为逐实例通过"
"CTRL-0752","src/normalized-ui/ItemAfterSalesPanel.tsx","155","ItemAfterSalesPanel","button","原付款已确认未收，继续停止减账","{""onClick"":""()=>void run(()=>api.act(itemId,`/api/commerce/item-after-sales/${current.caseId}/resolve-unpaid`,{reason:'原付款已确认未收，继续原停止处理'}))""}","","","locked","current.canResolveUnpaid","已定义交互事件","","定义与绑定已登记；业务结果按闭环表核对，不能将源码登记或同名按钮可见计为逐实例通过"
"CTRL-0753","src/normalized-ui/ItemAfterSalesPanel.tsx","159","ItemAfterSalesPanel","input","`${providerName(source.provider)}退回金额`","{""onChange"":""event=>setFunding(value=>({...value,[current.caseId]:{...value[current.caseId],[source.paymentId]:event.target.value}}))""}","","","","","已定义交互事件","","定义与绑定已登记；业务结果按闭环表核对，不能将源码登记或同名按钮可见计为逐实例通过"
"CTRL-0754","src/normalized-ui/ItemAfterSalesPanel.tsx","162","ItemAfterSalesPanel","button","{current.kind==='unpaid_stop'?'确认停止并免收':'批准'} ¥ {money(current.amountMinor!)}","{""onClick"":""()=>void action(current.caseId,'decision',{decision:'approved',...(current.requiresFundingChoice?{funding:shares}:{})})""}","","","locked||!fundingValid","current.canApprove","已定义交互事件","","定义与绑定已登记；业务结果按闭环表核对，不能将源码登记或同名按钮可见计为逐实例通过"
"CTRL-0755","src/normalized-ui/ItemAfterSalesPanel.tsx","163","ItemAfterSalesPanel","button","{current.kind==='unpaid_stop'?'拒绝停止':'拒绝退款'}","{""onClick"":""()=>void action(current.caseId,'decision',{decision:'rejected'})""}","","","locked","current.canReject","已定义交互事件","","定义与绑定已登记；业务结果按闭环表核对，不能将源码登记或同名按钮可见计为逐实例通过"
"CTRL-0756","src/normalized-ui/ItemAfterSalesPanel.tsx","164","ItemAfterSalesPanel","button","撤回申请","{""onClick"":""()=>void action(current.caseId,'decision',{decision:'withdrawn'})""}","","","locked","current.canWithdraw","已定义交互事件","","定义与绑定已登记；业务结果按闭环表核对，不能将源码登记或同名按钮可见计为逐实例通过"
"CTRL-0757","src/normalized-ui/ItemAfterSalesPanel.tsx","166","ItemAfterSalesPanel","button","修改申请","{""onClick"":""()=>setRevision({caseId:current.caseId,quantity:String(current.selectedQuantity),reason:current.reason})""}","","","locked","current.canRevise","已定义交互事件","","定义与绑定已登记；业务结果按闭环表核对，不能将源码登记或同名按钮可见计为逐实例通过"
"CTRL-0758","src/normalized-ui/ItemAfterSalesPanel.tsx","167","ItemAfterSalesPanel","form","修改后份数 修改原因 修改后按原成交事实重新计算，旧申请不再接受审核。减少的份数仍暂停，需明确确认继续。 保存修改，重新申请 取消修改","{""onSubmit"":""event=>{event.preventDefault();void run(()=>api.act(itemId,`/api/commerce/item-after-sales/${current.caseId}/revision`,{quantity:Number(revision.quantity),reason:revision.reason}))}""}","","","","current.canRevise && revision?.caseId===current.caseId","已定义交互事件","","定义与绑定已登记；业务结果按闭环表核对，不能将源码登记或同名按钮可见计为逐实例通过"
"CTRL-0759","src/normalized-ui/ItemAfterSalesPanel.tsx","168","ItemAfterSalesPanel","input","修改后份数","{""onChange"":""event=>setRevision({...revision,quantity:event.target.value})""}","event=>{event.preventDefault();void run(()=>api.act(itemId,`/api/commerce/item-after-sales/${current.caseId}/revision`,{quantity:Number(revision.quantity),reason:revision.reason}))}","","locked","current.canRevise && revision?.caseId===current.caseId","所属表单：event=>{event.preventDefault();void run(()=>api.act(itemId,`/api/commerce/item-after-sales/${current.caseId}/revision`,{quantity:Number(revision.quantity),reason:revision.reason}))}","","定义与绑定已登记；业务结果按闭环表核对，不能将源码登记或同名按钮可见计为逐实例通过"
"CTRL-0760","src/normalized-ui/ItemAfterSalesPanel.tsx","169","ItemAfterSalesPanel","input","修改原因","{""onChange"":""event=>setRevision({...revision,reason:event.target.value})""}","event=>{event.preventDefault();void run(()=>api.act(itemId,`/api/commerce/item-after-sales/${current.caseId}/revision`,{quantity:Number(revision.quantity),reason:revision.reason}))}","","locked","current.canRevise && revision?.caseId===current.caseId","所属表单：event=>{event.preventDefault();void run(()=>api.act(itemId,`/api/commerce/item-after-sales/${current.caseId}/revision`,{quantity:Number(revision.quantity),reason:revision.reason}))}","","定义与绑定已登记；业务结果按闭环表核对，不能将源码登记或同名按钮可见计为逐实例通过"
"CTRL-0761","src/normalized-ui/ItemAfterSalesPanel.tsx","171","ItemAfterSalesPanel","button","保存修改，重新申请","{}","event=>{event.preventDefault();void run(()=>api.act(itemId,`/api/commerce/item-after-sales/${current.caseId}/revision`,{quantity:Number(revision.quantity),reason:revision.reason}))}","","locked","current.canRevise && revision?.caseId===current.caseId","所属表单：event=>{event.preventDefault();void run(()=>api.act(itemId,`/api/commerce/item-after-sales/${current.caseId}/revision`,{quantity:Number(revision.quantity),reason:revision.reason}))}","","定义与绑定已登记；业务结果按闭环表核对，不能将源码登记或同名按钮可见计为逐实例通过"
"CTRL-0762","src/normalized-ui/ItemAfterSalesPanel.tsx","171","ItemAfterSalesPanel","button","取消修改","{""onClick"":""()=>setRevision(null)""}","event=>{event.preventDefault();void run(()=>api.act(itemId,`/api/commerce/item-after-sales/${current.caseId}/revision`,{quantity:Number(revision.quantity),reason:revision.reason}))}","","locked","current.canRevise && revision?.caseId===current.caseId","所属表单：event=>{event.preventDefault();void run(()=>api.act(itemId,`/api/commerce/item-after-sales/${current.caseId}/revision`,{quantity:Number(revision.quantity),reason:revision.reason}))}","","定义与绑定已登记；业务结果按闭环表核对，不能将源码登记或同名按钮可见计为逐实例通过"
"CTRL-0763","src/normalized-ui/ItemAfterSalesPanel.tsx","175","ItemAfterSalesPanel","button","确认继续原商品","{""onClick"":""()=>void action(current.caseId,'resume',{})""}","","","locked","current.canResume","已定义交互事件","","定义与绑定已登记；业务结果按闭环表核对，不能将源码登记或同名按钮可见计为逐实例通过"
"CTRL-0764","src/normalized-ui/ItemAfterSalesPanel.tsx","179","ItemAfterSalesPanel","input","本批实物份数","{""onChange"":""event=>setPhysicalQuantity(value=>({...value,[current.caseId]:event.target.value}))""}","","","","(current.canDisposeMade??current.status==='approved')&&held.length>0&&(data.canReceive||data.canRecordUsed)","已定义交互事件","","定义与绑定已登记；业务结果按闭环表核对，不能将源码登记或同名按钮可见计为逐实例通过"
"CTRL-0765","src/normalized-ui/ItemAfterSalesPanel.tsx","182","ItemAfterSalesPanel","input","{releaseOnly?'确认新批尚未制作，停止并释放预留':'已实际收回且未开封'}","{""onChange"":""event=>setReceived(value=>({...value,[current.caseId]:event.target.checked}))""}","","","","(current.canDisposeMade??current.status==='approved')&&held.length>0&&(data.canReceive||data.canRecordUsed) && data.canReceive&&returnKnown","已定义交互事件","","定义与绑定已登记；业务结果按闭环表核对，不能将源码登记或同名按钮可见计为逐实例通过"
"CTRL-0766","src/normalized-ui/ItemAfterSalesPanel.tsx","182","ItemAfterSalesPanel","button","{releaseOnly?'确认停止并释放新批预留':'确认收回入库'}","{""onClick"":""()=>void action(current.caseId,'physical',{unitIds:selection,disposition:'returned_unopened',unopenedReceived:true})""}","","","!validCount||!received[current.caseId]","(current.canDisposeMade??current.status==='approved')&&held.length>0&&(data.canReceive||data.canRecordUsed) && data.canReceive&&returnKnown","已定义交互事件","","定义与绑定已登记；业务结果按闭环表核对，不能将源码登记或同名按钮可见计为逐实例通过"
"CTRL-0767","src/normalized-ui/ItemAfterSalesPanel.tsx","183","ItemAfterSalesPanel","button","已消耗，不回库","{""onClick"":""()=>void action(current.caseId,'physical',{unitIds:selection,disposition:'used_loss',unopenedReceived:false})""}","","","!validCount","(current.canDisposeMade??current.status==='approved')&&held.length>0&&(data.canReceive||data.canRecordUsed) && data.canRecordUsed","已定义交互事件","","定义与绑定已登记；业务结果按闭环表核对，不能将源码登记或同名按钮可见计为逐实例通过"
"CTRL-0768","src/normalized-ui/ItemAfterSalesPendingPanel.tsx","48","ItemAfterSalesPendingPanel","button","重新读取商品待办","{""onClick"":""()=>setAccessRetry(value=>value+1)""}","","","","error","已定义交互事件","","定义与绑定已登记；业务结果按闭环表核对，不能将源码登记或同名按钮可见计为逐实例通过"
"CTRL-0769","src/normalized-ui/ItemAfterSalesPendingPanel.tsx","51","ItemAfterSalesPendingPanel","button","刷新商品待办","{""onClick"":""()=>void load()""}","","","busy","","已定义交互事件","","定义与绑定已登记；业务结果按闭环表核对，不能将源码登记或同名按钮可见计为逐实例通过"
"CTRL-0770","src/normalized-ui/ItemAfterSalesPendingPanel.tsx","61","ItemAfterSalesPendingPanel","button","处理商品","{""onClick"":""()=>setSelected(item.orderItemId)""}","","","","","已定义交互事件","","定义与绑定已登记；业务结果按闭环表核对，不能将源码登记或同名按钮可见计为逐实例通过"
"CTRL-0771","src/normalized-ui/ItemAfterSalesPendingPanel.tsx","63","ItemAfterSalesPendingPanel","button","继续查看待处理商品","{""onClick"":""()=>void load(true)""}","","","busy","data?.nextCursor","已定义交互事件","","定义与绑定已登记；业务结果按闭环表核对，不能将源码登记或同名按钮可见计为逐实例通过"
"CTRL-0772","src/normalized-ui/LaunchPopupPanel.tsx","14","LaunchPopupPanel","button","刷新配置","{""onClick"":""()=>void perform(load)""}","","","busy","","已定义交互事件","SYS-296","定义与绑定已登记；业务结果按闭环表核对，不能将源码登记或同名按钮可见计为逐实例通过"
"CTRL-0773","src/normalized-ui/LaunchPopupPanel.tsx","14","LaunchPopupPanel","form","启用弹窗 标题 展示频次 每天首次打开 本次小程序启动首次 每次回到小程序 内容 最多推荐8款公共在售商品，按添加顺序展示。专属卡商品不在公共弹窗中展示。 {value.productIds.map((id,index)=><li key={id}>{products.find(p=>p.id===id)?.name??'商品已下架'}<button type=""button"" disabled={busy||index===0} onClick={()=>{const ids=[...value.productIds];[ids[index-1],ids[index]]=[ids[index]!,ids[index-1]!];setValue({...value,productIds:ids})}}>上移</button><button type=""button"" disabled={busy} onClick={()=>setValue({...value,productIds:value.productIds.filter(p=>p!==id)})}>移除</button></li>)} 添加推荐商品 请选择商品 {products.filter(p=>!value.productIds.includes(p.id)).map(p=><option key={p.id} value={p.id}>{p.name}</option>)} 保存弹窗","{""onSubmit"":""e=>{e.preventDefault();void perform(async()=>{const body={enabled:value.enabled,title:value.title,content:value.content,frequency:value.frequency,productIds:value.productIds,version:value.version};await executeRecoverableCommand(`${auth.employee.id}:launch-popup`,body,createIdempotencyKey('popup'),key=>api.postEndpoint('/api/staff/launch-popup',body,{idempotencyKey:key}));await load();setMessage('弹窗配置已保存')})}""}","","","","value","已定义交互事件","SYS-296","定义与绑定已登记；业务结果按闭环表核对，不能将源码登记或同名按钮可见计为逐实例通过"
"CTRL-0774","src/normalized-ui/LaunchPopupPanel.tsx","14","LaunchPopupPanel","input","启用弹窗","{""onChange"":""e=>setValue({...value,enabled:e.target.checked})""}","e=>{e.preventDefault();void perform(async()=>{const body={enabled:value.enabled,title:value.title,content:value.content,frequency:value.frequency,productIds:value.productIds,version:value.version};await executeRecoverableCommand(`${auth.employee.id}:launch-popup`,body,createIdempotencyKey('popup'),key=>api.postEndpoint('/api/staff/launch-popup',body,{idempotencyKey:key}));await load();setMessage('弹窗配置已保存')})}","","","value","所属表单：e=>{e.preventDefault();void perform(async()=>{const body={enabled:value.enabled,title:value.title,content:value.content,frequency:value.frequency,productIds:value.productIds,version:value.version};await executeRecoverableCommand(`${auth.employee.id}:launch-popup`,body,createIdempotencyKey('popup'),key=>api.postEndpoint('/api/staff/launch-popup',body,{idempotencyKey:key}));await load();setMessage('弹窗配置已保存')})}","SYS-296","定义与绑定已登记；业务结果按闭环表核对，不能将源码登记或同名按钮可见计为逐实例通过"
"CTRL-0775","src/normalized-ui/LaunchPopupPanel.tsx","14","LaunchPopupPanel","input","标题","{""onChange"":""e=>setValue({...value,title:e.target.value})""}","e=>{e.preventDefault();void perform(async()=>{const body={enabled:value.enabled,title:value.title,content:value.content,frequency:value.frequency,productIds:value.productIds,version:value.version};await executeRecoverableCommand(`${auth.employee.id}:launch-popup`,body,createIdempotencyKey('popup'),key=>api.postEndpoint('/api/staff/launch-popup',body,{idempotencyKey:key}));await load();setMessage('弹窗配置已保存')})}","","","value","所属表单：e=>{e.preventDefault();void perform(async()=>{const body={enabled:value.enabled,title:value.title,content:value.content,frequency:value.frequency,productIds:value.productIds,version:value.version};await executeRecoverableCommand(`${auth.employee.id}:launch-popup`,body,createIdempotencyKey('popup'),key=>api.postEndpoint('/api/staff/launch-popup',body,{idempotencyKey:key}));await load();setMessage('弹窗配置已保存')})}","SYS-296","定义与绑定已登记；业务结果按闭环表核对，不能将源码登记或同名按钮可见计为逐实例通过"
"CTRL-0776","src/normalized-ui/LaunchPopupPanel.tsx","14","LaunchPopupPanel","select","每天首次打开 本次小程序启动首次 每次回到小程序","{""onChange"":""e=>setValue({...value,frequency:e.target.value as Policy['frequency']})""}","e=>{e.preventDefault();void perform(async()=>{const body={enabled:value.enabled,title:value.title,content:value.content,frequency:value.frequency,productIds:value.productIds,version:value.version};await executeRecoverableCommand(`${auth.employee.id}:launch-popup`,body,createIdempotencyKey('popup'),key=>api.postEndpoint('/api/staff/launch-popup',body,{idempotencyKey:key}));await load();setMessage('弹窗配置已保存')})}","","","value","所属表单：e=>{e.preventDefault();void perform(async()=>{const body={enabled:value.enabled,title:value.title,content:value.content,frequency:value.frequency,productIds:value.productIds,version:value.version};await executeRecoverableCommand(`${auth.employee.id}:launch-popup`,body,createIdempotencyKey('popup'),key=>api.postEndpoint('/api/staff/launch-popup',body,{idempotencyKey:key}));await load();setMessage('弹窗配置已保存')})}","SYS-296","定义与绑定已登记；业务结果按闭环表核对，不能将源码登记或同名按钮可见计为逐实例通过"
"CTRL-0777","src/normalized-ui/LaunchPopupPanel.tsx","14","LaunchPopupPanel","textarea","内容","{""onChange"":""e=>setValue({...value,content:e.target.value})""}","e=>{e.preventDefault();void perform(async()=>{const body={enabled:value.enabled,title:value.title,content:value.content,frequency:value.frequency,productIds:value.productIds,version:value.version};await executeRecoverableCommand(`${auth.employee.id}:launch-popup`,body,createIdempotencyKey('popup'),key=>api.postEndpoint('/api/staff/launch-popup',body,{idempotencyKey:key}));await load();setMessage('弹窗配置已保存')})}","","","value","所属表单：e=>{e.preventDefault();void perform(async()=>{const body={enabled:value.enabled,title:value.title,content:value.content,frequency:value.frequency,productIds:value.productIds,version:value.version};await executeRecoverableCommand(`${auth.employee.id}:launch-popup`,body,createIdempotencyKey('popup'),key=>api.postEndpoint('/api/staff/launch-popup',body,{idempotencyKey:key}));await load();setMessage('弹窗配置已保存')})}","SYS-296","定义与绑定已登记；业务结果按闭环表核对，不能将源码登记或同名按钮可见计为逐实例通过"
"CTRL-0778","src/normalized-ui/LaunchPopupPanel.tsx","14","LaunchPopupPanel","button","上移","{""onClick"":""()=>{const ids=[...value.productIds];[ids[index-1],ids[index]]=[ids[index]!,ids[index-1]!];setValue({...value,productIds:ids})}""}","e=>{e.preventDefault();void perform(async()=>{const body={enabled:value.enabled,title:value.title,content:value.content,frequency:value.frequency,productIds:value.productIds,version:value.version};await executeRecoverableCommand(`${auth.employee.id}:launch-popup`,body,createIdempotencyKey('popup'),key=>api.postEndpoint('/api/staff/launch-popup',body,{idempotencyKey:key}));await load();setMessage('弹窗配置已保存')})}","","busy||index===0","","所属表单：e=>{e.preventDefault();void perform(async()=>{const body={enabled:value.enabled,title:value.title,content:value.content,frequency:value.frequency,productIds:value.productIds,version:value.version};await executeRecoverableCommand(`${auth.employee.id}:launch-popup`,body,createIdempotencyKey('popup'),key=>api.postEndpoint('/api/staff/launch-popup',body,{idempotencyKey:key}));await load();setMessage('弹窗配置已保存')})}","SYS-296","定义与绑定已登记；业务结果按闭环表核对，不能将源码登记或同名按钮可见计为逐实例通过"
"CTRL-0779","src/normalized-ui/LaunchPopupPanel.tsx","14","LaunchPopupPanel","button","移除","{""onClick"":""()=>setValue({...value,productIds:value.productIds.filter(p=>p!==id)})""}","e=>{e.preventDefault();void perform(async()=>{const body={enabled:value.enabled,title:value.title,content:value.content,frequency:value.frequency,productIds:value.productIds,version:value.version};await executeRecoverableCommand(`${auth.employee.id}:launch-popup`,body,createIdempotencyKey('popup'),key=>api.postEndpoint('/api/staff/launch-popup',body,{idempotencyKey:key}));await load();setMessage('弹窗配置已保存')})}","","busy","","所属表单：e=>{e.preventDefault();void perform(async()=>{const body={enabled:value.enabled,title:value.title,content:value.content,frequency:value.frequency,productIds:value.productIds,version:value.version};await executeRecoverableCommand(`${auth.employee.id}:launch-popup`,body,createIdempotencyKey('popup'),key=>api.postEndpoint('/api/staff/launch-popup',body,{idempotencyKey:key}));await load();setMessage('弹窗配置已保存')})}","SYS-296","定义与绑定已登记；业务结果按闭环表核对，不能将源码登记或同名按钮可见计为逐实例通过"
"CTRL-0780","src/normalized-ui/LaunchPopupPanel.tsx","14","LaunchPopupPanel","select","请选择商品 {products.filter(p=>!value.productIds.includes(p.id)).map(p=><option key={p.id} value={p.id}>{p.name}</option>)}","{""onChange"":""e=>{if(e.target.value)setValue({...value,productIds:[...value.productIds,e.target.value]})}""}","e=>{e.preventDefault();void perform(async()=>{const body={enabled:value.enabled,title:value.title,content:value.content,frequency:value.frequency,productIds:value.productIds,version:value.version};await executeRecoverableCommand(`${auth.employee.id}:launch-popup`,body,createIdempotencyKey('popup'),key=>api.postEndpoint('/api/staff/launch-popup',body,{idempotencyKey:key}));await load();setMessage('弹窗配置已保存')})}","","busy||value.productIds.length>=8","value","所属表单：e=>{e.preventDefault();void perform(async()=>{const body={enabled:value.enabled,title:value.title,content:value.content,frequency:value.frequency,productIds:value.productIds,version:value.version};await executeRecoverableCommand(`${auth.employee.id}:launch-popup`,body,createIdempotencyKey('popup'),key=>api.postEndpoint('/api/staff/launch-popup',body,{idempotencyKey:key}));await load();setMessage('弹窗配置已保存')})}","SYS-296","定义与绑定已登记；业务结果按闭环表核对，不能将源码登记或同名按钮可见计为逐实例通过"
"CTRL-0781","src/normalized-ui/LaunchPopupPanel.tsx","14","LaunchPopupPanel","button","保存弹窗","{}","e=>{e.preventDefault();void perform(async()=>{const body={enabled:value.enabled,title:value.title,content:value.content,frequency:value.frequency,productIds:value.productIds,version:value.version};await executeRecoverableCommand(`${auth.employee.id}:launch-popup`,body,createIdempotencyKey('popup'),key=>api.postEndpoint('/api/staff/launch-popup',body,{idempotencyKey:key}));await load();setMessage('弹窗配置已保存')})}","","busy","value","所属表单：e=>{e.preventDefault();void perform(async()=>{const body={enabled:value.enabled,title:value.title,content:value.content,frequency:value.frequency,productIds:value.productIds,version:value.version};await executeRecoverableCommand(`${auth.employee.id}:launch-popup`,body,createIdempotencyKey('popup'),key=>api.postEndpoint('/api/staff/launch-popup',body,{idempotencyKey:key}));await load();setMessage('弹窗配置已保存')})}","SYS-296","定义与绑定已登记；业务结果按闭环表核对，不能将源码登记或同名按钮可见计为逐实例通过"
"CTRL-0782","src/normalized-ui/LoyaltyEmergencyControlPanel.tsx","80","LoyaltyEmergencyControlPanel","button","{item.state==='active'?<PauseCircle size={16}/>:<PlayCircle size={16}/>} {busy===item.capability?'正在确认':item.state==='active'?'暂停':'恢复'}","{""onClick"":""() => void change(item)""}","","","busy!==null","canControl","已定义交互事件","","定义与绑定已登记；业务结果按闭环表核对，不能将源码登记或同名按钮可见计为逐实例通过"
"CTRL-0783","src/normalized-ui/MarketingContactPanel.tsx","79","MarketingContactPanel","input","营销操作原因","{""onChange"":""event=>setReason(event.target.value)""}","","","busy","","已定义交互事件","","定义与绑定已登记；业务结果按闭环表核对，不能将源码登记或同名按钮可见计为逐实例通过"
"CTRL-0784","src/normalized-ui/MarketingContactPanel.tsx","81","MarketingContactPanel","summary","新增告知版本","{}","","","","can('marketing.notice.edit')","浏览器原生展开/收起","","定义与绑定已登记；业务结果按闭环表核对，不能将源码登记或同名按钮可见计为逐实例通过"
"CTRL-0785","src/normalized-ui/MarketingContactPanel.tsx","82","MarketingContactPanel","input","规则编号","{""onChange"":""event=>change('code',event.target.value.toUpperCase())""}","","","","can('marketing.notice.edit')","已定义交互事件","","定义与绑定已登记；业务结果按闭环表核对，不能将源码登记或同名按钮可见计为逐实例通过"
"CTRL-0786","src/normalized-ui/MarketingContactPanel.tsx","82","MarketingContactPanel","NumberInputWithUnit","已知最新版本","{""onChange"":""event=>change('expectedVersion',event.target.value)""}","","","","can('marketing.notice.edit')","已定义交互事件","","定义与绑定已登记；业务结果按闭环表核对，不能将源码登记或同名按钮可见计为逐实例通过"
"CTRL-0787","src/normalized-ui/MarketingContactPanel.tsx","83","MarketingContactPanel","input","实际经营主体","{""onChange"":""event=>change('operatorName',event.target.value)""}","","","","can('marketing.notice.edit')","已定义交互事件","","定义与绑定已登记；业务结果按闭环表核对，不能将源码登记或同名按钮可见计为逐实例通过"
"CTRL-0788","src/normalized-ui/MarketingContactPanel.tsx","83","MarketingContactPanel","input","主体联系与客服","{""onChange"":""event=>change('operatorContact',event.target.value)""}","","","","can('marketing.notice.edit')","已定义交互事件","","定义与绑定已登记；业务结果按闭环表核对，不能将源码登记或同名按钮可见计为逐实例通过"
"CTRL-0789","src/normalized-ui/MarketingContactPanel.tsx","84","MarketingContactPanel","textarea","营销用途与范围","{""onChange"":""event=>change('summary',event.target.value)""}","","","","can('marketing.notice.edit')","已定义交互事件","","定义与绑定已登记；业务结果按闭环表核对，不能将源码登记或同名按钮可见计为逐实例通过"
"CTRL-0790","src/normalized-ui/MarketingContactPanel.tsx","84","MarketingContactPanel","textarea","所用资料类型","{""onChange"":""event=>change('dataCategories',event.target.value)""}","","","","can('marketing.notice.edit')","已定义交互事件","","定义与绑定已登记；业务结果按闭环表核对，不能将源码登记或同名按钮可见计为逐实例通过"
"CTRL-0791","src/normalized-ui/MarketingContactPanel.tsx","85","MarketingContactPanel","textarea","停止联系方法","{""onChange"":""event=>change('withdrawalInstructions',event.target.value)""}","","","","can('marketing.notice.edit')","已定义交互事件","","定义与绑定已登记；业务结果按闭环表核对，不能将源码登记或同名按钮可见计为逐实例通过"
"CTRL-0792","src/normalized-ui/MarketingContactPanel.tsx","86","MarketingContactPanel","input","告知开始（北京时间）","{""onChange"":""event=>change('validFrom',event.target.value)""}","","","","can('marketing.notice.edit')","已定义交互事件","","定义与绑定已登记；业务结果按闭环表核对，不能将源码登记或同名按钮可见计为逐实例通过"
"CTRL-0793","src/normalized-ui/MarketingContactPanel.tsx","86","MarketingContactPanel","input","告知截止（北京时间）","{""onChange"":""event=>change('validUntil',event.target.value)""}","","","","can('marketing.notice.edit')","已定义交互事件","","定义与绑定已登记；业务结果按闭环表核对，不能将源码登记或同名按钮可见计为逐实例通过"
"CTRL-0794","src/normalized-ui/MarketingContactPanel.tsx","87","MarketingContactPanel","NumberInputWithUnit","label","{""onChange"":""event=>change(key,event.target.value)""}","","","","","已定义交互事件","","定义与绑定已登记；业务结果按闭环表核对，不能将源码登记或同名按钮可见计为逐实例通过"
"CTRL-0795","src/normalized-ui/MarketingContactPanel.tsx","88","MarketingContactPanel","input","允许联系开始","{""onChange"":""event=>change('start',event.target.value)""}","","","","can('marketing.notice.edit')","已定义交互事件","","定义与绑定已登记；业务结果按闭环表核对，不能将源码登记或同名按钮可见计为逐实例通过"
"CTRL-0796","src/normalized-ui/MarketingContactPanel.tsx","88","MarketingContactPanel","input","允许联系结束","{""onChange"":""event=>change('end',event.target.value)""}","","","","can('marketing.notice.edit')","已定义交互事件","","定义与绑定已登记；业务结果按闭环表核对，不能将源码登记或同名按钮可见计为逐实例通过"
"CTRL-0797","src/normalized-ui/MarketingContactPanel.tsx","89","MarketingContactPanel","input","{channelNames[channel]}","{""onChange"":""event=>setChannels(previous=>event.target.checked?[...previous,channel]:previous.filter(c=>c!==channel))""}","","","","","已定义交互事件","","定义与绑定已登记；业务结果按闭环表核对，不能将源码登记或同名按钮可见计为逐实例通过"
"CTRL-0798","src/normalized-ui/MarketingContactPanel.tsx","90","MarketingContactPanel","input","周 {'一二三四五六日'[day-1]}","{""onChange"":""event=>setWeekdays(previous=>event.target.checked?[...previous,day]:previous.filter(d=>d!==day))""}","","","","","已定义交互事件","","定义与绑定已登记；业务结果按闭环表核对，不能将源码登记或同名按钮可见计为逐实例通过"
"CTRL-0799","src/normalized-ui/MarketingContactPanel.tsx","91","MarketingContactPanel","input","另提供“由本店联系的联合活动”独立同意选项，不提供合作方名单","{""onChange"":""event=>setJoint(event.target.checked)""}","","","","can('marketing.notice.edit')","已定义交互事件","","定义与绑定已登记；业务结果按闭环表核对，不能将源码登记或同名按钮可见计为逐实例通过"
"CTRL-0800","src/normalized-ui/MarketingContactPanel.tsx","91","MarketingContactPanel","button","保存告知草稿","{""onClick"":""()=>void save()""}","","","","can('marketing.notice.edit')","已定义交互事件","","定义与绑定已登记；业务结果按闭环表核对，不能将源码登记或同名按钮可见计为逐实例通过"
"CTRL-0801","src/normalized-ui/MarketingContactPanel.tsx","92","MarketingContactPanel","button","读取告知版本","{""onClick"":""()=>void operate(()=>read('notices'))""}","","","busy","can('marketing.notice.view')","已定义交互事件","","定义与绑定已登记；业务结果按闭环表核对，不能将源码登记或同名按钮可见计为逐实例通过"
"CTRL-0802","src/normalized-ui/MarketingContactPanel.tsx","93","MarketingContactPanel","button","审核通过","{""onClick"":""()=>void command(`/notices/${notice.id}/decision`,{action:'approve',reason},'已核实实际主体、用途、必要资料与停止方法。审核不等于客户同意。')""}","","","busy","notice.status==='draft'&&can('marketing.notice.approve')&&notice.created_by_employee_id!==auth.employee.id","已定义交互事件","","定义与绑定已登记；业务结果按闭环表核对，不能将源码登记或同名按钮可见计为逐实例通过"
"CTRL-0803","src/normalized-ui/MarketingContactPanel.tsx","93","MarketingContactPanel","button","发布告知","{""onClick"":""()=>void command(`/notices/${notice.id}/decision`,{action:'publish',reason},'发布后本人可主动选择，不自动同意或发送任何消息。')""}","","","busy","notice.status==='approved'&&can('marketing.notice.publish')&&notice.created_by_employee_id!==auth.employee.id&&!notice.decisions.some(d=>d.action==='approve'&&d.employee_id===auth.employee.id)","已定义交互事件","","定义与绑定已登记；业务结果按闭环表核对，不能将源码登记或同名按钮可见计为逐实例通过"
"CTRL-0804","src/normalized-ui/MarketingContactPanel.tsx","93","MarketingContactPanel","button","停止此版本","{""onClick"":""()=>void command(`/notices/${notice.id}/decision`,{action:'stop',reason},'停止新同意与尚未发送任务，不修改会员权益或已完成送达事实。')""}","","","busy","notice.status==='published'&&can('marketing.notice.publish')","已定义交互事件","","定义与绑定已登记；业务结果按闭环表核对，不能将源码登记或同名按钮可见计为逐实例通过"
"CTRL-0805","src/normalized-ui/MarketingContactPanel.tsx","94","MarketingContactPanel","button","更多告知版本","{""onClick"":""()=>void operate(()=>read('notices',true))""}","","","busy","can('marketing.notice.view') && noticeCursor","已定义交互事件","","定义与绑定已登记；业务结果按闭环表核对，不能将源码登记或同名按钮可见计为逐实例通过"
"CTRL-0806","src/normalized-ui/MarketingContactPanel.tsx","95","MarketingContactPanel","summary","客户联系任务与拒绝记录","{}","","","","(can('marketing.send')||can('marketing.refusal.record')||can('marketing.consent.audit'))","浏览器原生展开/收起","","定义与绑定已登记；业务结果按闭环表核对，不能将源码登记或同名按钮可见计为逐实例通过"
"CTRL-0807","src/normalized-ui/MarketingContactPanel.tsx","95","MarketingContactPanel","select","{can('marketing.send')&&<option value=""send"">建立联系任务</option>} {can('marketing.refusal.record')&&<option value=""refusal"">记录客户拒绝</option>} {can('marketing.consent.audit')&&<option value=""audit"">核查本人许可历史</option>}","{""onChange"":""event=>{setLookupPurpose(event.target.value as 'send'|'refusal'|'audit');setCustomer(null);setCustomers([]);setCustomerCursor(null)}""}","","","","(can('marketing.send')||can('marketing.refusal.record')||can('marketing.consent.audit'))","已定义交互事件","","定义与绑定已登记；业务结果按闭环表核对，不能将源码登记或同名按钮可见计为逐实例通过"
"CTRL-0808","src/normalized-ui/MarketingContactPanel.tsx","96","MarketingContactPanel","input","会员号或客户编号","{""onChange"":""event=>{setSearch(event.target.value);setCustomers([]);setCustomer(null);setCustomerCursor(null)}""}","","","","(can('marketing.send')||can('marketing.refusal.record')||can('marketing.consent.audit'))","已定义交互事件","","定义与绑定已登记；业务结果按闭环表核对，不能将源码登记或同名按钮可见计为逐实例通过"
"CTRL-0809","src/normalized-ui/MarketingContactPanel.tsx","96","MarketingContactPanel","button","查找客户","{""onClick"":""()=>void lookup()""}","","","","(can('marketing.send')||can('marketing.refusal.record')||can('marketing.consent.audit'))","已定义交互事件","","定义与绑定已登记；业务结果按闭环表核对，不能将源码登记或同名按钮可见计为逐实例通过"
"CTRL-0810","src/normalized-ui/MarketingContactPanel.tsx","96","MarketingContactPanel","button","{item.name}","{""onClick"":""()=>setCustomer(item)""}","","","","","已定义交互事件","","定义与绑定已登记；业务结果按闭环表核对，不能将源码登记或同名按钮可见计为逐实例通过"
"CTRL-0811","src/normalized-ui/MarketingContactPanel.tsx","96","MarketingContactPanel","button","更多客户","{""onClick"":""()=>void lookup(true)""}","","","","(can('marketing.send')||can('marketing.refusal.record')||can('marketing.consent.audit')) && customerCursor","已定义交互事件","","定义与绑定已登记；业务结果按闭环表核对，不能将源码登记或同名按钮可见计为逐实例通过"
"CTRL-0812","src/normalized-ui/MarketingContactPanel.tsx","98","MarketingContactPanel","button","读取许可历史","{""onClick"":""()=>void readHistory()""}","","","!customer||reason.trim().length<2","(can('marketing.send')||can('marketing.refusal.record')||can('marketing.consent.audit')) && lookupPurpose==='audit'&&can('marketing.consent.audit')","已定义交互事件","","定义与绑定已登记；业务结果按闭环表核对，不能将源码登记或同名按钮可见计为逐实例通过"
"CTRL-0813","src/normalized-ui/MarketingContactPanel.tsx","98","MarketingContactPanel","summary","{row.notice.code} 第 {row.notice.version} 版原告知","{}","","","","row.notice","浏览器原生展开/收起","","定义与绑定已登记；业务结果按闭环表核对，不能将源码登记或同名按钮可见计为逐实例通过"
"CTRL-0814","src/normalized-ui/MarketingContactPanel.tsx","98","MarketingContactPanel","button","更早许可记录","{""onClick"":""()=>void readHistory(true)""}","","","","(can('marketing.send')||can('marketing.refusal.record')||can('marketing.consent.audit')) && lookupPurpose==='audit'&&can('marketing.consent.audit') && historyCursor","已定义交互事件","","定义与绑定已登记；业务结果按闭环表核对，不能将源码登记或同名按钮可见计为逐实例通过"
"CTRL-0815","src/normalized-ui/MarketingContactPanel.tsx","99","MarketingContactPanel","button","记录拒绝全部营销","{""onClick"":""()=>customer&&void command('/refusals',{customerId:customer.id,reason},`记录${customer.name}明确拒绝营销，停止全部渠道未发送任务；不能代客户记录同意。`)""}","","","!customer","(can('marketing.send')||can('marketing.refusal.record')||can('marketing.consent.audit')) && lookupPurpose==='refusal'&&can('marketing.refusal.record')","已定义交互事件","","定义与绑定已登记；业务结果按闭环表核对，不能将源码登记或同名按钮可见计为逐实例通过"
"CTRL-0816","src/normalized-ui/MarketingContactPanel.tsx","100","MarketingContactPanel","select","先读取并选择已发布告知 {notices.filter(n=>n.status==='published').map(n=><option key={n.id} value={n.id}>{n.code} · 第{n.version}版</option>)}","{""onChange"":""event=>setTask({...task,noticeId:event.target.value})""}","","","","(can('marketing.send')||can('marketing.refusal.record')||can('marketing.consent.audit')) && lookupPurpose==='send'&&can('marketing.send')","已定义交互事件","","定义与绑定已登记；业务结果按闭环表核对，不能将源码登记或同名按钮可见计为逐实例通过"
"CTRL-0817","src/normalized-ui/MarketingContactPanel.tsx","100","MarketingContactPanel","select","{Object.entries(channelNames).map(([key,name])=><option key={key} value={key}>{name}</option>)}","{""onChange"":""event=>setTask({...task,channel:event.target.value})""}","","","","(can('marketing.send')||can('marketing.refusal.record')||can('marketing.consent.audit')) && lookupPurpose==='send'&&can('marketing.send')","已定义交互事件","","定义与绑定已登记；业务结果按闭环表核对，不能将源码登记或同名按钮可见计为逐实例通过"
"CTRL-0818","src/normalized-ui/MarketingContactPanel.tsx","100","MarketingContactPanel","select","本店活动 本店联系的联合活动","{""onChange"":""event=>setTask({...task,purpose:event.target.value})""}","","","","(can('marketing.send')||can('marketing.refusal.record')||can('marketing.consent.audit')) && lookupPurpose==='send'&&can('marketing.send')","已定义交互事件","","定义与绑定已登记；业务结果按闭环表核对，不能将源码登记或同名按钮可见计为逐实例通过"
"CTRL-0819","src/normalized-ui/MarketingContactPanel.tsx","100","MarketingContactPanel","input","唯一活动批次","{""onChange"":""event=>setTask({...task,campaignKey:event.target.value})""}","","","","(can('marketing.send')||can('marketing.refusal.record')||can('marketing.consent.audit')) && lookupPurpose==='send'&&can('marketing.send')","已定义交互事件","","定义与绑定已登记；业务结果按闭环表核对，不能将源码登记或同名按钮可见计为逐实例通过"
"CTRL-0820","src/normalized-ui/MarketingContactPanel.tsx","100","MarketingContactPanel","textarea","具体活动内容","{""onChange"":""event=>setTask({...task,content:event.target.value})""}","","","","(can('marketing.send')||can('marketing.refusal.record')||can('marketing.consent.audit')) && lookupPurpose==='send'&&can('marketing.send')","已定义交互事件","","定义与绑定已登记；业务结果按闭环表核对，不能将源码登记或同名按钮可见计为逐实例通过"
"CTRL-0821","src/normalized-ui/MarketingContactPanel.tsx","100","MarketingContactPanel","input","任务截止（北京时间）","{""onChange"":""event=>setTask({...task,expiresAt:event.target.value})""}","","","","(can('marketing.send')||can('marketing.refusal.record')||can('marketing.consent.audit')) && lookupPurpose==='send'&&can('marketing.send')","已定义交互事件","","定义与绑定已登记；业务结果按闭环表核对，不能将源码登记或同名按钮可见计为逐实例通过"
"CTRL-0822","src/normalized-ui/MarketingContactPanel.tsx","100","MarketingContactPanel","button","建立待核验任务","{""onClick"":""()=>customer&&void command('/jobs',{...task,customerId:customer.id,expiresAt:instant(task.expiresAt)},'仅建立任务，执行前再次核实本人许可、原生渠道、已验证地址和频次。未配置渠道不会发送。')""}","","","!customer||!task.noticeId||!task.expiresAt","(can('marketing.send')||can('marketing.refusal.record')||can('marketing.consent.audit')) && lookupPurpose==='send'&&can('marketing.send')","已定义交互事件","","定义与绑定已登记；业务结果按闭环表核对，不能将源码登记或同名按钮可见计为逐实例通过"
"CTRL-0823","src/normalized-ui/MarketingContactPanel.tsx","102","MarketingContactPanel","button","读取联系任务","{""onClick"":""()=>void operate(()=>read('jobs'))""}","","","busy","can('marketing.send')","已定义交互事件","","定义与绑定已登记；业务结果按闭环表核对，不能将源码登记或同名按钮可见计为逐实例通过"
"CTRL-0824","src/normalized-ui/MarketingContactPanel.tsx","102","MarketingContactPanel","button","取消任务","{""onClick"":""()=>void command(`/jobs/${job.id}/cancel`,{reason},'取消尚未交给渠道的任务，保留审计记录。')""}","","","busy","['queued','blocked'].includes(job.status)","已定义交互事件","","定义与绑定已登记；业务结果按闭环表核对，不能将源码登记或同名按钮可见计为逐实例通过"
"CTRL-0825","src/normalized-ui/MarketingContactPanel.tsx","102","MarketingContactPanel","button","更多联系任务","{""onClick"":""()=>void operate(()=>read('jobs',true))""}","","","busy","can('marketing.send') && jobCursor","已定义交互事件","","定义与绑定已登记；业务结果按闭环表核对，不能将源码登记或同名按钮可见计为逐实例通过"
"CTRL-0826","src/normalized-ui/MediaAssetPicker.tsx","67","MediaAssetPicker","button","{label}","{""onClick"":""()=>setOpen((current)=>!current)""}","","","","","已定义交互事件","","定义与绑定已登记；业务结果按闭环表核对，不能将源码登记或同名按钮可见计为逐实例通过"
"CTRL-0827","src/normalized-ui/MediaAssetPicker.tsx","68","MediaAssetPicker","button","移除已选图片","{""onClick"":""()=>onChange('')""}","","","","value !== ''","已定义交互事件","","定义与绑定已登记；业务结果按闭环表核对，不能将源码登记或同名按钮可见计为逐实例通过"
"CTRL-0828","src/normalized-ui/MediaAssetPicker.tsx","72","MediaAssetPicker","input","","{""onChange"":""(event)=>{const file=event.currentTarget.files?.[0];event.currentTarget.value='';if(file)void upload(file)}""}","","","busy","open","已定义交互事件","","定义与绑定已登记；业务结果按闭环表核对，不能将源码登记或同名按钮可见计为逐实例通过"
"CTRL-0829","src/normalized-ui/MediaAssetPicker.tsx","76","MediaAssetPicker","button","{asset.originalFileName} {Math.ceil(asset.byteLength/1024)} KB · {new Date(asset.createdAt).toLocaleDateString('zh-CN')}","{""onClick"":""()=>onChange(asset.publicUrl)""}","","","","","已定义交互事件","","定义与绑定已登记；业务结果按闭环表核对，不能将源码登记或同名按钮可见计为逐实例通过"
"CTRL-0830","src/normalized-ui/MediaAssetPicker.tsx","77","MediaAssetPicker","button","加载更多图片","{""onClick"":""()=>void load(nextCursor)""}","","","busy","open && nextCursor","已定义交互事件","","定义与绑定已登记；业务结果按闭环表核对，不能将源码登记或同名按钮可见计为逐实例通过"
"CTRL-0831","src/normalized-ui/MemberCardManagementPanel.tsx","101","MemberCardManagementPanel","button","读取 / 刷新","{""onClick"":""()=>void load()""}","","","busy","","已定义交互事件","","定义与绑定已登记；业务结果按闭环表核对，不能将源码登记或同名按钮可见计为逐实例通过"
"CTRL-0832","src/normalized-ui/MemberCardManagementPanel.tsx","103","MemberCardManagementPanel","input","审核原因","{""onChange"":""event=>setReason(event.target.value)""}","","","busy","review","已定义交互事件","","定义与绑定已登记；业务结果按闭环表核对，不能将源码登记或同名按钮可见计为逐实例通过"
"CTRL-0833","src/normalized-ui/MemberCardManagementPanel.tsx","103","MemberCardManagementPanel","button","通过选中 {selected.length} 项","{""onClick"":""()=>void decide(selected,'approve')""}","","","busy||!selected.length","review","已定义交互事件","","定义与绑定已登记；业务结果按闭环表核对，不能将源码登记或同名按钮可见计为逐实例通过"
"CTRL-0834","src/normalized-ui/MemberCardManagementPanel.tsx","103","MemberCardManagementPanel","button","拒绝选中 {selected.length} 项","{""onClick"":""()=>void decide(selected,'reject')""}","","","busy||!selected.length","review","已定义交互事件","","定义与绑定已登记；业务结果按闭环表核对，不能将源码登记或同名按钮可见计为逐实例通过"
"CTRL-0835","src/normalized-ui/MemberCardManagementPanel.tsx","105","MemberCardManagementPanel","button","加载更多待审核申请","{""onClick"":""()=>void loadMore('applications')""}","","","busy","review && applicationCursor","已定义交互事件","","定义与绑定已登记；业务结果按闭环表核对，不能将源码登记或同名按钮可见计为逐实例通过"
"CTRL-0836","src/normalized-ui/MemberCardManagementPanel.tsx","106","MemberCardManagementPanel","select","自定义原因 符合申请条件 不符合本卡申请条件 资料不完整，请核对后重新申请","{""onChange"":""event=>setReason(event.target.value)""}","","","busy","review","已定义交互事件","","定义与绑定已登记；业务结果按闭环表核对，不能将源码登记或同名按钮可见计为逐实例通过"
"CTRL-0837","src/normalized-ui/MemberCardManagementPanel.tsx","107","MemberCardManagementPanel","input","","{""onChange"":""event=>setSelected(value=>event.target.checked?[...value,item.id]:value.filter(id=>id!==item.id))""}","","","busy","","已定义交互事件","","定义与绑定已登记；业务结果按闭环表核对，不能将源码登记或同名按钮可见计为逐实例通过"
"CTRL-0838","src/normalized-ui/MemberCardManagementPanel.tsx","107","MemberCardManagementPanel","button","通过","{""onClick"":""()=>void decide([item.id],'approve')""}","","","busy","","已定义交互事件","","定义与绑定已登记；业务结果按闭环表核对，不能将源码登记或同名按钮可见计为逐实例通过"
"CTRL-0839","src/normalized-ui/MemberCardManagementPanel.tsx","107","MemberCardManagementPanel","button","拒绝","{""onClick"":""()=>void decide([item.id],'reject')""}","","","busy","","已定义交互事件","","定义与绑定已登记；业务结果按闭环表核对，不能将源码登记或同名按钮可见计为逐实例通过"
"CTRL-0840","src/normalized-ui/MemberCardManagementPanel.tsx","109","MemberCardManagementPanel","summary","持卡状态管理","{}","","","","manage","浏览器原生展开/收起","","定义与绑定已登记；业务结果按闭环表核对，不能将源码登记或同名按钮可见计为逐实例通过"
"CTRL-0841","src/normalized-ui/MemberCardManagementPanel.tsx","109","MemberCardManagementPanel","input","变更原因","{""onChange"":""event=>setCardReason(event.target.value)""}","","","busy","manage","已定义交互事件","","定义与绑定已登记；业务结果按闭环表核对，不能将源码登记或同名按钮可见计为逐实例通过"
"CTRL-0842","src/normalized-ui/MemberCardManagementPanel.tsx","109","MemberCardManagementPanel","button","读取 / 刷新持卡","{""onClick"":""()=>void loadHoldings()""}","","","busy","manage","已定义交互事件","","定义与绑定已登记；业务结果按闭环表核对，不能将源码登记或同名按钮可见计为逐实例通过"
"CTRL-0843","src/normalized-ui/MemberCardManagementPanel.tsx","111","MemberCardManagementPanel","button","冻结","{""onClick"":""()=>void changeHolding(card,'suspend')""}","","","busy","card.status==='active'&&!card.expired","已定义交互事件","","定义与绑定已登记；业务结果按闭环表核对，不能将源码登记或同名按钮可见计为逐实例通过"
"CTRL-0844","src/normalized-ui/MemberCardManagementPanel.tsx","112","MemberCardManagementPanel","button","恢复","{""onClick"":""()=>void changeHolding(card,'resume')""}","","","busy","card.status==='suspended'&&!card.expired","已定义交互事件","","定义与绑定已登记；业务结果按闭环表核对，不能将源码登记或同名按钮可见计为逐实例通过"
"CTRL-0845","src/normalized-ui/MemberCardManagementPanel.tsx","113","MemberCardManagementPanel","button","撤销","{""onClick"":""()=>void changeHolding(card,'revoke')""}","","","busy","['active','suspended'].includes(card.status)","已定义交互事件","","定义与绑定已登记；业务结果按闭环表核对，不能将源码登记或同名按钮可见计为逐实例通过"
"CTRL-0846","src/normalized-ui/MemberCardManagementPanel.tsx","115","MemberCardManagementPanel","button","加载更多持卡","{""onClick"":""()=>void loadHoldings(true)""}","","","busy","manage && holdingCursor","已定义交互事件","","定义与绑定已登记；业务结果按闭环表核对，不能将源码登记或同名按钮可见计为逐实例通过"
"CTRL-0847","src/normalized-ui/MemberCardManagementPanel.tsx","117","MemberCardManagementPanel","summary","卡项目配置与开放","{}","","","","manage","浏览器原生展开/收起","","定义与绑定已登记；业务结果按闭环表核对，不能将源码登记或同名按钮可见计为逐实例通过"
"CTRL-0848","src/normalized-ui/MemberCardManagementPanel.tsx","118","MemberCardManagementPanel","input","项目编号","{""onChange"":""event=>setForm({...form,code:event.target.value.toUpperCase()})""}","","","","manage","已定义交互事件","","定义与绑定已登记；业务结果按闭环表核对，不能将源码登记或同名按钮可见计为逐实例通过"
"CTRL-0849","src/normalized-ui/MemberCardManagementPanel.tsx","119","MemberCardManagementPanel","input","名称","{""onChange"":""event=>setForm({...form,name:event.target.value})""}","","","","manage","已定义交互事件","","定义与绑定已登记；业务结果按闭环表核对，不能将源码登记或同名按钮可见计为逐实例通过"
"CTRL-0850","src/normalized-ui/MemberCardManagementPanel.tsx","120","MemberCardManagementPanel","select","免费兴趣卡 免费联名卡","{""onChange"":""event=>setForm({...form,kind:event.target.value,cooperationConfirmed:false})""}","","","","manage","已定义交互事件","","定义与绑定已登记；业务结果按闭环表核对，不能将源码登记或同名按钮可见计为逐实例通过"
"CTRL-0851","src/normalized-ui/MemberCardManagementPanel.tsx","121","MemberCardManagementPanel","input","开始时间（北京时间）","{""onChange"":""event=>setForm({...form,availableFrom:event.target.value})""}","","","","manage","已定义交互事件","","定义与绑定已登记；业务结果按闭环表核对，不能将源码登记或同名按钮可见计为逐实例通过"
"CTRL-0852","src/normalized-ui/MemberCardManagementPanel.tsx","122","MemberCardManagementPanel","input","结束时间（北京时间）","{""onChange"":""event=>setForm({...form,availableUntil:event.target.value})""}","","","","manage","已定义交互事件","","定义与绑定已登记；业务结果按闭环表核对，不能将源码登记或同名按钮可见计为逐实例通过"
"CTRL-0853","src/normalized-ui/MemberCardManagementPanel.tsx","123","MemberCardManagementPanel","input","合作依据（仅内部）","{""onChange"":""event=>setForm({...form,cooperationReference:event.target.value})""}","","","","manage && form.kind==='cobrand'","已定义交互事件","","定义与绑定已登记；业务结果按闭环表核对，不能将源码登记或同名按钮可见计为逐实例通过"
"CTRL-0854","src/normalized-ui/MemberCardManagementPanel.tsx","123","MemberCardManagementPanel","input","合作到期（北京时间）","{""onChange"":""event=>setForm({...form,cooperationValidUntil:event.target.value})""}","","","","manage && form.kind==='cobrand'","已定义交互事件","","定义与绑定已登记；业务结果按闭环表核对，不能将源码登记或同名按钮可见计为逐实例通过"
"CTRL-0855","src/normalized-ui/MemberCardManagementPanel.tsx","123","MemberCardManagementPanel","input","已核实合作许可和对外表述","{""onChange"":""event=>setForm({...form,cooperationConfirmed:event.target.checked})""}","","","","manage && form.kind==='cobrand'","已定义交互事件","","定义与绑定已登记；业务结果按闭环表核对，不能将源码登记或同名按钮可见计为逐实例通过"
"CTRL-0856","src/normalized-ui/MemberCardManagementPanel.tsx","124","MemberCardManagementPanel","textarea","顾客申请说明","{""onChange"":""event=>setForm({...form,terms:event.target.value})""}","","","","manage","已定义交互事件","","定义与绑定已登记；业务结果按闭环表核对，不能将源码登记或同名按钮可见计为逐实例通过"
"CTRL-0857","src/normalized-ui/MemberCardManagementPanel.tsx","124","MemberCardManagementPanel","button","保存未开放草稿","{""onClick"":""()=>void save()""}","","","","manage","已定义交互事件","","定义与绑定已登记；业务结果按闭环表核对，不能将源码登记或同名按钮可见计为逐实例通过"
"CTRL-0858","src/normalized-ui/MemberCardManagementPanel.tsx","125","MemberCardManagementPanel","summary","申请说明","{}","","","","","浏览器原生展开/收起","","定义与绑定已登记；业务结果按闭环表核对，不能将源码登记或同名按钮可见计为逐实例通过"
"CTRL-0859","src/normalized-ui/MemberCardManagementPanel.tsx","126","MemberCardManagementPanel","button","开放申请","{""onClick"":""()=>void state(project,'open')""}","","","busy","project.status!=='closed'&&project.status!=='open'&&project.created_by_employee_id!==auth.employee.id&&auth.permissions.includes('loyalty.policy.publish')","已定义交互事件","","定义与绑定已登记；业务结果按闭环表核对，不能将源码登记或同名按钮可见计为逐实例通过"
"CTRL-0860","src/normalized-ui/MemberCardManagementPanel.tsx","127","MemberCardManagementPanel","button","暂停申请","{""onClick"":""()=>void state(project,'paused')""}","","","busy","project.status==='open'","已定义交互事件","","定义与绑定已登记；业务结果按闭环表核对，不能将源码登记或同名按钮可见计为逐实例通过"
"CTRL-0861","src/normalized-ui/MemberCardManagementPanel.tsx","127","MemberCardManagementPanel","button","关闭项目","{""onClick"":""()=>void state(project,'closed')""}","","","busy","project.status!=='closed'","已定义交互事件","","定义与绑定已登记；业务结果按闭环表核对，不能将源码登记或同名按钮可见计为逐实例通过"
"CTRL-0862","src/normalized-ui/MemberCardManagementPanel.tsx","129","MemberCardManagementPanel","button","加载更多卡项目","{""onClick"":""()=>void loadMore('projects')""}","","","busy","manage && projectCursor","已定义交互事件","","定义与绑定已登记；业务结果按闭环表核对，不能将源码登记或同名按钮可见计为逐实例通过"
"CTRL-0863","src/normalized-ui/MemberGiftCampaignPanel.tsx","19","Selector","input","`${label}搜索`","{""onChange"":""event=>{generation.current++;setBusy(false);setSearch(event.target.value);setRows([]);setCursor(null)}""}","","","","","已定义交互事件","","定义与绑定已登记；业务结果按闭环表核对，不能将源码登记或同名按钮可见计为逐实例通过"
"CTRL-0864","src/normalized-ui/MemberGiftCampaignPanel.tsx","19","Selector","button","查找","{""onClick"":""()=>void load()""}","","","busy","","已定义交互事件","","定义与绑定已登记；业务结果按闭环表核对，不能将源码登记或同名按钮可见计为逐实例通过"
"CTRL-0865","src/normalized-ui/MemberGiftCampaignPanel.tsx","20","Selector","button","{item.name} · 移除","{""onClick"":""()=>onChange(value.filter(v=>v.id!==item.id))""}","","","","","已定义交互事件","","定义与绑定已登记；业务结果按闭环表核对，不能将源码登记或同名按钮可见计为逐实例通过"
"CTRL-0866","src/normalized-ui/MemberGiftCampaignPanel.tsx","21","Selector","button","{item.name} {item.code}","{""onClick"":""()=>onChange(multiple?value.some(v=>v.id===item.id)?value.filter(v=>v.id!==item.id):[...value,item]:[item])""}","","","","","已定义交互事件","","定义与绑定已登记；业务结果按闭环表核对，不能将源码登记或同名按钮可见计为逐实例通过"
"CTRL-0867","src/normalized-ui/MemberGiftCampaignPanel.tsx","22","Selector","button","更多 {label}","{""onClick"":""()=>void load(true)""}","","","busy","cursor","已定义交互事件","","定义与绑定已登记；业务结果按闭环表核对，不能将源码登记或同名按钮可见计为逐实例通过"
"CTRL-0868","src/normalized-ui/MemberGiftCampaignPanel.tsx","69","MemberGiftCampaignPanel","input","本次操作原因","{""onChange"":""event=>setReason(event.target.value)""}","","","busy","","已定义交互事件","","定义与绑定已登记；业务结果按闭环表核对，不能将源码登记或同名按钮可见计为逐实例通过"
"CTRL-0869","src/normalized-ui/MemberGiftCampaignPanel.tsx","70","MemberGiftCampaignPanel","summary","新建活动版本","{}","","","","canEdit","浏览器原生展开/收起","","定义与绑定已登记；业务结果按闭环表核对，不能将源码登记或同名按钮可见计为逐实例通过"
"CTRL-0870","src/normalized-ui/MemberGiftCampaignPanel.tsx","71","MemberGiftCampaignPanel","input","活动编号","{""onChange"":""event=>change('code',event.target.value.toUpperCase())""}","","","","canEdit","已定义交互事件","","定义与绑定已登记；业务结果按闭环表核对，不能将源码登记或同名按钮可见计为逐实例通过"
"CTRL-0871","src/normalized-ui/MemberGiftCampaignPanel.tsx","71","MemberGiftCampaignPanel","input","活动名称","{""onChange"":""event=>change('name',event.target.value)""}","","","","canEdit","已定义交互事件","","定义与绑定已登记；业务结果按闭环表核对，不能将源码登记或同名按钮可见计为逐实例通过"
"CTRL-0872","src/normalized-ui/MemberGiftCampaignPanel.tsx","72","MemberGiftCampaignPanel","select","免费商品券 固定低价兑换券","{""onChange"":""event=>change('pricingKind',event.target.value)""}","","","","canEdit","已定义交互事件","","定义与绑定已登记；业务结果按闭环表核对，不能将源码登记或同名按钮可见计为逐实例通过"
"CTRL-0873","src/normalized-ui/MemberGiftCampaignPanel.tsx","73","MemberGiftCampaignPanel","NumberInputWithUnit","单份固定兑换价","{""onChange"":""event=>change('fixedPriceMinor',event.target.value)""}","","","","canEdit && form.pricingKind==='fixed_price'","已定义交互事件","","定义与绑定已登记；业务结果按闭环表核对，不能将源码登记或同名按钮可见计为逐实例通过"
"CTRL-0874","src/normalized-ui/MemberGiftCampaignPanel.tsx","74","MemberGiftCampaignPanel","select","员工选定人群后发放 该卡审核通过后自动赠送","{""onChange"":""event=>change('trigger',event.target.value)""}","","","","canEdit","已定义交互事件","","定义与绑定已登记；业务结果按闭环表核对，不能将源码登记或同名按钮可见计为逐实例通过"
"CTRL-0875","src/normalized-ui/MemberGiftCampaignPanel.tsx","75","MemberGiftCampaignPanel","select","仅按兴趣卡筛选 普通会员及以上 银卡及以上 金卡及以上 黑卡","{""onChange"":""event=>change('minimumTier',event.target.value)""}","","","","canEdit","已定义交互事件","","定义与绑定已登记；业务结果按闭环表核对，不能将源码登记或同名按钮可见计为逐实例通过"
"CTRL-0876","src/normalized-ui/MemberGiftCampaignPanel.tsx","76","MemberGiftCampaignPanel","select","任一符合 全部符合","{""onChange"":""event=>change('cardMatch',event.target.value)""}","","","","canEdit","已定义交互事件","","定义与绑定已登记；业务结果按闭环表核对，不能将源码登记或同名按钮可见计为逐实例通过"
"CTRL-0877","src/normalized-ui/MemberGiftCampaignPanel.tsx","76","MemberGiftCampaignPanel","select","同时符合 任一符合","{""onChange"":""event=>change('tierAndCards',event.target.value)""}","","","","canEdit","已定义交互事件","","定义与绑定已登记；业务结果按闭环表核对，不能将源码登记或同名按钮可见计为逐实例通过"
"CTRL-0878","src/normalized-ui/MemberGiftCampaignPanel.tsx","77","MemberGiftCampaignPanel","NumberInputWithUnit","label","{""onChange"":""event=>change(key,event.target.value)""}","","","","","已定义交互事件","","定义与绑定已登记；业务结果按闭环表核对，不能将源码登记或同名按钮可见计为逐实例通过"
"CTRL-0879","src/normalized-ui/MemberGiftCampaignPanel.tsx","78","MemberGiftCampaignPanel","select","北京时间自然日 营业日","{""onChange"":""event=>{change('budgetDateBasis',event.target.value);if(event.target.value==='natural')change('budgetDayStartMinute','0')}""}","","","","canEdit","已定义交互事件","","定义与绑定已登记；业务结果按闭环表核对，不能将源码登记或同名按钮可见计为逐实例通过"
"CTRL-0880","src/normalized-ui/MemberGiftCampaignPanel.tsx","79","MemberGiftCampaignPanel","NumberInputWithUnit","换日距零点","{""onChange"":""event=>change('budgetDayStartMinute',event.target.value)""}","","","form.budgetDateBasis==='natural'","canEdit","已定义交互事件","","定义与绑定已登记；业务结果按闭环表核对，不能将源码登记或同名按钮可见计为逐实例通过"
"CTRL-0881","src/normalized-ui/MemberGiftCampaignPanel.tsx","80","MemberGiftCampaignPanel","input","发放开始（北京时间）","{""onChange"":""event=>change('availableFrom',event.target.value)""}","","","","canEdit","已定义交互事件","","定义与绑定已登记；业务结果按闭环表核对，不能将源码登记或同名按钮可见计为逐实例通过"
"CTRL-0882","src/normalized-ui/MemberGiftCampaignPanel.tsx","80","MemberGiftCampaignPanel","input","发放截止（北京时间）","{""onChange"":""event=>change('availableUntil',event.target.value)""}","","","","canEdit","已定义交互事件","","定义与绑定已登记；业务结果按闭环表核对，不能将源码登记或同名按钮可见计为逐实例通过"
"CTRL-0883","src/normalized-ui/MemberGiftCampaignPanel.tsx","82","MemberGiftCampaignPanel","Selector","","{""onChange"":""setProjects""}","","","busy","canEdit && form.trigger==='card_entry'","已定义交互事件","","定义与绑定已登记；业务结果按闭环表核对，不能将源码登记或同名按钮可见计为逐实例通过"
"CTRL-0884","src/normalized-ui/MemberGiftCampaignPanel.tsx","83","MemberGiftCampaignPanel","Selector","","{""onChange"":""setAudienceCards""}","","","busy","canEdit","已定义交互事件","","定义与绑定已登记；业务结果按闭环表核对，不能将源码登记或同名按钮可见计为逐实例通过"
"CTRL-0885","src/normalized-ui/MemberGiftCampaignPanel.tsx","84","MemberGiftCampaignPanel","Selector","","{""onChange"":""setProducts""}","","","busy","canEdit","已定义交互事件","","定义与绑定已登记；业务结果按闭环表核对，不能将源码登记或同名按钮可见计为逐实例通过"
"CTRL-0886","src/normalized-ui/MemberGiftCampaignPanel.tsx","85","MemberGiftCampaignPanel","Selector","","{""onChange"":""setDessert""}","","","busy","canEdit","已定义交互事件","","定义与绑定已登记；业务结果按闭环表核对，不能将源码登记或同名按钮可见计为逐实例通过"
"CTRL-0887","src/normalized-ui/MemberGiftCampaignPanel.tsx","85","MemberGiftCampaignPanel","input","统计： {['已发套数','甜点已核销份数','剩余发放名额','承诺成本'][i]}","{""onChange"":""e=>setHighlights(e.target.checked?[...highlights,key]:highlights.filter(k=>k!==key))""}","","","","","已定义交互事件","","定义与绑定已登记；业务结果按闭环表核对，不能将源码登记或同名按钮可见计为逐实例通过"
"CTRL-0888","src/normalized-ui/MemberGiftCampaignPanel.tsx","86","MemberGiftCampaignPanel","Selector","","{""onChange"":""setCalendars""}","","","busy","canEdit","已定义交互事件","","定义与绑定已登记；业务结果按闭环表核对，不能将源码登记或同名按钮可见计为逐实例通过"
"CTRL-0889","src/normalized-ui/MemberGiftCampaignPanel.tsx","87","MemberGiftCampaignPanel","Selector","","{""onChange"":""setStacking""}","","","busy","canEdit && form.pricingKind==='fixed_price'","已定义交互事件","","定义与绑定已登记；业务结果按闭环表核对，不能将源码登记或同名按钮可见计为逐实例通过"
"CTRL-0890","src/normalized-ui/MemberGiftCampaignPanel.tsx","88","MemberGiftCampaignPanel","button","保存活动草稿","{""onClick"":""()=>void save()""}","","","busy","canEdit","已定义交互事件","","定义与绑定已登记；业务结果按闭环表核对，不能将源码登记或同名按钮可见计为逐实例通过"
"CTRL-0891","src/normalized-ui/MemberGiftCampaignPanel.tsx","90","MemberGiftCampaignPanel","button","读取活动","{""onClick"":""()=>void load('campaigns')""}","","","busy","","已定义交互事件","","定义与绑定已登记；业务结果按闭环表核对，不能将源码登记或同名按钮可见计为逐实例通过"
"CTRL-0892","src/normalized-ui/MemberGiftCampaignPanel.tsx","92","MemberGiftCampaignPanel","summary","核对完整发放条件","{}","","","","","浏览器原生展开/收起","","定义与绑定已登记；业务结果按闭环表核对，不能将源码登记或同名按钮可见计为逐实例通过"
"CTRL-0893","src/normalized-ui/MemberGiftCampaignPanel.tsx","97","MemberGiftCampaignPanel","button","审核","{""onClick"":""()=>void command(`${path}/campaigns/${c.id}/decision`,{action:'approve',reason},`审核 ${c.name} 的商品范围、预算及时间规则。`)""}","","","busy","c.status==='draft'&&auth.permissions.includes('loyalty.configuration.approve')&&c.created_by_employee_id!==auth.employee.id","已定义交互事件","","定义与绑定已登记；业务结果按闭环表核对，不能将源码登记或同名按钮可见计为逐实例通过"
"CTRL-0894","src/normalized-ui/MemberGiftCampaignPanel.tsx","98","MemberGiftCampaignPanel","button","发布","{""onClick"":""()=>void command(`${path}/campaigns/${c.id}/decision`,{action:'publish',reason},c.rule.trigger==='card_entry'?'发布后，符合活动的入卡审核将自动生成赠券任务。':'发布后，授权人员可以选定符合条件的客户发券。')""}","","","busy","c.status==='approved'&&canPublish&&c.created_by_employee_id!==auth.employee.id&&c.approved_by_employee_id!==auth.employee.id","已定义交互事件","","定义与绑定已登记；业务结果按闭环表核对，不能将源码登记或同名按钮可见计为逐实例通过"
"CTRL-0895","src/normalized-ui/MemberGiftCampaignPanel.tsx","99","MemberGiftCampaignPanel","button","停止发放","{""onClick"":""()=>void command(`${path}/campaigns/${c.id}/decision`,{action:'stop',reason},'停止新发券，已发券保留，未完成承诺保留供核对。')""}","","","busy","c.status==='published'&&canPublish","已定义交互事件","","定义与绑定已登记；业务结果按闭环表核对，不能将源码登记或同名按钮可见计为逐实例通过"
"CTRL-0896","src/normalized-ui/MemberGiftCampaignPanel.tsx","100","MemberGiftCampaignPanel","button","更多活动","{""onClick"":""()=>void load('campaigns',true)""}","","","busy","campaignCursor","已定义交互事件","","定义与绑定已登记；业务结果按闭环表核对，不能将源码登记或同名按钮可见计为逐实例通过"
"CTRL-0897","src/normalized-ui/MemberGiftCampaignPanel.tsx","101","MemberGiftCampaignPanel","summary","向选定会员发券","{}","","","","canPublish","浏览器原生展开/收起","","定义与绑定已登记；业务结果按闭环表核对，不能将源码登记或同名按钮可见计为逐实例通过"
"CTRL-0898","src/normalized-ui/MemberGiftCampaignPanel.tsx","101","MemberGiftCampaignPanel","select","请先读取活动并选择 {campaigns.filter(c=>c.status==='published'&&c.rule.trigger==='targeted').map(c=><option key={c.id} value={c.id}>{c.name} · {c.code}</option>)}","{""onChange"":""event=>setTarget(event.target.value)""}","","","","canPublish","已定义交互事件","","定义与绑定已登记；业务结果按闭环表核对，不能将源码登记或同名按钮可见计为逐实例通过"
"CTRL-0899","src/normalized-ui/MemberGiftCampaignPanel.tsx","101","MemberGiftCampaignPanel","input","发放批次编号","{""onChange"":""event=>setCycleKey(event.target.value)""}","","","","canPublish","已定义交互事件","","定义与绑定已登记；业务结果按闭环表核对，不能将源码登记或同名按钮可见计为逐实例通过"
"CTRL-0900","src/normalized-ui/MemberGiftCampaignPanel.tsx","101","MemberGiftCampaignPanel","Selector","","{""onChange"":""setCustomers""}","","","busy","canPublish","已定义交互事件","","定义与绑定已登记；业务结果按闭环表核对，不能将源码登记或同名按钮可见计为逐实例通过"
"CTRL-0901","src/normalized-ui/MemberGiftCampaignPanel.tsx","101","MemberGiftCampaignPanel","button","提交发券任务","{""onClick"":""()=>void command(`${path}/campaigns/${target}/target`,{customerIds:customers.map(c=>c.id),cycleKey,reason},`向选定的 ${customers.length} 名会员提交发券任务；逐笔核对资格和预算。不会自动发送营销消息。`)""}","","","busy||!target||!cycleKey||!customers.length||customers.length>50","canPublish","已定义交互事件","","定义与绑定已登记；业务结果按闭环表核对，不能将源码登记或同名按钮可见计为逐实例通过"
"CTRL-0902","src/normalized-ui/MemberGiftCampaignPanel.tsx","102","MemberGiftCampaignPanel","button","读取发券任务","{""onClick"":""()=>void load('jobs')""}","","","busy","","已定义交互事件","","定义与绑定已登记；业务结果按闭环表核对，不能将源码登记或同名按钮可见计为逐实例通过"
"CTRL-0903","src/normalized-ui/MemberGiftCampaignPanel.tsx","102","MemberGiftCampaignPanel","button","核对后重试","{""onClick"":""()=>void command(`${path}/jobs/${j.id}/control`,{action:'retry',reason},'重新排队，仍检查活动状态、资格、成本和预算，不保证即时发出。')""}","","","busy","canPublish&&['pending','blocked'].includes(j.status)","已定义交互事件","","定义与绑定已登记；业务结果按闭环表核对，不能将源码登记或同名按钮可见计为逐实例通过"
"CTRL-0904","src/normalized-ui/MemberGiftCampaignPanel.tsx","102","MemberGiftCampaignPanel","button","取消未发任务","{""onClick"":""()=>void command(`${path}/jobs/${j.id}/control`,{action:'cancel',reason},'取消此未发任务并保留原因；如已对客户承诺权益，应先确认补偿安排。')""}","","","busy","canPublish&&['pending','blocked'].includes(j.status)","已定义交互事件","","定义与绑定已登记；业务结果按闭环表核对，不能将源码登记或同名按钮可见计为逐实例通过"
"CTRL-0905","src/normalized-ui/MemberGiftCampaignPanel.tsx","102","MemberGiftCampaignPanel","button","更多发券任务","{""onClick"":""()=>void load('jobs',true)""}","","","busy","jobCursor","已定义交互事件","","定义与绑定已登记；业务结果按闭环表核对，不能将源码登记或同名按钮可见计为逐实例通过"
"CTRL-0906","src/normalized-ui/MemberNumberPolicyPanel.tsx","16","MemberNumberPolicyPanel","button","刷新配置","{""onClick"":""()=>void load()""}","","","busy","","已定义交互事件","","定义与绑定已登记；业务结果按闭环表核对，不能将源码登记或同名按钮可见计为逐实例通过"
"CTRL-0907","src/normalized-ui/MemberNumberPolicyPanel.tsx","16","MemberNumberPolicyPanel","form","总位数 起始数字 字母顺序 最长字母前缀 不足位数补零 当前已保存规则的下一个候选号： {view.nextCandidate??'号段已用尽，请扩展配置'} 变更原因 保存会员号规则","{""onSubmit"":""event=>{event.preventDefault();void save()}""}","","","","view","已定义交互事件","","定义与绑定已登记；业务结果按闭环表核对，不能将源码登记或同名按钮可见计为逐实例通过"
"CTRL-0908","src/normalized-ui/MemberNumberPolicyPanel.tsx","17","MemberNumberPolicyPanel","input","总位数","{""onChange"":""e=>change({width:Number(e.target.value)})""}","event=>{event.preventDefault();void save()}","","","view","所属表单：event=>{event.preventDefault();void save()}","","定义与绑定已登记；业务结果按闭环表核对，不能将源码登记或同名按钮可见计为逐实例通过"
"CTRL-0909","src/normalized-ui/MemberNumberPolicyPanel.tsx","18","MemberNumberPolicyPanel","input","起始数字","{""onChange"":""e=>change({startNumber:Number(e.target.value)})""}","event=>{event.preventDefault();void save()}","","","view","所属表单：event=>{event.preventDefault();void save()}","","定义与绑定已登记；业务结果按闭环表核对，不能将源码登记或同名按钮可见计为逐实例通过"
"CTRL-0910","src/normalized-ui/MemberNumberPolicyPanel.tsx","19","MemberNumberPolicyPanel","input","字母顺序","{""onChange"":""e=>change({alphabet:e.target.value.toUpperCase()})""}","event=>{event.preventDefault();void save()}","","","view","所属表单：event=>{event.preventDefault();void save()}","","定义与绑定已登记；业务结果按闭环表核对，不能将源码登记或同名按钮可见计为逐实例通过"
"CTRL-0911","src/normalized-ui/MemberNumberPolicyPanel.tsx","20","MemberNumberPolicyPanel","input","最长字母前缀","{""onChange"":""e=>change({maximumPrefixLength:Number(e.target.value)})""}","event=>{event.preventDefault();void save()}","","","view","所属表单：event=>{event.preventDefault();void save()}","","定义与绑定已登记；业务结果按闭环表核对，不能将源码登记或同名按钮可见计为逐实例通过"
"CTRL-0912","src/normalized-ui/MemberNumberPolicyPanel.tsx","21","MemberNumberPolicyPanel","input","不足位数补零","{""onChange"":""e=>change({padZero:e.target.checked})""}","event=>{event.preventDefault();void save()}","","","view","所属表单：event=>{event.preventDefault();void save()}","","定义与绑定已登记；业务结果按闭环表核对，不能将源码登记或同名按钮可见计为逐实例通过"
"CTRL-0913","src/normalized-ui/MemberNumberPolicyPanel.tsx","23","MemberNumberPolicyPanel","input","变更原因","{""onChange"":""e=>setReason(e.target.value)""}","event=>{event.preventDefault();void save()}","","","view","所属表单：event=>{event.preventDefault();void save()}","","定义与绑定已登记；业务结果按闭环表核对，不能将源码登记或同名按钮可见计为逐实例通过"
"CTRL-0914","src/normalized-ui/MemberNumberPolicyPanel.tsx","23","MemberNumberPolicyPanel","button","保存会员号规则","{}","event=>{event.preventDefault();void save()}","","busy","view","所属表单：event=>{event.preventDefault();void save()}","","定义与绑定已登记；业务结果按闭环表核对，不能将源码登记或同名按钮可见计为逐实例通过"
"CTRL-0915","src/normalized-ui/membership-business-inputs.tsx","19","MoneyField","input","{label}","{""onChange"":""event => {\n    const input = event.currentTarget\n    setText(input.value)\n    const minor = yuanInputToMinor(input.value)\n    input.setCustomValidity(minor === null ? '请输入金额，最多两位小数' : '')\n    if (minor !== null) onChange(minor)\n  }""}","","","","","已定义交互事件","","定义与绑定已登记；业务结果按闭环表核对，不能将源码登记或同名按钮可见计为逐实例通过"
"CTRL-0916","src/normalized-ui/membership-business-inputs.tsx","33","ReferenceField","select","{references === null ? '选项未读取，请重试' : '未关联'} {value && !current ? <option value={String(value)} disabled>原关联记录当前不可用，请核对后选择</option> : null} {options.map(item => <option key={item.id} value={item.id}>{item.name} · {statusLabels[item.status] ?? '状态待核对'}</option>)}","{""onChange"":""event => onChange(event.target.value || null)""}","","","references === null","","已定义交互事件","","定义与绑定已登记；业务结果按闭环表核对，不能将源码登记或同名按钮可见计为逐实例通过"
"CTRL-0917","src/normalized-ui/membership-business-inputs.tsx","43","BusinessRatioFields","MoneyField","","{""onChange"":""value => onChange({ ...content, [pair.denominator]: value })""}","","","","pair.money","已定义交互事件","","定义与绑定已登记；业务结果按闭环表核对，不能将源码登记或同名按钮可见计为逐实例通过"
"CTRL-0918","src/normalized-ui/membership-business-inputs.tsx","43","BusinessRatioFields","input","每获得基础积分","{""onChange"":""event => onChange({ ...content, [pair.denominator]: Number(event.target.value) })""}","","","","pair.money","已定义交互事件","","定义与绑定已登记；业务结果按闭环表核对，不能将源码登记或同名按钮可见计为逐实例通过"
"CTRL-0919","src/normalized-ui/membership-business-inputs.tsx","44","BusinessRatioFields","input","{pair.award}","{""onChange"":""event => onChange({ ...content, [pair.numerator]: Number(event.target.value) })""}","","","","","已定义交互事件","","定义与绑定已登记；业务结果按闭环表核对，不能将源码登记或同名按钮可见计为逐实例通过"
"CTRL-0920","src/normalized-ui/MembershipConfigurationCenterPanel.tsx","78","MembershipConfigurationCenterPanel","button","会员经营配置中心 保存草稿、计算影响、独立审批；修改内容会在审核通过并发布后生效。 {summaries.filter((item)=>item.status==='draft').length} 个待处理","{""onClick"":""()=>setExpanded((value)=>!value)""}","","","","","已定义交互事件","SYS-289、SYS-293、SYS-294、SYS-295、SYS-301","定义与绑定已登记；业务结果按闭环表核对，不能将源码登记或同名按钮可见计为逐实例通过"
"CTRL-0921","src/normalized-ui/MembershipConfigurationCenterPanel.tsx","87","MembershipConfigurationCenterPanel","button","刷新配置","{""onClick"":""()=>void load()""}","","","busy!==''","expanded","已定义交互事件","SYS-289、SYS-293、SYS-294、SYS-295、SYS-301","定义与绑定已登记；业务结果按闭环表核对，不能将源码登记或同名按钮可见计为逐实例通过"
"CTRL-0922","src/normalized-ui/MembershipConfigurationCenterPanel.tsx","88","MembershipConfigurationCenterPanel","button","{domainLabels[item.domain]} {item.title} · 第 {item.version} 版 {statusLabels[item.status]??'状态待核对'}","{""onClick"":""()=>void open(item)""}","","","","","已定义交互事件","SYS-289、SYS-293、SYS-294、SYS-295、SYS-301","定义与绑定已登记；业务结果按闭环表核对，不能将源码登记或同名按钮可见计为逐实例通过"
"CTRL-0923","src/normalized-ui/MembershipConfigurationCenterPanel.tsx","95","MembershipConfigurationCenterPanel","form","{referenceError&&<p role=""alert"">{referenceError}<button type=""button"" onClick={()=>void loadReferences()}>重新读取选项</button></p>} {fields(editing,(next)=>{setEditing(next);setPreview(null)},references)}","{""onSubmit"":""event=>{event.preventDefault();void save()}""}","","","","expanded && !selected||!editing","已定义交互事件","SYS-289、SYS-293、SYS-294、SYS-295、SYS-301","定义与绑定已登记；业务结果按闭环表核对，不能将源码登记或同名按钮可见计为逐实例通过"
"CTRL-0924","src/normalized-ui/MembershipConfigurationCenterPanel.tsx","95","MembershipConfigurationCenterPanel","button","重新读取选项","{""onClick"":""()=>void loadReferences()""}","event=>{event.preventDefault();void save()}","","","expanded && !selected||!editing && referenceError","所属表单：event=>{event.preventDefault();void save()}","SYS-289、SYS-293、SYS-294、SYS-295、SYS-301","定义与绑定已登记；业务结果按闭环表核对，不能将源码登记或同名按钮可见计为逐实例通过"
"CTRL-0925","src/normalized-ui/MembershipConfigurationCenterPanel.tsx","95","MembershipConfigurationCenterPanel","BusinessRatioFields","","{""onChange"":""next=>{setEditing(next as ConfigurationContent);setPreview(null)}""}","event=>{event.preventDefault();void save()}","","","expanded && !selected||!editing","所属表单：event=>{event.preventDefault();void save()}","SYS-289、SYS-293、SYS-294、SYS-295、SYS-301","定义与绑定已登记；业务结果按闭环表核对，不能将源码登记或同名按钮可见计为逐实例通过"
"CTRL-0926","src/normalized-ui/MembershipConfigurationCenterPanel.tsx","96","MembershipConfigurationCenterPanel","textarea","本次修改或审批说明","{""onChange"":""(event)=>setReason(event.target.value)""}","","","","expanded && !selected||!editing","已定义交互事件","SYS-289、SYS-293、SYS-294、SYS-295、SYS-301","定义与绑定已登记；业务结果按闭环表核对，不能将源码登记或同名按钮可见计为逐实例通过"
"CTRL-0927","src/normalized-ui/MembershipConfigurationCenterPanel.tsx","98","MembershipConfigurationCenterPanel","button","保存草稿","{}","","membership-rule-editor","busy!==''||references===null","expanded && !selected||!editing && selected.status==='draft'&&canEdit","关联表单：membership-rule-editor","SYS-289、SYS-293、SYS-294、SYS-295、SYS-301","定义与绑定已登记；业务结果按闭环表核对，不能将源码登记或同名按钮可见计为逐实例通过"
"CTRL-0928","src/normalized-ui/MembershipConfigurationCenterPanel.tsx","99","MembershipConfigurationCenterPanel","button","查看修改影响","{""onClick"":""()=>void generatePreview()""}","","","busy!==''","expanded && !selected||!editing && selected.status==='draft'&&canPreview","已定义交互事件","SYS-289、SYS-293、SYS-294、SYS-295、SYS-301","定义与绑定已登记；业务结果按闭环表核对，不能将源码登记或同名按钮可见计为逐实例通过"
"CTRL-0929","src/normalized-ui/MembershipConfigurationCenterPanel.tsx","100","MembershipConfigurationCenterPanel","button","独立审批","{""onClick"":""()=>void approve()""}","","","busy!==''","expanded && !selected||!editing && selected.status==='draft'&&canApprove&&preview","已定义交互事件","SYS-289、SYS-293、SYS-294、SYS-295、SYS-301","定义与绑定已登记；业务结果按闭环表核对，不能将源码登记或同名按钮可见计为逐实例通过"
"CTRL-0930","src/normalized-ui/MembershipConfigurationCenterPanel.tsx","112","fields","Field","","{""onChange"":""(next)=>onChange({...content,[key]:next})""}","","","","","已定义交互事件","SYS-289、SYS-293、SYS-294、SYS-295、SYS-301","定义与绑定已登记；业务结果按闭环表核对，不能将源码登记或同名按钮可见计为逐实例通过"
"CTRL-0931","src/normalized-ui/MembershipConfigurationCenterPanel.tsx","115","Field","ReferenceField","","{""onChange"":""onChange""}","","","","","已定义交互事件","SYS-289、SYS-293、SYS-294、SYS-295、SYS-301","定义与绑定已登记；业务结果按闭环表核对，不能将源码登记或同名按钮可见计为逐实例通过"
"CTRL-0932","src/normalized-ui/MembershipConfigurationCenterPanel.tsx","116","Field","MoneyField","","{""onChange"":""onChange""}","","","","","已定义交互事件","SYS-289、SYS-293、SYS-294、SYS-295、SYS-301","定义与绑定已登记；业务结果按闭环表核对，不能将源码登记或同名按钮可见计为逐实例通过"
"CTRL-0933","src/normalized-ui/MembershipConfigurationCenterPanel.tsx","118","Field","Field","","{""onChange"":""(next)=>onChange(value.map((entry,position)=>position===index?{...(entry as Record<string,unknown>),[key]:next}:entry))""}","","","","","已定义交互事件","SYS-289、SYS-293、SYS-294、SYS-295、SYS-301","定义与绑定已登记；业务结果按闭环表核对，不能将源码登记或同名按钮可见计为逐实例通过"
"CTRL-0934","src/normalized-ui/MembershipConfigurationCenterPanel.tsx","118","Field","input","{label} {index+1}","{""onChange"":""(event)=>onChange(value.map((entry,position)=>position===index?event.target.value:entry))""}","","","","typeof item==='object'&&item!==null","已定义交互事件","SYS-289、SYS-293、SYS-294、SYS-295、SYS-301","定义与绑定已登记；业务结果按闭环表核对，不能将源码登记或同名按钮可见计为逐实例通过"
"CTRL-0935","src/normalized-ui/MembershipConfigurationCenterPanel.tsx","119","Field","input","{label}","{""onChange"":""(event)=>onChange(event.target.checked)""}","","","","","已定义交互事件","SYS-289、SYS-293、SYS-294、SYS-295、SYS-301","定义与绑定已登记；业务结果按闭环表核对，不能将源码登记或同名按钮可见计为逐实例通过"
"CTRL-0936","src/normalized-ui/MembershipConfigurationCenterPanel.tsx","120","Field","input","{label}","{""onChange"":""(event)=>onChange(Number(event.target.value))""}","","","","","已定义交互事件","SYS-289、SYS-293、SYS-294、SYS-295、SYS-301","定义与绑定已登记；业务结果按闭环表核对，不能将源码登记或同名按钮可见计为逐实例通过"
"CTRL-0937","src/normalized-ui/MembershipConfigurationCenterPanel.tsx","121","Field","input","{label}","{""onChange"":""(event)=>onChange(event.target.value.trim()===''?null:event.target.value)""}","","","","","已定义交互事件","SYS-289、SYS-293、SYS-294、SYS-295、SYS-301","定义与绑定已登记；业务结果按闭环表核对，不能将源码登记或同名按钮可见计为逐实例通过"
"CTRL-0938","src/normalized-ui/MembershipConfigurationCenterPanel.tsx","123","Field","select","{!options.some(([option])=>option===String(value))&&<option value={String(value)} disabled>原设置待核对</option>} {options.map(([option,text])=><option key={option} value={option}>{text}</option>)}","{""onChange"":""(event)=>onChange(event.target.value)""}","","","","","已定义交互事件","SYS-289、SYS-293、SYS-294、SYS-295、SYS-301","定义与绑定已登记；业务结果按闭环表核对，不能将源码登记或同名按钮可见计为逐实例通过"
"CTRL-0939","src/normalized-ui/MembershipConfigurationCenterPanel.tsx","124","Field","textarea","{label}","{""onChange"":""(event)=>onChange(event.target.value)""}","","","","","已定义交互事件","SYS-289、SYS-293、SYS-294、SYS-295、SYS-301","定义与绑定已登记；业务结果按闭环表核对，不能将源码登记或同名按钮可见计为逐实例通过"
"CTRL-0940","src/normalized-ui/MembershipConfigurationCenterPanel.tsx","125","Field","input","{label}","{""onChange"":""(event)=>onChange(event.target.value)""}","","","","","已定义交互事件","SYS-289、SYS-293、SYS-294、SYS-295、SYS-301","定义与绑定已登记；业务结果按闭环表核对，不能将源码登记或同名按钮可见计为逐实例通过"
"CTRL-0941","src/normalized-ui/MonthlySchedulePanel.tsx","51","MonthlySchedulePanel","summary","月度演出表 · 生成与编辑","{}","","","","","浏览器原生展开/收起","SYS-303","定义与绑定已登记；业务结果按闭环表核对，不能将源码登记或同名按钮可见计为逐实例通过"
"CTRL-0942","src/normalized-ui/MonthlySchedulePanel.tsx","51","MonthlySchedulePanel","input","月份","{""onChange"":""event=>{invalidate();setSlots([]);setMonth(event.target.value)}""}","","","busy","","已定义交互事件","SYS-303","定义与绑定已登记；业务结果按闭环表核对，不能将源码登记或同名按钮可见计为逐实例通过"
"CTRL-0943","src/normalized-ui/MonthlySchedulePanel.tsx","53","MonthlySchedulePanel","input","周 {name}","{""onChange"":""()=>{invalidate();setRules(current=>current.map((r,i)=>i===index?{...r,days:r.days.includes(day)?r.days.filter(d=>d!==day):[...r.days,day]}:r))}""}","","","","","已定义交互事件","SYS-303","定义与绑定已登记；业务结果按闭环表核对，不能将源码登记或同名按钮可见计为逐实例通过"
"CTRL-0944","src/normalized-ui/MonthlySchedulePanel.tsx","54","MonthlySchedulePanel","input","开始","{""onChange"":""event=>{invalidate();setRules(current=>current.map((r,i)=>i===index?{...r,start:event.target.value}:r))}""}","","","","","已定义交互事件","SYS-303","定义与绑定已登记；业务结果按闭环表核对，不能将源码登记或同名按钮可见计为逐实例通过"
"CTRL-0945","src/normalized-ui/MonthlySchedulePanel.tsx","55","MonthlySchedulePanel","input","结束","{""onChange"":""event=>{invalidate();setRules(current=>current.map((r,i)=>i===index?{...r,end:event.target.value}:r))}""}","","","","","已定义交互事件","SYS-303","定义与绑定已登记；业务结果按闭环表核对，不能将源码登记或同名按钮可见计为逐实例通过"
"CTRL-0946","src/normalized-ui/MonthlySchedulePanel.tsx","56","MonthlySchedulePanel","select","请选择 {performers.filter(p=>p.status!=='inactive').map(p=><option key={p.id} value={p.id}>{p.stageName}</option>)}","{""onChange"":""event=>{invalidate();setRules(current=>current.map((r,i)=>i===index?{...r,performerId:event.target.value}:r))}""}","","","","","已定义交互事件","SYS-303","定义与绑定已登记；业务结果按闭环表核对，不能将源码登记或同名按钮可见计为逐实例通过"
"CTRL-0947","src/normalized-ui/MonthlySchedulePanel.tsx","57","MonthlySchedulePanel","button","移除规则","{""onClick"":""()=>{invalidate();setRules(current=>current.filter((_,i)=>i!==index))}""}","","","","","已定义交互事件","SYS-303","定义与绑定已登记；业务结果按闭环表核对，不能将源码登记或同名按钮可见计为逐实例通过"
"CTRL-0948","src/normalized-ui/MonthlySchedulePanel.tsx","58","MonthlySchedulePanel","button","增加时间段规则","{""onClick"":""()=>setRules([...rules,{days:[5,6],start:'22:00',end:'23:00',performerId:performers[0]?.id??''}])""}","","","busy||rules.length>=5","","已定义交互事件","SYS-303","定义与绑定已登记；业务结果按闭环表核对，不能将源码登记或同名按钮可见计为逐实例通过"
"CTRL-0949","src/normalized-ui/MonthlySchedulePanel.tsx","58","MonthlySchedulePanel","button","按规则生成整月草稿","{""onClick"":""generate""}","","","busy||!rules.length","","已定义交互事件","SYS-303","定义与绑定已登记；业务结果按闭环表核对，不能将源码登记或同名按钮可见计为逐实例通过"
"CTRL-0950","src/normalized-ui/MonthlySchedulePanel.tsx","59","MonthlySchedulePanel","select","{performers.map(p=><option key={p.id} value={p.id}>{p.stageName}</option>)}","{""onChange"":""event=>changeSlot(index,{performerId:event.target.value})""}","","","","","已定义交互事件","SYS-303","定义与绑定已登记；业务结果按闭环表核对，不能将源码登记或同名按钮可见计为逐实例通过"
"CTRL-0951","src/normalized-ui/MonthlySchedulePanel.tsx","59","MonthlySchedulePanel","input","开始","{""onChange"":""event=>{if(event.target.value)changeSlot(index,{startsAt:new Date(`${event.target.value}:00+08:00`).toISOString()})}""}","","","","","已定义交互事件","SYS-303","定义与绑定已登记；业务结果按闭环表核对，不能将源码登记或同名按钮可见计为逐实例通过"
"CTRL-0952","src/normalized-ui/MonthlySchedulePanel.tsx","59","MonthlySchedulePanel","input","结束","{""onChange"":""event=>{if(event.target.value)changeSlot(index,{endsAt:new Date(`${event.target.value}:00+08:00`).toISOString()})}""}","","","","","已定义交互事件","SYS-303","定义与绑定已登记；业务结果按闭环表核对，不能将源码登记或同名按钮可见计为逐实例通过"
"CTRL-0953","src/normalized-ui/MonthlySchedulePanel.tsx","59","MonthlySchedulePanel","button","本日取消此场草稿","{""onClick"":""()=>{invalidate();setSlots(current=>current.filter((_,i)=>i!==index))}""}","","","","","已定义交互事件","SYS-303","定义与绑定已登记；业务结果按闭环表核对，不能将源码登记或同名按钮可见计为逐实例通过"
"CTRL-0954","src/normalized-ui/MonthlySchedulePanel.tsx","60","MonthlySchedulePanel","button","预览冲突与发布范围","{""onClick"":""()=>void check()""}","","","busy","slots.length>0","已定义交互事件","SYS-303","定义与绑定已登记；业务结果按闭环表核对，不能将源码登记或同名按钮可见计为逐实例通过"
"CTRL-0955","src/normalized-ui/MonthlySchedulePanel.tsx","61","MonthlySchedulePanel","button","发布已预览的场次","{""onClick"":""()=>void publish()""}","","","busy||preview.some(slot=>slot.reasons.length>0)","preview","已定义交互事件","SYS-303","定义与绑定已登记；业务结果按闭环表核对，不能将源码登记或同名按钮可见计为逐实例通过"
"CTRL-0956","src/normalized-ui/NormalizedStaffApp.tsx","192","NormalizedStaffApp","button","返回上一页","{""onClick"":""() => window.history.back()""}","","","","staffRoute !== null && window.history.state?.staffSession === auth.session.id && window.history.state?.staffReturnTo","已定义交互事件","","定义与绑定已登记；业务结果按闭环表核对，不能将源码登记或同名按钮可见计为逐实例通过"
"CTRL-0957","src/normalized-ui/NormalizedStaffApp.tsx","193","NormalizedStaffApp","button","工作台","{""onClick"":""() => navigate('/')""}","","","","staffRoute !== null","已定义交互事件","","定义与绑定已登记；业务结果按闭环表核对，不能将源码登记或同名按钮可见计为逐实例通过"
"CTRL-0958","src/normalized-ui/NormalizedStaffApp.tsx","199","NormalizedStaffApp","button","重新读取工作台","{""onClick"":""() => setNavigationAttempt(value => value + 1)""}","","","","staffRoute !== null && staffNavigation === null && navigationError === null","已定义交互事件","","定义与绑定已登记；业务结果按闭环表核对，不能将源码登记或同名按钮可见计为逐实例通过"
"CTRL-0959","src/normalized-ui/NormalizedStaffApp.tsx","361","StaffSessionMenuView","button","`${currentEmployee}，切换账号`","{""onClick"":""onOpen""}","","","","","已定义交互事件","","定义与绑定已登记；业务结果按闭环表核对，不能将源码登记或同名按钮可见计为逐实例通过"
"CTRL-0960","src/normalized-ui/NormalizedStaffApp.tsx","366","StaffSessionMenuView","button","关闭员工切换","{""onClick"":""onClose""}","","","","open","已定义交互事件","","定义与绑定已登记；业务结果按闭环表核对，不能将源码登记或同名按钮可见计为逐实例通过"
"CTRL-0961","src/normalized-ui/NormalizedStaffApp.tsx","370","StaffSessionMenuView","button","关闭员工切换","{""onClick"":""onClose""}","","","pending","open","已定义交互事件","","定义与绑定已登记；业务结果按闭环表核对，不能将源码登记或同名按钮可见计为逐实例通过"
"CTRL-0962","src/normalized-ui/NormalizedStaffApp.tsx","373","StaffSessionMenuView","form","下一位员工账号 四位 PIN {error !== null && <p role=""alert"">{error}</p>} {pending ? <LoaderCircle className=""is-spinning"" /> : <Repeat2 />} 验证并切换","{""onSubmit"":""onSwitch""}","","","","open","已定义交互事件","","定义与绑定已登记；业务结果按闭环表核对，不能将源码登记或同名按钮可见计为逐实例通过"
"CTRL-0963","src/normalized-ui/NormalizedStaffApp.tsx","374","StaffSessionMenuView","input","","{""onChange"":""(event) => onEmployeeCodeChange(event.target.value)""}","onSwitch","","","open","所属表单：onSwitch","","定义与绑定已登记；业务结果按闭环表核对，不能将源码登记或同名按钮可见计为逐实例通过"
"CTRL-0964","src/normalized-ui/NormalizedStaffApp.tsx","375","StaffSessionMenuView","input","","{""onChange"":""(event) => onPinChange(event.target.value)""}","onSwitch","","","open","所属表单：onSwitch","","定义与绑定已登记；业务结果按闭环表核对，不能将源码登记或同名按钮可见计为逐实例通过"
"CTRL-0965","src/normalized-ui/NormalizedStaffApp.tsx","377","StaffSessionMenuView","button","{pending ? <LoaderCircle className=""is-spinning"" /> : <Repeat2 />} 验证并切换","{}","onSwitch","","pending || employeeCode.trim() === '' || pin.length !== 4","open","所属表单：onSwitch","","定义与绑定已登记；业务结果按闭环表核对，不能将源码登记或同名按钮可见计为逐实例通过"
"CTRL-0966","src/normalized-ui/NormalizedStaffApp.tsx","381","StaffSessionMenuView","button","{logoutArmed ? '再次确认退出' : '退出当前员工'}","{""onClick"":""onLogout""}","","","pending","open","已定义交互事件","","定义与绑定已登记；业务结果按闭环表核对，不能将源码登记或同名按钮可见计为逐实例通过"
"CTRL-0967","src/normalized-ui/NormalizedStaffApp.tsx","414","DeviceCredentialForm","form","门店口令 {error && <p className=""normalized-login-error"" role=""alert"">{error}</p>} {pending ? <LoaderCircle className=""is-spinning"" /> : <ShieldCheck />} 验证设备","{""onSubmit"":""(event) => void submit(event)""}","","","","","已定义交互事件","","定义与绑定已登记；业务结果按闭环表核对，不能将源码登记或同名按钮可见计为逐实例通过"
"CTRL-0968","src/normalized-ui/NormalizedStaffApp.tsx","415","DeviceCredentialForm","input","","{""onChange"":""(event) => setCredential(event.target.value)""}","(event) => void submit(event)","","","","所属表单：(event) => void submit(event)","","定义与绑定已登记；业务结果按闭环表核对，不能将源码登记或同名按钮可见计为逐实例通过"
"CTRL-0969","src/normalized-ui/NormalizedStaffApp.tsx","417","DeviceCredentialForm","button","{pending ? <LoaderCircle className=""is-spinning"" /> : <ShieldCheck />} 验证设备","{}","(event) => void submit(event)","","pending || credential.length < 6","","所属表单：(event) => void submit(event)","","定义与绑定已登记；业务结果按闭环表核对，不能将源码登记或同名按钮可见计为逐实例通过"
"CTRL-0970","src/normalized-ui/NormalizedStaffApp.tsx","448","EmployeeLoginForm","form","员工账号 四位 PIN {error && <p className=""normalized-login-error"" role=""alert"">{error}</p>} {pending ? <LoaderCircle className=""is-spinning"" /> : <ArrowRight />} 进入工作台","{""onSubmit"":""(event) => void submit(event)""}","","","","","已定义交互事件","","定义与绑定已登记；业务结果按闭环表核对，不能将源码登记或同名按钮可见计为逐实例通过"
"CTRL-0971","src/normalized-ui/NormalizedStaffApp.tsx","449","EmployeeLoginForm","input","","{""onChange"":""(event) => setEmployeeCode(event.target.value)""}","(event) => void submit(event)","","","","所属表单：(event) => void submit(event)","","定义与绑定已登记；业务结果按闭环表核对，不能将源码登记或同名按钮可见计为逐实例通过"
"CTRL-0972","src/normalized-ui/NormalizedStaffApp.tsx","450","EmployeeLoginForm","input","","{""onChange"":""(event) => setPin(event.target.value.replace(/\\D/g, '').slice(0, 4))""}","(event) => void submit(event)","","","","所属表单：(event) => void submit(event)","","定义与绑定已登记；业务结果按闭环表核对，不能将源码登记或同名按钮可见计为逐实例通过"
"CTRL-0973","src/normalized-ui/NormalizedStaffApp.tsx","452","EmployeeLoginForm","button","{pending ? <LoaderCircle className=""is-spinning"" /> : <ArrowRight />} 进入工作台","{}","(event) => void submit(event)","","pending || employeeCode.trim() === '' || pin.length !== 4","","所属表单：(event) => void submit(event)","","定义与绑定已登记；业务结果按闭环表核对，不能将源码登记或同名按钮可见计为逐实例通过"
"CTRL-0974","src/normalized-ui/NormalizedStaffWorkspace.tsx","237","NormalizedStaffWorkspaceView","button","刷新工作台","{""onClick"":""onRefresh""}","","","state.phase === 'loading'","","已定义交互事件","","定义与绑定已登记；业务结果按闭环表核对，不能将源码登记或同名按钮可见计为逐实例通过"
"CTRL-0975","src/normalized-ui/NormalizedStaffWorkspace.tsx","276","NormalizedStaffWorkspaceView","button","{entry.label}","{""onClick"":""() => onNavigate?.(entry.route)""}","","","onNavigate === undefined","","已定义交互事件","","定义与绑定已登记；业务结果按闭环表核对，不能将源码登记或同名按钮可见计为逐实例通过"
"CTRL-0976","src/normalized-ui/NormalizedStaffWorkspace.tsx","295","NormalizedStaffWorkspaceView","summary","营业概况","{}","","","","","浏览器原生展开/收起","","定义与绑定已登记；业务结果按闭环表核对，不能将源码登记或同名按钮可见计为逐实例通过"
"CTRL-0977","src/normalized-ui/NormalizedStaffWorkspace.tsx","316","NormalizedStaffWorkspaceView","button","{summary.label} {carryoverCount > 0 ? `${carryoverCount} 项上个营业日遗留 · ${summary.activeCount} 项今日进行中` : summary.attentionCount > 0 ? `${summary.attentionCount} 项待处理 · ${summary.activeCount} 项进行中` : summary.readyCount > 0 ? `${summary.readyCount} 项已就绪` : `${summary.activeCount} 项进行中`} {status.count} {status.label}","{""onClick"":""() => onNavigate?.(domainRoute[summary.key])""}","","","onNavigate === undefined","","已定义交互事件","","定义与绑定已登记；业务结果按闭环表核对，不能将源码登记或同名按钮可见计为逐实例通过"
"CTRL-0978","src/normalized-ui/NormalizedStaffWorkspace.tsx","374","StaffBottomNavigation","button","{entry.label}","{""onClick"":""() => onNavigate?.(entry.route)""}","","","onNavigate === undefined","","已定义交互事件","","定义与绑定已登记；业务结果按闭环表核对，不能将源码登记或同名按钮可见计为逐实例通过"
"CTRL-0979","src/normalized-ui/NormalizedStaffWorkspace.tsx","386","StaffBottomNavigation","button","全部岗位入口","{""onClick"":""() => setMobileMenuOpen(true)""}","","","","","已定义交互事件","","定义与绑定已登记；业务结果按闭环表核对，不能将源码登记或同名按钮可见计为逐实例通过"
"CTRL-0980","src/normalized-ui/NormalizedStaffWorkspace.tsx","389","StaffBottomNavigation","button","关闭全部岗位入口","{""onClick"":""() => setMobileMenuOpen(false)""}","","","","mobileMenuOpen","已定义交互事件","","定义与绑定已登记；业务结果按闭环表核对，不能将源码登记或同名按钮可见计为逐实例通过"
"CTRL-0981","src/normalized-ui/NormalizedStaffWorkspace.tsx","391","StaffBottomNavigation","button","关闭","{""onClick"":""() => setMobileMenuOpen(false)""}","","","","mobileMenuOpen","已定义交互事件","","定义与绑定已登记；业务结果按闭环表核对，不能将源码登记或同名按钮可见计为逐实例通过"
"CTRL-0982","src/normalized-ui/NormalizedStaffWorkspace.tsx","392","StaffBottomNavigation","button","{mode.label}","{""onClick"":""()=>setWorkMode(mode.id)""}","","","","","已定义交互事件","","定义与绑定已登记；业务结果按闭环表核对，不能将源码登记或同名按钮可见计为逐实例通过"
"CTRL-0983","src/normalized-ui/NormalizedStaffWorkspace.tsx","421","item","button","{entry.label}","{""onClick"":""()=>onNavigate?.(entry.route)""}","","","!onNavigate","","已定义交互事件","","定义与绑定已登记；业务结果按闭环表核对，不能将源码登记或同名按钮可见计为逐实例通过"
"CTRL-0984","src/normalized-ui/NormalizedStaffWorkspace.tsx","422","NavigationGroups","button","会员服务与管理","{""onClick"":""()=>onNavigate?.((members.find(entry=>entry.code==='member-accounts')??members[0]).route)""}","","","!onNavigate","members.length>0","已定义交互事件","","定义与绑定已登记；业务结果按闭环表核对，不能将源码登记或同名按钮可见计为逐实例通过"
"CTRL-0985","src/normalized-ui/NormalizedStaffWorkspace.tsx","447","WorkspaceGate","button","{state.phase === 'login_required' ? '重新登录' : '重新加载'}","{""onClick"":""state.phase === 'login_required' ? onLoginRequired : onRefresh""}","","","","loading","已定义交互事件","","定义与绑定已登记；业务结果按闭环表核对，不能将源码登记或同名按钮可见计为逐实例通过"
"CTRL-0986","src/normalized-ui/NormalizedStaffWorkspace.tsx","462","InlineNotice","button","再试一次","{""onClick"":""onRetry""}","","","","","已定义交互事件","","定义与绑定已登记；业务结果按闭环表核对，不能将源码登记或同名按钮可见计为逐实例通过"
"CTRL-0987","src/normalized-ui/NumberInputWithUnit.tsx","13","NumberInputWithUnit","input","","{}","","","","","需组件/父级上下文判断","","定义与绑定已登记；业务结果按闭环表核对，不能将源码登记或同名按钮可见计为逐实例通过"
"CTRL-0988","src/normalized-ui/OperatingHistoryPanel.tsx","87","OperatingHistoryPanel","summary","{standalone?'订单中心 · 当前与历史':'营业日账务与历史订单'}","{}","","","","","浏览器原生展开/收起","SYS-300","定义与绑定已登记；业务结果按闭环表核对，不能将源码登记或同名按钮可见计为逐实例通过"
"CTRL-0989","src/normalized-ui/OperatingHistoryPanel.tsx","89","OperatingHistoryPanel","button","当前营业日","{""onClick"":""()=>selectDay(businessDate)""}","","","busy","","已定义交互事件","SYS-300","定义与绑定已登记；业务结果按闭环表核对，不能将源码登记或同名按钮可见计为逐实例通过"
"CTRL-0990","src/normalized-ui/OperatingHistoryPanel.tsx","89","OperatingHistoryPanel","button","上一营业日","{""onClick"":""()=>selectDay(new Date(Date.parse(`${businessDate}T00:00:00Z`)-86400000).toISOString().slice(0,10))""}","","","busy","","已定义交互事件","SYS-300","定义与绑定已登记；业务结果按闭环表核对，不能将源码登记或同名按钮可见计为逐实例通过"
"CTRL-0991","src/normalized-ui/OperatingHistoryPanel.tsx","90","OperatingHistoryPanel","form","搜索 日期与更多筛选 区域 支付状态 全部状态 待支付 支付中 部分付款 已支付 部分退款 已退款 开始营业日 结束营业日 桌号 下单员工 {busy?'读取中':'查找订单'}","{""onSubmit"":""event=>{event.preventDefault();void read()}""}","","","","","已定义交互事件","SYS-300","定义与绑定已登记；业务结果按闭环表核对，不能将源码登记或同名按钮可见计为逐实例通过"
"CTRL-0992","src/normalized-ui/OperatingHistoryPanel.tsx","91","OperatingHistoryPanel","input","搜索","{""onChange"":""event=>{reset();setSearch(event.target.value)}""}","event=>{event.preventDefault();void read()}","","","","所属表单：event=>{event.preventDefault();void read()}","SYS-300","定义与绑定已登记；业务结果按闭环表核对，不能将源码登记或同名按钮可见计为逐实例通过"
"CTRL-0993","src/normalized-ui/OperatingHistoryPanel.tsx","92","OperatingHistoryPanel","summary","日期与更多筛选","{}","event=>{event.preventDefault();void read()}","","","","浏览器原生展开/收起","SYS-300","定义与绑定已登记；业务结果按闭环表核对，不能将源码登记或同名按钮可见计为逐实例通过"
"CTRL-0994","src/normalized-ui/OperatingHistoryPanel.tsx","92","OperatingHistoryPanel","input","区域","{""onChange"":""event=>{reset();setArea(event.target.value)}""}","event=>{event.preventDefault();void read()}","","","","所属表单：event=>{event.preventDefault();void read()}","SYS-300","定义与绑定已登记；业务结果按闭环表核对，不能将源码登记或同名按钮可见计为逐实例通过"
"CTRL-0995","src/normalized-ui/OperatingHistoryPanel.tsx","93","OperatingHistoryPanel","select","全部状态 待支付 支付中 部分付款 已支付 部分退款 已退款","{""onChange"":""event=>{reset();setPaymentStatus(event.target.value)}""}","event=>{event.preventDefault();void read()}","","","","所属表单：event=>{event.preventDefault();void read()}","SYS-300","定义与绑定已登记；业务结果按闭环表核对，不能将源码登记或同名按钮可见计为逐实例通过"
"CTRL-0996","src/normalized-ui/OperatingHistoryPanel.tsx","96","OperatingHistoryPanel","input","开始营业日","{""onChange"":""event=>{reset();setDate(event.target.value)}""}","event=>{event.preventDefault();void read()}","","","","所属表单：event=>{event.preventDefault();void read()}","SYS-300","定义与绑定已登记；业务结果按闭环表核对，不能将源码登记或同名按钮可见计为逐实例通过"
"CTRL-0997","src/normalized-ui/OperatingHistoryPanel.tsx","97","OperatingHistoryPanel","input","结束营业日","{""onChange"":""event=>{reset();setEndDate(event.target.value)}""}","event=>{event.preventDefault();void read()}","","","","所属表单：event=>{event.preventDefault();void read()}","SYS-300","定义与绑定已登记；业务结果按闭环表核对，不能将源码登记或同名按钮可见计为逐实例通过"
"CTRL-0998","src/normalized-ui/OperatingHistoryPanel.tsx","98","OperatingHistoryPanel","input","桌号","{""onChange"":""event=>{reset();setTable(event.target.value)}""}","event=>{event.preventDefault();void read()}","","","","所属表单：event=>{event.preventDefault();void read()}","SYS-300","定义与绑定已登记；业务结果按闭环表核对，不能将源码登记或同名按钮可见计为逐实例通过"
"CTRL-0999","src/normalized-ui/OperatingHistoryPanel.tsx","99","OperatingHistoryPanel","input","下单员工","{""onChange"":""event=>{reset();setEmployee(event.target.value)}""}","event=>{event.preventDefault();void read()}","","","","所属表单：event=>{event.preventDefault();void read()}","SYS-300","定义与绑定已登记；业务结果按闭环表核对，不能将源码登记或同名按钮可见计为逐实例通过"
"CTRL-1000","src/normalized-ui/OperatingHistoryPanel.tsx","101","OperatingHistoryPanel","button","{busy?'读取中':'查找订单'}","{}","event=>{event.preventDefault();void read()}","","busy","","所属表单：event=>{event.preventDefault();void read()}","SYS-300","定义与绑定已登记；业务结果按闭环表核对，不能将源码登记或同名按钮可见计为逐实例通过"
"CTRL-1001","src/normalized-ui/OperatingHistoryPanel.tsx","119","OperatingHistoryPanel","summary","{order.tableCode} · ¥ {money(order.effectiveAmountMinor??order.totalMinor)} · {time(order.submittedAt)}","{}","","","","","浏览器原生展开/收起","SYS-300","定义与绑定已登记；业务结果按闭环表核对，不能将源码登记或同名按钮可见计为逐实例通过"
"CTRL-1002","src/normalized-ui/OperatingHistoryPanel.tsx","127","OperatingHistoryPanel","button","上一页","{""onClick"":""()=>void read(data.page-1)""}","","","busy||data.page===0","data","已定义交互事件","SYS-300","定义与绑定已登记；业务结果按闭环表核对，不能将源码登记或同名按钮可见计为逐实例通过"
"CTRL-1003","src/normalized-ui/OperatingHistoryPanel.tsx","127","OperatingHistoryPanel","button","下一页","{""onClick"":""()=>void read(data.page+1)""}","","","busy||!data.hasMore","data","已定义交互事件","SYS-300","定义与绑定已登记；业务结果按闭环表核对，不能将源码登记或同名按钮可见计为逐实例通过"
"CTRL-1004","src/normalized-ui/OperatingHistoryPanel.tsx","127","OperatingHistoryPanel","button","导出本页明细","{""onClick"":""()=>download()""}","","","busy||data.orders.length===0","data","已定义交互事件","SYS-300","定义与绑定已登记；业务结果按闭环表核对，不能将源码登记或同名按钮可见计为逐实例通过"
"CTRL-1005","src/normalized-ui/OperatingHistoryPanel.tsx","127","OperatingHistoryPanel","button","导出全部筛选结果","{""onClick"":""()=>void exportAll()""}","","","busy||data.orders.length===0","data","已定义交互事件","SYS-300","定义与绑定已登记；业务结果按闭环表核对，不能将源码登记或同名按钮可见计为逐实例通过"
"CTRL-1006","src/normalized-ui/OrderBillPrintButton.tsx","41","BillPrintAction","button","{queued?'已生成打印任务':busy?'正在确认打印任务':message?'核对本次打印请求':tableSessionId?'打印结账单（整桌）':businessDate?'扎账 · 打印所选期间全店账单':'手动打印本单账单'}","{""onClick"":""()=>void request()""}","","","busy||queued","","已定义交互事件","SYS-299、SYS-300","定义与绑定已登记；业务结果按闭环表核对，不能将源码登记或同名按钮可见计为逐实例通过"
"CTRL-1007","src/normalized-ui/OrderBillPrintButton.tsx","43","BillPrintAction","summary","本次打印任务","{}","","","","receipt","浏览器原生展开/收起","SYS-299、SYS-300","定义与绑定已登记；业务结果按闭环表核对，不能将源码登记或同名按钮可见计为逐实例通过"
"CTRL-1008","src/normalized-ui/OrderBillPrintButton.tsx","43","BillPrintAction","button","核对任务进度","{""onClick"":""()=>void checkProgress()""}","","","busy","receipt","已定义交互事件","SYS-299、SYS-300","定义与绑定已登记；业务结果按闭环表核对，不能将源码登记或同名按钮可见计为逐实例通过"
"CTRL-1009","src/normalized-ui/OrderBillPrintButton.tsx","43","BillPrintAction","button","按最新金额生成新账单","{""onClick"":""()=>{if(active.current)return;key.current=null;try{sessionStorage.removeItem(storageKey)}catch{/* Optional storage. */}setReceipt(null);setQueued(false);setMessage('下次点击将生成新的金额快照和新票，请先确认上一张打印结果。')}""}","","","busy","queued","已定义交互事件","SYS-299、SYS-300","定义与绑定已登记；业务结果按闭环表核对，不能将源码登记或同名按钮可见计为逐实例通过"
"CTRL-1010","src/normalized-ui/OrderBillPrintButton.tsx","90","DailyReportPrintChoices","button","已核对旧票，准备新版打印","{""onClick"":""()=>setLegacyChecked(true)""}","","","","!legacyChecked","已定义交互事件","SYS-299、SYS-300","定义与绑定已登记；业务结果按闭环表核对，不能将源码登记或同名按钮可见计为逐实例通过"
"CTRL-1011","src/normalized-ui/OrderBillPrintButton.tsx","92","DailyReportPrintChoices","select","紧凑汇总（默认） 逐单明细 汇总和明细","{""onChange"":""event=>{if(!pendingRef.current)setMode(event.target.value as typeof mode)}""}","","","pending!==null","","已定义交互事件","SYS-299、SYS-300","定义与绑定已登记；业务结果按闭环表核对，不能将源码登记或同名按钮可见计为逐实例通过"
"CTRL-1012","src/normalized-ui/OrderBillPrintButton.tsx","93","DailyReportPrintChoices","select","不附加 分类 商品 套餐与套餐内出品","{""onChange"":""event=>{if(!pendingRef.current)setGrouping(event.target.value as typeof grouping)}""}","","","pending!==null","","已定义交互事件","SYS-299、SYS-300","定义与绑定已登记；业务结果按闭环表核对，不能将源码登记或同名按钮可见计为逐实例通过"
"CTRL-1013","src/normalized-ui/OrderBillPrintButton.tsx","94","DailyReportPrintChoices","button","重试预览","{""onClick"":""()=>setRevision(value=>value+1)""}","","","","error","已定义交互事件","SYS-299、SYS-300","定义与绑定已登记；业务结果按闭环表核对，不能将源码登记或同名按钮可见计为逐实例通过"
"CTRL-1014","src/normalized-ui/OrderBillPrintButton.tsx","96","DailyReportPrintChoices","summary","查看票据内容","{}","","","","error && !preview||preview.selection!==selection","浏览器原生展开/收起","SYS-299、SYS-300","定义与绑定已登记；业务结果按闭环表核对，不能将源码登记或同名按钮可见计为逐实例通过"
"CTRL-1015","src/normalized-ui/OrderCenterPanel.tsx","21","OrderCenterPanel","button","重新查询","{""onClick"":""()=>setRetry(value=>value+1)""}","","","","","已定义交互事件","","定义与绑定已登记；业务结果按闭环表核对，不能将源码登记或同名按钮可见计为逐实例通过"
"CTRL-1016","src/normalized-ui/OrderStockReturnForm.tsx","36","StockReturnForm","summary","退款商品库存处理","{}","","","","","浏览器原生展开/收起","SYS-299","定义与绑定已登记；业务结果按闭环表核对，不能将源码登记或同名按钮可见计为逐实例通过"
"CTRL-1017","src/normalized-ui/OrderStockReturnForm.tsx","37","StockReturnForm","input","退回数量","{""onChange"":""event=>setUnits(Number(event.target.value))""}","","","locked","","已定义交互事件","SYS-299","定义与绑定已登记；业务结果按闭环表核对，不能将源码登记或同名按钮可见计为逐实例通过"
"CTRL-1018","src/normalized-ui/OrderStockReturnForm.tsx","38","StockReturnForm","select","{(!capability||capability.canReturnUnopened||original?.body.disposition==='returned_unopened')&&<option value=""returned_unopened"">未开封整包装，已实际退回</option>} {(!capability||capability.canReturnUnmade||original?.body.disposition==='unmade')&&<option value=""unmade"">尚未制作，出品已取消</option>}","{""onChange"":""event=>{setMode(event.target.value as typeof mode);setConfirmed(false)}""}","","","locked","","已定义交互事件","SYS-299","定义与绑定已登记；业务结果按闭环表核对，不能将源码登记或同名按钮可见计为逐实例通过"
"CTRL-1019","src/normalized-ui/OrderStockReturnForm.tsx","39","StockReturnForm","input","核对说明","{""onChange"":""event=>setReason(event.target.value)""}","","","locked","","已定义交互事件","SYS-299","定义与绑定已登记；业务结果按闭环表核对，不能将源码登记或同名按钮可见计为逐实例通过"
"CTRL-1020","src/normalized-ui/OrderStockReturnForm.tsx","40","StockReturnForm","input","我已核实上述情况和实际数量","{""onChange"":""event=>setConfirmed(event.target.checked)""}","","","locked","","已定义交互事件","SYS-299","定义与绑定已登记；业务结果按闭环表核对，不能将源码登记或同名按钮可见计为逐实例通过"
"CTRL-1021","src/normalized-ui/OrderStockReturnForm.tsx","41","StockReturnForm","button","{busy?'正在核对…':'确认实际退库'}","{""onClick"":""()=>void run()""}","","","locked||!confirmed","","已定义交互事件","SYS-299","定义与绑定已登记；业务结果按闭环表核对，不能将源码登记或同名按钮可见计为逐实例通过"
"CTRL-1022","src/normalized-ui/OrderStockReturnForm.tsx","42","StockReturnForm","button","刷新剩余数量","{""onClick"":""()=>void refresh()""}","","","busy","pending?.recordId","已定义交互事件","SYS-299","定义与绑定已登记；业务结果按闭环表核对，不能将源码登记或同名按钮可见计为逐实例通过"
"CTRL-1023","src/normalized-ui/OrderStockReturnForm.tsx","42","StockReturnForm","button","恢复原退库结果","{""onClick"":""()=>void run(true)""}","","","busy","pending?.recordId && pending","已定义交互事件","SYS-299","定义与绑定已登记；业务结果按闭环表核对，不能将源码登记或同名按钮可见计为逐实例通过"
"CTRL-1024","src/normalized-ui/OwnerFinancePanel.tsx","652","OwnerFinancePanel","button","刷新经营费用","{""onClick"":""() => void load()""}","","","busy === ""load""","","已定义交互事件","SYS-300","定义与绑定已登记；业务结果按闭环表核对，不能将源码登记或同名按钮可见计为逐实例通过"
"CTRL-1025","src/normalized-ui/OwnerFinancePanel.tsx","667","OwnerFinancePanel","button","费用","{""onClick"":""() => setMode(\""cost\"")""}","","","","(canManage || overview?.canViewCost)","已定义交互事件","SYS-300","定义与绑定已登记；业务结果按闭环表核对，不能将源码登记或同名按钮可见计为逐实例通过"
"CTRL-1026","src/normalized-ui/OwnerFinancePanel.tsx","671","OwnerFinancePanel","button","周期费用","{""onClick"":""() => setMode(\""recurring\"")""}","","","","canManage","已定义交互事件","SYS-300","定义与绑定已登记；业务结果按闭环表核对，不能将源码登记或同名按钮可见计为逐实例通过"
"CTRL-1027","src/normalized-ui/OwnerFinancePanel.tsx","679","OwnerFinancePanel","button","员工工资","{""onClick"":""() => setMode(\""payroll\"")""}","","","","overview?.canViewPayroll","已定义交互事件","SYS-300","定义与绑定已登记；业务结果按闭环表核对，不能将源码登记或同名按钮可见计为逐实例通过"
"CTRL-1028","src/normalized-ui/OwnerFinancePanel.tsx","687","OwnerFinancePanel","button","分类设置","{""onClick"":""() => setMode(\""settings\"")""}","","","","canManage","已定义交互事件","SYS-300","定义与绑定已登记；业务结果按闭环表核对，不能将源码登记或同名按钮可见计为逐实例通过"
"CTRL-1029","src/normalized-ui/OwnerFinancePanel.tsx","697","OwnerFinancePanel","form","{correctingCost ? ""更正费用记录"" : ""记录一笔费用""} {correctingCost ? `正在更正“${correctingCost.name}”。原记录不会删除，更正后报表只采用最新记录。` : ""房租、乐队、厨房和每日临时支出都从这里录入；工资走工资核算，酒水采购走收货入库。""} 费用名称 未税金额 税额 费用开始 费用结束 付款状态 已支付 金额已知、尚未支付 {cost.paid && ( <label> 实际付款日期 <input required type=""date"" value={cost.paidOn} onChange={(event) => setCost({ ...cost, paidOn: event.target.value }) } /> </label> )} 收款方（选填） 备注（选填） {correctingCost && ( <label className=""wide""> 更正原因 <textarea required minLength={2} maxLength={1000} rows={2} value={correctionReason} onChange={(event) => setCorrectionReason(event.target.value)} placeholder=""说明为什么更正，便于日后审计"" /> </label> )} {correctingCost ? ""保存更正"" : ""记录费用""} {correctingCost && ( <button type=""button"" cl","{""onSubmit"":""submitCost""}","","","","mode === ""cost"" && canManage","已定义交互事件","SYS-300","定义与绑定已登记；业务结果按闭环表核对，不能将源码登记或同名按钮可见计为逐实例通过"
"CTRL-1030","src/normalized-ui/OwnerFinancePanel.tsx","712","OwnerFinancePanel","input","费用名称","{""onChange"":""(event) =>\n                  setCost({ ...cost, name: event.target.value })""}","submitCost","","","mode === ""cost"" && canManage","所属表单：submitCost","SYS-300","定义与绑定已登记；业务结果按闭环表核对，不能将源码登记或同名按钮可见计为逐实例通过"
"CTRL-1031","src/normalized-ui/OwnerFinancePanel.tsx","734","OwnerFinancePanel","NumberInputWithUnit","未税金额","{""onChange"":""(event) =>\n                  setCost({ ...cost, amount: event.target.value })""}","submitCost","","","mode === ""cost"" && canManage","所属表单：submitCost","SYS-300","定义与绑定已登记；业务结果按闭环表核对，不能将源码登记或同名按钮可见计为逐实例通过"
"CTRL-1032","src/normalized-ui/OwnerFinancePanel.tsx","746","OwnerFinancePanel","NumberInputWithUnit","税额","{""onChange"":""(event) =>\n                  setCost({ ...cost, tax: event.target.value })""}","submitCost","","","mode === ""cost"" && canManage","所属表单：submitCost","SYS-300","定义与绑定已登记；业务结果按闭环表核对，不能将源码登记或同名按钮可见计为逐实例通过"
"CTRL-1033","src/normalized-ui/OwnerFinancePanel.tsx","758","OwnerFinancePanel","input","费用开始","{""onChange"":""(event) =>\n                  setCost({ ...cost, start: event.target.value })""}","submitCost","","","mode === ""cost"" && canManage","所属表单：submitCost","SYS-300","定义与绑定已登记；业务结果按闭环表核对，不能将源码登记或同名按钮可见计为逐实例通过"
"CTRL-1034","src/normalized-ui/OwnerFinancePanel.tsx","769","OwnerFinancePanel","input","费用结束","{""onChange"":""(event) =>\n                  setCost({ ...cost, end: event.target.value })""}","submitCost","","","mode === ""cost"" && canManage","所属表单：submitCost","SYS-300","定义与绑定已登记；业务结果按闭环表核对，不能将源码登记或同名按钮可见计为逐实例通过"
"CTRL-1035","src/normalized-ui/OwnerFinancePanel.tsx","781","OwnerFinancePanel","select","已支付 金额已知、尚未支付","{""onChange"":""(event) =>\n                  setCost({ ...cost, paid: event.target.value === \""paid\"" })""}","submitCost","","","mode === ""cost"" && canManage","所属表单：submitCost","SYS-300","定义与绑定已登记；业务结果按闭环表核对，不能将源码登记或同名按钮可见计为逐实例通过"
"CTRL-1036","src/normalized-ui/OwnerFinancePanel.tsx","794","OwnerFinancePanel","input","实际付款日期","{""onChange"":""(event) =>\n                    setCost({ ...cost, paidOn: event.target.value })""}","submitCost","","","mode === ""cost"" && canManage && cost.paid","所属表单：submitCost","SYS-300","定义与绑定已登记；业务结果按闭环表核对，不能将源码登记或同名按钮可见计为逐实例通过"
"CTRL-1037","src/normalized-ui/OwnerFinancePanel.tsx","806","OwnerFinancePanel","input","收款方（选填）","{""onChange"":""(event) =>\n                  setCost({ ...cost, counterparty: event.target.value })""}","submitCost","","","mode === ""cost"" && canManage","所属表单：submitCost","SYS-300","定义与绑定已登记；业务结果按闭环表核对，不能将源码登记或同名按钮可见计为逐实例通过"
"CTRL-1038","src/normalized-ui/OwnerFinancePanel.tsx","816","OwnerFinancePanel","textarea","备注（选填）","{""onChange"":""(event) =>\n                  setCost({ ...cost, note: event.target.value })""}","submitCost","","","mode === ""cost"" && canManage","所属表单：submitCost","SYS-300","定义与绑定已登记；业务结果按闭环表核对，不能将源码登记或同名按钮可见计为逐实例通过"
"CTRL-1039","src/normalized-ui/OwnerFinancePanel.tsx","828","OwnerFinancePanel","textarea","更正原因","{""onChange"":""(event) => setCorrectionReason(event.target.value)""}","submitCost","","","mode === ""cost"" && canManage && correctingCost","所属表单：submitCost","SYS-300","定义与绑定已登记；业务结果按闭环表核对，不能将源码登记或同名按钮可见计为逐实例通过"
"CTRL-1040","src/normalized-ui/OwnerFinancePanel.tsx","840","OwnerFinancePanel","button","{correctingCost ? ""保存更正"" : ""记录费用""}","{}","submitCost","","busy !== """"","mode === ""cost"" && canManage","所属表单：submitCost","SYS-300","定义与绑定已登记；业务结果按闭环表核对，不能将源码登记或同名按钮可见计为逐实例通过"
"CTRL-1041","src/normalized-ui/OwnerFinancePanel.tsx","844","OwnerFinancePanel","button","取消更正","{""onClick"":""cancelCostCorrection""}","submitCost","","busy !== """"","mode === ""cost"" && canManage && correctingCost","所属表单：submitCost","SYS-300","定义与绑定已登记；业务结果按闭环表核对，不能将源码登记或同名按钮可见计为逐实例通过"
"CTRL-1042","src/normalized-ui/OwnerFinancePanel.tsx","856","OwnerFinancePanel","input","记录开始日期","{""onChange"":""(event) => setRange({ ...range, start: event.target.value })""}","","","","mode === ""cost""","已定义交互事件","SYS-300","定义与绑定已登记；业务结果按闭环表核对，不能将源码登记或同名按钮可见计为逐实例通过"
"CTRL-1043","src/normalized-ui/OwnerFinancePanel.tsx","857","OwnerFinancePanel","input","记录结束日期","{""onChange"":""(event) => setRange({ ...range, end: event.target.value })""}","","","","mode === ""cost""","已定义交互事件","SYS-300","定义与绑定已登记；业务结果按闭环表核对，不能将源码登记或同名按钮可见计为逐实例通过"
"CTRL-1044","src/normalized-ui/OwnerFinancePanel.tsx","869","OwnerFinancePanel","form","建立周期费用 规则与实际入账分开，防止重复计算；生成动作具有防重复保护。酒水采购需走收货入库，不在这里自动生成。 规则名称 每期未税金额 税额 周期 {periodOptions()} 首次日期 结束日期（选填） 付款处理 到期先计提，未声明付款 到期视为已支付 保存周期规则","{""onSubmit"":""submitRecurring""}","","","","mode === ""recurring"" && canManage","已定义交互事件","SYS-300","定义与绑定已登记；业务结果按闭环表核对，不能将源码登记或同名按钮可见计为逐实例通过"
"CTRL-1045","src/normalized-ui/OwnerFinancePanel.tsx","878","OwnerFinancePanel","input","规则名称","{""onChange"":""(event) =>\n                  setRecurring({ ...recurring, name: event.target.value })""}","submitRecurring","","","mode === ""recurring"" && canManage","所属表单：submitRecurring","SYS-300","定义与绑定已登记；业务结果按闭环表核对，不能将源码登记或同名按钮可见计为逐实例通过"
"CTRL-1046","src/normalized-ui/OwnerFinancePanel.tsx","903","OwnerFinancePanel","NumberInputWithUnit","每期未税金额","{""onChange"":""(event) =>\n                  setRecurring({ ...recurring, amount: event.target.value })""}","submitRecurring","","","mode === ""recurring"" && canManage","所属表单：submitRecurring","SYS-300","定义与绑定已登记；业务结果按闭环表核对，不能将源码登记或同名按钮可见计为逐实例通过"
"CTRL-1047","src/normalized-ui/OwnerFinancePanel.tsx","915","OwnerFinancePanel","NumberInputWithUnit","税额","{""onChange"":""(event) =>\n                  setRecurring({ ...recurring, tax: event.target.value })""}","submitRecurring","","","mode === ""recurring"" && canManage","所属表单：submitRecurring","SYS-300","定义与绑定已登记；业务结果按闭环表核对，不能将源码登记或同名按钮可见计为逐实例通过"
"CTRL-1048","src/normalized-ui/OwnerFinancePanel.tsx","927","OwnerFinancePanel","select","{periodOptions()}","{""onChange"":""(event) =>\n                  setRecurring({ ...recurring, recurrence: event.target.value })""}","submitRecurring","","","mode === ""recurring"" && canManage","所属表单：submitRecurring","SYS-300","定义与绑定已登记；业务结果按闭环表核对，不能将源码登记或同名按钮可见计为逐实例通过"
"CTRL-1049","src/normalized-ui/OwnerFinancePanel.tsx","938","OwnerFinancePanel","input","首次日期","{""onChange"":""(event) =>\n                  setRecurring({ ...recurring, start: event.target.value })""}","submitRecurring","","","mode === ""recurring"" && canManage","所属表单：submitRecurring","SYS-300","定义与绑定已登记；业务结果按闭环表核对，不能将源码登记或同名按钮可见计为逐实例通过"
"CTRL-1050","src/normalized-ui/OwnerFinancePanel.tsx","949","OwnerFinancePanel","input","结束日期（选填）","{""onChange"":""(event) =>\n                  setRecurring({ ...recurring, end: event.target.value })""}","submitRecurring","","","mode === ""recurring"" && canManage","所属表单：submitRecurring","SYS-300","定义与绑定已登记；业务结果按闭环表核对，不能将源码登记或同名按钮可见计为逐实例通过"
"CTRL-1051","src/normalized-ui/OwnerFinancePanel.tsx","960","OwnerFinancePanel","select","到期先计提，未声明付款 到期视为已支付","{""onChange"":""(event) =>\n                  setRecurring({\n                    ...recurring,\n                    paid: event.target.value === \""paid\"",\n                  })""}","submitRecurring","","","mode === ""recurring"" && canManage","所属表单：submitRecurring","SYS-300","定义与绑定已登记；业务结果按闭环表核对，不能将源码登记或同名按钮可见计为逐实例通过"
"CTRL-1052","src/normalized-ui/OwnerFinancePanel.tsx","973","OwnerFinancePanel","button","保存周期规则","{}","submitRecurring","","busy !== """"","mode === ""recurring"" && canManage","所属表单：submitRecurring","SYS-300","定义与绑定已登记；业务结果按闭环表核对，不能将源码登记或同名按钮可见计为逐实例通过"
"CTRL-1053","src/normalized-ui/OwnerFinancePanel.tsx","977","OwnerFinancePanel","button","生成到当前营业日","{""onClick"":""() => void materialize()""}","","","busy !== """"","mode === ""recurring"" && canManage","已定义交互事件","SYS-300","定义与绑定已登记；业务结果按闭环表核对，不能将源码登记或同名按钮可见计为逐实例通过"
"CTRL-1054","src/normalized-ui/OwnerFinancePanel.tsx","994","OwnerFinancePanel","form","员工薪资标准 按版本保留历史；这里只定义核算标准，不保存银行卡，也不执行转账。 计薪方式 月薪 日薪 时薪 班次 工资标准 生效日期 调整原因 保存薪资标准","{""onSubmit"":""submitComp""}","","","","mode === ""payroll"" && overview?.canViewPayroll && canPayroll","已定义交互事件","SYS-300","定义与绑定已登记；业务结果按闭环表核对，不能将源码登记或同名按钮可见计为逐实例通过"
"CTRL-1055","src/normalized-ui/OwnerFinancePanel.tsx","1013","OwnerFinancePanel","select","月薪 日薪 时薪 班次","{""onChange"":""(event) =>\n                  setComp({ ...comp, payBasis: event.target.value })""}","submitComp","","","mode === ""payroll"" && overview?.canViewPayroll && canPayroll","所属表单：submitComp","SYS-300","定义与绑定已登记；业务结果按闭环表核对，不能将源码登记或同名按钮可见计为逐实例通过"
"CTRL-1056","src/normalized-ui/OwnerFinancePanel.tsx","1027","OwnerFinancePanel","NumberInputWithUnit","工资标准","{""onChange"":""(event) =>\n                  setComp({ ...comp, rate: event.target.value })""}","submitComp","","","mode === ""payroll"" && overview?.canViewPayroll && canPayroll","所属表单：submitComp","SYS-300","定义与绑定已登记；业务结果按闭环表核对，不能将源码登记或同名按钮可见计为逐实例通过"
"CTRL-1057","src/normalized-ui/OwnerFinancePanel.tsx","1039","OwnerFinancePanel","input","生效日期","{""onChange"":""(event) =>\n                  setComp({ ...comp, effectiveFrom: event.target.value })""}","submitComp","","","mode === ""payroll"" && overview?.canViewPayroll && canPayroll","所属表单：submitComp","SYS-300","定义与绑定已登记；业务结果按闭环表核对，不能将源码登记或同名按钮可见计为逐实例通过"
"CTRL-1058","src/normalized-ui/OwnerFinancePanel.tsx","1050","OwnerFinancePanel","input","调整原因","{""onChange"":""(event) =>\n                  setComp({ ...comp, reason: event.target.value })""}","submitComp","","","mode === ""payroll"" && overview?.canViewPayroll && canPayroll","所属表单：submitComp","SYS-300","定义与绑定已登记；业务结果按闭环表核对，不能将源码登记或同名按钮可见计为逐实例通过"
"CTRL-1059","src/normalized-ui/OwnerFinancePanel.tsx","1060","OwnerFinancePanel","button","保存薪资标准","{}","submitComp","","!canPayroll || busy !== """"","mode === ""payroll"" && overview?.canViewPayroll && canPayroll","所属表单：submitComp","SYS-300","定义与绑定已登记；业务结果按闭环表核对，不能将源码登记或同名按钮可见计为逐实例通过"
"CTRL-1060","src/normalized-ui/OwnerFinancePanel.tsx","1062","OwnerFinancePanel","form","{editingPayrollLine ? ""编辑员工工资明细"" : currentDraft ? ""追加员工到本期草稿"" : ""建立工资草稿""} 基本工资由服务端薪资标准×计薪数量计算；应发=基本工资+加班+奖金+提成+补贴；实发=应发−员工代扣；经营成本=应发+雇主承担。缺勤应减少计薪数量，不要填入员工代扣。 周期开始 周期结束 计薪数量 规则计算基本工资 {( [ ""overtime"", ""bonus"", ""commission"", ""allowance"", ""deduction"", ""employerContribution"", ] as const ).map((field) => ( <label key={field}> {payrollLabels[field]} <NumberInputWithUnit required inputMode=""decimal"" unit=""元"" value={payroll[field]} onChange={(event) => setPayroll({ ...payroll, [field]: event.target.value }) } /> </label> ))} {!selectedPayrollRule && ( <p className=""owner-finance-form-warning wide""> 没有一条薪资标准完整覆盖所选工资周期。请调整周期，或先建立从周期开始到结束均有效的薪资标准。 </p> )} 核算备注（选填） {editingPayrollLine ? ""保存明细修改"" : curren","{""onSubmit"":""submitPayroll""}","","","","mode === ""payroll"" && overview?.canViewPayroll && canPayroll","已定义交互事件","SYS-300","定义与绑定已登记；业务结果按闭环表核对，不能将源码登记或同名按钮可见计为逐实例通过"
"CTRL-1061","src/normalized-ui/OwnerFinancePanel.tsx","1078","OwnerFinancePanel","input","周期开始","{""onChange"":""(event) =>\n                  setPayroll({ ...payroll, periodStart: event.target.value })""}","submitPayroll","","","mode === ""payroll"" && overview?.canViewPayroll && canPayroll","所属表单：submitPayroll","SYS-300","定义与绑定已登记；业务结果按闭环表核对，不能将源码登记或同名按钮可见计为逐实例通过"
"CTRL-1062","src/normalized-ui/OwnerFinancePanel.tsx","1089","OwnerFinancePanel","input","周期结束","{""onChange"":""(event) =>\n                  setPayroll({ ...payroll, periodEnd: event.target.value })""}","submitPayroll","","","mode === ""payroll"" && overview?.canViewPayroll && canPayroll","所属表单：submitPayroll","SYS-300","定义与绑定已登记；业务结果按闭环表核对，不能将源码登记或同名按钮可见计为逐实例通过"
"CTRL-1063","src/normalized-ui/OwnerFinancePanel.tsx","1101","OwnerFinancePanel","NumberInputWithUnit","计薪数量","{""onChange"":""(event) =>\n                  setPayroll({ ...payroll, units: event.target.value })""}","submitPayroll","","","mode === ""payroll"" && overview?.canViewPayroll && canPayroll","所属表单：submitPayroll","SYS-300","定义与绑定已登记；业务结果按闭环表核对，不能将源码登记或同名按钮可见计为逐实例通过"
"CTRL-1064","src/normalized-ui/OwnerFinancePanel.tsx","1136","OwnerFinancePanel","NumberInputWithUnit","{payrollLabels[field]}","{""onChange"":""(event) =>\n                    setPayroll({ ...payroll, [field]: event.target.value })""}","submitPayroll","","","","所属表单：submitPayroll","SYS-300","定义与绑定已登记；业务结果按闭环表核对，不能将源码登记或同名按钮可见计为逐实例通过"
"CTRL-1065","src/normalized-ui/OwnerFinancePanel.tsx","1154","OwnerFinancePanel","textarea","核算备注（选填）","{""onChange"":""(event) =>\n                  setPayroll({ ...payroll, note: event.target.value })""}","submitPayroll","","","mode === ""payroll"" && overview?.canViewPayroll && canPayroll","所属表单：submitPayroll","SYS-300","定义与绑定已登记；业务结果按闭环表核对，不能将源码登记或同名按钮可见计为逐实例通过"
"CTRL-1066","src/normalized-ui/OwnerFinancePanel.tsx","1163","OwnerFinancePanel","button","{editingPayrollLine ? ""保存明细修改"" : currentDraft ? ""追加到本期草稿"" : ""建立工资草稿""}","{}","submitPayroll","","!canPayroll || !selectedPayrollRule || busy !== """"","mode === ""payroll"" && overview?.canViewPayroll && canPayroll","所属表单：submitPayroll","SYS-300","定义与绑定已登记；业务结果按闭环表核对，不能将源码登记或同名按钮可见计为逐实例通过"
"CTRL-1067","src/normalized-ui/OwnerFinancePanel.tsx","1168","OwnerFinancePanel","button","取消编辑","{""onClick"":""() => setEditingPayrollLine(null)""}","submitPayroll","","","mode === ""payroll"" && overview?.canViewPayroll && canPayroll && editingPayrollLine","所属表单：submitPayroll","SYS-300","定义与绑定已登记；业务结果按闭环表核对，不能将源码登记或同名按钮可见计为逐实例通过"
"CTRL-1068","src/normalized-ui/OwnerFinancePanel.tsx","1171","OwnerFinancePanel","select","当前录入周期 {overview.payrollRuns.map((item) => <option key={item.id} value={item.id}>{item.periodStart} 至 {item.periodEnd}</option>)}","{""onChange"":""(event) => {\n              const selected = overview.payrollRuns.find((item) => item.id === event.target.value);\n              if (selected) { setEditingPayrollLine(null); setPayroll((value) => ({ ...value, periodStart: selected.periodStart, periodEnd: selected.periodEnd })); }\n            }""}","","","","mode === ""payroll"" && overview?.canViewPayroll","已定义交互事件","SYS-300","定义与绑定已登记；业务结果按闭环表核对，不能将源码登记或同名按钮可见计为逐实例通过"
"CTRL-1069","src/normalized-ui/OwnerFinancePanel.tsx","1178","OwnerFinancePanel","button","编辑","{""onClick"":""() => editPayrollLine(line)""}","","","!!busy","canPayroll && currentDraft?.id === line.payrollRunId","已定义交互事件","SYS-300","定义与绑定已登记；业务结果按闭环表核对，不能将源码登记或同名按钮可见计为逐实例通过"
"CTRL-1070","src/normalized-ui/OwnerFinancePanel.tsx","1178","OwnerFinancePanel","button","移除","{""onClick"":""() => void removePayrollLine(line)""}","","","!!busy || currentDraft.lineCount <= 1","canPayroll && currentDraft?.id === line.payrollRunId","已定义交互事件","SYS-300","定义与绑定已登记；业务结果按闭环表核对，不能将源码登记或同名按钮可见计为逐实例通过"
"CTRL-1071","src/normalized-ui/OwnerFinancePanel.tsx","1193","OwnerFinancePanel","form","自定义费用项目 自定义名称仍映射到固定会计分类，保证报表可比较。 项目类型 费用分类 成本中心 显示名称 {setting.kind === ""category"" && ( <label> 会计归类 <select value={setting.systemCategory} onChange={(event) => setSetting({ ...setting, systemCategory: event.target.value }) } > {categoryOptions()} </select> </label> )} 添加项目","{""onSubmit"":""submitSetting""}","","","","mode === ""settings"" && canManage","已定义交互事件","SYS-300","定义与绑定已登记；业务结果按闭环表核对，不能将源码登记或同名按钮可见计为逐实例通过"
"CTRL-1072","src/normalized-ui/OwnerFinancePanel.tsx","1200","OwnerFinancePanel","select","费用分类 成本中心","{""onChange"":""(event) =>\n                setSetting({\n                  ...setting,\n                  kind: event.target.value as \""category\"" | \""center\"",\n                })""}","submitSetting","","","mode === ""settings"" && canManage","所属表单：submitSetting","SYS-300","定义与绑定已登记；业务结果按闭环表核对，不能将源码登记或同名按钮可见计为逐实例通过"
"CTRL-1073","src/normalized-ui/OwnerFinancePanel.tsx","1215","OwnerFinancePanel","input","显示名称","{""onChange"":""(event) =>\n                setSetting({ ...setting, name: event.target.value })""}","submitSetting","","","mode === ""settings"" && canManage","所属表单：submitSetting","SYS-300","定义与绑定已登记；业务结果按闭环表核对，不能将源码登记或同名按钮可见计为逐实例通过"
"CTRL-1074","src/normalized-ui/OwnerFinancePanel.tsx","1227","OwnerFinancePanel","select","{categoryOptions()}","{""onChange"":""(event) =>\n                  setSetting({ ...setting, systemCategory: event.target.value })""}","submitSetting","","","mode === ""settings"" && canManage && setting.kind === ""category""","所属表单：submitSetting","SYS-300","定义与绑定已登记；业务结果按闭环表核对，不能将源码登记或同名按钮可见计为逐实例通过"
"CTRL-1075","src/normalized-ui/OwnerFinancePanel.tsx","1237","OwnerFinancePanel","button","添加项目","{}","submitSetting","","busy !== """"","mode === ""settings"" && canManage","所属表单：submitSetting","SYS-300","定义与绑定已登记；业务结果按闭环表核对，不能将源码登记或同名按钮可见计为逐实例通过"
"CTRL-1076","src/normalized-ui/OwnerFinancePanel.tsx","1256","SelectCategory","select","请选择 {items.map((item) => ( <option key={item.id} value={item.id}> {item.name} </option> ))}","{""onChange"":""(event) => setValue(event.target.value)""}","","","","","已定义交互事件","SYS-300","定义与绑定已登记；业务结果按闭环表核对，不能将源码登记或同名按钮可见计为逐实例通过"
"CTRL-1077","src/normalized-ui/OwnerFinancePanel.tsx","1295","SelectCenter","select","请选择 {items.map((item) => ( <option key={item.id} value={item.id}> {item.name} </option> ))}","{""onChange"":""(event) => setValue(event.target.value)""}","","","","","已定义交互事件","SYS-300","定义与绑定已登记；业务结果按闭环表核对，不能将源码登记或同名按钮可见计为逐实例通过"
"CTRL-1078","src/normalized-ui/OwnerFinancePanel.tsx","1322","SelectEmployee","select","请选择 {items.map((item) => ( <option key={item.id} value={item.id}> {item.displayName} · {item.employeeCode} {item.status === ""active"" ? """" : "" · 账号已暂停""} </option> ))}","{""onChange"":""(event) => setValue(event.target.value)""}","","","","","已定义交互事件","SYS-300","定义与绑定已登记；业务结果按闭环表核对，不能将源码登记或同名按钮可见计为逐实例通过"
"CTRL-1079","src/normalized-ui/OwnerFinancePanel.tsx","1360","Records","input","搜索费用","{""onChange"":""(event) => setSearch(event.target.value)""}","","","","","已定义交互事件","SYS-300","定义与绑定已登记；业务结果按闭环表核对，不能将源码登记或同名按钮可见计为逐实例通过"
"CTRL-1080","src/normalized-ui/OwnerFinancePanel.tsx","1381","Records","button","更正","{""onClick"":""() => onCorrect(item)""}","","","busy !== """"","canManage && item.sourceType !== ""payroll"" && item.sourceType !== ""inventory_purchase""","已定义交互事件","SYS-300","定义与绑定已登记；业务结果按闭环表核对，不能将源码登记或同名按钮可见计为逐实例通过"
"CTRL-1081","src/normalized-ui/OwnerFinancePanel.tsx","1394","Records","button","上一页","{""onClick"":""() => setPage(page - 1)""}","","","page === 0","current.length > 50","已定义交互事件","SYS-300","定义与绑定已登记；业务结果按闭环表核对，不能将源码登记或同名按钮可见计为逐实例通过"
"CTRL-1082","src/normalized-ui/OwnerFinancePanel.tsx","1394","Records","button","下一页","{""onClick"":""() => setPage(page + 1)""}","","","(page + 1) * 50 >= current.length","current.length > 50","已定义交互事件","SYS-300","定义与绑定已登记；业务结果按闭环表核对，不能将源码登记或同名按钮可见计为逐实例通过"
"CTRL-1083","src/normalized-ui/OwnerFinancePanel.tsx","1429","RecurringList","button","暂停","{""onClick"":""() => void setStatus(item, \""paused\"")""}","","","busy !== """"","item.status === ""active""","已定义交互事件","SYS-300","定义与绑定已登记；业务结果按闭环表核对，不能将源码登记或同名按钮可见计为逐实例通过"
"CTRL-1084","src/normalized-ui/OwnerFinancePanel.tsx","1436","RecurringList","button","结束","{""onClick"":""() => void setStatus(item, \""ended\"")""}","","","busy !== """"","item.status === ""active""","已定义交互事件","SYS-300","定义与绑定已登记；业务结果按闭环表核对，不能将源码登记或同名按钮可见计为逐实例通过"
"CTRL-1085","src/normalized-ui/OwnerFinancePanel.tsx","1446","RecurringList","button","恢复","{""onClick"":""() => void setStatus(item, \""active\"")""}","","","busy !== """"","item.status === ""active"" && item.status === ""paused""","已定义交互事件","SYS-300","定义与绑定已登记；业务结果按闭环表核对，不能将源码登记或同名按钮可见计为逐实例通过"
"CTRL-1086","src/normalized-ui/OwnerFinancePanel.tsx","1453","RecurringList","button","结束","{""onClick"":""() => void setStatus(item, \""ended\"")""}","","","busy !== """"","item.status === ""active"" && item.status === ""paused""","已定义交互事件","SYS-300","定义与绑定已登记；业务结果按闭环表核对，不能将源码登记或同名按钮可见计为逐实例通过"
"CTRL-1087","src/normalized-ui/OwnerFinancePanel.tsx","1508","PayrollList","button","确认","{""onClick"":""() => void approve(item)""}","","","busy !== """"","canManage && item.status === ""draft""","已定义交互事件","SYS-300","定义与绑定已登记；业务结果按闭环表核对，不能将源码登记或同名按钮可见计为逐实例通过"
"CTRL-1088","src/normalized-ui/OwnerFinancePanel.tsx","1517","PayrollList","button","入账","{""onClick"":""() => void post(item)""}","","","busy !== """"","canPost && item.status === ""approved""","已定义交互事件","SYS-300","定义与绑定已登记；业务结果按闭环表核对，不能将源码登记或同名按钮可见计为逐实例通过"
"CTRL-1089","src/normalized-ui/OwnerFinancePanel.tsx","1526","PayrollList","button","作废","{""onClick"":""() => void voidPayroll(item)""}","","","busy !== """"","canManage && (item.status === ""draft"" || item.status === ""approved"")","已定义交互事件","SYS-300","定义与绑定已登记；业务结果按闭环表核对，不能将源码登记或同名按钮可见计为逐实例通过"
"CTRL-1090","src/normalized-ui/PaymentFinanceReviewPanel.tsx","31","PaymentFinanceReviewPanel","details","财务核对 {urgentCount>0?` · ${urgentCount}笔到账异常待处理`:"" · 原支付与核对进展""} 这里保留原付款事实；未知结果不阻止正常收款。原款晚到引起多收时，仍需在退款待办处理。 {message&&<p role=""status"">{message}</p>} {rows.map(row=><article key={row.id}><strong>{row.tableCode??'活动或历史付款'} · ¥{(Number(row.amountMinor)/100).toFixed(2)}</strong><p>{row.publicId} · {time(row.createdAt)}</p>{row.financialSignals?.map(signal=><p key={signal} role=""alert"">{signal==='confirmed_payment_not_applied'?'渠道已确认付款，本地尚未入账。请勿向客人重复收款；后台正在恢复，财务需核对原付款。':signal==='order_overcollected'?'已确认多收，请到收银原订单办理退款':signal==='cancelled_order_captured'?'订单取消后仍有到账，请到收银原订单办理退款':'已到账但缺少入账流水，请核对'}</p>)}<p>{phase(row)}；负责人：{row.ownerName??'待财务人员接手'}；已查询 {row.queryCount??0} 次</p>{row.stopReason&&<p>查","{""onToggle"":""event=>setOpen(event.currentTarget.open)""}","","","","","已定义交互事件","","定义与绑定已登记；业务结果按闭环表核对，不能将源码登记或同名按钮可见计为逐实例通过"
"CTRL-1091","src/normalized-ui/PaymentFinanceReviewPanel.tsx","31","PaymentFinanceReviewPanel","summary","财务核对 {urgentCount>0?` · ${urgentCount}笔到账异常待处理`:"" · 原支付与核对进展""}","{}","","","","","浏览器原生展开/收起","","定义与绑定已登记；业务结果按闭环表核对，不能将源码登记或同名按钮可见计为逐实例通过"
"CTRL-1092","src/normalized-ui/PaymentFinanceReviewPanel.tsx","33","PaymentFinanceReviewPanel","textarea","核对进展","{""onChange"":""event=>setNotes({...notes,[row.id]:event.target.value})""}","","","","canManage","已定义交互事件","","定义与绑定已登记；业务结果按闭环表核对，不能将源码登记或同名按钮可见计为逐实例通过"
"CTRL-1093","src/normalized-ui/PaymentFinanceReviewPanel.tsx","33","PaymentFinanceReviewPanel","button","本人接手并保存进展","{""onClick"":""()=>void save(row)""}","","","busy!==null","canManage","已定义交互事件","","定义与绑定已登记；业务结果按闭环表核对，不能将源码登记或同名按钮可见计为逐实例通过"
"CTRL-1094","src/normalized-ui/PaymentFinanceReviewPanel.tsx","33","PaymentFinanceReviewPanel","button","核对完成，结案","{""onClick"":""()=>void save(row,true)""}","","","busy!==null","canManage && !['created','pending'].includes(row.status)&&!row.financialSignals?.includes('confirmed_payment_not_applied')","已定义交互事件","","定义与绑定已登记；业务结果按闭环表核对，不能将源码登记或同名按钮可见计为逐实例通过"
"CTRL-1095","src/normalized-ui/PaymentFinanceReviewPanel.tsx","34","PaymentFinanceReviewPanel","button","上一页","{""onClick"":""()=>setPage(value=>value-1)""}","","","page===0||busy!==null","","已定义交互事件","","定义与绑定已登记；业务结果按闭环表核对，不能将源码登记或同名按钮可见计为逐实例通过"
"CTRL-1096","src/normalized-ui/PaymentFinanceReviewPanel.tsx","34","PaymentFinanceReviewPanel","button","下一页","{""onClick"":""()=>setPage(value=>value+1)""}","","","!more||busy!==null","","已定义交互事件","","定义与绑定已登记；业务结果按闭环表核对，不能将源码登记或同名按钮可见计为逐实例通过"
"CTRL-1097","src/normalized-ui/PaymentFinanceReviewPanel.tsx","34","PaymentFinanceReviewPanel","button","刷新核对状态","{""onClick"":""()=>setRevision(value=>value+1)""}","","","busy!==null","","已定义交互事件","","定义与绑定已登记；业务结果按闭环表核对，不能将源码登记或同名按钮可见计为逐实例通过"
"CTRL-1098","src/normalized-ui/PerformanceRevisionPanel.tsx","123","PerformanceRevisionPanel","button","{open ? '收起' : '取消、改期或换场'}","{""onClick"":""() => setOpen((value) => !value)""}","","","candidates.length === 0","","已定义交互事件","","定义与绑定已登记；业务结果按闭环表核对，不能将源码登记或同名按钮可见计为逐实例通过"
"CTRL-1099","src/normalized-ui/PerformanceRevisionPanel.tsx","135","PerformanceRevisionPanel","form","原演出 {candidates.map((schedule) => <option key={schedule.id} value={schedule.id}> {schedule.performerStageName} · {dateTime(schedule.startsAt)} </option>)} 调整方式 改期 换到另一场 取消本场 {kind === 'rescheduled' && <div className=""performance-revision-times""> <label>新的开始时间<input type=""datetime-local"" required value={startsAt} onChange={(event) => setStartsAt(event.target.value)} /></label> <label>新的结束时间<input type=""datetime-local"" required value={endsAt} onChange={(event) => setEndsAt(event.target.value)} /></label> </div>} {kind === 'replaced' && <label>替代演出<select required value={replacementScheduleId} onChange={(event) => setReplacementScheduleId(event.target.value)}> <option value="""">请选择</option>{repl","{""onSubmit"":""(event) => void submit(event)""}","","","","open","已定义交互事件","","定义与绑定已登记；业务结果按闭环表核对，不能将源码登记或同名按钮可见计为逐实例通过"
"CTRL-1100","src/normalized-ui/PerformanceRevisionPanel.tsx","136","PerformanceRevisionPanel","select","{candidates.map((schedule) => <option key={schedule.id} value={schedule.id}> {schedule.performerStageName} · {dateTime(schedule.startsAt)} </option>)}","{""onChange"":""(event) => { setScheduleId(event.target.value); setReplacementScheduleId('') }""}","(event) => void submit(event)","","","open","所属表单：(event) => void submit(event)","","定义与绑定已登记；业务结果按闭环表核对，不能将源码登记或同名按钮可见计为逐实例通过"
"CTRL-1101","src/normalized-ui/PerformanceRevisionPanel.tsx","141","PerformanceRevisionPanel","select","改期 换到另一场 取消本场","{""onChange"":""(event) => setKind(event.target.value as RevisionKind)""}","(event) => void submit(event)","","","open","所属表单：(event) => void submit(event)","","定义与绑定已登记；业务结果按闭环表核对，不能将源码登记或同名按钮可见计为逐实例通过"
"CTRL-1102","src/normalized-ui/PerformanceRevisionPanel.tsx","145","PerformanceRevisionPanel","input","新的开始时间","{""onChange"":""(event) => setStartsAt(event.target.value)""}","(event) => void submit(event)","","","open && kind === 'rescheduled'","所属表单：(event) => void submit(event)","","定义与绑定已登记；业务结果按闭环表核对，不能将源码登记或同名按钮可见计为逐实例通过"
"CTRL-1103","src/normalized-ui/PerformanceRevisionPanel.tsx","146","PerformanceRevisionPanel","input","新的结束时间","{""onChange"":""(event) => setEndsAt(event.target.value)""}","(event) => void submit(event)","","","open && kind === 'rescheduled'","所属表单：(event) => void submit(event)","","定义与绑定已登记；业务结果按闭环表核对，不能将源码登记或同名按钮可见计为逐实例通过"
"CTRL-1104","src/normalized-ui/PerformanceRevisionPanel.tsx","148","PerformanceRevisionPanel","select","请选择 {replacements.map((schedule) => <option key={schedule.id} value={schedule.id}> {schedule.performerStageName} · {dateTime(schedule.startsAt)} </option>)}","{""onChange"":""(event) => setReplacementScheduleId(event.target.value)""}","(event) => void submit(event)","","","open && kind === 'replaced'","所属表单：(event) => void submit(event)","","定义与绑定已登记；业务结果按闭环表核对，不能将源码登记或同名按钮可见计为逐实例通过"
"CTRL-1105","src/normalized-ui/PerformanceRevisionPanel.tsx","153","PerformanceRevisionPanel","textarea","调整原因","{""onChange"":""(event) => setReason(event.target.value)""}","(event) => void submit(event)","","","open","所属表单：(event) => void submit(event)","","定义与绑定已登记；业务结果按闭环表核对，不能将源码登记或同名按钮可见计为逐实例通过"
"CTRL-1106","src/normalized-ui/PerformanceRevisionPanel.tsx","157","PerformanceRevisionPanel","button","{busy ? '保存中' : '确认调整并通知受影响预约'}","{}","(event) => void submit(event)","","busy || selectedId === ''","open","所属表单：(event) => void submit(event)","","定义与绑定已登记；业务结果按闭环表核对，不能将源码登记或同名按钮可见计为逐实例通过"
"CTRL-1107","src/normalized-ui/PersonalContactGovernancePanel.tsx","103","PersonalContactGovernancePanel","button","{expanded?'收起':'打开'}","{""onClick"":""()=>setExpanded((value)=>!value)""}","","","","","已定义交互事件","SYS-299","定义与绑定已登记；业务结果按闭环表核对，不能将源码登记或同名按钮可见计为逐实例通过"
"CTRL-1108","src/normalized-ui/PersonalContactGovernancePanel.tsx","106","PersonalContactGovernancePanel","button","刷新","{""onClick"":""()=>void load()""}","","","busy==='load'","expanded","已定义交互事件","SYS-299","定义与绑定已登记；业务结果按闭环表核对，不能将源码登记或同名按钮可见计为逐实例通过"
"CTRL-1109","src/normalized-ui/PersonalContactGovernancePanel.tsx","107","PersonalContactGovernancePanel","summary","起草保留策略","{}","","","","expanded && canDraft","浏览器原生展开/收起","SYS-299","定义与绑定已登记；业务结果按闭环表核对，不能将源码登记或同名按钮可见计为逐实例通过"
"CTRL-1110","src/normalized-ui/PersonalContactGovernancePanel.tsx","107","PersonalContactGovernancePanel","form","资源 活动报名联系 已验证会员手机号 目的结束后保留天数 依据 起草原因 保存草稿","{""onSubmit"":""(event)=>void draft(event)""}","","","","expanded && canDraft","已定义交互事件","SYS-299","定义与绑定已登记；业务结果按闭环表核对，不能将源码登记或同名按钮可见计为逐实例通过"
"CTRL-1111","src/normalized-ui/PersonalContactGovernancePanel.tsx","107","PersonalContactGovernancePanel","select","活动报名联系 已验证会员手机号","{""onChange"":""(event)=>setPolicyForm({...policyForm,resourceKind:event.target.value as ResourceKind})""}","(event)=>void draft(event)","","","expanded && canDraft","所属表单：(event)=>void draft(event)","SYS-299","定义与绑定已登记；业务结果按闭环表核对，不能将源码登记或同名按钮可见计为逐实例通过"
"CTRL-1112","src/normalized-ui/PersonalContactGovernancePanel.tsx","107","PersonalContactGovernancePanel","input","目的结束后保留天数","{""onChange"":""(event)=>setPolicyForm({...policyForm,days:event.target.value})""}","(event)=>void draft(event)","","","expanded && canDraft","所属表单：(event)=>void draft(event)","SYS-299","定义与绑定已登记；业务结果按闭环表核对，不能将源码登记或同名按钮可见计为逐实例通过"
"CTRL-1113","src/normalized-ui/PersonalContactGovernancePanel.tsx","107","PersonalContactGovernancePanel","input","依据","{""onChange"":""(event)=>setPolicyForm({...policyForm,basis:event.target.value})""}","(event)=>void draft(event)","","","expanded && canDraft","所属表单：(event)=>void draft(event)","SYS-299","定义与绑定已登记；业务结果按闭环表核对，不能将源码登记或同名按钮可见计为逐实例通过"
"CTRL-1114","src/normalized-ui/PersonalContactGovernancePanel.tsx","107","PersonalContactGovernancePanel","input","起草原因","{""onChange"":""(event)=>setPolicyForm({...policyForm,reason:event.target.value})""}","(event)=>void draft(event)","","","expanded && canDraft","所属表单：(event)=>void draft(event)","SYS-299","定义与绑定已登记；业务结果按闭环表核对，不能将源码登记或同名按钮可见计为逐实例通过"
"CTRL-1115","src/normalized-ui/PersonalContactGovernancePanel.tsx","107","PersonalContactGovernancePanel","button","保存草稿","{}","(event)=>void draft(event)","","busy==='draft'","expanded && canDraft","所属表单：(event)=>void draft(event)","SYS-299","定义与绑定已登记；业务结果按闭环表核对，不能将源码登记或同名按钮可见计为逐实例通过"
"CTRL-1116","src/normalized-ui/PersonalContactGovernancePanel.tsx","108","PersonalContactGovernancePanel","button","独立审批","{""onClick"":""()=>void transition(policy,'approve')""}","","","","canApprove&&policy.status==='draft'","已定义交互事件","SYS-299","定义与绑定已登记；业务结果按闭环表核对，不能将源码登记或同名按钮可见计为逐实例通过"
"CTRL-1117","src/normalized-ui/PersonalContactGovernancePanel.tsx","108","PersonalContactGovernancePanel","button","第三人发布","{""onClick"":""()=>void transition(policy,'publish')""}","","","","canPublish&&policy.status==='approved'","已定义交互事件","SYS-299","定义与绑定已登记；业务结果按闭环表核对，不能将源码登记或同名按钮可见计为逐实例通过"
"CTRL-1118","src/normalized-ui/PersonalContactGovernancePanel.tsx","109","PersonalContactGovernancePanel","summary","建立法定保留","{}","","","","expanded && canHold","浏览器原生展开/收起","SYS-299","定义与绑定已登记；业务结果按闭环表核对，不能将源码登记或同名按钮可见计为逐实例通过"
"CTRL-1119","src/normalized-ui/PersonalContactGovernancePanel.tsx","109","PersonalContactGovernancePanel","form","资源 活动报名联系 已验证会员手机号 联系方式版本 请选择当前门店的联系方式版本 {eligibleResources.filter((item)=>item.resourceKind===holdForm.resourceKind).map((item)=><option key={item.publicId} value={item.publicId}>{item.businessLabel} · {item.maskedContact} · {item.status} · {item.publicId}</option>)} 法定或争议依据 原因 可选截止时间 建立保留","{""onSubmit"":""(event)=>void createHold(event)""}","","","","expanded && canHold","已定义交互事件","SYS-299","定义与绑定已登记；业务结果按闭环表核对，不能将源码登记或同名按钮可见计为逐实例通过"
"CTRL-1120","src/normalized-ui/PersonalContactGovernancePanel.tsx","109","PersonalContactGovernancePanel","select","活动报名联系 已验证会员手机号","{""onChange"":""(event)=>setHoldForm({...holdForm,resourceKind:event.target.value as ResourceKind,resourcePublicId:''})""}","(event)=>void createHold(event)","","","expanded && canHold","所属表单：(event)=>void createHold(event)","SYS-299","定义与绑定已登记；业务结果按闭环表核对，不能将源码登记或同名按钮可见计为逐实例通过"
"CTRL-1121","src/normalized-ui/PersonalContactGovernancePanel.tsx","109","PersonalContactGovernancePanel","select","请选择当前门店的联系方式版本 {eligibleResources.filter((item)=>item.resourceKind===holdForm.resourceKind).map((item)=><option key={item.publicId} value={item.publicId}>{item.businessLabel} · {item.maskedContact} · {item.status} · {item.publicId}</option>)}","{""onChange"":""(event)=>setHoldForm({...holdForm,resourcePublicId:event.target.value})""}","(event)=>void createHold(event)","","","expanded && canHold","所属表单：(event)=>void createHold(event)","SYS-299","定义与绑定已登记；业务结果按闭环表核对，不能将源码登记或同名按钮可见计为逐实例通过"
"CTRL-1122","src/normalized-ui/PersonalContactGovernancePanel.tsx","109","PersonalContactGovernancePanel","input","法定或争议依据","{""onChange"":""(event)=>setHoldForm({...holdForm,basis:event.target.value})""}","(event)=>void createHold(event)","","","expanded && canHold","所属表单：(event)=>void createHold(event)","SYS-299","定义与绑定已登记；业务结果按闭环表核对，不能将源码登记或同名按钮可见计为逐实例通过"
"CTRL-1123","src/normalized-ui/PersonalContactGovernancePanel.tsx","109","PersonalContactGovernancePanel","input","原因","{""onChange"":""(event)=>setHoldForm({...holdForm,reason:event.target.value})""}","(event)=>void createHold(event)","","","expanded && canHold","所属表单：(event)=>void createHold(event)","SYS-299","定义与绑定已登记；业务结果按闭环表核对，不能将源码登记或同名按钮可见计为逐实例通过"
"CTRL-1124","src/normalized-ui/PersonalContactGovernancePanel.tsx","109","PersonalContactGovernancePanel","input","可选截止时间","{""onChange"":""(event)=>setHoldForm({...holdForm,holdUntil:event.target.value})""}","(event)=>void createHold(event)","","","expanded && canHold","所属表单：(event)=>void createHold(event)","SYS-299","定义与绑定已登记；业务结果按闭环表核对，不能将源码登记或同名按钮可见计为逐实例通过"
"CTRL-1125","src/normalized-ui/PersonalContactGovernancePanel.tsx","109","PersonalContactGovernancePanel","button","建立保留","{}","(event)=>void createHold(event)","","busy==='hold'","expanded && canHold","所属表单：(event)=>void createHold(event)","SYS-299","定义与绑定已登记；业务结果按闭环表核对，不能将源码登记或同名按钮可见计为逐实例通过"
"CTRL-1126","src/normalized-ui/PersonalContactGovernancePanel.tsx","110","PersonalContactGovernancePanel","button","释放","{""onClick"":""()=>void release(hold)""}","","","busy===`${hold.publicId}:release`","canHold&&hold.status==='active'","已定义交互事件","SYS-299","定义与绑定已登记；业务结果按闭环表核对，不能将源码登记或同名按钮可见计为逐实例通过"
"CTRL-1127","src/normalized-ui/PrintSourceRecoveryPanel.tsx","36","PrintSourceRecoveryPanel","button","刷新生成状态","{""onClick"":""()=>void refresh()""}","","","busy","","已定义交互事件","","定义与绑定已登记；业务结果按闭环表核对，不能将源码登记或同名按钮可见计为逐实例通过"
"CTRL-1128","src/normalized-ui/PrintSourceRecoveryPanel.tsx","39","PrintSourceRecoveryPanel","input","处理原因 {reason.trim().length<3&&<small>还需填写 {3-reason.trim().length} 个字</small>}","{""onChange"":""e=>{setReason(e.target.value);setConfirmId('')}""}","","","","rows.some(row=>['retry','dead'].includes(row.status))","已定义交互事件","","定义与绑定已登记；业务结果按闭环表核对，不能将源码登记或同名按钮可见计为逐实例通过"
"CTRL-1129","src/normalized-ui/PrintSourceRecoveryPanel.tsx","44","PrintSourceRecoveryPanel","button","{confirmId===row.id?'确认恢复生成':'核对后重试'}","{""onClick"":""()=>void retry(row)""}","","","busy||reason.trim().length<3","['retry','dead'].includes(row.status)","已定义交互事件","","定义与绑定已登记；业务结果按闭环表核对，不能将源码登记或同名按钮可见计为逐实例通过"
"CTRL-1130","src/normalized-ui/PrintTicketPolicyPanel.tsx","35","PrintTicketPolicyPanel","button","重新读取规则（放弃未保存选择）","{""onClick"":""()=>setRefresh(v=>v+1)""}","","","busy||pending.current!==null","","已定义交互事件","","定义与绑定已登记；业务结果按闭环表核对，不能将源码登记或同名按钮可见计为逐实例通过"
"CTRL-1131","src/normalized-ui/PrintTicketPolicyPanel.tsx","36","PrintTicketPolicyPanel","input","修改原因","{""onChange"":""e=>setReason(e.target.value)""}","","","busy||pending.current!==null","","已定义交互事件","","定义与绑定已登记；业务结果按闭环表核对，不能将源码登记或同名按钮可见计为逐实例通过"
"CTRL-1132","src/normalized-ui/PrintTicketPolicyPanel.tsx","38","PrintTicketPolicyPanel","input","自动打印","{""onChange"":""e=>setRows(rows.map(r=>r.ticketKind===row.ticketKind?{...r,enabled:e.target.checked}:r))""}","","","busy||pending.current!==null","","已定义交互事件","","定义与绑定已登记；业务结果按闭环表核对，不能将源码登记或同名按钮可见计为逐实例通过"
"CTRL-1133","src/normalized-ui/PrintTicketPolicyPanel.tsx","39","PrintTicketPolicyPanel","select","{row.copies===null&&<option value="""">沿用路由</option>} {[1,2,3,4,5].map(n=><option value={n} key={n}>{n}份</option>)}","{""onChange"":""e=>setRows(rows.map(r=>r.ticketKind===row.ticketKind?{...r,copies:Number(e.target.value)}:r))""}","","","busy||pending.current!==null","","已定义交互事件","","定义与绑定已登记；业务结果按闭环表核对，不能将源码登记或同名按钮可见计为逐实例通过"
"CTRL-1134","src/normalized-ui/PrintTicketPolicyPanel.tsx","42","PrintTicketPolicyPanel","button","{pending.current?.body.ticketKind===row.ticketKind?'重试原操作':'保存'}","{""onClick"":""()=>void save(row)""}","","","busy||reason.trim().length<3||(pending.current!==null&&pending.current.body.ticketKind!==row.ticketKind)","","已定义交互事件","","定义与绑定已登记；业务结果按闭环表核对，不能将源码登记或同名按钮可见计为逐实例通过"
"CTRL-1135","src/normalized-ui/PromotionalLoyaltyPanel.tsx","116","PromotionalLoyaltyPanel","button","促销积分 按活动付款、签到或完成事实发放；预算、上限和退款冲回均受控。 {configuration.policies.filter((item)=>item.status==='published').length} 个运行中","{""onClick"":""()=>setExpanded((value)=>!value)""}","","","","","已定义交互事件","SYS-289、SYS-292、SYS-300","定义与绑定已登记；业务结果按闭环表核对，不能将源码登记或同名按钮可见计为逐实例通过"
"CTRL-1136","src/normalized-ui/PromotionalLoyaltyPanel.tsx","129","PromotionalLoyaltyPanel","button","前往配置中心审批","{""onClick"":""()=>void approve(policy)""}","","","busy!==''","policy.status==='draft'&&canApprove","已定义交互事件","SYS-289、SYS-292、SYS-300","定义与绑定已登记；业务结果按闭环表核对，不能将源码登记或同名按钮可见计为逐实例通过"
"CTRL-1137","src/normalized-ui/PromotionalLoyaltyPanel.tsx","130","PromotionalLoyaltyPanel","button","安排发布","{""onClick"":""()=>void publish(policy)""}","","","busy!==''","policy.status==='approved'&&canPublish","已定义交互事件","SYS-289、SYS-292、SYS-300","定义与绑定已登记；业务结果按闭环表核对，不能将源码登记或同名按钮可见计为逐实例通过"
"CTRL-1138","src/normalized-ui/PromotionalLoyaltyPanel.tsx","133","PromotionalLoyaltyPanel","button","新建促销积分草稿","{""onClick"":""()=>setDraft(emptyDraft(configuration.activities[0]?.id??''))""}","","","","expanded && canManage&&!draft","已定义交互事件","SYS-289、SYS-292、SYS-300","定义与绑定已登记；业务结果按闭环表核对，不能将源码登记或同名按钮可见计为逐实例通过"
"CTRL-1139","src/normalized-ui/PromotionalLoyaltyPanel.tsx","134","PromotionalLoyaltyPanel","form","新建促销积分草稿 默认采用保守预算、单次发放、180天有效期和退款即冲回；所有值均可配置。 取消 规则名称 活动 请选择 {configuration.activities.map((activity)=><option key={activity.id} value={activity.id}>{activity.title} · {new Date(activity.startsAt).toLocaleDateString('zh-CN')}</option>)} 业务编号 门店总预算 每会员积分上限 积分有效天数 叠加组 叠加方式 {Object.entries(stackingLabels).map(([value,label])=><option key={value} value={value}>{label}</option>)} 同组优先级 退款处理 任一成功退款即冲回 全额退款才冲回 退款后预算 不释放，防反复套取 释放，可再次发放 退款后个人限额 不释放，防个人反复领取 释放，允许再次领取 适用会员 {([['member','普通'],['silver','银卡'],['gold','金卡']] as const).map(([value,label])=><label key={value}><input type=""checkbox"" checked={draft.eligibleMemberLevels.includes(value)} onChange={(event)=>setDraft({...draft,eligibleMemberLevel","{""onSubmit"":""(event)=>void submitDraft(event)""}","","","","expanded && draft","已定义交互事件","SYS-289、SYS-292、SYS-300","定义与绑定已登记；业务结果按闭环表核对，不能将源码登记或同名按钮可见计为逐实例通过"
"CTRL-1140","src/normalized-ui/PromotionalLoyaltyPanel.tsx","135","PromotionalLoyaltyPanel","button","取消","{""onClick"":""()=>setDraft(null)""}","(event)=>void submitDraft(event)","","","expanded && draft","所属表单：(event)=>void submitDraft(event)","SYS-289、SYS-292、SYS-300","定义与绑定已登记；业务结果按闭环表核对，不能将源码登记或同名按钮可见计为逐实例通过"
"CTRL-1141","src/normalized-ui/PromotionalLoyaltyPanel.tsx","137","PromotionalLoyaltyPanel","input","规则名称","{""onChange"":""(event)=>setDraft({...draft,name:event.target.value})""}","(event)=>void submitDraft(event)","","","expanded && draft","所属表单：(event)=>void submitDraft(event)","SYS-289、SYS-292、SYS-300","定义与绑定已登记；业务结果按闭环表核对，不能将源码登记或同名按钮可见计为逐实例通过"
"CTRL-1142","src/normalized-ui/PromotionalLoyaltyPanel.tsx","138","PromotionalLoyaltyPanel","select","请选择 {configuration.activities.map((activity)=><option key={activity.id} value={activity.id}>{activity.title} · {new Date(activity.startsAt).toLocaleDateString('zh-CN')}</option>)}","{""onChange"":""(event)=>setDraft({...draft,activityId:event.target.value})""}","(event)=>void submitDraft(event)","","","expanded && draft","所属表单：(event)=>void submitDraft(event)","SYS-289、SYS-292、SYS-300","定义与绑定已登记；业务结果按闭环表核对，不能将源码登记或同名按钮可见计为逐实例通过"
"CTRL-1143","src/normalized-ui/PromotionalLoyaltyPanel.tsx","139","PromotionalLoyaltyPanel","input","业务编号","{""onChange"":""(event)=>setDraft({...draft,campaignCode:event.target.value.toUpperCase()})""}","(event)=>void submitDraft(event)","","","expanded && draft","所属表单：(event)=>void submitDraft(event)","SYS-289、SYS-292、SYS-300","定义与绑定已登记；业务结果按闭环表核对，不能将源码登记或同名按钮可见计为逐实例通过"
"CTRL-1144","src/normalized-ui/PromotionalLoyaltyPanel.tsx","140","PromotionalLoyaltyPanel","input","门店总预算","{""onChange"":""(event)=>setDraft({...draft,storeBudgetPoints:event.target.value})""}","(event)=>void submitDraft(event)","","","expanded && draft","所属表单：(event)=>void submitDraft(event)","SYS-289、SYS-292、SYS-300","定义与绑定已登记；业务结果按闭环表核对，不能将源码登记或同名按钮可见计为逐实例通过"
"CTRL-1145","src/normalized-ui/PromotionalLoyaltyPanel.tsx","141","PromotionalLoyaltyPanel","input","每会员积分上限","{""onChange"":""(event)=>setDraft({...draft,perMemberPointsLimit:event.target.value})""}","(event)=>void submitDraft(event)","","","expanded && draft","所属表单：(event)=>void submitDraft(event)","SYS-289、SYS-292、SYS-300","定义与绑定已登记；业务结果按闭环表核对，不能将源码登记或同名按钮可见计为逐实例通过"
"CTRL-1146","src/normalized-ui/PromotionalLoyaltyPanel.tsx","142","PromotionalLoyaltyPanel","input","积分有效天数","{""onChange"":""(event)=>setDraft({...draft,pointValidityDays:event.target.value})""}","(event)=>void submitDraft(event)","","","expanded && draft","所属表单：(event)=>void submitDraft(event)","SYS-289、SYS-292、SYS-300","定义与绑定已登记；业务结果按闭环表核对，不能将源码登记或同名按钮可见计为逐实例通过"
"CTRL-1147","src/normalized-ui/PromotionalLoyaltyPanel.tsx","143","PromotionalLoyaltyPanel","input","叠加组","{""onChange"":""(event)=>setDraft({...draft,stackingGroup:event.target.value.toUpperCase()})""}","(event)=>void submitDraft(event)","","","expanded && draft","所属表单：(event)=>void submitDraft(event)","SYS-289、SYS-292、SYS-300","定义与绑定已登记；业务结果按闭环表核对，不能将源码登记或同名按钮可见计为逐实例通过"
"CTRL-1148","src/normalized-ui/PromotionalLoyaltyPanel.tsx","144","PromotionalLoyaltyPanel","select","{Object.entries(stackingLabels).map(([value,label])=><option key={value} value={value}>{label}</option>)}","{""onChange"":""(event)=>setDraft({...draft,stackingMode:event.target.value as StackingMode})""}","(event)=>void submitDraft(event)","","","expanded && draft","所属表单：(event)=>void submitDraft(event)","SYS-289、SYS-292、SYS-300","定义与绑定已登记；业务结果按闭环表核对，不能将源码登记或同名按钮可见计为逐实例通过"
"CTRL-1149","src/normalized-ui/PromotionalLoyaltyPanel.tsx","145","PromotionalLoyaltyPanel","input","同组优先级","{""onChange"":""(event)=>setDraft({...draft,priority:event.target.value})""}","(event)=>void submitDraft(event)","","","expanded && draft","所属表单：(event)=>void submitDraft(event)","SYS-289、SYS-292、SYS-300","定义与绑定已登记；业务结果按闭环表核对，不能将源码登记或同名按钮可见计为逐实例通过"
"CTRL-1150","src/normalized-ui/PromotionalLoyaltyPanel.tsx","146","PromotionalLoyaltyPanel","select","任一成功退款即冲回 全额退款才冲回","{""onChange"":""(event)=>setDraft({...draft,refundPolicy:event.target.value as RefundPolicy})""}","(event)=>void submitDraft(event)","","","expanded && draft","所属表单：(event)=>void submitDraft(event)","SYS-289、SYS-292、SYS-300","定义与绑定已登记；业务结果按闭环表核对，不能将源码登记或同名按钮可见计为逐实例通过"
"CTRL-1151","src/normalized-ui/PromotionalLoyaltyPanel.tsx","147","PromotionalLoyaltyPanel","select","不释放，防反复套取 释放，可再次发放","{""onChange"":""(event)=>setDraft({...draft,budgetReuseAfterRefund:event.target.value==='reuse'})""}","(event)=>void submitDraft(event)","","","expanded && draft","所属表单：(event)=>void submitDraft(event)","SYS-289、SYS-292、SYS-300","定义与绑定已登记；业务结果按闭环表核对，不能将源码登记或同名按钮可见计为逐实例通过"
"CTRL-1152","src/normalized-ui/PromotionalLoyaltyPanel.tsx","148","PromotionalLoyaltyPanel","select","不释放，防个人反复领取 释放，允许再次领取","{""onChange"":""(event)=>setDraft({...draft,memberLimitReuseAfterRefund:event.target.value==='reuse'})""}","(event)=>void submitDraft(event)","","","expanded && draft","所属表单：(event)=>void submitDraft(event)","SYS-289、SYS-292、SYS-300","定义与绑定已登记；业务结果按闭环表核对，不能将源码登记或同名按钮可见计为逐实例通过"
"CTRL-1153","src/normalized-ui/PromotionalLoyaltyPanel.tsx","150","PromotionalLoyaltyPanel","input","{label}","{""onChange"":""(event)=>setDraft({...draft,eligibleMemberLevels:event.target.checked?[...draft.eligibleMemberLevels,value]:draft.eligibleMemberLevels.filter((item)=>item!==value)})""}","(event)=>void submitDraft(event)","","","","所属表单：(event)=>void submitDraft(event)","SYS-289、SYS-292、SYS-300","定义与绑定已登记；业务结果按闭环表核对，不能将源码登记或同名按钮可见计为逐实例通过"
"CTRL-1154","src/normalized-ui/PromotionalLoyaltyPanel.tsx","151","PromotionalLoyaltyPanel","button","增加","{""onClick"":""()=>setDraft({...draft,rules:[...draft.rules,emptyRule(draft.rules.length+1)]})""}","(event)=>void submitDraft(event)","","","expanded && draft","所属表单：(event)=>void submitDraft(event)","SYS-289、SYS-292、SYS-300","定义与绑定已登记；业务结果按闭环表核对，不能将源码登记或同名按钮可见计为逐实例通过"
"CTRL-1155","src/normalized-ui/PromotionalLoyaltyPanel.tsx","152","PromotionalLoyaltyPanel","input","规则编号","{""onChange"":""(event)=>changeRule(index,{ruleCode:event.target.value.toUpperCase()})""}","(event)=>void submitDraft(event)","","","","所属表单：(event)=>void submitDraft(event)","SYS-289、SYS-292、SYS-300","定义与绑定已登记；业务结果按闭环表核对，不能将源码登记或同名按钮可见计为逐实例通过"
"CTRL-1156","src/normalized-ui/PromotionalLoyaltyPanel.tsx","153","PromotionalLoyaltyPanel","select","{Object.entries(triggerLabels).map(([value,label])=><option key={value} value={value}>{label}</option>)}","{""onChange"":""(event)=>changeRule(index,{triggerKind:event.target.value as TriggerKind,minimumPaidYuan:event.target.value==='activity_payment'?rule.minimumPaidYuan:'0'})""}","(event)=>void submitDraft(event)","","","","所属表单：(event)=>void submitDraft(event)","SYS-289、SYS-292、SYS-300","定义与绑定已登记；业务结果按闭环表核对，不能将源码登记或同名按钮可见计为逐实例通过"
"CTRL-1157","src/normalized-ui/PromotionalLoyaltyPanel.tsx","154","PromotionalLoyaltyPanel","input","奖励积分","{""onChange"":""(event)=>changeRule(index,{points:event.target.value})""}","(event)=>void submitDraft(event)","","","","所属表单：(event)=>void submitDraft(event)","SYS-289、SYS-292、SYS-300","定义与绑定已登记；业务结果按闭环表核对，不能将源码登记或同名按钮可见计为逐实例通过"
"CTRL-1158","src/normalized-ui/PromotionalLoyaltyPanel.tsx","155","PromotionalLoyaltyPanel","input","每人次数","{""onChange"":""(event)=>changeRule(index,{perMemberAwardLimit:event.target.value})""}","(event)=>void submitDraft(event)","","","","所属表单：(event)=>void submitDraft(event)","SYS-289、SYS-292、SYS-300","定义与绑定已登记；业务结果按闭环表核对，不能将源码登记或同名按钮可见计为逐实例通过"
"CTRL-1159","src/normalized-ui/PromotionalLoyaltyPanel.tsx","156","PromotionalLoyaltyPanel","input","最低付款（元）","{""onChange"":""(event)=>changeRule(index,{minimumPaidYuan:event.target.value})""}","(event)=>void submitDraft(event)","","","rule.triggerKind==='activity_payment'","所属表单：(event)=>void submitDraft(event)","SYS-289、SYS-292、SYS-300","定义与绑定已登记；业务结果按闭环表核对，不能将源码登记或同名按钮可见计为逐实例通过"
"CTRL-1160","src/normalized-ui/PromotionalLoyaltyPanel.tsx","157","PromotionalLoyaltyPanel","button","删除规则","{""onClick"":""()=>setDraft({...draft,rules:draft.rules.filter((_,position)=>position!==index)})""}","(event)=>void submitDraft(event)","","","draft.rules.length>1","所属表单：(event)=>void submitDraft(event)","SYS-289、SYS-292、SYS-300","定义与绑定已登记；业务结果按闭环表核对，不能将源码登记或同名按钮可见计为逐实例通过"
"CTRL-1161","src/normalized-ui/PromotionalLoyaltyPanel.tsx","159","PromotionalLoyaltyPanel","textarea","起草原因","{""onChange"":""(event)=>setDraft({...draft,reason:event.target.value})""}","(event)=>void submitDraft(event)","","","expanded && draft","所属表单：(event)=>void submitDraft(event)","SYS-289、SYS-292、SYS-300","定义与绑定已登记；业务结果按闭环表核对，不能将源码登记或同名按钮可见计为逐实例通过"
"CTRL-1162","src/normalized-ui/PromotionalLoyaltyPanel.tsx","160","PromotionalLoyaltyPanel","button","{busy==='draft'?'正在保存':'保存草稿，交由他人审批'}","{}","(event)=>void submitDraft(event)","","busy!==''||configuration.activities.length===0","expanded && draft","所属表单：(event)=>void submitDraft(event)","SYS-289、SYS-292、SYS-300","定义与绑定已登记；业务结果按闭环表核对，不能将源码登记或同名按钮可见计为逐实例通过"
"CTRL-1163","src/normalized-ui/RecommendationPolicyManagementPanel.tsx","132","RecommendationPolicyManagementPanel","button","推荐规则与顾客开放 规则版本和顾客试点为两个独立动作；正式启用仍保留三人分离发布。 {configuration?rolloutLabel[configuration.feature.rolloutState]:'读取中'}","{""onClick"":""()=>setExpanded((value)=>!value)""}","","","","","已定义交互事件","SYS-298","定义与绑定已登记；业务结果按闭环表核对，不能将源码登记或同名按钮可见计为逐实例通过"
"CTRL-1164","src/normalized-ui/RecommendationPolicyManagementPanel.tsx","139","RecommendationPolicyManagementPanel","button","{rolloutLabel[state]}","{""onClick"":""()=>void setRollout(state)""}","","","busy!==''||configuration?.feature.rolloutState===state","","已定义交互事件","SYS-298","定义与绑定已登记；业务结果按闭环表核对，不能将源码登记或同名按钮可见计为逐实例通过"
"CTRL-1165","src/normalized-ui/RecommendationPolicyManagementPanel.tsx","148","RecommendationPolicyManagementPanel","button","独立审批","{""onClick"":""()=>void approve(policy)""}","","","busy!==''","policy.status==='draft'&&canApprove","已定义交互事件","SYS-298","定义与绑定已登记；业务结果按闭环表核对，不能将源码登记或同名按钮可见计为逐实例通过"
"CTRL-1166","src/normalized-ui/RecommendationPolicyManagementPanel.tsx","149","RecommendationPolicyManagementPanel","button","排期发布","{""onClick"":""()=>void publish(policy)""}","","","busy!==''","policy.status==='approved'&&canPublish","已定义交互事件","SYS-298","定义与绑定已登记；业务结果按闭环表核对，不能将源码登记或同名按钮可见计为逐实例通过"
"CTRL-1167","src/normalized-ui/RecommendationPolicyManagementPanel.tsx","150","RecommendationPolicyManagementPanel","button","复制为草稿","{""onClick"":""()=>void clone(policy)""}","","","busy!==''","canDraft","已定义交互事件","SYS-298","定义与绑定已登记；业务结果按闭环表核对，不能将源码登记或同名按钮可见计为逐实例通过"
"CTRL-1168","src/normalized-ui/RecommendationPolicyManagementPanel.tsx","153","RecommendationPolicyManagementPanel","button","新建推荐规则草稿","{""onClick"":""()=>setDraft(emptyDraft(configuration?.policies[0]))""}","","","","expanded && canDraft&&!draft","已定义交互事件","SYS-298","定义与绑定已登记；业务结果按闭环表核对，不能将源码登记或同名按钮可见计为逐实例通过"
"CTRL-1169","src/normalized-ui/RecommendationPolicyManagementPanel.tsx","154","RecommendationPolicyManagementPanel","form","新建 DEFAULT 推荐规则草稿 仅保存强类型经营参数；保存、审批、发布必须由三名不同员工完成。 取消 {field('偏好权重','preferenceWeight',draft,setDraft,-1000,1000)} {field('场景权重','sceneWeight',draft,setDraft,-1000,1000)} {field('毛利权重','marginWeight',draft,setDraft,-1000,1000)} {field('经营优先级权重','priorityWeight',draft,setDraft,-1000,1000)} {field('最低毛利基点','minimumGrossMarginBasisPoints',draft,setDraft,0,9999)} {field('偏好半衰期（天）','preferenceHalfLifeDays',draft,setDraft,7,730)} {field('偏好最长有效期（天）','preferenceMaxAgeDays',draft,setDraft,30,3650)} {field('偏好最低有效分','preferenceMinEffectiveScore',draft,setDraft,1,10000)} {field('最低置信度基点','preferenceMinConfidenceBasisPoints',draft,setDraft,0,10000)} 顾客可见解释 起草原因 保存草稿，交由另一人审批","{""onSubmit"":""(event)=>void create(event)""}","","","","expanded && draft","已定义交互事件","SYS-298","定义与绑定已登记；业务结果按闭环表核对，不能将源码登记或同名按钮可见计为逐实例通过"
"CTRL-1170","src/normalized-ui/RecommendationPolicyManagementPanel.tsx","155","RecommendationPolicyManagementPanel","button","取消","{""onClick"":""()=>setDraft(null)""}","(event)=>void create(event)","","","expanded && draft","所属表单：(event)=>void create(event)","SYS-298","定义与绑定已登记；业务结果按闭环表核对，不能将源码登记或同名按钮可见计为逐实例通过"
"CTRL-1171","src/normalized-ui/RecommendationPolicyManagementPanel.tsx","157","RecommendationPolicyManagementPanel","textarea","顾客可见解释","{""onChange"":""(event)=>setDraft({...draft,explanationTemplate:event.target.value})""}","(event)=>void create(event)","","","expanded && draft","所属表单：(event)=>void create(event)","SYS-298","定义与绑定已登记；业务结果按闭环表核对，不能将源码登记或同名按钮可见计为逐实例通过"
"CTRL-1172","src/normalized-ui/RecommendationPolicyManagementPanel.tsx","158","RecommendationPolicyManagementPanel","textarea","起草原因","{""onChange"":""(event)=>setDraft({...draft,draftReason:event.target.value})""}","(event)=>void create(event)","","","expanded && draft","所属表单：(event)=>void create(event)","SYS-298","定义与绑定已登记；业务结果按闭环表核对，不能将源码登记或同名按钮可见计为逐实例通过"
"CTRL-1173","src/normalized-ui/RecommendationPolicyManagementPanel.tsx","159","RecommendationPolicyManagementPanel","button","保存草稿，交由另一人审批","{}","(event)=>void create(event)","","busy!==''","expanded && draft","所属表单：(event)=>void create(event)","SYS-298","定义与绑定已登记；业务结果按闭环表核对，不能将源码登记或同名按钮可见计为逐实例通过"
"CTRL-1174","src/normalized-ui/RecommendationPolicyManagementPanel.tsx","165","field","input","{label}","{""onChange"":""(event)=>setDraft({...draft,[keyName]:event.target.value})""}","","","","","已定义交互事件","SYS-298","定义与绑定已登记；业务结果按闭环表核对，不能将源码登记或同名按钮可见计为逐实例通过"
"CTRL-1175","src/normalized-ui/RefundReviewConfiguration.tsx","13","RefundReviewConfiguration","input","允许复核退款","{""onChange"":""(event) => onChange({ ...draft, enabled: event.target.checked })""}","","","","role && draft","已定义交互事件","","定义与绑定已登记；业务结果按闭环表核对，不能将源码登记或同名按钮可见计为逐实例通过"
"CTRL-1176","src/normalized-ui/RefundReviewConfiguration.tsx","14","RefundReviewConfiguration","input","退款复核单次上限","{""onChange"":""(event) => onChange({ ...draft, amount: event.target.value })""}","","","!draft.enabled","role && draft","已定义交互事件","","定义与绑定已登记；业务结果按闭环表核对，不能将源码登记或同名按钮可见计为逐实例通过"
"CTRL-1177","src/normalized-ui/RemakePhysicalHandoverPanel.tsx","55","RemakePhysicalHandoverPanel","button","刷新实物待办","{""onClick"":""()=>void refresh()""}","","","busy","","已定义交互事件","","定义与绑定已登记；业务结果按闭环表核对，不能将源码登记或同名按钮可见计为逐实例通过"
"CTRL-1178","src/normalized-ui/RemakePhysicalHandoverPanel.tsx","58","RemakePhysicalHandoverPanel","button","恢复上次实物登记","{""onClick"":""()=>void run(pendingItem,()=>api.recover(pendingItem))""}","","","busy","pendingItem","已定义交互事件","","定义与绑定已登记；业务结果按闭环表核对，不能将源码登记或同名按钮可见计为逐实例通过"
"CTRL-1179","src/normalized-ui/RemakePhysicalHandoverPanel.tsx","70","RemakePhysicalHandoverPanel","input","本次实物份数","{""onChange"":""event=>setCounts(value=>({...value,[row.batchId]:event.target.value}))""}","","","locked","","已定义交互事件","","定义与绑定已登记；业务结果按闭环表核对，不能将源码登记或同名按钮可见计为逐实例通过"
"CTRL-1180","src/normalized-ui/RemakePhysicalHandoverPanel.tsx","72","RemakePhysicalHandoverPanel","input","本批实物已收回且未开封","{""onChange"":""event=>setReceived(value=>({...value,[row.batchId]:event.target.checked}))""}","","","locked","row.canReceive&&canReturn","已定义交互事件","","定义与绑定已登记；业务结果按闭环表核对，不能将源码登记或同名按钮可见计为逐实例通过"
"CTRL-1181","src/normalized-ui/RemakePhysicalHandoverPanel.tsx","72","RemakePhysicalHandoverPanel","button","登记本批实物退回","{""onClick"":""()=>void act('returned_unopened')""}","","","locked||!valid||!received[row.batchId]","row.canReceive&&canReturn","已定义交互事件","","定义与绑定已登记；业务结果按闭环表核对，不能将源码登记或同名按钮可见计为逐实例通过"
"CTRL-1182","src/normalized-ui/RemakePhysicalHandoverPanel.tsx","73","RemakePhysicalHandoverPanel","button","确认本批已耗用或损耗","{""onClick"":""()=>void act('used_loss')""}","","","locked||!valid","row.canRecordUsed","已定义交互事件","","定义与绑定已登记；业务结果按闭环表核对，不能将源码登记或同名按钮可见计为逐实例通过"
"CTRL-1183","src/normalized-ui/RemakePhysicalHandoverPanel.tsx","77","RemakePhysicalHandoverPanel","button","继续查看离店实物","{""onClick"":""()=>void refresh(true)""}","","","busy","data?.nextCursor","已定义交互事件","","定义与绑定已登记；业务结果按闭环表核对，不能将源码登记或同名按钮可见计为逐实例通过"
"CTRL-1184","src/normalized-ui/SocialAccountPanel.tsx","22","SocialAccountPanel","button","刷新配置","{""onClick"":""()=>void perform(load)""}","","","busy","","已定义交互事件","SYS-297、SYS-299","定义与绑定已登记；业务结果按闭环表核对，不能将源码登记或同名按钮可见计为逐实例通过"
"CTRL-1185","src/normalized-ui/SocialAccountPanel.tsx","23","SocialAccountPanel","button","编辑账号","{""onClick"":""()=>beginEdit(a)""}","","","busy","","已定义交互事件","SYS-297、SYS-299","定义与绑定已登记；业务结果按闭环表核对，不能将源码登记或同名按钮可见计为逐实例通过"
"CTRL-1186","src/normalized-ui/SocialAccountPanel.tsx","24","SocialAccountPanel","details","{form.id?'编辑微信账号':'新增微信账号'} 回调地址需加本站正式域名。已有密钥不回显；留空保留原密钥。取酒验证码与存酒到期提醒均填服务号 一次性订阅 模板 ID：验证码用「验证码下放通知」（number1/thing3/thing2），到期提醒用「存酒到期提醒」（thing1/character_string2/thing3/time4/time5）。不要再填已拒审的模板消息 ID。 类型 微信服务号 企业微信 {(['name','appId','secret','token','encodingAesKey','codeTemplateId','codeDataKey','reminderTemplateId','reminderDataKey'] as const).map((key,index)=><label key={key}>{['名称','AppID / CorpID','AppSecret / 客户联系Secret','回调Token','回调EncodingAESKey','取酒验证码订阅模板ID','验证码主字段(number1)','存酒到期订阅模板ID','提醒字段(保留)'][index]}<input type={['secret','token','encodingAesKey'].includes(key)?'password':'text'} autoComplete=""off"" disabled={key==='appId'&&!!form.id} value={form[key]} onChange={e=>setForm({","{""onToggle"":""event=>setAccountEditorOpen(event.currentTarget.open)""}","","","","","已定义交互事件","SYS-297、SYS-299","定义与绑定已登记；业务结果按闭环表核对，不能将源码登记或同名按钮可见计为逐实例通过"
"CTRL-1187","src/normalized-ui/SocialAccountPanel.tsx","24","SocialAccountPanel","summary","{form.id?'编辑微信账号':'新增微信账号'}","{}","","","","","浏览器原生展开/收起","SYS-297、SYS-299","定义与绑定已登记；业务结果按闭环表核对，不能将源码登记或同名按钮可见计为逐实例通过"
"CTRL-1188","src/normalized-ui/SocialAccountPanel.tsx","24","SocialAccountPanel","form","类型 微信服务号 企业微信 {(['name','appId','secret','token','encodingAesKey','codeTemplateId','codeDataKey','reminderTemplateId','reminderDataKey'] as const).map((key,index)=><label key={key}>{['名称','AppID / CorpID','AppSecret / 客户联系Secret','回调Token','回调EncodingAESKey','取酒验证码订阅模板ID','验证码主字段(number1)','存酒到期订阅模板ID','提醒字段(保留)'][index]}<input type={['secret','token','encodingAesKey'].includes(key)?'password':'text'} autoComplete=""off"" disabled={key==='appId'&&!!form.id} value={form[key]} onChange={e=>setForm({...form,[key]:e.target.value})}/></label>)} 启用 保存账号 清空并新增","{""onSubmit"":""event=>{event.preventDefault();void perform(async()=>{const credentials=form.secret||form.token||form.encodingAesKey?{secret:form.secret,token:form.token,encodingAesKey:form.encodingAesKey}:undefined;await command('/api/staff/social-accounts',{...(form.id?{id:form.id}:{}),kind:form.kind,name:form.name,appId:form.appId,enabled:form.enabled,...(credentials?{credentials}:{}),codeTemplateId:form.codeTemplateId||null,codeDataKey:form.codeDataKey,reminderTemplateId:form.reminderTemplateId||null,reminderDataKey:form.reminderDataKey});setForm(empty);setAccountEditorOpen(false);await load();setMessage('账号已保存，真实平台连接与送达需验证。')})}""}","","","","","已定义交互事件","SYS-297、SYS-299","定义与绑定已登记；业务结果按闭环表核对，不能将源码登记或同名按钮可见计为逐实例通过"
"CTRL-1189","src/normalized-ui/SocialAccountPanel.tsx","24","SocialAccountPanel","select","微信服务号 企业微信","{""onChange"":""e=>setForm({...form,kind:e.target.value})""}","event=>{event.preventDefault();void perform(async()=>{const credentials=form.secret||form.token||form.encodingAesKey?{secret:form.secret,token:form.token,encodingAesKey:form.encodingAesKey}:undefined;await command('/api/staff/social-accounts',{...(form.id?{id:form.id}:{}),kind:form.kind,name:form.name,appId:form.appId,enabled:form.enabled,...(credentials?{credentials}:{}),codeTemplateId:form.codeTemplateId||null,codeDataKey:form.codeDataKey,reminderTemplateId:form.reminderTemplateId||null,reminderDataKey:form.reminderDataKey});setForm(empty);setAccountEditorOpen(false);await load();setMessage('账号已保存，真实平台连接与送达需验证。')})}","","!!form.id","","所属表单：event=>{event.preventDefault();void perform(async()=>{const credentials=form.secret||form.token||form.encodingAesKey?{secret:form.secret,token:form.token,encodingAesKey:form.encodingAesKey}:undefined;await command('/api/staff/social-accounts',{...(form.id?{id:form.id}:{}),kind:form.kind,name:form.name,appId:form.appId,enabled:form.enabled,...(credentials?{credentials}:{}),codeTemplateId:form.codeTemplateId||null,codeDataKey:form.codeDataKey,reminderTemplateId:form.reminderTemplateId||null,reminderDataKey:form.reminderDataKey});setForm(empty);setAccountEditorOpen(false);await load();setMessage('账号已保存，真实平台连接与送达需验证。')})}","SYS-297、SYS-299","定义与绑定已登记；业务结果按闭环表核对，不能将源码登记或同名按钮可见计为逐实例通过"
"CTRL-1190","src/normalized-ui/SocialAccountPanel.tsx","25","SocialAccountPanel","input","{['名称','AppID / CorpID','AppSecret / 客户联系Secret','回调Token','回调EncodingAESKey','取酒验证码订阅模板ID','验证码主字段(number1)','存酒到期订阅模板ID','提醒字段(保留)'][index]}","{""onChange"":""e=>setForm({...form,[key]:e.target.value})""}","event=>{event.preventDefault();void perform(async()=>{const credentials=form.secret||form.token||form.encodingAesKey?{secret:form.secret,token:form.token,encodingAesKey:form.encodingAesKey}:undefined;await command('/api/staff/social-accounts',{...(form.id?{id:form.id}:{}),kind:form.kind,name:form.name,appId:form.appId,enabled:form.enabled,...(credentials?{credentials}:{}),codeTemplateId:form.codeTemplateId||null,codeDataKey:form.codeDataKey,reminderTemplateId:form.reminderTemplateId||null,reminderDataKey:form.reminderDataKey});setForm(empty);setAccountEditorOpen(false);await load();setMessage('账号已保存，真实平台连接与送达需验证。')})}","","key==='appId'&&!!form.id","","所属表单：event=>{event.preventDefault();void perform(async()=>{const credentials=form.secret||form.token||form.encodingAesKey?{secret:form.secret,token:form.token,encodingAesKey:form.encodingAesKey}:undefined;await command('/api/staff/social-accounts',{...(form.id?{id:form.id}:{}),kind:form.kind,name:form.name,appId:form.appId,enabled:form.enabled,...(credentials?{credentials}:{}),codeTemplateId:form.codeTemplateId||null,codeDataKey:form.codeDataKey,reminderTemplateId:form.reminderTemplateId||null,reminderDataKey:form.reminderDataKey});setForm(empty);setAccountEditorOpen(false);await load();setMessage('账号已保存，真实平台连接与送达需验证。')})}","SYS-297、SYS-299","定义与绑定已登记；业务结果按闭环表核对，不能将源码登记或同名按钮可见计为逐实例通过"
"CTRL-1191","src/normalized-ui/SocialAccountPanel.tsx","25","SocialAccountPanel","input","启用","{""onChange"":""e=>setForm({...form,enabled:e.target.checked})""}","event=>{event.preventDefault();void perform(async()=>{const credentials=form.secret||form.token||form.encodingAesKey?{secret:form.secret,token:form.token,encodingAesKey:form.encodingAesKey}:undefined;await command('/api/staff/social-accounts',{...(form.id?{id:form.id}:{}),kind:form.kind,name:form.name,appId:form.appId,enabled:form.enabled,...(credentials?{credentials}:{}),codeTemplateId:form.codeTemplateId||null,codeDataKey:form.codeDataKey,reminderTemplateId:form.reminderTemplateId||null,reminderDataKey:form.reminderDataKey});setForm(empty);setAccountEditorOpen(false);await load();setMessage('账号已保存，真实平台连接与送达需验证。')})}","","","","所属表单：event=>{event.preventDefault();void perform(async()=>{const credentials=form.secret||form.token||form.encodingAesKey?{secret:form.secret,token:form.token,encodingAesKey:form.encodingAesKey}:undefined;await command('/api/staff/social-accounts',{...(form.id?{id:form.id}:{}),kind:form.kind,name:form.name,appId:form.appId,enabled:form.enabled,...(credentials?{credentials}:{}),codeTemplateId:form.codeTemplateId||null,codeDataKey:form.codeDataKey,reminderTemplateId:form.reminderTemplateId||null,reminderDataKey:form.reminderDataKey});setForm(empty);setAccountEditorOpen(false);await load();setMessage('账号已保存，真实平台连接与送达需验证。')})}","SYS-297、SYS-299","定义与绑定已登记；业务结果按闭环表核对，不能将源码登记或同名按钮可见计为逐实例通过"
"CTRL-1192","src/normalized-ui/SocialAccountPanel.tsx","25","SocialAccountPanel","button","保存账号","{}","event=>{event.preventDefault();void perform(async()=>{const credentials=form.secret||form.token||form.encodingAesKey?{secret:form.secret,token:form.token,encodingAesKey:form.encodingAesKey}:undefined;await command('/api/staff/social-accounts',{...(form.id?{id:form.id}:{}),kind:form.kind,name:form.name,appId:form.appId,enabled:form.enabled,...(credentials?{credentials}:{}),codeTemplateId:form.codeTemplateId||null,codeDataKey:form.codeDataKey,reminderTemplateId:form.reminderTemplateId||null,reminderDataKey:form.reminderDataKey});setForm(empty);setAccountEditorOpen(false);await load();setMessage('账号已保存，真实平台连接与送达需验证。')})}","","busy","","所属表单：event=>{event.preventDefault();void perform(async()=>{const credentials=form.secret||form.token||form.encodingAesKey?{secret:form.secret,token:form.token,encodingAesKey:form.encodingAesKey}:undefined;await command('/api/staff/social-accounts',{...(form.id?{id:form.id}:{}),kind:form.kind,name:form.name,appId:form.appId,enabled:form.enabled,...(credentials?{credentials}:{}),codeTemplateId:form.codeTemplateId||null,codeDataKey:form.codeDataKey,reminderTemplateId:form.reminderTemplateId||null,reminderDataKey:form.reminderDataKey});setForm(empty);setAccountEditorOpen(false);await load();setMessage('账号已保存，真实平台连接与送达需验证。')})}","SYS-297、SYS-299","定义与绑定已登记；业务结果按闭环表核对，不能将源码登记或同名按钮可见计为逐实例通过"
"CTRL-1193","src/normalized-ui/SocialAccountPanel.tsx","25","SocialAccountPanel","button","清空并新增","{""onClick"":""()=>beginCreate()""}","event=>{event.preventDefault();void perform(async()=>{const credentials=form.secret||form.token||form.encodingAesKey?{secret:form.secret,token:form.token,encodingAesKey:form.encodingAesKey}:undefined;await command('/api/staff/social-accounts',{...(form.id?{id:form.id}:{}),kind:form.kind,name:form.name,appId:form.appId,enabled:form.enabled,...(credentials?{credentials}:{}),codeTemplateId:form.codeTemplateId||null,codeDataKey:form.codeDataKey,reminderTemplateId:form.reminderTemplateId||null,reminderDataKey:form.reminderDataKey});setForm(empty);setAccountEditorOpen(false);await load();setMessage('账号已保存，真实平台连接与送达需验证。')})}","","","","所属表单：event=>{event.preventDefault();void perform(async()=>{const credentials=form.secret||form.token||form.encodingAesKey?{secret:form.secret,token:form.token,encodingAesKey:form.encodingAesKey}:undefined;await command('/api/staff/social-accounts',{...(form.id?{id:form.id}:{}),kind:form.kind,name:form.name,appId:form.appId,enabled:form.enabled,...(credentials?{credentials}:{}),codeTemplateId:form.codeTemplateId||null,codeDataKey:form.codeDataKey,reminderTemplateId:form.reminderTemplateId||null,reminderDataKey:form.reminderDataKey});setForm(empty);setAccountEditorOpen(false);await load();setMessage('账号已保存，真实平台连接与送达需验证。')})}","SYS-297、SYS-299","定义与绑定已登记；业务结果按闭环表核对，不能将源码登记或同名按钮可见计为逐实例通过"
"CTRL-1194","src/normalized-ui/SocialAccountPanel.tsx","26","SocialAccountPanel","select","请选择已有卡项目 {projects.map(p=><option key={p.id} value={p.id}>{p.name} · {p.status}</option>)}","{""onChange"":""e=>{const id=e.target.value,p=projects.find(p=>p.id===id);setProjectId(id);setRule({serviceAccountId:p?.service_account_id??'',wecomAccountId:p?.wecom_account_id??'',artistName:p?.artist_name??'',iconUrl:p?.icon_url??'',autoRestore:p?.auto_restore??false});void perform(()=>menuList(id))}""}","","","busy","","已定义交互事件","SYS-297、SYS-299","定义与绑定已登记；业务结果按闭环表核对，不能将源码登记或同名按钮可见计为逐实例通过"
"CTRL-1195","src/normalized-ui/SocialAccountPanel.tsx","27","SocialAccountPanel","form","艺人 / IP名称 图标地址 绑定服务号 请选择 {accounts.filter(a=>a.kind==='service_account').map(a=><option key={a.id} value={a.id}>{a.name}</option>)} 绑定企业微信 请选择 {accounts.filter(a=>a.kind==='wecom').map(a=><option key={a.id} value={a.id}>{a.name}</option>)} 条件恢复后自动恢复（人工撤销不恢复） 保存草稿加入门槛","{""onSubmit"":""event=>{event.preventDefault();void perform(async()=>{await command(`/api/staff/member-cards/projects/${projectId}/social-policy`,{...rule,iconUrl:rule.iconUrl||null});await load();setMessage('双条件门槛已保存；项目开放后缺少任一条件即失效。')})}""}","","","","projectId","已定义交互事件","SYS-297、SYS-299","定义与绑定已登记；业务结果按闭环表核对，不能将源码登记或同名按钮可见计为逐实例通过"
"CTRL-1196","src/normalized-ui/SocialAccountPanel.tsx","27","SocialAccountPanel","input","艺人 / IP名称","{""onChange"":""e=>setRule({...rule,artistName:e.target.value})""}","event=>{event.preventDefault();void perform(async()=>{await command(`/api/staff/member-cards/projects/${projectId}/social-policy`,{...rule,iconUrl:rule.iconUrl||null});await load();setMessage('双条件门槛已保存；项目开放后缺少任一条件即失效。')})}","","","projectId","所属表单：event=>{event.preventDefault();void perform(async()=>{await command(`/api/staff/member-cards/projects/${projectId}/social-policy`,{...rule,iconUrl:rule.iconUrl||null});await load();setMessage('双条件门槛已保存；项目开放后缺少任一条件即失效。')})}","SYS-297、SYS-299","定义与绑定已登记；业务结果按闭环表核对，不能将源码登记或同名按钮可见计为逐实例通过"
"CTRL-1197","src/normalized-ui/SocialAccountPanel.tsx","27","SocialAccountPanel","input","图标地址","{""onChange"":""e=>setRule({...rule,iconUrl:e.target.value})""}","event=>{event.preventDefault();void perform(async()=>{await command(`/api/staff/member-cards/projects/${projectId}/social-policy`,{...rule,iconUrl:rule.iconUrl||null});await load();setMessage('双条件门槛已保存；项目开放后缺少任一条件即失效。')})}","","","projectId","所属表单：event=>{event.preventDefault();void perform(async()=>{await command(`/api/staff/member-cards/projects/${projectId}/social-policy`,{...rule,iconUrl:rule.iconUrl||null});await load();setMessage('双条件门槛已保存；项目开放后缺少任一条件即失效。')})}","SYS-297、SYS-299","定义与绑定已登记；业务结果按闭环表核对，不能将源码登记或同名按钮可见计为逐实例通过"
"CTRL-1198","src/normalized-ui/SocialAccountPanel.tsx","27","SocialAccountPanel","select","请选择 {accounts.filter(a=>a.kind==='service_account').map(a=><option key={a.id} value={a.id}>{a.name}</option>)}","{""onChange"":""e=>setRule({...rule,serviceAccountId:e.target.value})""}","event=>{event.preventDefault();void perform(async()=>{await command(`/api/staff/member-cards/projects/${projectId}/social-policy`,{...rule,iconUrl:rule.iconUrl||null});await load();setMessage('双条件门槛已保存；项目开放后缺少任一条件即失效。')})}","","","projectId","所属表单：event=>{event.preventDefault();void perform(async()=>{await command(`/api/staff/member-cards/projects/${projectId}/social-policy`,{...rule,iconUrl:rule.iconUrl||null});await load();setMessage('双条件门槛已保存；项目开放后缺少任一条件即失效。')})}","SYS-297、SYS-299","定义与绑定已登记；业务结果按闭环表核对，不能将源码登记或同名按钮可见计为逐实例通过"
"CTRL-1199","src/normalized-ui/SocialAccountPanel.tsx","27","SocialAccountPanel","select","请选择 {accounts.filter(a=>a.kind==='wecom').map(a=><option key={a.id} value={a.id}>{a.name}</option>)}","{""onChange"":""e=>setRule({...rule,wecomAccountId:e.target.value})""}","event=>{event.preventDefault();void perform(async()=>{await command(`/api/staff/member-cards/projects/${projectId}/social-policy`,{...rule,iconUrl:rule.iconUrl||null});await load();setMessage('双条件门槛已保存；项目开放后缺少任一条件即失效。')})}","","","projectId","所属表单：event=>{event.preventDefault();void perform(async()=>{await command(`/api/staff/member-cards/projects/${projectId}/social-policy`,{...rule,iconUrl:rule.iconUrl||null});await load();setMessage('双条件门槛已保存；项目开放后缺少任一条件即失效。')})}","SYS-297、SYS-299","定义与绑定已登记；业务结果按闭环表核对，不能将源码登记或同名按钮可见计为逐实例通过"
"CTRL-1200","src/normalized-ui/SocialAccountPanel.tsx","27","SocialAccountPanel","input","条件恢复后自动恢复（人工撤销不恢复）","{""onChange"":""e=>setRule({...rule,autoRestore:e.target.checked})""}","event=>{event.preventDefault();void perform(async()=>{await command(`/api/staff/member-cards/projects/${projectId}/social-policy`,{...rule,iconUrl:rule.iconUrl||null});await load();setMessage('双条件门槛已保存；项目开放后缺少任一条件即失效。')})}","","","projectId","所属表单：event=>{event.preventDefault();void perform(async()=>{await command(`/api/staff/member-cards/projects/${projectId}/social-policy`,{...rule,iconUrl:rule.iconUrl||null});await load();setMessage('双条件门槛已保存；项目开放后缺少任一条件即失效。')})}","SYS-297、SYS-299","定义与绑定已登记；业务结果按闭环表核对，不能将源码登记或同名按钮可见计为逐实例通过"
"CTRL-1201","src/normalized-ui/SocialAccountPanel.tsx","27","SocialAccountPanel","button","保存草稿加入门槛","{}","event=>{event.preventDefault();void perform(async()=>{await command(`/api/staff/member-cards/projects/${projectId}/social-policy`,{...rule,iconUrl:rule.iconUrl||null});await load();setMessage('双条件门槛已保存；项目开放后缺少任一条件即失效。')})}","","busy||projects.find(p=>p.id===projectId)?.status!=='draft'","projectId","所属表单：event=>{event.preventDefault();void perform(async()=>{await command(`/api/staff/member-cards/projects/${projectId}/social-policy`,{...rule,iconUrl:rule.iconUrl||null});await load();setMessage('双条件门槛已保存；项目开放后缺少任一条件即失效。')})}","SYS-297、SYS-299","定义与绑定已登记；业务结果按闭环表核对，不能将源码登记或同名按钮可见计为逐实例通过"
"CTRL-1202","src/normalized-ui/SocialAccountPanel.tsx","28","SocialAccountPanel","button","编辑","{""onClick"":""()=>{setMenu({productId:item.product_id,exclusive:item.exclusive,active:item.active,sortOrder:item.sort_order});setCardPrice(item.exclusive_price_minor==null?'':(Number(item.exclusive_price_minor)/100).toFixed(2))}""}","","","busy","","已定义交互事件","SYS-297、SYS-299","定义与绑定已登记；业务结果按闭环表核对，不能将源码登记或同名按钮可见计为逐实例通过"
"CTRL-1203","src/normalized-ui/SocialAccountPanel.tsx","28","SocialAccountPanel","button","移除此项","{""onClick"":""()=>void perform(async()=>{await command(`/api/staff/member-cards/projects/${projectId}/menu/remove`,{productId:item.product_id});await menuList();setMessage('专属项已从本卡移除，历史订单保留')})""}","","","busy","","已定义交互事件","SYS-297、SYS-299","定义与绑定已登记；业务结果按闭环表核对，不能将源码登记或同名按钮可见计为逐实例通过"
"CTRL-1204","src/normalized-ui/SocialAccountPanel.tsx","28","SocialAccountPanel","form","选择商品 请选择专属商品 {products.map(p=><option key={p.id} value={p.id}>{p.name}</option>)} 持卡价（元，留空沿用标准价） 仅持卡可见的增量商品 显示排序 上架 保存专属项","{""onSubmit"":""event=>{event.preventDefault();void perform(async()=>{if(cardPrice&&!/^(?:0|[1-9][0-9]{0,6})(?:\\.[0-9]{1,2})?$/.test(cardPrice))throw new Error('持卡价须为最多两位小数的金额');await command(`/api/staff/member-cards/projects/${projectId}/menu`,{...menu,exclusivePriceMinor:cardPrice?Math.round(Number(cardPrice)*100):null});await menuList();setMessage('专属菜单已保存')})}""}","","","","projectId","已定义交互事件","SYS-297、SYS-299","定义与绑定已登记；业务结果按闭环表核对，不能将源码登记或同名按钮可见计为逐实例通过"
"CTRL-1205","src/normalized-ui/SocialAccountPanel.tsx","28","SocialAccountPanel","select","请选择专属商品 {products.map(p=><option key={p.id} value={p.id}>{p.name}</option>)}","{""onChange"":""e=>setMenu({...menu,productId:e.target.value})""}","event=>{event.preventDefault();void perform(async()=>{if(cardPrice&&!/^(?:0|[1-9][0-9]{0,6})(?:\.[0-9]{1,2})?$/.test(cardPrice))throw new Error('持卡价须为最多两位小数的金额');await command(`/api/staff/member-cards/projects/${projectId}/menu`,{...menu,exclusivePriceMinor:cardPrice?Math.round(Number(cardPrice)*100):null});await menuList();setMessage('专属菜单已保存')})}","","","projectId","所属表单：event=>{event.preventDefault();void perform(async()=>{if(cardPrice&&!/^(?:0|[1-9][0-9]{0,6})(?:\.[0-9]{1,2})?$/.test(cardPrice))throw new Error('持卡价须为最多两位小数的金额');await command(`/api/staff/member-cards/projects/${projectId}/menu`,{...menu,exclusivePriceMinor:cardPrice?Math.round(Number(cardPrice)*100):null});await menuList();setMessage('专属菜单已保存')})}","SYS-297、SYS-299","定义与绑定已登记；业务结果按闭环表核对，不能将源码登记或同名按钮可见计为逐实例通过"
"CTRL-1206","src/normalized-ui/SocialAccountPanel.tsx","28","SocialAccountPanel","input","持卡价（元，留空沿用标准价）","{""onChange"":""e=>setCardPrice(e.target.value)""}","event=>{event.preventDefault();void perform(async()=>{if(cardPrice&&!/^(?:0|[1-9][0-9]{0,6})(?:\.[0-9]{1,2})?$/.test(cardPrice))throw new Error('持卡价须为最多两位小数的金额');await command(`/api/staff/member-cards/projects/${projectId}/menu`,{...menu,exclusivePriceMinor:cardPrice?Math.round(Number(cardPrice)*100):null});await menuList();setMessage('专属菜单已保存')})}","","","projectId","所属表单：event=>{event.preventDefault();void perform(async()=>{if(cardPrice&&!/^(?:0|[1-9][0-9]{0,6})(?:\.[0-9]{1,2})?$/.test(cardPrice))throw new Error('持卡价须为最多两位小数的金额');await command(`/api/staff/member-cards/projects/${projectId}/menu`,{...menu,exclusivePriceMinor:cardPrice?Math.round(Number(cardPrice)*100):null});await menuList();setMessage('专属菜单已保存')})}","SYS-297、SYS-299","定义与绑定已登记；业务结果按闭环表核对，不能将源码登记或同名按钮可见计为逐实例通过"
"CTRL-1207","src/normalized-ui/SocialAccountPanel.tsx","28","SocialAccountPanel","input","仅持卡可见的增量商品","{""onChange"":""e=>setMenu({...menu,exclusive:e.target.checked})""}","event=>{event.preventDefault();void perform(async()=>{if(cardPrice&&!/^(?:0|[1-9][0-9]{0,6})(?:\.[0-9]{1,2})?$/.test(cardPrice))throw new Error('持卡价须为最多两位小数的金额');await command(`/api/staff/member-cards/projects/${projectId}/menu`,{...menu,exclusivePriceMinor:cardPrice?Math.round(Number(cardPrice)*100):null});await menuList();setMessage('专属菜单已保存')})}","","","projectId","所属表单：event=>{event.preventDefault();void perform(async()=>{if(cardPrice&&!/^(?:0|[1-9][0-9]{0,6})(?:\.[0-9]{1,2})?$/.test(cardPrice))throw new Error('持卡价须为最多两位小数的金额');await command(`/api/staff/member-cards/projects/${projectId}/menu`,{...menu,exclusivePriceMinor:cardPrice?Math.round(Number(cardPrice)*100):null});await menuList();setMessage('专属菜单已保存')})}","SYS-297、SYS-299","定义与绑定已登记；业务结果按闭环表核对，不能将源码登记或同名按钮可见计为逐实例通过"
"CTRL-1208","src/normalized-ui/SocialAccountPanel.tsx","28","SocialAccountPanel","input","显示排序","{""onChange"":""e=>setMenu({...menu,sortOrder:Number(e.target.value)})""}","event=>{event.preventDefault();void perform(async()=>{if(cardPrice&&!/^(?:0|[1-9][0-9]{0,6})(?:\.[0-9]{1,2})?$/.test(cardPrice))throw new Error('持卡价须为最多两位小数的金额');await command(`/api/staff/member-cards/projects/${projectId}/menu`,{...menu,exclusivePriceMinor:cardPrice?Math.round(Number(cardPrice)*100):null});await menuList();setMessage('专属菜单已保存')})}","","","projectId","所属表单：event=>{event.preventDefault();void perform(async()=>{if(cardPrice&&!/^(?:0|[1-9][0-9]{0,6})(?:\.[0-9]{1,2})?$/.test(cardPrice))throw new Error('持卡价须为最多两位小数的金额');await command(`/api/staff/member-cards/projects/${projectId}/menu`,{...menu,exclusivePriceMinor:cardPrice?Math.round(Number(cardPrice)*100):null});await menuList();setMessage('专属菜单已保存')})}","SYS-297、SYS-299","定义与绑定已登记；业务结果按闭环表核对，不能将源码登记或同名按钮可见计为逐实例通过"
"CTRL-1209","src/normalized-ui/SocialAccountPanel.tsx","28","SocialAccountPanel","input","上架","{""onChange"":""e=>setMenu({...menu,active:e.target.checked})""}","event=>{event.preventDefault();void perform(async()=>{if(cardPrice&&!/^(?:0|[1-9][0-9]{0,6})(?:\.[0-9]{1,2})?$/.test(cardPrice))throw new Error('持卡价须为最多两位小数的金额');await command(`/api/staff/member-cards/projects/${projectId}/menu`,{...menu,exclusivePriceMinor:cardPrice?Math.round(Number(cardPrice)*100):null});await menuList();setMessage('专属菜单已保存')})}","","","projectId","所属表单：event=>{event.preventDefault();void perform(async()=>{if(cardPrice&&!/^(?:0|[1-9][0-9]{0,6})(?:\.[0-9]{1,2})?$/.test(cardPrice))throw new Error('持卡价须为最多两位小数的金额');await command(`/api/staff/member-cards/projects/${projectId}/menu`,{...menu,exclusivePriceMinor:cardPrice?Math.round(Number(cardPrice)*100):null});await menuList();setMessage('专属菜单已保存')})}","SYS-297、SYS-299","定义与绑定已登记；业务结果按闭环表核对，不能将源码登记或同名按钮可见计为逐实例通过"
"CTRL-1210","src/normalized-ui/SocialAccountPanel.tsx","28","SocialAccountPanel","button","保存专属项","{}","event=>{event.preventDefault();void perform(async()=>{if(cardPrice&&!/^(?:0|[1-9][0-9]{0,6})(?:\.[0-9]{1,2})?$/.test(cardPrice))throw new Error('持卡价须为最多两位小数的金额');await command(`/api/staff/member-cards/projects/${projectId}/menu`,{...menu,exclusivePriceMinor:cardPrice?Math.round(Number(cardPrice)*100):null});await menuList();setMessage('专属菜单已保存')})}","","busy","projectId","所属表单：event=>{event.preventDefault();void perform(async()=>{if(cardPrice&&!/^(?:0|[1-9][0-9]{0,6})(?:\.[0-9]{1,2})?$/.test(cardPrice))throw new Error('持卡价须为最多两位小数的金额');await command(`/api/staff/member-cards/projects/${projectId}/menu`,{...menu,exclusivePriceMinor:cardPrice?Math.round(Number(cardPrice)*100):null});await menuList();setMessage('专属菜单已保存')})}","SYS-297、SYS-299","定义与绑定已登记；业务结果按闭环表核对，不能将源码登记或同名按钮可见计为逐实例通过"
"CTRL-1211","src/normalized-ui/SocialAccountPanel.tsx","29","SocialAccountPanel","summary","最近100条平台回调处理记录","{}","","","","","浏览器原生展开/收起","SYS-297、SYS-299","定义与绑定已登记；业务结果按闭环表核对，不能将源码登记或同名按钮可见计为逐实例通过"
"CTRL-1212","src/normalized-ui/SocialAccountPanel.tsx","29","SocialAccountPanel","button","重新处理","{""onClick"":""()=>void perform(async()=>{await command(`/api/staff/social-accounts/events/${event.id}/retry`,{});await load();setMessage('已登记重新处理，可刷新核对结果')})""}","","","busy","event.status==='failed'","已定义交互事件","SYS-297、SYS-299","定义与绑定已登记；业务结果按闭环表核对，不能将源码登记或同名按钮可见计为逐实例通过"
"CTRL-1213","src/normalized-ui/SocialBroadcastPanel.tsx","57","SocialBroadcastPanel","button","刷新状态","{""onClick"":""()=>void perform(load)""}","","","busy","","已定义交互事件","","定义与绑定已登记；业务结果按闭环表核对，不能将源码登记或同名按钮可见计为逐实例通过"
"CTRL-1214","src/normalized-ui/SocialBroadcastPanel.tsx","59","SocialBroadcastPanel","form","服务号 请选择 {accounts.map(a=><option key={a.id} value={a.id}>{a.name}{a.enabled===false?'（未启用）':''}</option>)} 任务名称 发送日期 发送时间 群发内容 保存群发草稿 保存并安排发送","{""onSubmit"":""e=>{e.preventDefault();void saveDraft(false)}""}","","","","","已定义交互事件","","定义与绑定已登记；业务结果按闭环表核对，不能将源码登记或同名按钮可见计为逐实例通过"
"CTRL-1215","src/normalized-ui/SocialBroadcastPanel.tsx","60","SocialBroadcastPanel","select","请选择 {accounts.map(a=><option key={a.id} value={a.id}>{a.name}{a.enabled===false?'（未启用）':''}</option>)}","{""onFocus"":""()=>void loadAccounts().catch(()=>undefined)"",""onChange"":""e=>setForm({...form,accountId:e.target.value})""}","e=>{e.preventDefault();void saveDraft(false)}","","","","所属表单：e=>{e.preventDefault();void saveDraft(false)}","","定义与绑定已登记；业务结果按闭环表核对，不能将源码登记或同名按钮可见计为逐实例通过"
"CTRL-1216","src/normalized-ui/SocialBroadcastPanel.tsx","61","SocialBroadcastPanel","input","任务名称","{""onChange"":""e=>setForm({...form,title:e.target.value})""}","e=>{e.preventDefault();void saveDraft(false)}","","","","所属表单：e=>{e.preventDefault();void saveDraft(false)}","","定义与绑定已登记；业务结果按闭环表核对，不能将源码登记或同名按钮可见计为逐实例通过"
"CTRL-1217","src/normalized-ui/SocialBroadcastPanel.tsx","62","SocialBroadcastPanel","input","发送日期","{""onChange"":""e=>setForm({...form,scheduledDate:e.target.value})""}","e=>{e.preventDefault();void saveDraft(false)}","","","","所属表单：e=>{e.preventDefault();void saveDraft(false)}","","定义与绑定已登记；业务结果按闭环表核对，不能将源码登记或同名按钮可见计为逐实例通过"
"CTRL-1218","src/normalized-ui/SocialBroadcastPanel.tsx","63","SocialBroadcastPanel","input","发送时间","{""onChange"":""e=>setForm({...form,scheduledTime:e.target.value})""}","e=>{e.preventDefault();void saveDraft(false)}","","","","所属表单：e=>{e.preventDefault();void saveDraft(false)}","","定义与绑定已登记；业务结果按闭环表核对，不能将源码登记或同名按钮可见计为逐实例通过"
"CTRL-1219","src/normalized-ui/SocialBroadcastPanel.tsx","64","SocialBroadcastPanel","textarea","群发内容","{""onChange"":""e=>setForm({...form,content:e.target.value})""}","e=>{e.preventDefault();void saveDraft(false)}","","","","所属表单：e=>{e.preventDefault();void saveDraft(false)}","","定义与绑定已登记；业务结果按闭环表核对，不能将源码登记或同名按钮可见计为逐实例通过"
"CTRL-1220","src/normalized-ui/SocialBroadcastPanel.tsx","66","SocialBroadcastPanel","button","保存群发草稿","{}","e=>{e.preventDefault();void saveDraft(false)}","","busy||accounts.length===0","","所属表单：e=>{e.preventDefault();void saveDraft(false)}","","定义与绑定已登记；业务结果按闭环表核对，不能将源码登记或同名按钮可见计为逐实例通过"
"CTRL-1221","src/normalized-ui/SocialBroadcastPanel.tsx","67","SocialBroadcastPanel","button","保存并安排发送","{""onClick"":""()=>void saveDraft(true)""}","e=>{e.preventDefault();void saveDraft(false)}","","busy||accounts.length===0","","所属表单：e=>{e.preventDefault();void saveDraft(false)}","","定义与绑定已登记；业务结果按闭环表核对，不能将源码登记或同名按钮可见计为逐实例通过"
"CTRL-1222","src/normalized-ui/SocialBroadcastPanel.tsx","69","SocialBroadcastPanel","button","预览并安排发送","{""onClick"":""()=>void action(row,'schedule')""}","","","busy","row.status==='draft'","已定义交互事件","","定义与绑定已登记；业务结果按闭环表核对，不能将源码登记或同名按钮可见计为逐实例通过"
"CTRL-1223","src/normalized-ui/SocialBroadcastPanel.tsx","69","SocialBroadcastPanel","button","取消任务","{""onClick"":""()=>void action(row,'cancel')""}","","","busy","['draft','scheduled'].includes(row.status)","已定义交互事件","","定义与绑定已登记；业务结果按闭环表核对，不能将源码登记或同名按钮可见计为逐实例通过"
"CTRL-1224","src/normalized-ui/SocialBroadcastPanel.tsx","70","SocialBroadcastPanel","button","加载更早任务","{""onClick"":""()=>void perform(async()=>{const next=await api.getEndpoint<{data:Broadcast[]}>(`/api/staff/social-broadcasts?cursor=${rows.at(-1)!.id}`);setRows([...rows,...next.data])})""}","","","busy","rows.length>=100","已定义交互事件","","定义与绑定已登记；业务结果按闭环表核对，不能将源码登记或同名按钮可见计为逐实例通过"
"CTRL-1225","src/normalized-ui/StackingPricePreviewPanel.tsx","116","amount","NumberInputWithUnit","{label}","{""onChange"":""event => change(key, event.target.value)""}","","","","","已定义交互事件","SYS-300","定义与绑定已登记；业务结果按闭环表核对，不能将源码登记或同名按钮可见计为逐实例通过"
"CTRL-1226","src/normalized-ui/StackingPricePreviewPanel.tsx","117","StackingPricePreviewPanel","summary","优惠叠加规则试算","{}","","","","","浏览器原生展开/收起","SYS-300","定义与绑定已登记；业务结果按闭环表核对，不能将源码登记或同名按钮可见计为逐实例通过"
"CTRL-1227","src/normalized-ui/StackingPricePreviewPanel.tsx","119","StackingPricePreviewPanel","button","读取最近50个草稿版本","{""onClick"":""() => void loadDrafts()""}","","","busy || saving","","已定义交互事件","SYS-300","定义与绑定已登记；业务结果按闭环表核对，不能将源码登记或同名按钮可见计为逐实例通过"
"CTRL-1228","src/normalized-ui/StackingPricePreviewPanel.tsx","120","StackingPricePreviewPanel","select","选择后载入叠加规则 {drafts.map(draft => <option key={draft.id} value={draft.id}>{draft.code} · 第{draft.version}版（{{draft:'草稿',approved:'已审核',published:'已发布',stopped:'已停发'}[draft.status]}）</option>)}","{""onChange"":""event => { const draft = drafts.find(item => item.id === event.target.value); if (draft) openDraft(draft) }""}","","","saving","drafts.length > 0","已定义交互事件","SYS-300","定义与绑定已登记；业务结果按闭环表核对，不能将源码登记或同名按钮可见计为逐实例通过"
"CTRL-1229","src/normalized-ui/StackingPricePreviewPanel.tsx","124","StackingPricePreviewPanel","select","固定兑换价 减免金额 应付比例折扣 免费一份","{""onChange"":""event => change('kind', event.target.value)""}","","","","","已定义交互事件","SYS-300","定义与绑定已登记；业务结果按闭环表核对，不能将源码登记或同名按钮可见计为逐实例通过"
"CTRL-1230","src/normalized-ui/StackingPricePreviewPanel.tsx","128","StackingPricePreviewPanel","input","{{ member: '会员价', bundle: '套餐价商品', other: '其他券', points: '积分' }[key]}","{""onChange"":""event => change(key, event.target.checked)""}","","","","","已定义交互事件","SYS-300","定义与绑定已登记；业务结果按闭环表核对，不能将源码登记或同名按钮可见计为逐实例通过"
"CTRL-1231","src/normalized-ui/StackingPricePreviewPanel.tsx","130","StackingPricePreviewPanel","input","允许此券用于已确认升级后的套餐（仍须校验全部叠加规则）","{""onChange"":""event=>change('upgrade',event.target.checked)""}","","","","","已定义交互事件","SYS-300","定义与绑定已登记；业务结果按闭环表核对，不能将源码登记或同名按钮可见计为逐实例通过"
"CTRL-1232","src/normalized-ui/StackingPricePreviewPanel.tsx","133","StackingPricePreviewPanel","NumberInputWithUnit","最多用券数","{""onChange"":""event => change('maxCoupons', event.target.value)""}","","","","form.other","已定义交互事件","SYS-300","定义与绑定已登记；业务结果按闭环表核对，不能将源码登记或同名按钮可见计为逐实例通过"
"CTRL-1233","src/normalized-ui/StackingPricePreviewPanel.tsx","135","StackingPricePreviewPanel","select","{orders.map(order => <option key={order} value={order}>{order.split(',').map(stage => names[stage]).join(' → ')}</option>)}","{""onChange"":""event => change('order', event.target.value)""}","","","","","已定义交互事件","SYS-300","定义与绑定已登记；业务结果按闭环表核对，不能将源码登记或同名按钮可见计为逐实例通过"
"CTRL-1234","src/normalized-ui/StackingPricePreviewPanel.tsx","138","StackingPricePreviewPanel","button","{busy ? '正在读取…' : '服务端试算'}","{""onClick"":""() => void preview()""}","","","busy || saving","","已定义交互事件","SYS-300","定义与绑定已登记；业务结果按闭环表核对，不能将源码登记或同名按钮可见计为逐实例通过"
"CTRL-1235","src/normalized-ui/StackingPricePreviewPanel.tsx","139","StackingPricePreviewPanel","input","规则编号","{""onChange"":""event => { setCode(event.target.value); setVersion(0); setNotice('') }""}","","","","auth.permissions.includes('loyalty.configuration.edit')","已定义交互事件","SYS-300","定义与绑定已登记；业务结果按闭环表核对，不能将源码登记或同名按钮可见计为逐实例通过"
"CTRL-1236","src/normalized-ui/StackingPricePreviewPanel.tsx","139","StackingPricePreviewPanel","input","修改原因","{""onChange"":""event => setReason(event.target.value)""}","","","","auth.permissions.includes('loyalty.configuration.edit')","已定义交互事件","SYS-300","定义与绑定已登记；业务结果按闭环表核对，不能将源码登记或同名按钮可见计为逐实例通过"
"CTRL-1237","src/normalized-ui/StackingPricePreviewPanel.tsx","139","StackingPricePreviewPanel","button","{saving ? '正在保存…' : `保存为第${version + 1}版草稿`}","{""onClick"":""() => void saveDraft()""}","","","busy || saving || reason.trim().length < 2","auth.permissions.includes('loyalty.configuration.edit')","已定义交互事件","SYS-300","定义与绑定已登记；业务结果按闭环表核对，不能将源码登记或同名按钮可见计为逐实例通过"
"CTRL-1238","src/normalized-ui/StackingPricePreviewPanel.tsx","142","StackingPricePreviewPanel","input","审核／发布／停发原因","{""onChange"":""event=>setReason(event.target.value)""}","","","saving","selected","已定义交互事件","SYS-300","定义与绑定已登记；业务结果按闭环表核对，不能将源码登记或同名按钮可见计为逐实例通过"
"CTRL-1239","src/normalized-ui/StackingPricePreviewPanel.tsx","143","StackingPricePreviewPanel","button","审核已保存版本","{""onClick"":""()=>void decide('approve')""}","","","saving||reason.trim().length<2","selected && selected.status==='draft'&&selected.createdByEmployeeId!==auth.employee.id&&auth.permissions.includes('loyalty.configuration.approve')","已定义交互事件","SYS-300","定义与绑定已登记；业务结果按闭环表核对，不能将源码登记或同名按钮可见计为逐实例通过"
"CTRL-1240","src/normalized-ui/StackingPricePreviewPanel.tsx","144","StackingPricePreviewPanel","button","发布已审核版本","{""onClick"":""()=>void decide('publish')""}","","","saving||reason.trim().length<2","selected && selected.status==='approved'&&selected.createdByEmployeeId!==auth.employee.id&&!selected.decisions.some(d=>d.action==='approve'&&d.employeeId===auth.employee.id)&&auth.permissions.includes('loyalty.policy.publish')","已定义交互事件","SYS-300","定义与绑定已登记；业务结果按闭环表核对，不能将源码登记或同名按钮可见计为逐实例通过"
"CTRL-1241","src/normalized-ui/StackingPricePreviewPanel.tsx","145","StackingPricePreviewPanel","button","停止新发券使用","{""onClick"":""()=>void decide('stop_issuing')""}","","","saving||reason.trim().length<2","selected && selected.status==='published'&&auth.permissions.includes('loyalty.policy.publish')","已定义交互事件","SYS-300","定义与绑定已登记；业务结果按闭环表核对，不能将源码登记或同名按钮可见计为逐实例通过"
"CTRL-1242","src/normalized-ui/staff-actions/AssistedOrderSheet.tsx","362","AssistedOrderSheet","button","关闭点单","{""onClick"":""onClose""}","","","","","已定义交互事件","","定义与绑定已登记；业务结果按闭环表核对，不能将源码登记或同名按钮可见计为逐实例通过"
"CTRL-1243","src/normalized-ui/staff-actions/AssistedOrderSheet.tsx","365","AssistedOrderSheet","button","挂桌账","{""onClick"":""() => setSettlementMode('table_tab')""}","","","","","已定义交互事件","","定义与绑定已登记；业务结果按闭环表核对，不能将源码登记或同名按钮可见计为逐实例通过"
"CTRL-1244","src/normalized-ui/staff-actions/AssistedOrderSheet.tsx","366","AssistedOrderSheet","button","立即结算","{""onClick"":""() => setSettlementMode('immediate_payment')""}","","","!canImmediateSettle","","已定义交互事件","","定义与绑定已登记；业务结果按闭环表核对，不能将源码登记或同名按钮可见计为逐实例通过"
"CTRL-1245","src/normalized-ui/staff-actions/AssistedOrderSheet.tsx","398","AssistedOrderSheet","MenuOrderingWorkspace","","{""onSubmit"":""submitPaidOrder""}","","","","paymentOrder !== null && phase === 'loading'","已定义交互事件","","定义与绑定已登记；业务结果按闭环表核对，不能将源码登记或同名按钮可见计为逐实例通过"
"CTRL-1246","src/normalized-ui/staff-actions/AssistedOrderSheet.tsx","432","AssistedOrderSheet","button","关闭点单","{""onClick"":""onClose""}","","","","","已定义交互事件","","定义与绑定已登记；业务结果按闭环表核对，不能将源码登记或同名按钮可见计为逐实例通过"
"CTRL-1247","src/normalized-ui/staff-actions/AssistedOrderSheet.tsx","445","AssistedOrderSheet","input","搜索点单商品","{""onChange"":""(event) => setSearch(event.target.value)""}","","","","","已定义交互事件","","定义与绑定已登记；业务结果按闭环表核对，不能将源码登记或同名按钮可见计为逐实例通过"
"CTRL-1248","src/normalized-ui/staff-actions/AssistedOrderSheet.tsx","448","AssistedOrderSheet","button","全部","{""onClick"":""() => setCategory('all')""}","","","","","已定义交互事件","","定义与绑定已登记；业务结果按闭环表核对，不能将源码登记或同名按钮可见计为逐实例通过"
"CTRL-1249","src/normalized-ui/staff-actions/AssistedOrderSheet.tsx","449","AssistedOrderSheet","button","{categoryLabel(code)}","{""onClick"":""() => setCategory(code)""}","","","","","已定义交互事件","","定义与绑定已登记；业务结果按闭环表核对，不能将源码登记或同名按钮可见计为逐实例通过"
"CTRL-1250","src/normalized-ui/staff-actions/AssistedOrderSheet.tsx","455","AssistedOrderSheet","button","保留关键词，搜索全部分类","{""onClick"":""()=>setCategory('all')""}","","","","phase !== 'loading' && filtered.length === 0 && category!=='all'","已定义交互事件","","定义与绑定已登记；业务结果按闭环表核对，不能将源码登记或同名按钮可见计为逐实例通过"
"CTRL-1251","src/normalized-ui/staff-actions/AssistedOrderSheet.tsx","469","AssistedOrderSheet","input","`${product.name}商品备注`","{""onChange"":""(event) => setItemNotes((current) => ({ ...current, [product.id]: event.target.value }))""}","","","phase === 'submitting'","quantity > 0","已定义交互事件","","定义与绑定已登记；业务结果按闭环表核对，不能将源码登记或同名按钮可见计为逐实例通过"
"CTRL-1252","src/normalized-ui/staff-actions/AssistedOrderSheet.tsx","474","AssistedOrderSheet","button","`减少${product.name}`","{""onClick"":""() => changeQuantity(product.id, -1)""}","","","","quantity > 0","已定义交互事件","","定义与绑定已登记；业务结果按闭环表核对，不能将源码登记或同名按钮可见计为逐实例通过"
"CTRL-1253","src/normalized-ui/staff-actions/AssistedOrderSheet.tsx","476","AssistedOrderSheet","button","`添加${product.name}`","{""onClick"":""() => changeQuantity(product.id, 1)""}","","","!configurationReady || !inventoryAvailable","","已定义交互事件","","定义与绑定已登记；业务结果按闭环表核对，不能将源码登记或同名按钮可见计为逐实例通过"
"CTRL-1254","src/normalized-ui/staff-actions/AssistedOrderSheet.tsx","485","AssistedOrderSheet","input","赠送原因","{""onChange"":""(event) => setGiftReason(event.target.value)""}","","","","","已定义交互事件","","定义与绑定已登记；业务结果按闭环表核对，不能将源码登记或同名按钮可见计为逐实例通过"
"CTRL-1255","src/normalized-ui/staff-actions/AssistedOrderSheet.tsx","487","AssistedOrderSheet","input","出品备注","{""onChange"":""(event) => setNote(event.target.value)""}","","","","","已定义交互事件","","定义与绑定已登记；业务结果按闭环表核对，不能将源码登记或同名按钮可见计为逐实例通过"
"CTRL-1256","src/normalized-ui/staff-actions/AssistedOrderSheet.tsx","492","AssistedOrderSheet","button","{phase === 'submitting' ? <LoaderCircle className=""is-spinning"" size={18} /> : <Check size={18} />} {phase === 'submitting' ? '正在确认…' : mode === 'gift' ? '确认赠送并出品' : '核对无误，确认下单'}","{""onClick"":""() => void submit()""}","","","!canSubmit","","已定义交互事件","","定义与绑定已登记；业务结果按闭环表核对，不能将源码登记或同名按钮可见计为逐实例通过"
"CTRL-1257","src/normalized-ui/staff-actions/AssistedOrderSheet.tsx","534","StaffPaymentChoice","button","保留旧单待核对，继续收款","{""onClick"":""onRelease""}","","","busy","action !== null && status === 'pending'","已定义交互事件","","定义与绑定已登记；业务结果按闭环表核对，不能将源码登记或同名按钮可见计为逐实例通过"
"CTRL-1258","src/normalized-ui/staff-actions/AssistedOrderSheet.tsx","538","StaffPaymentChoice","button","完成","{""onClick"":""onDone""}","","","","status === 'succeeded'","已定义交互事件","","定义与绑定已登记；业务结果按闭环表核对，不能将源码登记或同名按钮可见计为逐实例通过"
"CTRL-1259","src/normalized-ui/staff-actions/AssistedOrderSheet.tsx","543","StaffPaymentChoice","button","重新生成付款码 客人扫码付款","{""onClick"":""onCreateQr""}","","","busy || !canInitiatePayment","status === 'succeeded' && status === 'failed' || status === 'closed'","已定义交互事件","","定义与绑定已登记；业务结果按闭环表核对，不能将源码登记或同名按钮可见计为逐实例通过"
"CTRL-1260","src/normalized-ui/staff-actions/AssistedOrderSheet.tsx","544","StaffPaymentChoice","button","扫描客人付款码 摄像头或扫码枪","{""onClick"":""onScan""}","","","busy || !canInitiatePayment","status === 'succeeded' && status === 'failed' || status === 'closed'","已定义交互事件","","定义与绑定已登记；业务结果按闭环表核对，不能将源码登记或同名按钮可见计为逐实例通过"
"CTRL-1261","src/normalized-ui/staff-actions/AssistedOrderSheet.tsx","546","StaffPaymentChoice","ManualCollectionChoice","","{""onSubmit"":""onManual""}","","","","status === 'succeeded' && status === 'failed' || status === 'closed'","已定义交互事件","","定义与绑定已登记；业务结果按闭环表核对，不能将源码登记或同名按钮可见计为逐实例通过"
"CTRL-1262","src/normalized-ui/staff-actions/AssistedOrderSheet.tsx","550","StaffPaymentChoice","button","完成演练","{""onClick"":""onDone""}","","","","status === 'succeeded' && status === 'failed' || status === 'closed' && action?.payload?.presentation === 'simulation'","已定义交互事件","","定义与绑定已登记；业务结果按闭环表核对，不能将源码登记或同名按钮可见计为逐实例通过"
"CTRL-1263","src/normalized-ui/staff-actions/AssistedOrderSheet.tsx","557","StaffPaymentChoice","button","{queryBusy ? '正在查询，可继续其他操作' : '查询结果'}","{""onClick"":""onQuery""}","","","queryBusy","status === 'succeeded' && status === 'failed' || status === 'closed' && action?.payload?.presentation === 'simulation' && qrValue !== null && canQuery","已定义交互事件","","定义与绑定已登记；业务结果按闭环表核对，不能将源码登记或同名按钮可见计为逐实例通过"
"CTRL-1264","src/normalized-ui/staff-actions/AssistedOrderSheet.tsx","558","StaffPaymentChoice","button","暂时收起","{""onClick"":""onDone""}","","","","status === 'succeeded' && status === 'failed' || status === 'closed' && action?.payload?.presentation === 'simulation' && qrValue !== null","已定义交互事件","","定义与绑定已登记；业务结果按闭环表核对，不能将源码登记或同名按钮可见计为逐实例通过"
"CTRL-1265","src/normalized-ui/staff-actions/AssistedOrderSheet.tsx","564","StaffPaymentChoice","button","{queryBusy ? '正在查询，可继续其他操作' : '查询结果'}","{""onClick"":""onQuery""}","","","queryBusy","status === 'succeeded' && status === 'failed' || status === 'closed' && action?.payload?.presentation === 'simulation' && qrValue !== null && action?.presentation === 'barcode' && canQuery","已定义交互事件","","定义与绑定已登记；业务结果按闭环表核对，不能将源码登记或同名按钮可见计为逐实例通过"
"CTRL-1266","src/normalized-ui/staff-actions/AssistedOrderSheet.tsx","565","StaffPaymentChoice","button","完成","{""onClick"":""onDone""}","","","","status === 'succeeded' && status === 'failed' || status === 'closed' && action?.payload?.presentation === 'simulation' && qrValue !== null && action?.presentation === 'barcode'","已定义交互事件","","定义与绑定已登记；业务结果按闭环表核对，不能将源码登记或同名按钮可见计为逐实例通过"
"CTRL-1267","src/normalized-ui/staff-actions/AssistedOrderSheet.tsx","568","StaffPaymentChoice","button","客人扫二维码 平板显示付款码","{""onClick"":""onCreateQr""}","","","busy || !canInitiatePayment","status === 'succeeded' && status === 'failed' || status === 'closed' && action?.payload?.presentation === 'simulation' && qrValue !== null && action?.presentation === 'barcode'","已定义交互事件","","定义与绑定已登记；业务结果按闭环表核对，不能将源码登记或同名按钮可见计为逐实例通过"
"CTRL-1268","src/normalized-ui/staff-actions/AssistedOrderSheet.tsx","569","StaffPaymentChoice","button","扫客人付款码 摄像头或扫码枪","{""onClick"":""onScan""}","","","busy || !canInitiatePayment","status === 'succeeded' && status === 'failed' || status === 'closed' && action?.payload?.presentation === 'simulation' && qrValue !== null && action?.presentation === 'barcode'","已定义交互事件","","定义与绑定已登记；业务结果按闭环表核对，不能将源码登记或同名按钮可见计为逐实例通过"
"CTRL-1269","src/normalized-ui/staff-actions/AssistedOrderSheet.tsx","571","StaffPaymentChoice","ManualCollectionChoice","","{""onSubmit"":""onManual""}","","","","status === 'succeeded' && status === 'failed' || status === 'closed' && action?.payload?.presentation === 'simulation' && qrValue !== null && action?.presentation === 'barcode'","已定义交互事件","","定义与绑定已登记；业务结果按闭环表核对，不能将源码登记或同名按钮可见计为逐实例通过"
"CTRL-1270","src/normalized-ui/staff-actions/AssistedOrderSheet.tsx","620","ManualCollectionChoice","button","现金已收 登记现金凭证","{""onClick"":""() => setProvider('cash')""}","","","busy","provider === null && access.canRecordCash","已定义交互事件","","定义与绑定已登记；业务结果按闭环表核对，不能将源码登记或同名按钮可见计为逐实例通过"
"CTRL-1271","src/normalized-ui/staff-actions/AssistedOrderSheet.tsx","621","ManualCollectionChoice","button","实体POS已收 登记终端与小票","{""onClick"":""() => setProvider('physical_pos')""}","","","busy","provider === null && access.canRecordPos","已定义交互事件","","定义与绑定已登记；业务结果按闭环表核对，不能将源码登记或同名按钮可见计为逐实例通过"
"CTRL-1272","src/normalized-ui/staff-actions/AssistedOrderSheet.tsx","622","ManualCollectionChoice","button","其他方式已收 登记外部凭证","{""onClick"":""() => setProvider('external_manual')""}","","","busy","provider === null && access.canRecordExternal","已定义交互事件","","定义与绑定已登记；业务结果按闭环表核对，不能将源码登记或同名按钮可见计为逐实例通过"
"CTRL-1273","src/normalized-ui/staff-actions/AssistedOrderSheet.tsx","624","ManualCollectionChoice","select","银行转账 其他扫码或数字钱包 储值卡或代金凭证 公司账户结算 其他经批准方式","{""onChange"":""(event) => { setExternalMethodCode(event.target.value as typeof externalMethodCode); resetConfirmation() }""}","","","","provider === null && provider === 'external_manual'","已定义交互事件","","定义与绑定已登记；业务结果按闭环表核对，不能将源码登记或同名按钮可见计为逐实例通过"
"CTRL-1274","src/normalized-ui/staff-actions/AssistedOrderSheet.tsx","625","ManualCollectionChoice","input","{provider === 'cash' ? '现金凭证号' : provider === 'physical_pos' ? 'POS小票/交易号' : '外部交易号或凭证号'}","{""onChange"":""(event) => { setReceiptReference(event.target.value); resetConfirmation() }""}","","","","provider === null","已定义交互事件","","定义与绑定已登记；业务结果按闭环表核对，不能将源码登记或同名按钮可见计为逐实例通过"
"CTRL-1275","src/normalized-ui/staff-actions/AssistedOrderSheet.tsx","626","ManualCollectionChoice","input","POS终端编号","{""onChange"":""(event) => { setTerminalId(event.target.value); resetConfirmation() }""}","","","","provider === null && provider === 'physical_pos'","已定义交互事件","","定义与绑定已登记；业务结果按闭环表核对，不能将源码登记或同名按钮可见计为逐实例通过"
"CTRL-1276","src/normalized-ui/staff-actions/AssistedOrderSheet.tsx","627","ManualCollectionChoice","textarea","收款说明","{""onChange"":""(event) => { setCollectionNote(event.target.value); resetConfirmation() }""}","","","","provider === null && provider === 'external_manual'","已定义交互事件","","定义与绑定已登记；业务结果按闭环表核对，不能将源码登记或同名按钮可见计为逐实例通过"
"CTRL-1277","src/normalized-ui/staff-actions/AssistedOrderSheet.tsx","630","ManualCollectionChoice","button","返回","{""onClick"":""() => { setProvider(null); setConfirmed(false) }""}","","","busy","provider === null","已定义交互事件","","定义与绑定已登记；业务结果按闭环表核对，不能将源码登记或同名按钮可见计为逐实例通过"
"CTRL-1278","src/normalized-ui/staff-actions/AssistedOrderSheet.tsx","631","ManualCollectionChoice","button","{confirmed ? '确认已到账并登记' : '核对并继续'}","{""onClick"":""() => void submit()""}","","","busy || !ready","provider === null","已定义交互事件","","定义与绑定已登记；业务结果按闭环表核对，不能将源码登记或同名按钮可见计为逐实例通过"
"CTRL-1279","src/normalized-ui/staff-actions/DeliveryBatchComposer.tsx","17","DeliveryBatchComposer","summary","合并本批配送单","{}","","","","","浏览器原生展开/收起","","定义与绑定已登记；业务结果按闭环表核对，不能将源码登记或同名按钮可见计为逐实例通过"
"CTRL-1280","src/normalized-ui/staff-actions/DeliveryBatchComposer.tsx","20","DeliveryBatchComposer","input","`${item.item.productName}本批数量`","{""onChange"":""event=>setQuantities(current=>({...current,[item.taskId]:Number(event.target.value)}))""}","","","busy","","已定义交互事件","","定义与绑定已登记；业务结果按闭环表核对，不能将源码登记或同名按钮可见计为逐实例通过"
"CTRL-1281","src/normalized-ui/staff-actions/DeliveryBatchComposer.tsx","22","DeliveryBatchComposer","button","{busy?'正在确认本批…':'确认本批备齐并生成配送单'}","{""onClick"":""()=>void submit()""}","","","busy","","已定义交互事件","","定义与绑定已登记；业务结果按闭环表核对，不能将源码登记或同名按钮可见计为逐实例通过"
"CTRL-1282","src/normalized-ui/staff-actions/FulfillmentHistoryPanel.tsx","47","FulfillmentHistoryPanel","form","营业日 桌号 刷新","{""onSubmit"":""event => { event.preventDefault(); void refresh.request(true) }""}","","","","","已定义交互事件","","定义与绑定已登记；业务结果按闭环表核对，不能将源码登记或同名按钮可见计为逐实例通过"
"CTRL-1283","src/normalized-ui/staff-actions/FulfillmentHistoryPanel.tsx","48","FulfillmentHistoryPanel","input","营业日","{""onChange"":""event => { setDate(event.target.value); setPage(0) }""}","event => { event.preventDefault(); void refresh.request(true) }","","","","所属表单：event => { event.preventDefault(); void refresh.request(true) }","","定义与绑定已登记；业务结果按闭环表核对，不能将源码登记或同名按钮可见计为逐实例通过"
"CTRL-1284","src/normalized-ui/staff-actions/FulfillmentHistoryPanel.tsx","49","FulfillmentHistoryPanel","input","桌号","{""onChange"":""event => { setTable(event.target.value); setPage(0) }""}","event => { event.preventDefault(); void refresh.request(true) }","","","","所属表单：event => { event.preventDefault(); void refresh.request(true) }","","定义与绑定已登记；业务结果按闭环表核对，不能将源码登记或同名按钮可见计为逐实例通过"
"CTRL-1285","src/normalized-ui/staff-actions/FulfillmentHistoryPanel.tsx","50","FulfillmentHistoryPanel","button","刷新","{}","event => { event.preventDefault(); void refresh.request(true) }","","busy","","所属表单：event => { event.preventDefault(); void refresh.request(true) }","","定义与绑定已登记；业务结果按闭环表核对，不能将源码登记或同名按钮可见计为逐实例通过"
"CTRL-1286","src/normalized-ui/staff-actions/FulfillmentHistoryPanel.tsx","58","FulfillmentHistoryPanel","button","商品处理","{""onClick"":""() => onOpenItem(item.id)""}","","","!!error","onOpenItem","已定义交互事件","","定义与绑定已登记；业务结果按闭环表核对，不能将源码登记或同名按钮可见计为逐实例通过"
"CTRL-1287","src/normalized-ui/staff-actions/FulfillmentHistoryPanel.tsx","64","FulfillmentHistoryPanel","button","上一页","{""onClick"":""() => setPage(value => value - 1)""}","","","busy || page === 0","","已定义交互事件","","定义与绑定已登记；业务结果按闭环表核对，不能将源码登记或同名按钮可见计为逐实例通过"
"CTRL-1288","src/normalized-ui/staff-actions/FulfillmentHistoryPanel.tsx","64","FulfillmentHistoryPanel","button","下一页","{""onClick"":""() => setPage(value => value + 1)""}","","","busy || !data?.hasMore","","已定义交互事件","","定义与绑定已登记；业务结果按闭环表核对，不能将源码登记或同名按钮可见计为逐实例通过"
"CTRL-1289","src/normalized-ui/staff-actions/ParticipantMovementSheet.tsx","93","ParticipantMovementSheet","button","关闭","{""onClick"":""props.onClose""}","","","","","已定义交互事件","","定义与绑定已登记；业务结果按闭环表核对，不能将源码登记或同名按钮可见计为逐实例通过"
"CTRL-1290","src/normalized-ui/staff-actions/ParticipantMovementSheet.tsx","96","ParticipantMovementSheet","button","人员拆桌","{""onClick"":""() => {setKind('participant_split');resetSelection()}""}","","","","phase==='loading'","已定义交互事件","","定义与绑定已登记；业务结果按闭环表核对，不能将源码登记或同名按钮可见计为逐实例通过"
"CTRL-1291","src/normalized-ui/staff-actions/ParticipantMovementSheet.tsx","97","ParticipantMovementSheet","button","人员并桌","{""onClick"":""() => {setKind('participant_merge');resetSelection()}""}","","","","phase==='loading'","已定义交互事件","","定义与绑定已登记；业务结果按闭环表核对，不能将源码登记或同名按钮可见计为逐实例通过"
"CTRL-1292","src/normalized-ui/staff-actions/ParticipantMovementSheet.tsx","102","ParticipantMovementSheet","button","选择全部（仅业务已结清时可全员并桌）","{""onClick"":""() => {\n              setSelected(participants.map((item) => item.publicId));setGuestCount(String(session.guestCount))\n            }""}","","","","phase==='loading' && phase!=='preview' && phase!=='saving' && kind==='participant_merge' && participants.length>0","已定义交互事件","","定义与绑定已登记；业务结果按闭环表核对，不能将源码登记或同名按钮可见计为逐实例通过"
"CTRL-1293","src/normalized-ui/staff-actions/ParticipantMovementSheet.tsx","106","ParticipantMovementSheet","input","","{""onChange"":""() => setSelected((current) => current.includes(participant.publicId)\n                ? current.filter((id) => id!==participant.publicId) : [...current,participant.publicId])""}","","","","","已定义交互事件","","定义与绑定已登记；业务结果按闭环表核对，不能将源码登记或同名按钮可见计为逐实例通过"
"CTRL-1294","src/normalized-ui/staff-actions/ParticipantMovementSheet.tsx","113","ParticipantMovementSheet","input","实际移动人数","{""onChange"":""(event) => setGuestCount(event.target.value.replace(/\\D/g,'').slice(0,3))""}","","","","phase==='loading' && phase!=='preview' && phase!=='saving'","已定义交互事件","","定义与绑定已登记；业务结果按闭环表核对，不能将源码登记或同名按钮可见计为逐实例通过"
"CTRL-1295","src/normalized-ui/staff-actions/ParticipantMovementSheet.tsx","114","ParticipantMovementSheet","select","请选择 {targets.map((item) => <option key={item.id} value={item.id}>{item.code} · {kind==='participant_split'?'空闲':`${item.activeSession?.guestCount ?? 0}人`}</option>)}","{""onChange"":""(event) => setTargetId(event.target.value)""}","","","","phase==='loading' && phase!=='preview' && phase!=='saving'","已定义交互事件","","定义与绑定已登记；业务结果按闭环表核对，不能将源码登记或同名按钮可见计为逐实例通过"
"CTRL-1296","src/normalized-ui/staff-actions/ParticipantMovementSheet.tsx","116","ParticipantMovementSheet","input","现场原因","{""onChange"":""(event) => setReason(event.target.value)""}","","","","phase==='loading' && phase!=='preview' && phase!=='saving'","已定义交互事件","","定义与绑定已登记；业务结果按闭环表核对，不能将源码登记或同名按钮可见计为逐实例通过"
"CTRL-1297","src/normalized-ui/staff-actions/ParticipantMovementSheet.tsx","117","ParticipantMovementSheet","input","加座与安全说明","{""onChange"":""(event) => setCapacityReason(event.target.value)""}","","","","phase==='loading' && phase!=='preview' && phase!=='saving' && needsCapacityReason","已定义交互事件","","定义与绑定已登记；业务结果按闭环表核对，不能将源码登记或同名按钮可见计为逐实例通过"
"CTRL-1298","src/normalized-ui/staff-actions/ParticipantMovementSheet.tsx","120","ParticipantMovementSheet","button","下一步：执行前预检","{""onClick"":""() => void previewAction()""}","","","","phase==='loading' && phase!=='preview' && phase!=='saving'","已定义交互事件","","定义与绑定已登记；业务结果按闭环表核对，不能将源码登记或同名按钮可见计为逐实例通过"
"CTRL-1299","src/normalized-ui/staff-actions/ParticipantMovementSheet.tsx","132","ParticipantMovementSheet","button","{phase==='saving'?<LoaderCircle className=""is-spinning"" size={17}/>:<Check size={17}/>} 确认执行","{""onClick"":""() => void execute()""}","","","phase==='saving' || (preview?.blockers.length ?? 0)>0","phase==='loading' && phase!=='preview' && phase!=='saving'","已定义交互事件","","定义与绑定已登记；业务结果按闭环表核对，不能将源码登记或同名按钮可见计为逐实例通过"
"CTRL-1300","src/normalized-ui/staff-actions/ParticipantMovementSheet.tsx","134","ParticipantMovementSheet","button","返回修改","{""onClick"":""() => setPhase('edit')""}","","","phase==='saving'","phase==='loading' && phase!=='preview' && phase!=='saving'","已定义交互事件","","定义与绑定已登记；业务结果按闭环表核对，不能将源码登记或同名按钮可见计为逐实例通过"
"CTRL-1301","src/normalized-ui/staff-actions/ParticipantMovementSheet.tsx","137","ParticipantMovementSheet","button","刷新名单并重新预检","{""onClick"":""() => {\n        setSelected([]);setPreview(null);setError(null);setPhase('loading');setReloadKey((value) => value+1)\n      }""}","","","","error","已定义交互事件","","定义与绑定已登记；业务结果按闭环表核对，不能将源码登记或同名按钮可见计为逐实例通过"
"CTRL-1302","src/normalized-ui/staff-actions/ResponsibilityAssignmentPanel.tsx","175","ResponsibilityAssignmentPanel","button","人员与责任桌 安排主服务员、候补或临时支援 {assignments.length > 0 ? `${assignments.length}项生效中` : '可批量安排'}","{""onClick"":""toggleExpanded""}","","","","","已定义交互事件","","定义与绑定已登记；业务结果按闭环表核对，不能将源码登记或同名按钮可见计为逐实例通过"
"CTRL-1303","src/normalized-ui/staff-actions/ResponsibilityAssignmentPanel.tsx","183","ResponsibilityAssignmentPanel","button","重新读取","{""onClick"":""() => void load()""}","","","","expanded && phase === 'error'","已定义交互事件","","定义与绑定已登记；业务结果按闭环表核对，不能将源码登记或同名按钮可见计为逐实例通过"
"CTRL-1304","src/normalized-ui/staff-actions/ResponsibilityAssignmentPanel.tsx","187","ResponsibilityAssignmentPanel","select","{options.employees.map((employee) => <option key={employee.id} value={employee.id}>{employee.displayName} · {employee.code}</option>)}","{""onChange"":""(event) => setEmployeeId(event.target.value)""}","","","","expanded && phase === 'ready' && options !== null","已定义交互事件","","定义与绑定已登记；业务结果按闭环表核对，不能将源码登记或同名按钮可见计为逐实例通过"
"CTRL-1305","src/normalized-ui/staff-actions/ResponsibilityAssignmentPanel.tsx","188","ResponsibilityAssignmentPanel","select","{options.roles.map((role) => <option key={role.id} value={role.id}>{role.name} · {role.code}</option>)}","{""onChange"":""(event) => setRoleId(event.target.value)""}","","","","expanded && phase === 'ready' && options !== null","已定义交互事件","","定义与绑定已登记；业务结果按闭环表核对，不能将源码登记或同名按钮可见计为逐实例通过"
"CTRL-1306","src/normalized-ui/staff-actions/ResponsibilityAssignmentPanel.tsx","189","ResponsibilityAssignmentPanel","select","主服务员 候补服务员 临时支援","{""onChange"":""(event) => setAssignmentType(event.target.value as StaffTableAssignmentType)""}","","","","expanded && phase === 'ready' && options !== null","已定义交互事件","","定义与绑定已登记；业务结果按闭环表核对，不能将源码登记或同名按钮可见计为逐实例通过"
"CTRL-1307","src/normalized-ui/staff-actions/ResponsibilityAssignmentPanel.tsx","190","ResponsibilityAssignmentPanel","input","开始时间","{""onChange"":""(event) => setStartsAt(event.target.value)""}","","","","expanded && phase === 'ready' && options !== null","已定义交互事件","","定义与绑定已登记；业务结果按闭环表核对，不能将源码登记或同名按钮可见计为逐实例通过"
"CTRL-1308","src/normalized-ui/staff-actions/ResponsibilityAssignmentPanel.tsx","191","ResponsibilityAssignmentPanel","input","结束时间（可不填）","{""onChange"":""(event) => setEndsAt(event.target.value)""}","","","","expanded && phase === 'ready' && options !== null","已定义交互事件","","定义与绑定已登记；业务结果按闭环表核对，不能将源码登记或同名按钮可见计为逐实例通过"
"CTRL-1309","src/normalized-ui/staff-actions/ResponsibilityAssignmentPanel.tsx","192","ResponsibilityAssignmentPanel","input","安排原因","{""onChange"":""(event) => setReason(event.target.value)""}","","","","expanded && phase === 'ready' && options !== null","已定义交互事件","","定义与绑定已登记；业务结果按闭环表核对，不能将源码登记或同名按钮可见计为逐实例通过"
"CTRL-1310","src/normalized-ui/staff-actions/ResponsibilityAssignmentPanel.tsx","199","ResponsibilityAssignmentPanel","input","搜索责任区域或桌台","{""onChange"":""(event) => setTableQuery(event.target.value)""}","","","","expanded && phase === 'ready' && options !== null","已定义交互事件","","定义与绑定已登记；业务结果按闭环表核对，不能将源码登记或同名按钮可见计为逐实例通过"
"CTRL-1311","src/normalized-ui/staff-actions/ResponsibilityAssignmentPanel.tsx","205","ResponsibilityAssignmentPanel","button","清空责任桌搜索","{""onClick"":""() => setTableQuery('')""}","","","","expanded && phase === 'ready' && options !== null && tableQuery !== ''","已定义交互事件","","定义与绑定已登记；业务结果按闭环表核对，不能将源码登记或同名按钮可见计为逐实例通过"
"CTRL-1312","src/normalized-ui/staff-actions/ResponsibilityAssignmentPanel.tsx","208","ResponsibilityAssignmentPanel","button","清空","{""onClick"":""() => setSelectedTableIds(new Set())""}","","","","expanded && phase === 'ready' && options !== null && selectedTables.length > 0","已定义交互事件","","定义与绑定已登记；业务结果按闭环表核对，不能将源码登记或同名按钮可见计为逐实例通过"
"CTRL-1313","src/normalized-ui/staff-actions/ResponsibilityAssignmentPanel.tsx","209","ResponsibilityAssignmentPanel","button","`移除 ${table.code}`","{""onClick"":""() => toggleTable(table.id)""}","","","","","已定义交互事件","","定义与绑定已登记；业务结果按闭环表核对，不能将源码登记或同名按钮可见计为逐实例通过"
"CTRL-1314","src/normalized-ui/staff-actions/ResponsibilityAssignmentPanel.tsx","218","ResponsibilityAssignmentPanel","button","{area.name} {area.tables.length} 桌 {selectedCount > 0 ? ` · 已选${selectedCount}` : ''}","{""onClick"":""() => toggleAreaOpen(area.id)""}","","","","","已定义交互事件","","定义与绑定已登记；业务结果按闭环表核对，不能将源码登记或同名按钮可见计为逐实例通过"
"CTRL-1315","src/normalized-ui/staff-actions/ResponsibilityAssignmentPanel.tsx","222","ResponsibilityAssignmentPanel","button","{allSelected ? '取消整区' : '选择整区'}","{""onClick"":""() => toggleArea(ids)""}","","","","","已定义交互事件","","定义与绑定已登记；业务结果按闭环表核对，不能将源码登记或同名按钮可见计为逐实例通过"
"CTRL-1316","src/normalized-ui/staff-actions/ResponsibilityAssignmentPanel.tsx","224","ResponsibilityAssignmentPanel","input","","{""onChange"":""() => toggleTable(table.id)""}","","","","","已定义交互事件","","定义与绑定已登记；业务结果按闭环表核对，不能将源码登记或同名按钮可见计为逐实例通过"
"CTRL-1317","src/normalized-ui/staff-actions/ResponsibilityAssignmentPanel.tsx","230","ResponsibilityAssignmentPanel","button","{busy ? <LoaderCircle className=""is-spinning"" size={18} /> : <UserRoundCheck size={18} />} 发布 {selectedTableIds.size > 0 ? `${selectedTableIds.size} 张桌台` : '责任安排'}","{""onClick"":""() => void submit()""}","","","busy || selectedTableIds.size === 0","expanded && phase === 'ready' && options !== null","已定义交互事件","","定义与绑定已登记；业务结果按闭环表核对，不能将源码登记或同名按钮可见计为逐实例通过"
"CTRL-1318","src/normalized-ui/staff-actions/ResponsibilityAssignmentPanel.tsx","236","ResponsibilityAssignmentPanel","button","{endingId === assignment.id ? '再次确认结束' : '结束责任'}","{""onClick"":""() => void endAssignment(assignment)""}","","","busy","","已定义交互事件","","定义与绑定已登记；业务结果按闭环表核对，不能将源码登记或同名按钮可见计为逐实例通过"
"CTRL-1319","src/normalized-ui/staff-actions/StaffActionsPanel.tsx","1061","StaffActionsPanel","button","刷新现场","{""onClick"":""() => void load()""}","","","","","已定义交互事件","","定义与绑定已登记；业务结果按闭环表核对，不能将源码登记或同名按钮可见计为逐实例通过"
"CTRL-1320","src/normalized-ui/staff-actions/StaffActionsPanel.tsx","1069","StaffActionsPanel","button","关闭提示","{""onClick"":""() => noticeController.clear()""}","","","","notice !== null","已定义交互事件","","定义与绑定已登记；业务结果按闭环表核对，不能将源码登记或同名按钮可见计为逐实例通过"
"CTRL-1321","src/normalized-ui/staff-actions/StaffActionsPanel.tsx","1080","StaffActionsPanel","input","搜索桌号或区域","{""onChange"":""(event) => setTableQuery(event.target.value)""}","","","","tab === 'tables' && operations !== null","已定义交互事件","","定义与绑定已登记；业务结果按闭环表核对，不能将源码登记或同名按钮可见计为逐实例通过"
"CTRL-1322","src/normalized-ui/staff-actions/StaffActionsPanel.tsx","1081","StaffActionsPanel","select","按区域筛选桌台","{""onChange"":""(event) => setTableAreaId(event.target.value)""}","","","","tab === 'tables' && operations !== null","已定义交互事件","","定义与绑定已登记；业务结果按闭环表核对，不能将源码登记或同名按钮可见计为逐实例通过"
"CTRL-1323","src/normalized-ui/staff-actions/StaffActionsPanel.tsx","1086","StaffActionsPanel","button","营业中","{""onClick"":""() => setTableScope('attention')""}","","","","tab === 'tables' && operations !== null","已定义交互事件","","定义与绑定已登记；业务结果按闭环表核对，不能将源码登记或同名按钮可见计为逐实例通过"
"CTRL-1324","src/normalized-ui/staff-actions/StaffActionsPanel.tsx","1087","StaffActionsPanel","button","待支付 {tablePaymentDueCount > 0 && <i aria-label={`${tablePaymentDueCount}桌待支付`}>{tablePaymentDueCount}</i>}","{""onClick"":""() => setTableScope('unpaid')""}","","","","tab === 'tables' && operations !== null","已定义交互事件","","定义与绑定已登记；业务结果按闭环表核对，不能将源码登记或同名按钮可见计为逐实例通过"
"CTRL-1325","src/normalized-ui/staff-actions/StaffActionsPanel.tsx","1088","StaffActionsPanel","button","负责桌","{""onClick"":""() => setTableScope('mine')""}","","","","tab === 'tables' && operations !== null","已定义交互事件","","定义与绑定已登记；业务结果按闭环表核对，不能将源码登记或同名按钮可见计为逐实例通过"
"CTRL-1326","src/normalized-ui/staff-actions/StaffActionsPanel.tsx","1089","StaffActionsPanel","button","全部 {tableExceptionCount > 0 && <i aria-label={`${tableExceptionCount}桌有支付或退款异常`}>{tableExceptionCount}</i>}","{""onClick"":""() => setTableScope('all')""}","","","","tab === 'tables' && operations !== null","已定义交互事件","","定义与绑定已登记；业务结果按闭环表核对，不能将源码登记或同名按钮可见计为逐实例通过"
"CTRL-1327","src/normalized-ui/staff-actions/StaffActionsPanel.tsx","1100","StaffActionsPanel","button","查看待支付","{""onClick"":""() => setTableScope('unpaid')""}","","","","tab === 'tables' && operations !== null && (tablePaymentDueCount > 0 || tableRefundCount > 0) && tablePaymentDueCount > 0","已定义交互事件","","定义与绑定已登记；业务结果按闭环表核对，不能将源码登记或同名按钮可见计为逐实例通过"
"CTRL-1328","src/normalized-ui/staff-actions/StaffActionsPanel.tsx","1101","StaffActionsPanel","button","{tableRefundActionCount > 0 ? '处理退款' : '查看退款进度'}","{""onClick"":""() => onNavigate('/staff/payments')""}","","","","tab === 'tables' && operations !== null && (tablePaymentDueCount > 0 || tableRefundCount > 0) && tableRefundCount > 0 && onNavigate !== undefined","已定义交互事件","","定义与绑定已登记；业务结果按闭环表核对，不能将源码登记或同名按钮可见计为逐实例通过"
"CTRL-1329","src/normalized-ui/staff-actions/StaffActionsPanel.tsx","1103","StaffActionsPanel","button","查看全部桌台","{""onClick"":""() => setTableScope('all')""}","","","","tab === 'tables' && operations !== null && visibleTables.length === 0","已定义交互事件","","定义与绑定已登记；业务结果按闭环表核对，不能将源码登记或同名按钮可见计为逐实例通过"
"CTRL-1330","src/normalized-ui/staff-actions/StaffActionsPanel.tsx","1120","StaffActionsPanel","button","{table.code} {table.activeSession === null ? `${table.capacity}人 · 空台` : `${table.activeSession.guestCount}人 · ${`${table.activeSession.status === 'closing' ? '结台中 · ' : ''}${tableFinancialLabel(table.activeSession.financialState)}`}`} {table.activeSession !== null && <em className=""staff-table-spend"">已点 ¥{((table.activeSession.orderAmountMinor??0)/100).toFixed(2)}</em>} {table.activeSession !== null && (table.activeSession.refundedAmountMinor ?? 0) > 0 && <em className=""staff-table-financial-detail"">已退 ¥{((table.activeSession.refundedAmountMinor ?? 0)/100).toFixed(2)} · 净收 ¥{((table.activeSession.netCollectedAmountMinor ?? 0)/100).toFixed(2)}</em>} {table.activeSession !== null && (table.ac","{""onClick"":""() => selectTable(table)""}","","","pendingAction === `table:${table.id}`","","已定义交互事件","","定义与绑定已登记；业务结果按闭环表核对，不能将源码登记或同名按钮可见计为逐实例通过"
"CTRL-1331","src/normalized-ui/staff-actions/StaffActionsPanel.tsx","1139","StaffActionsPanel","button","`${table.code}直接收款`","{""onClick"":""() => {\n                        selectTable(table, false)\n                        secondaryTableSessionIdRef.current = table.activeSession?.id ?? null\n                        setTablePaymentOpen(true)\n                      }""}","","","pendingAction === `table:${table.id}`","canCollect","已定义交互事件","","定义与绑定已登记；业务结果按闭环表核对，不能将源码登记或同名按钮可见计为逐实例通过"
"CTRL-1332","src/normalized-ui/staff-actions/StaffActionsPanel.tsx","1226","StaffActionsPanel","input","输入会员号或核销码","{""onChange"":""(event)=>setMemberBenefitQuery(event.target.value)""}","","","","tab === 'tasks' && operations !== null","已定义交互事件","","定义与绑定已登记；业务结果按闭环表核对，不能将源码登记或同名按钮可见计为逐实例通过"
"CTRL-1333","src/normalized-ui/staff-actions/StaffActionsPanel.tsx","1227","StaffActionsPanel","button","扫描会员码","{""onClick"":""()=>setMemberScannerOpen(true)""}","","","","tab === 'tasks' && operations !== null","已定义交互事件","","定义与绑定已登记；业务结果按闭环表核对，不能将源码登记或同名按钮可见计为逐实例通过"
"CTRL-1334","src/normalized-ui/staff-actions/StaffActionsPanel.tsx","1238","StaffActionsPanel","article","`查看${task.tableCode}${task.title}详情`","{""onClick"":""(event)=>{\n                if((event.target as HTMLElement).closest('button,input,select,textarea,a')) return\n                focusActionCard(task.id)\n              }"",""onKeyDown"":""(event)=>{\n                if(event.currentTarget!==event.target||!['Enter',' '].includes(event.key)) return\n                event.preventDefault();focusActionCard(task.id)\n              }""}","","","","","已定义交互事件","","定义与绑定已登记；业务结果按闭环表核对，不能将源码登记或同名按钮可见计为逐实例通过"
"CTRL-1335","src/normalized-ui/staff-actions/StaffActionsPanel.tsx","1263","StaffActionsPanel","input","`${task.tableCode}投诉处理结果`","{""onChange"":""(event) => setResolutionNotes((current) => ({ ...current, [task.id]: event.target.value }))""}","","","","task.interactionMode === 'manager_resolution'","已定义交互事件","","定义与绑定已登记；业务结果按闭环表核对，不能将源码登记或同名按钮可见计为逐实例通过"
"CTRL-1336","src/normalized-ui/staff-actions/StaffActionsPanel.tsx","1273","StaffActionsPanel","button","核对补送份数","{""onClick"":""()=>setRedeliveryItemId(task.originalOrderItemId!)""}","","","","task.taskType==='goods.redelivery'&&task.originalOrderItemId&&permissions.includes('refund.request')","已定义交互事件","","定义与绑定已登记；业务结果按闭环表核对，不能将源码登记或同名按钮可见计为逐实例通过"
"CTRL-1337","src/normalized-ui/staff-actions/StaffActionsPanel.tsx","1274","StaffActionsPanel","button","{task.interactionMode === 'manager_resolution' ? '记录并完成' : '完成'}","{""onClick"":""() => void completeServiceTask(task)""}","","","pendingAction === `service:${task.id}`","task.taskType==='goods.redelivery'&&task.originalOrderItemId&&permissions.includes('refund.request') && hasPermission(permissions, 'service.execute')","已定义交互事件","","定义与绑定已登记；业务结果按闭环表核对，不能将源码登记或同名按钮可见计为逐实例通过"
"CTRL-1338","src/normalized-ui/staff-actions/StaffActionsPanel.tsx","1278","StaffActionsPanel","button","查看说明","{""onClick"":""() => revealPermissionGuidance('service.execute')""}","","","","task.taskType==='goods.redelivery'&&task.originalOrderItemId&&permissions.includes('refund.request') && hasPermission(permissions, 'service.execute')","已定义交互事件","","定义与绑定已登记；业务结果按闭环表核对，不能将源码登记或同名按钮可见计为逐实例通过"
"CTRL-1339","src/normalized-ui/staff-actions/StaffActionsPanel.tsx","1289","StaffActionsPanel","button","{pendingAction==='kds:recover'?'正在恢复…':'恢复上次结果'}","{""onClick"":""()=>void recoverKdsResults()""}","","","pendingAction==='kds:recover'","tab === 'fulfillment' && operations !== null && (api.pendingKdsActions?.().length??0)>0","已定义交互事件","","定义与绑定已登记；业务结果按闭环表核对，不能将源码登记或同名按钮可见计为逐实例通过"
"CTRL-1340","src/normalized-ui/staff-actions/StaffActionsPanel.tsx","1289","StaffActionsPanel","button","恢复登录","{""onClick"":""onLoginRequired""}","","","","tab === 'fulfillment' && operations !== null && fulfillment?.actor.actionSessionValid===false && onLoginRequired","已定义交互事件","","定义与绑定已登记；业务结果按闭环表核对，不能将源码登记或同名按钮可见计为逐实例通过"
"CTRL-1341","src/normalized-ui/staff-actions/StaffActionsPanel.tsx","1289","StaffActionsPanel","button","待制作（ {fulfillmentVisibleItems.filter(item => item.quantities?item.quantities.unmade+item.quantities.started+item.quantities.held>0:!item.readyForDelivery).length} ）","{""onClick"":""()=>setFulfillmentHistory('active')""}","","","","tab === 'fulfillment' && operations !== null","已定义交互事件","","定义与绑定已登记；业务结果按闭环表核对，不能将源码登记或同名按钮可见计为逐实例通过"
"CTRL-1342","src/normalized-ui/staff-actions/StaffActionsPanel.tsx","1289","StaffActionsPanel","button","待取送（ {fulfillmentVisibleItems.filter(item => item.readyForDelivery).length} ）","{""onClick"":""()=>setFulfillmentHistory('delivery')""}","","","","tab === 'fulfillment' && operations !== null","已定义交互事件","","定义与绑定已登记；业务结果按闭环表核对，不能将源码登记或同名按钮可见计为逐实例通过"
"CTRL-1343","src/normalized-ui/staff-actions/StaffActionsPanel.tsx","1289","StaffActionsPanel","button","我的已制作","{""onClick"":""()=>setFulfillmentHistory('prepared')""}","","","","tab === 'fulfillment' && operations !== null && permissions.some(permission=>['order.history.view','order.history.all'].includes(permission)) && permissions.includes('kds.prepare')","已定义交互事件","","定义与绑定已登记；业务结果按闭环表核对，不能将源码登记或同名按钮可见计为逐实例通过"
"CTRL-1344","src/normalized-ui/staff-actions/StaffActionsPanel.tsx","1289","StaffActionsPanel","button","我的已送达","{""onClick"":""()=>setFulfillmentHistory('delivered')""}","","","","tab === 'fulfillment' && operations !== null && permissions.some(permission=>['order.history.view','order.history.all'].includes(permission)) && permissions.includes('kds.deliver')","已定义交互事件","","定义与绑定已登记；业务结果按闭环表核对，不能将源码登记或同名按钮可见计为逐实例通过"
"CTRL-1345","src/normalized-ui/staff-actions/StaffActionsPanel.tsx","1293","StaffActionsPanel","button","重新读取出品","{""onClick"":""() => void load(true)""}","","","","tab === 'fulfillment' && operations !== null && fulfillmentStale","已定义交互事件","","定义与绑定已登记；业务结果按闭环表核对，不能将源码登记或同名按钮可见计为逐实例通过"
"CTRL-1346","src/normalized-ui/staff-actions/StaffActionsPanel.tsx","1294","StaffActionsPanel","input","按桌号或品名查找出品","{""onChange"":""event=>{setFulfillmentSearch(event.target.value);setFulfillmentLimit(24)}""}","","","","tab === 'fulfillment' && operations !== null","已定义交互事件","","定义与绑定已登记；业务结果按闭环表核对，不能将源码登记或同名按钮可见计为逐实例通过"
"CTRL-1347","src/normalized-ui/staff-actions/StaffActionsPanel.tsx","1295","StaffActionsPanel","DeliveryBatchComposer","","{""onSubmit"":""items=>api.createDeliveryBatch!(items)""}","","","","tab === 'fulfillment' && operations !== null && !fulfillmentStale&&pendingFulfillment.size===0&&pendingKds.length===0&&legacyKdsTaskIds.length===0&&fulfillment?.actor.actionSessionValid!==false&&permissions.includes('kds.deliver')&&api.createDeliveryBatch","已定义交互事件","","定义与绑定已登记；业务结果按闭环表核对，不能将源码登记或同名按钮可见计为逐实例通过"
"CTRL-1348","src/normalized-ui/staff-actions/StaffActionsPanel.tsx","1300","StaffActionsPanel","input","历史遗留批量结案原因","{""onChange"":""(event)=>setCarryoverBulkReason(event.target.value)""}","","","","tab === 'fulfillment' && operations !== null && fulfillmentVisibleItems.some((item)=>item.carryover) && permissions.includes('kds.exception.manage')","已定义交互事件","","定义与绑定已登记；业务结果按闭环表核对，不能将源码登记或同名按钮可见计为逐实例通过"
"CTRL-1349","src/normalized-ui/staff-actions/StaffActionsPanel.tsx","1301","StaffActionsPanel","button","{pendingAction==='kds-cancel:all-carryover'?'正在逐项结案':'批量标记不再出品'}","{""onClick"":""()=>void cancelAllCarryoverFulfillment()""}","","","pendingAction!==null || fulfillmentStale || pendingFulfillment.size>0 || pendingKds.length>0 || legacyKdsTaskIds.length>0","tab === 'fulfillment' && operations !== null && fulfillmentVisibleItems.some((item)=>item.carryover) && permissions.includes('kds.exception.manage')","已定义交互事件","","定义与绑定已登记；业务结果按闭环表核对，不能将源码登记或同名按钮可见计为逐实例通过"
"CTRL-1350","src/normalized-ui/staff-actions/StaffActionsPanel.tsx","1308","StaffActionsPanel","article","`查看${item.table.code}${item.item.productName}出品详情`","{""onClick"":""(event)=>{\n                  if((event.target as HTMLElement).closest('button,input,select,textarea,a')) return\n                  focusActionCard(item.taskId)\n                }"",""onKeyDown"":""(event)=>{\n                  if(event.currentTarget!==event.target||!['Enter',' '].includes(event.key)) return\n                  event.preventDefault();focusActionCard(item.taskId)\n                }""}","","","","","已定义交互事件","","定义与绑定已登记；业务结果按闭环表核对，不能将源码登记或同名按钮可见计为逐实例通过"
"CTRL-1351","src/normalized-ui/staff-actions/StaffActionsPanel.tsx","1336","StaffActionsPanel","input","`${item.item.productName}历史出品取消说明`","{""onChange"":""(event) => {\n                        setCarryoverCancelConfirmTaskId(null)\n                        setCarryoverCancelNotes((current) => ({ ...current, [item.taskId]: event.target.value }))\n                      }""}","","","","item.carryover && permissions.includes('kds.exception.manage')","已定义交互事件","","定义与绑定已登记；业务结果按闭环表核对，不能将源码登记或同名按钮可见计为逐实例通过"
"CTRL-1352","src/normalized-ui/staff-actions/StaffActionsPanel.tsx","1350","StaffActionsPanel","button","商品处理","{""onClick"":""()=>setRedeliveryItemId(item.item.id!)""}","","","fulfillmentBlocked(item.taskId)","(quantityBatchEnabled||quantityRecoveryAvailable)&&permissions.includes('refund.request')&&item.item.id","已定义交互事件","","定义与绑定已登记；业务结果按闭环表核对，不能将源码登记或同名按钮可见计为逐实例通过"
"CTRL-1353","src/normalized-ui/staff-actions/StaffActionsPanel.tsx","1351","StaffActionsPanel","input","`${item.table.code}${item.item.productName}本次${fulfillmentCommand==='deliver'?'送达':'完成'}份数`","{""onChange"":""event=>setQuantitySelections(current=>({...current,[`${item.taskId}:${fulfillmentCommand}`]:event.target.value}))""}","","","fulfillmentBlocked(item.taskId)","(quantityBatchEnabled||item.quantities)&&fulfillmentCommand!==null&&fulfillmentCommand!=='remake'&&item.item.quantity>1","已定义交互事件","","定义与绑定已登记；业务结果按闭环表核对，不能将源码登记或同名按钮可见计为逐实例通过"
"CTRL-1354","src/normalized-ui/staff-actions/StaffActionsPanel.tsx","1356","StaffActionsPanel","button","{fulfillmentCommand === 'deliver' ? <Send size={18} /> : <ChefHat size={18} />} {pendingFulfillment.get(item.taskId) === 'syncing' ? '已确认，等待同步' : pendingFulfillment.get(item.taskId) === 'submitting' ? '正在确认…' : pendingKds.some(pending => pending.taskId === item.taskId) ? '结果待确认' : fulfillmentCommand === 'deliver' ? ((item.quantities||quantitySelections[`${item.taskId}:${fulfillmentCommand}`]!==undefined)?'本次已送达':'全部已送达') : fulfillmentCommand === 'remake' ? '重新制作' : '制作完成'}","{""onClick"":""() => void runFulfillmentAction(item)""}","","","fulfillmentBlocked(item.taskId)","fulfillmentCommand !== null","已定义交互事件","","定义与绑定已登记；业务结果按闭环表核对，不能将源码登记或同名按钮可见计为逐实例通过"
"CTRL-1355","src/normalized-ui/staff-actions/StaffActionsPanel.tsx","1362","StaffActionsPanel","button","查看权限说明","{""onClick"":""() => revealPermissionGuidance(missingPermission)""}","","","","fulfillmentCommand === null","已定义交互事件","","定义与绑定已登记；业务结果按闭环表核对，不能将源码登记或同名按钮可见计为逐实例通过"
"CTRL-1356","src/normalized-ui/staff-actions/StaffActionsPanel.tsx","1365","StaffActionsPanel","button","{carryoverCancelConfirmTaskId === item.taskId ? '确认取消遗留' : '不再出品'}","{""onClick"":""() => void cancelCarryoverFulfillment(item)""}","","","fulfillmentBlocked(item.taskId) || pendingAction === `kds-cancel:${item.taskId}`","item.carryover && permissions.includes('kds.exception.manage')","已定义交互事件","","定义与绑定已登记；业务结果按闭环表核对，不能将源码登记或同名按钮可见计为逐实例通过"
"CTRL-1357","src/normalized-ui/staff-actions/StaffActionsPanel.tsx","1379","StaffActionsPanel","button","再显示24项（还有 {filteredFulfillmentItems.length - visibleFulfillmentCards.length} 项）","{""onClick"":""() => setFulfillmentLimit(value => value + 24)""}","","","","tab === 'fulfillment' && operations !== null && filteredFulfillmentItems.length > visibleFulfillmentCards.length","已定义交互事件","","定义与绑定已登记；业务结果按闭环表核对，不能将源码登记或同名按钮可见计为逐实例通过"
"CTRL-1358","src/normalized-ui/staff-actions/StaffActionsPanel.tsx","1480","MemberBenefitTaskCards","select","{item.allowedProducts.map((product)=><option key={product.productId} value={product.productId}>{product.name}{product.isOriginal?'（原礼遇）':'（合规替代）'}</option>)}","{""onChange"":""(event)=>onSelection(item.reservationId,{productId:event.target.value,reason:selection.reason})""}","","","","","已定义交互事件","","定义与绑定已登记；业务结果按闭环表核对，不能将源码登记或同名按钮可见计为逐实例通过"
"CTRL-1359","src/normalized-ui/staff-actions/StaffActionsPanel.tsx","1483","MemberBenefitTaskCards","input","替换原因","{""onChange"":""(event)=>onSelection(item.reservationId,{...selection,reason:event.target.value})""}","","","","selected&&!selected.isOriginal","已定义交互事件","","定义与绑定已登记；业务结果按闭环表核对，不能将源码登记或同名按钮可见计为逐实例通过"
"CTRL-1360","src/normalized-ui/staff-actions/StaffActionsPanel.tsx","1487","MemberBenefitTaskCards","button","{pendingAction===`member-gift:${item.reservationId}`?'正在核销':'二次确认并出品'}","{""onClick"":""()=>onRedeemGift(item)""}","","","pendingAction!==null","","已定义交互事件","","定义与绑定已登记；业务结果按闭环表核对，不能将源码登记或同名按钮可见计为逐实例通过"
"CTRL-1361","src/normalized-ui/staff-actions/StaffActionsPanel.tsx","1489","MemberBenefitTaskCards","button","{pendingAction===`member-gift-cancel:${item.reservationId}`?'正在取消':'取消暂留'}","{""onClick"":""()=>onCancelGift(item)""}","","","pendingAction!==null","","已定义交互事件","","定义与绑定已登记；业务结果按闭环表核对，不能将源码登记或同名按钮可见计为逐实例通过"
"CTRL-1362","src/normalized-ui/staff-actions/StaffActionsPanel.tsx","1500","MemberBenefitTaskCards","button","{pendingAction===`member-snack:${item.id}`?'正在核销':'确认核销并出品'}","{""onClick"":""()=>onRedeemSnack(item)""}","","","pendingAction!==null","item.status==='reserved'","已定义交互事件","","定义与绑定已登记；业务结果按闭环表核对，不能将源码登记或同名按钮可见计为逐实例通过"
"CTRL-1363","src/normalized-ui/staff-actions/StaffActionsPanel.tsx","1503","MemberBenefitTaskCards","button","{pendingAction===`member-snack-cancel:${item.id}`?'正在取消':'取消暂留'}","{""onClick"":""()=>onCancelSnack(item)""}","","","pendingAction!==null","item.status==='reserved'","已定义交互事件","","定义与绑定已登记；业务结果按闭环表核对，不能将源码登记或同名按钮可见计为逐实例通过"
"CTRL-1364","src/normalized-ui/staff-actions/StaffActionsPanel.tsx","1593","PriorityQueue","button","上调","{""onClick"":""() => onOverride(entry, 'promote')""}","","","pendingAction !== null","canManage","已定义交互事件","","定义与绑定已登记；业务结果按闭环表核对，不能将源码登记或同名按钮可见计为逐实例通过"
"CTRL-1365","src/normalized-ui/staff-actions/StaffActionsPanel.tsx","1593","PriorityQueue","button","下调","{""onClick"":""() => onOverride(entry, 'demote')""}","","","pendingAction !== null","canManage","已定义交互事件","","定义与绑定已登记；业务结果按闭环表核对，不能将源码登记或同名按钮可见计为逐实例通过"
"CTRL-1366","src/normalized-ui/staff-actions/StaffActionsPanel.tsx","1593","PriorityQueue","button","恢复默认","{""onClick"":""() => onOverride(entry, 'clear')""}","","","pendingAction !== null","canManage","已定义交互事件","","定义与绑定已登记；业务结果按闭环表核对，不能将源码登记或同名按钮可见计为逐实例通过"
"CTRL-1367","src/normalized-ui/staff-actions/StaffActionsPanel.tsx","1622","ReservationList","button","刷新","{""onClick"":""onRefresh""}","","","","","已定义交互事件","","定义与绑定已登记；业务结果按闭环表核对，不能将源码登记或同名按钮可见计为逐实例通过"
"CTRL-1368","src/normalized-ui/staff-actions/StaffActionsPanel.tsx","1625","ReservationList","button","当前营业日","{""onClick"":""() => onRangeChange('current')""}","","","","","已定义交互事件","","定义与绑定已登记；业务结果按闭环表核对，不能将源码登记或同名按钮可见计为逐实例通过"
"CTRL-1369","src/normalized-ui/staff-actions/StaffActionsPanel.tsx","1626","ReservationList","button","跨日未闭环","{""onClick"":""() => onRangeChange('carryover')""}","","","","","已定义交互事件","","定义与绑定已登记；业务结果按闭环表核对，不能将源码登记或同名按钮可见计为逐实例通过"
"CTRL-1370","src/normalized-ui/staff-actions/StaffActionsPanel.tsx","1627","ReservationList","button","历史查询","{""onClick"":""() => onRangeChange('history')""}","","","","","已定义交互事件","","定义与绑定已登记；业务结果按闭环表核对，不能将源码登记或同名按钮可见计为逐实例通过"
"CTRL-1371","src/normalized-ui/staff-actions/StaffActionsPanel.tsx","1630","ReservationList","input","开始日期","{""onChange"":""(event) => onHistoryFromChange(event.target.value)""}","","","","range === 'history'","已定义交互事件","","定义与绑定已登记；业务结果按闭环表核对，不能将源码登记或同名按钮可见计为逐实例通过"
"CTRL-1372","src/normalized-ui/staff-actions/StaffActionsPanel.tsx","1631","ReservationList","input","结束日期","{""onChange"":""(event) => onHistoryToChange(event.target.value)""}","","","","range === 'history'","已定义交互事件","","定义与绑定已登记；业务结果按闭环表核对，不能将源码登记或同名按钮可见计为逐实例通过"
"CTRL-1373","src/normalized-ui/staff-actions/StaffActionsPanel.tsx","1632","ReservationList","button","查询","{""onClick"":""onRefresh""}","","","historyFrom === '' || historyTo === ''","range === 'history'","已定义交互事件","","定义与绑定已登记；业务结果按闭环表核对，不能将源码登记或同名按钮可见计为逐实例通过"
"CTRL-1374","src/normalized-ui/staff-actions/StaffActionsPanel.tsx","1654","ReservationList","button","{pending ? '确认中…' : '确认预约'}","{""onClick"":""() => onAction(reservation, 'confirm')""}","","","pending","canManage && reservation.status === 'pending'","已定义交互事件","","定义与绑定已登记；业务结果按闭环表核对，不能将源码登记或同名按钮可见计为逐实例通过"
"CTRL-1375","src/normalized-ui/staff-actions/StaffActionsPanel.tsx","1659","ReservationList","button","{pending ? '登记中…' : '客人到店'}","{""onClick"":""() => onAction(reservation, 'arrive')""}","","","pending","canManage && reservation.status === 'confirmed'","已定义交互事件","","定义与绑定已登记；业务结果按闭环表核对，不能将源码登记或同名按钮可见计为逐实例通过"
"CTRL-1376","src/normalized-ui/staff-actions/StaffActionsPanel.tsx","1664","ReservationList","button","{pending ? '归档中…' : '完成接待'}","{""onClick"":""() => onAction(reservation, 'complete')""}","","","pending","canManage && (reservation.status === 'arrived' || reservation.status === 'seated')","已定义交互事件","","定义与绑定已登记；业务结果按闭环表核对，不能将源码登记或同名按钮可见计为逐实例通过"
"CTRL-1377","src/normalized-ui/staff-actions/StaffActionsPanel.tsx","1768","TableActionSheet","button","{props.pending ? '正在结台…' : props.closeConfirm ? table.activeSession?.status === 'closing' ? '确认完成结台' : '确认结台' : table.activeSession?.status === 'closing' ? '继续结台' : '准备结台'}","{""onClick"":""props.onClose""}","","","props.pending","hasPermission(props.permissions, 'table.close')","已定义交互事件","","定义与绑定已登记；业务结果按闭环表核对，不能将源码登记或同名按钮可见计为逐实例通过"
"CTRL-1378","src/normalized-ui/staff-actions/StaffActionsPanel.tsx","1771","TableActionSheet","button","关台说明","{""onClick"":""() => props.onPermissionGuidance('table.close')""}","","","","hasPermission(props.permissions, 'table.close')","已定义交互事件","","定义与绑定已登记；业务结果按闭环表核对，不能将源码登记或同名按钮可见计为逐实例通过"
"CTRL-1379","src/normalized-ui/staff-actions/StaffActionsPanel.tsx","1812","TableActionSheet","div","{table.code} · {table.displayName} {table.areaName} · 容量 {table.capacity} 人 {table.activeSession === null ? '空闲' : table.activeSession.status === 'closing' ? '结台中' : '已开台'} {table.activeSession === null ? ( <div className=""staff-open-table""> <label><Users size={17} /> 实际到店人数</label> <div className=""staff-count-picks""> {Array.from({ length: Math.min(8, Math.max(4, table.capacity + 2)) }, (_, index) => index + 1).map((count) => ( <button type=""button"" className={props.guestCount === String(count) ? 'is-active' : ''} key={count} onClick={() => props.onGuestCount(String(count))}>{count}</button> ))} <input inputMode=""numeric"" pattern=""[0-9]*"" min=""1"" max=""200"" value={props.guestCount} aria-label","{""onClick"":""(event) => { if (event.target === event.currentTarget) onDismiss() }""}","","","","","已定义交互事件","","定义与绑定已登记；业务结果按闭环表核对，不能将源码登记或同名按钮可见计为逐实例通过"
"CTRL-1380","src/normalized-ui/staff-actions/StaffActionsPanel.tsx","1822","TableActionSheet","button","关闭桌台操作","{""onClick"":""onDismiss""}","","","","","已定义交互事件","","定义与绑定已登记；业务结果按闭环表核对，不能将源码登记或同名按钮可见计为逐实例通过"
"CTRL-1381","src/normalized-ui/staff-actions/StaffActionsPanel.tsx","1830","TableActionSheet","button","{count}","{""onClick"":""() => props.onGuestCount(String(count))""}","","","","","已定义交互事件","","定义与绑定已登记；业务结果按闭环表核对，不能将源码登记或同名按钮可见计为逐实例通过"
"CTRL-1382","src/normalized-ui/staff-actions/StaffActionsPanel.tsx","1832","TableActionSheet","input","实际到店人数","{""onChange"":""(event) => props.onGuestCount(event.target.value.replace(/\\D/g, '').slice(0, 3))""}","","","","table.activeSession === null","已定义交互事件","","定义与绑定已登记；业务结果按闭环表核对，不能将源码登记或同名按钮可见计为逐实例通过"
"CTRL-1383","src/normalized-ui/staff-actions/StaffActionsPanel.tsx","1846","TableActionSheet","select","客群场景（可选）","{""onChange"":""(event) => props.onOpenTableRecommendationScene(event.target.value as OpenTableRecommendationScene)""}","","","","table.activeSession === null && hasPermission(props.permissions, 'table.open')","已定义交互事件","","定义与绑定已登记；业务结果按闭环表核对，不能将源码登记或同名按钮可见计为逐实例通过"
"CTRL-1384","src/normalized-ui/staff-actions/StaffActionsPanel.tsx","1860","TableActionSheet","input","加座说明","{""onChange"":""(event) => props.onCapacityReason(event.target.value)""}","","","","table.activeSession === null && requiresCapacityReason(table, guestNumber)","已定义交互事件","","定义与绑定已登记；业务结果按闭环表核对，不能将源码登记或同名按钮可见计为逐实例通过"
"CTRL-1385","src/normalized-ui/staff-actions/StaffActionsPanel.tsx","1864","TableActionSheet","button","{props.pending ? <LoaderCircle className=""is-spinning"" size={18} /> : <Check size={18} />} 确认开台","{""onClick"":""props.onOpen""}","","","props.pending || props.guestCount.length === 0","table.activeSession === null && hasPermission(props.permissions, 'table.open')","已定义交互事件","","定义与绑定已登记；业务结果按闭环表核对，不能将源码登记或同名按钮可见计为逐实例通过"
"CTRL-1386","src/normalized-ui/staff-actions/StaffActionsPanel.tsx","1868","TableActionSheet","button","联系有权限同事开台","{""onClick"":""() => props.onPermissionGuidance('table.open')""}","","","","table.activeSession === null && hasPermission(props.permissions, 'table.open')","已定义交互事件","","定义与绑定已登记；业务结果按闭环表核对，不能将源码登记或同名按钮可见计为逐实例通过"
"CTRL-1387","src/normalized-ui/staff-actions/StaffActionsPanel.tsx","1884","TableActionSheet","button","查看桌账/收款","{""onClick"":""props.onPayment""}","","","","table.activeSession === null && props.closeIssue !== null && hasPermission(props.permissions, 'table.close') && hasPermission(props.permissions, 'table.turnover_unsettled') && hasTableCollectionPermission(props.permissions)","已定义交互事件","","定义与绑定已登记；业务结果按闭环表核对，不能将源码登记或同名按钮可见计为逐实例通过"
"CTRL-1388","src/normalized-ui/staff-actions/StaffActionsPanel.tsx","1886","TableActionSheet","button","{props.pending ? '正在处理…' : props.customerLeftConfirm ? '再次确认，立即翻台' : '顾客离店，立即翻台'}","{""onClick"":""props.onCloseAfterCustomerLeft""}","","","props.pending","table.activeSession === null && props.closeIssue !== null && hasPermission(props.permissions, 'table.close') && hasPermission(props.permissions, 'table.turnover_unsettled')","已定义交互事件","","定义与绑定已登记；业务结果按闭环表核对，不能将源码登记或同名按钮可见计为逐实例通过"
"CTRL-1389","src/normalized-ui/staff-actions/StaffActionsPanel.tsx","1890","TableActionSheet","button","暂不翻台","{""onClick"":""props.onCancelClose""}","","","","table.activeSession === null && props.closeIssue !== null && hasPermission(props.permissions, 'table.close') && hasPermission(props.permissions, 'table.turnover_unsettled') && props.customerLeftConfirm","已定义交互事件","","定义与绑定已登记；业务结果按闭环表核对，不能将源码登记或同名按钮可见计为逐实例通过"
"CTRL-1390","src/normalized-ui/staff-actions/StaffActionsPanel.tsx","1895","TableActionSheet","button","本桌收款","{""onClick"":""props.onPayment""}","","","","table.activeSession === null && hasTableCollectionPermission(props.permissions)","已定义交互事件","","定义与绑定已登记；业务结果按闭环表核对，不能将源码登记或同名按钮可见计为逐实例通过"
"CTRL-1391","src/normalized-ui/staff-actions/StaffActionsPanel.tsx","1898","TableActionSheet","button","协助点单","{""onClick"":""props.onOrder""}","","","","table.activeSession === null && hasPermission(props.permissions, 'order.create')","已定义交互事件","","定义与绑定已登记；业务结果按闭环表核对，不能将源码登记或同名按钮可见计为逐实例通过"
"CTRL-1392","src/normalized-ui/staff-actions/StaffActionsPanel.tsx","1901","TableActionSheet","button","记录桌台情况","{""onClick"":""props.onObservation""}","","","","table.activeSession === null && hasPermission(props.permissions, 'observation.record')","已定义交互事件","","定义与绑定已登记；业务结果按闭环表核对，不能将源码登记或同名按钮可见计为逐实例通过"
"CTRL-1393","src/normalized-ui/staff-actions/StaffActionsPanel.tsx","1905","TableActionSheet","button","恢复顾客修改","{""onClick"":""props.onGuestCartFreeze""}","","","props.pending","table.activeSession === null && table.activeSession.guestCartWritesFrozen && hasPermission(props.permissions, 'guest.cart.freeze')","已定义交互事件","","定义与绑定已登记；业务结果按闭环表核对，不能将源码登记或同名按钮可见计为逐实例通过"
"CTRL-1394","src/normalized-ui/staff-actions/StaffActionsPanel.tsx","1908","TableActionSheet","details","更多操作 赠送、推荐、转桌与结台 {hasPermission(props.permissions, 'recommendation.staff.modify') && ( <button type=""button"" onClick={props.onRecommendation}><Sparkles size={17} /> 查看/调整推荐</button> )} {hasPermission(props.permissions, 'order.create') && hasPermission(props.permissions, 'order.gift') && ( <button type=""button"" onClick={props.onGift}><Gift size={17} /> 赠送商品</button> )} {hasPermission(props.permissions, 'table.transfer') ? ( <button type=""button"" onClick={() => props.onTransferTarget(props.transferTargetId === null ? '' : null)}><ArrowRightLeft size={17} /> 转桌</button> ) : <button type=""button"" onClick={() => props.onPermissionGuidance('table.transfer')}>转桌说明</button>} {hasPermission(props.per","{""onToggle"":""event => setMoreOpen(event.currentTarget.open)""}","","","","table.activeSession === null","已定义交互事件","","定义与绑定已登记；业务结果按闭环表核对，不能将源码登记或同名按钮可见计为逐实例通过"
"CTRL-1395","src/normalized-ui/staff-actions/StaffActionsPanel.tsx","1909","TableActionSheet","summary","更多操作 赠送、推荐、转桌与结台","{}","","","","table.activeSession === null","浏览器原生展开/收起","","定义与绑定已登记；业务结果按闭环表核对，不能将源码登记或同名按钮可见计为逐实例通过"
"CTRL-1396","src/normalized-ui/staff-actions/StaffActionsPanel.tsx","1912","TableActionSheet","button","查看/调整推荐","{""onClick"":""props.onRecommendation""}","","","","table.activeSession === null && hasPermission(props.permissions, 'recommendation.staff.modify')","已定义交互事件","","定义与绑定已登记；业务结果按闭环表核对，不能将源码登记或同名按钮可见计为逐实例通过"
"CTRL-1397","src/normalized-ui/staff-actions/StaffActionsPanel.tsx","1915","TableActionSheet","button","赠送商品","{""onClick"":""props.onGift""}","","","","table.activeSession === null && hasPermission(props.permissions, 'order.create') && hasPermission(props.permissions, 'order.gift')","已定义交互事件","","定义与绑定已登记；业务结果按闭环表核对，不能将源码登记或同名按钮可见计为逐实例通过"
"CTRL-1398","src/normalized-ui/staff-actions/StaffActionsPanel.tsx","1918","TableActionSheet","button","转桌","{""onClick"":""() => props.onTransferTarget(props.transferTargetId === null ? '' : null)""}","","","","table.activeSession === null && hasPermission(props.permissions, 'table.transfer')","已定义交互事件","","定义与绑定已登记；业务结果按闭环表核对，不能将源码登记或同名按钮可见计为逐实例通过"
"CTRL-1399","src/normalized-ui/staff-actions/StaffActionsPanel.tsx","1919","TableActionSheet","button","转桌说明","{""onClick"":""() => props.onPermissionGuidance('table.transfer')""}","","","","table.activeSession === null && hasPermission(props.permissions, 'table.transfer')","已定义交互事件","","定义与绑定已登记；业务结果按闭环表核对，不能将源码登记或同名按钮可见计为逐实例通过"
"CTRL-1400","src/normalized-ui/staff-actions/StaffActionsPanel.tsx","1921","TableActionSheet","button","人员拆并桌","{""onClick"":""props.onParticipantMovement""}","","","","table.activeSession === null && hasPermission(props.permissions, 'table.participation.manage')","已定义交互事件","","定义与绑定已登记；业务结果按闭环表核对，不能将源码登记或同名按钮可见计为逐实例通过"
"CTRL-1401","src/normalized-ui/staff-actions/StaffActionsPanel.tsx","1924","TableActionSheet","button","锁定顾客购物车","{""onClick"":""props.onGuestCartFreeze""}","","","props.pending","table.activeSession === null && !table.activeSession.guestCartWritesFrozen && hasPermission(props.permissions, 'guest.cart.freeze')","已定义交互事件","","定义与绑定已登记；业务结果按闭环表核对，不能将源码登记或同名按钮可见计为逐实例通过"
"CTRL-1402","src/normalized-ui/staff-actions/StaffActionsPanel.tsx","1928","TableActionSheet","button","{props.pending ? '正在处理…' : props.customerLeftConfirm ? '确认立即翻台' : '顾客离店，立即翻台'}","{""onClick"":""props.onCloseAfterCustomerLeft""}","","","props.pending","table.activeSession === null && props.closeIssue === null && hasPermission(props.permissions, 'table.close') && hasPermission(props.permissions, 'table.turnover_unsettled')","已定义交互事件","","定义与绑定已登记；业务结果按闭环表核对，不能将源码登记或同名按钮可见计为逐实例通过"
"CTRL-1403","src/normalized-ui/staff-actions/StaffActionsPanel.tsx","1936","TableActionSheet","button","取消关台","{""onClick"":""props.onCancelClose""}","","","","table.activeSession === null && (props.closeConfirm || (props.customerLeftConfirm && props.closeIssue === null))","已定义交互事件","","定义与绑定已登记；业务结果按闭环表核对，不能将源码登记或同名按钮可见计为逐实例通过"
"CTRL-1404","src/normalized-ui/staff-actions/StaffActionsPanel.tsx","1942","TableActionSheet","button","{candidate.code} {candidate.capacity} 人","{""onClick"":""() => props.onTransferTarget(candidate.id)""}","","","","","已定义交互事件","","定义与绑定已登记；业务结果按闭环表核对，不能将源码登记或同名按钮可见计为逐实例通过"
"CTRL-1405","src/normalized-ui/staff-actions/StaffActionsPanel.tsx","1952","TableActionSheet","input","加座说明","{""onChange"":""(event) => props.onTransferReason(event.target.value)""}","","","","table.activeSession === null && props.transferTargetId !== null && transferNeedsReason","已定义交互事件","","定义与绑定已登记；业务结果按闭环表核对，不能将源码登记或同名按钮可见计为逐实例通过"
"CTRL-1406","src/normalized-ui/staff-actions/StaffActionsPanel.tsx","1954","TableActionSheet","button","确认转桌","{""onClick"":""props.onTransfer""}","","","props.pending || transferTarget === null","table.activeSession === null && props.transferTargetId !== null","已定义交互事件","","定义与绑定已登记；业务结果按闭环表核对，不能将源码登记或同名按钮可见计为逐实例通过"
"CTRL-1407","src/normalized-ui/staff-actions/TableObservationSheet.tsx","135","TableObservationSheet","button","关闭","{""onClick"":""onClose""}","","","","","已定义交互事件","","定义与绑定已登记；业务结果按闭环表核对，不能将源码登记或同名按钮可见计为逐实例通过"
"CTRL-1408","src/normalized-ui/staff-actions/TableObservationSheet.tsx","139","TableObservationSheet","textarea","","{""onChange"":""(event) => { inputVersion.current++; setRawContent(event.target.value); setDraft(null) }""}","","","","","已定义交互事件","","定义与绑定已登记；业务结果按闭环表核对，不能将源码登记或同名按钮可见计为逐实例通过"
"CTRL-1409","src/normalized-ui/staff-actions/TableObservationSheet.tsx","140","TableObservationSheet","input","","{""onChange"":""(event) => { inputVersion.current++; setNeedsImmediateAction(event.target.checked); setDraft(null) }""}","","","","","已定义交互事件","","定义与绑定已登记；业务结果按闭环表核对，不能将源码登记或同名按钮可见计为逐实例通过"
"CTRL-1410","src/normalized-ui/staff-actions/TableObservationSheet.tsx","142","TableObservationSheet","button","{busy === 'parse' ? <LoaderCircle className=""is-spinning"" /> : <MessageSquareText />} 识别并核对","{""onClick"":""() => void parse()""}","","","rawContent.trim().length < 2 || busy !== null","draft === null","已定义交互事件","","定义与绑定已登记；业务结果按闭环表核对，不能将源码登记或同名按钮可见计为逐实例通过"
"CTRL-1411","src/normalized-ui/staff-actions/TableObservationSheet.tsx","166","ObservationReview","button","{candidate.productName} 原文线索“ {candidate.rawMention} ” · {matchKindLabel(candidate.matchKind)} {Math.round(candidate.confidence * 100)} %","{""onClick"":""() => setSelectedCandidateId((current) => current === candidate.id ? '' : candidate.id)""}","","","","","已定义交互事件","","定义与绑定已登记；业务结果按闭环表核对，不能将源码登记或同名按钮可见计为逐实例通过"
"CTRL-1412","src/normalized-ui/staff-actions/TableObservationSheet.tsx","166","ObservationReview","button","不关联具体商品 只保存为本桌情况，避免错误归因","{""onClick"":""() => setSelectedCandidateId('')""}","","","","draft.candidates.length === 0","已定义交互事件","","定义与绑定已登记；业务结果按闭环表核对，不能将源码登记或同名按钮可见计为逐实例通过"
"CTRL-1413","src/normalized-ui/staff-actions/TableObservationSheet.tsx","168","ObservationReview","select","{MANUAL_EXPRESSION_OPTIONS.map(option => <option key={option.value} value={option.value}>{option.label}</option>)}","{""onChange"":""(event) => setExpressionKind(event.target.value as ObservationExpressionKind)""}","","","","","已定义交互事件","","定义与绑定已登记；业务结果按闭环表核对，不能将源码登记或同名按钮可见计为逐实例通过"
"CTRL-1414","src/normalized-ui/staff-actions/TableObservationSheet.tsx","169","ObservationReview","select","{EVENT_OPTIONS.map(option => <option key={option.value} value={option.value}>{option.label}</option>)}","{""onChange"":""(event) => setEventType(event.target.value as ObservationEventType)""}","","","","","已定义交互事件","","定义与绑定已登记；业务结果按闭环表核对，不能将源码登记或同名按钮可见计为逐实例通过"
"CTRL-1415","src/normalized-ui/staff-actions/TableObservationSheet.tsx","170","ObservationReview","select","未说明 {DEGREE_OPTIONS.map(option => <option key={option.value} value={option.value}>{option.label}</option>)}","{""onChange"":""(event) => setDegree(event.target.value === '' ? null : event.target.value as ObservationDegree)""}","","","","","已定义交互事件","","定义与绑定已登记；业务结果按闭环表核对，不能将源码登记或同名按钮可见计为逐实例通过"
"CTRL-1416","src/normalized-ui/staff-actions/TableObservationSheet.tsx","172","ObservationReview","button","返回修改原话","{""onClick"":""onRevise""}","","","","","已定义交互事件","","定义与绑定已登记；业务结果按闭环表核对，不能将源码登记或同名按钮可见计为逐实例通过"
"CTRL-1417","src/normalized-ui/staff-actions/TableObservationSheet.tsx","172","ObservationReview","button","{busy ? <LoaderCircle className=""is-spinning"" /> : <Check />} 确认保存","{""onClick"":""() => onConfirm({ candidate: selectedCandidate, expressionKind, eventType, degree })""}","","","busy","","已定义交互事件","","定义与绑定已登记；业务结果按闭环表核对，不能将源码登记或同名按钮可见计为逐实例通过"
"CTRL-1418","src/normalized-ui/staff-actions/TableObservationSheet.tsx","185","RecentObservations","button","刷新","{""onClick"":""onReload""}","","","loading","","已定义交互事件","","定义与绑定已登记；业务结果按闭环表核对，不能将源码登记或同名按钮可见计为逐实例通过"
"CTRL-1419","src/normalized-ui/staff-actions/TableObservationSheet.tsx","192","RecentObservations","summary","查看修订记录（ {item.revisions.length} ）","{}","","","","item.revisions.length > 0","浏览器原生展开/收起","","定义与绑定已登记；业务结果按闭环表核对，不能将源码登记或同名按钮可见计为逐实例通过"
"CTRL-1420","src/normalized-ui/staff-actions/TableObservationSheet.tsx","210","ObservationEventRow","button","修正","{""onClick"":""() => setEditing(value => !value)""}","","","","canRevise && event.rawExcerpt !== null","已定义交互事件","","定义与绑定已登记；业务结果按闭环表核对，不能将源码登记或同名按钮可见计为逐实例通过"
"CTRL-1421","src/normalized-ui/staff-actions/TableObservationSheet.tsx","214","ObservationEventRow","select","{MANUAL_EXPRESSION_OPTIONS.map(option => <option key={option.value} value={option.value}>{option.label}</option>)}","{""onChange"":""(change) => setExpressionKind(change.target.value as ObservationExpressionKind)""}","","","","editing","已定义交互事件","","定义与绑定已登记；业务结果按闭环表核对，不能将源码登记或同名按钮可见计为逐实例通过"
"CTRL-1422","src/normalized-ui/staff-actions/TableObservationSheet.tsx","215","ObservationEventRow","select","{EVENT_OPTIONS.map(option => <option key={option.value} value={option.value}>{option.label}</option>)}","{""onChange"":""(change) => setEventType(change.target.value as ObservationEventType)""}","","","","editing","已定义交互事件","","定义与绑定已登记；业务结果按闭环表核对，不能将源码登记或同名按钮可见计为逐实例通过"
"CTRL-1423","src/normalized-ui/staff-actions/TableObservationSheet.tsx","216","ObservationEventRow","select","未说明 {DEGREE_OPTIONS.map(option => <option key={option.value} value={option.value}>{option.label}</option>)}","{""onChange"":""(change) => setDegree(change.target.value === '' ? null : change.target.value as ObservationDegree)""}","","","","editing","已定义交互事件","","定义与绑定已登记；业务结果按闭环表核对，不能将源码登记或同名按钮可见计为逐实例通过"
"CTRL-1424","src/normalized-ui/staff-actions/TableObservationSheet.tsx","218","ObservationEventRow","input","","{""onChange"":""(change) => setReason(change.target.value)""}","","","","editing","已定义交互事件","","定义与绑定已登记；业务结果按闭环表核对，不能将源码登记或同名按钮可见计为逐实例通过"
"CTRL-1425","src/normalized-ui/staff-actions/TableObservationSheet.tsx","219","ObservationEventRow","button","取消","{""onClick"":""() => setEditing(false)""}","","","","editing","已定义交互事件","","定义与绑定已登记；业务结果按闭环表核对，不能将源码登记或同名按钮可见计为逐实例通过"
"CTRL-1426","src/normalized-ui/staff-actions/TableObservationSheet.tsx","219","ObservationEventRow","button","{busy ? <LoaderCircle className=""is-spinning"" /> : <Check />} 保存修订","{""onClick"":""() => onRevise(observationPublicId, event, reason.trim(), { expressionKind, eventType, degree })""}","","","busy || reason.trim().length < 2","editing","已定义交互事件","","定义与绑定已登记；业务结果按闭环表核对，不能将源码登记或同名按钮可见计为逐实例通过"
"CTRL-1427","src/normalized-ui/staff-actions/TableOrderStatusPanel.tsx","96","TableOrderStatusContent","button","刷新本桌点单状态","{""onClick"":""retry""}","","","loading","","已定义交互事件","","定义与绑定已登记；业务结果按闭环表核对，不能将源码登记或同名按钮可见计为逐实例通过"
"CTRL-1428","src/normalized-ui/staff-actions/TableOrderStatusPanel.tsx","120","TableOrderStatusContent","button","查看换品原商品","{""onClick"":""()=>openAfterSales(order.replacementSource!.orderItemId)""}","","","","order.replacementSource && afterSalesAccess&&(afterSalesAccess.enabled||afterSalesAccess.recoveryAvailable)","已定义交互事件","","定义与绑定已登记；业务结果按闭环表核对，不能将源码登记或同名按钮可见计为逐实例通过"
"CTRL-1429","src/normalized-ui/staff-actions/TableOrderStatusPanel.tsx","128","TableOrderStatusContent","button","{afterSalesAccess?.enabled?(item.includedInBundle?'处理套餐内商品':'停止 / 退款'):'处理原申请'}","{""onClick"":""()=>openAfterSales(item.id)""}","","","","(afterSalesAccess?.enabled||afterSalesAccess?.recoveryAvailable&&item.quantities||afterSalesRecovery?.pending(item.id))","已定义交互事件","","定义与绑定已登记；业务结果按闭环表核对，不能将源码登记或同名按钮可见计为逐实例通过"
"CTRL-1430","src/normalized-ui/staff-actions/TableOrderStatusPanel.tsx","163","OrderDetailsErrorNotice","button","{props.copied ? '已复制' : '复制参考号'}","{""onClick"":""props.onCopy""}","","","","props.error.referenceId !== null","已定义交互事件","","定义与绑定已登记；业务结果按闭环表核对，不能将源码登记或同名按钮可见计为逐实例通过"
"CTRL-1431","src/normalized-ui/staff-actions/TablePaymentSheet.tsx","240","TablePaymentSheet","button","关闭本桌收款","{""onClick"":""onClose""}","","","","","已定义交互事件","","定义与绑定已登记；业务结果按闭环表核对，不能将源码登记或同名按钮可见计为逐实例通过"
"CTRL-1432","src/normalized-ui/staff-actions/TablePaymentSheet.tsx","248","TablePaymentSheet","button","核对上次现金登记","{""onClick"":""() => void sendCashCollection(cashRecovery.attempt!)""}","","","busy || access?.manualCollection.canRecordCash !== true","cashRecovery.attempt && cashRecovery.attempt.employeeId === employeeId","已定义交互事件","","定义与绑定已登记；业务结果按闭环表核对，不能将源码登记或同名按钮可见计为逐实例通过"
"CTRL-1433","src/normalized-ui/staff-actions/TablePaymentSheet.tsx","250","TablePaymentSheet","summary","登记凭证","{}","","","","cashRecovery.attempt","浏览器原生展开/收起","","定义与绑定已登记；业务结果按闭环表核对，不能将源码登记或同名按钮可见计为逐实例通过"
"CTRL-1434","src/normalized-ui/staff-actions/TablePaymentSheet.tsx","253","TablePaymentSheet","button","重新读取本桌收款","{""onClick"":""() => setLoadAttempt((current) => current + 1)""}","","","","!loading && error !== null && orders.length === 0","已定义交互事件","","定义与绑定已登记；业务结果按闭环表核对，不能将源码登记或同名按钮可见计为逐实例通过"
"CTRL-1435","src/normalized-ui/staff-actions/TablePaymentSheet.tsx","260","TablePaymentSheet","button","{selectedIds.includes(order.id)?'☑ ':'☐ '} {shortPaymentOrderLabel(order.publicId)} {order.hasOnlinePaymentInProgress ? '待收款 · 原支付未确认' : order.paymentStatus === 'partially_refunded' ? '退款后待补收' : '待收款'} {money(order.outstandingAmountMinor, order.currency)}","{""onClick"":""() => { if (writing.current) return; advanceGeneration(); setQuerying(false); setScannerOpen(false); setSelectedIds(current=>current.includes(order.id)?current.filter(id=>id!==order.id):[...current,order.id]); setSelectedOrderId(order.id); setCollectionAmount(''); setAction(null); setPaymentStatus('pending'); setError(null) }""}","","","busy","","已定义交互事件","","定义与绑定已登记；业务结果按闭环表核对，不能将源码登记或同名按钮可见计为逐实例通过"
"CTRL-1436","src/normalized-ui/staff-actions/TablePaymentSheet.tsx","270","TablePaymentSheet","input","本次收款金额（元）","{""onChange"":""event=>{setCollectionAmount(event.target.value);setAction(null)}""}","","","busy","loading && orders.length === 0 && selected !== null","已定义交互事件","","定义与绑定已登记；业务结果按闭环表核对，不能将源码登记或同名按钮可见计为逐实例通过"
"CTRL-1437","src/normalized-ui/staff-actions/TablePaymentSheet.tsx","272","TablePaymentSheet","summary","查看本次分摊顺序","{}","","","","loading && orders.length === 0 && selected !== null","浏览器原生展开/收起","","定义与绑定已登记；业务结果按闭环表核对，不能将源码登记或同名按钮可见计为逐实例通过"
"CTRL-1438","src/normalized-ui/staff-actions/TablePaymentSheet.tsx","276","TablePaymentSheet","summary","原支付记录","{}","","","","loading && orders.length === 0 && selected !== null && activePaymentId !== null","浏览器原生展开/收起","","定义与绑定已登记；业务结果按闭环表核对，不能将源码登记或同名按钮可见计为逐实例通过"
"CTRL-1439","src/normalized-ui/staff-actions/TablePaymentSheet.tsx","278","TablePaymentSheet","button","{querying ? '正在读取' : '查看原支付结果'}","{""onClick"":""() => void queryPayment()""}","","","querying","loading && orders.length === 0 && selected !== null && activePaymentId !== null && access?.canQueryOnlinePayment === true","已定义交互事件","","定义与绑定已登记；业务结果按闭环表核对，不能将源码登记或同名按钮可见计为逐实例通过"
"CTRL-1440","src/normalized-ui/staff-actions/TablePaymentSheet.tsx","300","PaymentButtons","button","调出付款二维码 顾客扫码付款","{""onClick"":""onQr""}","","","busy || onlineDisabled","","已定义交互事件","","定义与绑定已登记；业务结果按闭环表核对，不能将源码登记或同名按钮可见计为逐实例通过"
"CTRL-1441","src/normalized-ui/staff-actions/TablePaymentSheet.tsx","301","PaymentButtons","button","扫描顾客付款码 摄像头或扫码枪","{""onClick"":""onScan""}","","","busy || onlineDisabled","","已定义交互事件","","定义与绑定已登记；业务结果按闭环表核对，不能将源码登记或同名按钮可见计为逐实例通过"
"CTRL-1442","src/normalized-ui/staff-actions/TablePaymentSheet.tsx","302","PaymentButtons","button","现金已收 确认后直接登记","{""onClick"":""onCash""}","","","busy","canRecordCash","已定义交互事件","","定义与绑定已登记；业务结果按闭环表核对，不能将源码登记或同名按钮可见计为逐实例通过"
"CTRL-1443","src/normalized-ui/staff-actions/TableRecommendationSheet.tsx","72","TableRecommendationSheet","button","关闭推荐调整","{""onClick"":""onClose""}","","","","","已定义交互事件","","定义与绑定已登记；业务结果按闭环表核对，不能将源码登记或同名按钮可见计为逐实例通过"
"CTRL-1444","src/normalized-ui/staff-actions/TableRecommendationSheet.tsx","78","TableRecommendationSheet","select","{session.options.map((option) => <option value={option.productId} key={option.productId}> {option.productName} · {money(option.amountMinor,option.currency)} </option>)}","{""onChange"":""(event) => setSourceProductId(event.target.value)""}","","","","session!==null","已定义交互事件","","定义与绑定已登记；业务结果按闭环表核对，不能将源码登记或同名按钮可见计为逐实例通过"
"CTRL-1445","src/normalized-ui/staff-actions/TableRecommendationSheet.tsx","82","TableRecommendationSheet","select","{targetOptions.map((option) => <option value={option.productId} key={option.productId}> {option.productName} · {money(option.amountMinor,option.currency)} </option>)}","{""onChange"":""(event) => setTargetProductId(event.target.value)""}","","","","session!==null","已定义交互事件","","定义与绑定已登记；业务结果按闭环表核对，不能将源码登记或同名按钮可见计为逐实例通过"
"CTRL-1446","src/normalized-ui/staff-actions/TableRecommendationSheet.tsx","86","TableRecommendationSheet","select","{REASONS.map((reason) => <option value={reason.code} key={reason.code}>{reason.label}</option>)}","{""onChange"":""(event) => setReasonCode(\n            event.target.value as RecommendationStaffModificationReason,\n          )""}","","","","session!==null","已定义交互事件","","定义与绑定已登记；业务结果按闭环表核对，不能将源码登记或同名按钮可见计为逐实例通过"
"CTRL-1447","src/normalized-ui/staff-actions/TableRecommendationSheet.tsx","89","TableRecommendationSheet","button","{busy ? '正在确认…' : '确认记录调整'}","{""onClick"":""() => void submit()""}","","","busy || !targetProductId","session!==null","已定义交互事件","","定义与绑定已登记；业务结果按闭环表核对，不能将源码登记或同名按钮可见计为逐实例通过"
"CTRL-1448","src/normalized-ui/staff-actions/TableRecommendationSheet.tsx","92","TableRecommendationSheet","button","重新读取本桌推荐","{""onClick"":""() => setLoadAttempt(value => value + 1)""}","","","loading","error && session === null","已定义交互事件","","定义与绑定已登记；业务结果按闭环表核对，不能将源码登记或同名按钮可见计为逐实例通过"
"CTRL-1449","src/normalized-ui/StaffAccessManagementPanel.tsx","202","StaffAccessManagementPanel","button","重新读取","{""onClick"":""() => void load()""}","","","","","已定义交互事件","SYS-300","定义与绑定已登记；业务结果按闭环表核对，不能将源码登记或同名按钮可见计为逐实例通过"
"CTRL-1450","src/normalized-ui/StaffAccessManagementPanel.tsx","218","StaffAccessManagementPanel","summary","员工账号管理 新增、分岗、停用或恢复；历史记录不会删除","{}","","","","","浏览器原生展开/收起","SYS-300","定义与绑定已登记；业务结果按闭环表核对，不能将源码登记或同名按钮可见计为逐实例通过"
"CTRL-1451","src/normalized-ui/StaffAccessManagementPanel.tsx","219","StaffAccessManagementPanel","form","员工账号 员工姓名 初始PIN 初始岗位 请选择 {roles.map((role) => <option key={role.id} value={role.id}>{roleLabel(role.code, role.name)}</option>)} 建立原因 {employeeBusy ? '正在处理' : '建立员工账号'}","{""onSubmit"":""createEmployee""}","","","","","已定义交互事件","SYS-300","定义与绑定已登记；业务结果按闭环表核对，不能将源码登记或同名按钮可见计为逐实例通过"
"CTRL-1452","src/normalized-ui/StaffAccessManagementPanel.tsx","220","StaffAccessManagementPanel","input","","{""onChange"":""(event) => setEmployeeDraft({ ...employeeDraft, employeeCode: event.target.value })""}","createEmployee","","","","所属表单：createEmployee","SYS-300","定义与绑定已登记；业务结果按闭环表核对，不能将源码登记或同名按钮可见计为逐实例通过"
"CTRL-1453","src/normalized-ui/StaffAccessManagementPanel.tsx","221","StaffAccessManagementPanel","input","","{""onChange"":""(event) => setEmployeeDraft({ ...employeeDraft, displayName: event.target.value })""}","createEmployee","","","","所属表单：createEmployee","SYS-300","定义与绑定已登记；业务结果按闭环表核对，不能将源码登记或同名按钮可见计为逐实例通过"
"CTRL-1454","src/normalized-ui/StaffAccessManagementPanel.tsx","222","StaffAccessManagementPanel","input","","{""onChange"":""(event) => setEmployeeDraft({ ...employeeDraft, pin: event.target.value.replace(/\\D/g, '').slice(0, 4) })""}","createEmployee","","","","所属表单：createEmployee","SYS-300","定义与绑定已登记；业务结果按闭环表核对，不能将源码登记或同名按钮可见计为逐实例通过"
"CTRL-1455","src/normalized-ui/StaffAccessManagementPanel.tsx","223","StaffAccessManagementPanel","select","请选择 {roles.map((role) => <option key={role.id} value={role.id}>{roleLabel(role.code, role.name)}</option>)}","{""onChange"":""(event) => setEmployeeDraft({ ...employeeDraft, roleId: event.target.value })""}","createEmployee","","","","所属表单：createEmployee","SYS-300","定义与绑定已登记；业务结果按闭环表核对，不能将源码登记或同名按钮可见计为逐实例通过"
"CTRL-1456","src/normalized-ui/StaffAccessManagementPanel.tsx","224","StaffAccessManagementPanel","input","","{""onChange"":""(event) => setEmployeeDraft({ ...employeeDraft, reason: event.target.value })""}","createEmployee","","","","所属表单：createEmployee","SYS-300","定义与绑定已登记；业务结果按闭环表核对，不能将源码登记或同名按钮可见计为逐实例通过"
"CTRL-1457","src/normalized-ui/StaffAccessManagementPanel.tsx","225","StaffAccessManagementPanel","button","{employeeBusy ? '正在处理' : '建立员工账号'}","{}","createEmployee","","employeeBusy || employeeDraft.pin.length !== 4","","所属表单：createEmployee","SYS-300","定义与绑定已登记；业务结果按闭环表核对，不能将源码登记或同名按钮可见计为逐实例通过"
"CTRL-1458","src/normalized-ui/StaffAccessManagementPanel.tsx","227","StaffAccessManagementPanel","button","{employee.status === 'active' ? <UserX /> : <UserCheck />} {employee.status === 'active' ? '停用' : '恢复'}","{""onClick"":""() => void changeEmployeeStatus(employee)""}","","","employeeBusy || employee.id === currentEmployeeId","","已定义交互事件","SYS-300","定义与绑定已登记；业务结果按闭环表核对，不能将源码登记或同名按钮可见计为逐实例通过"
"CTRL-1459","src/normalized-ui/StaffAccessManagementPanel.tsx","234","StaffAccessManagementPanel","ModeButton","","{""onClick"":""() => chooseMode('role')""}","","","","","已定义交互事件","SYS-300","定义与绑定已登记；业务结果按闭环表核对，不能将源码登记或同名按钮可见计为逐实例通过"
"CTRL-1460","src/normalized-ui/StaffAccessManagementPanel.tsx","235","StaffAccessManagementPanel","ModeButton","","{""onClick"":""() => chooseMode('employee')""}","","","","","已定义交互事件","SYS-300","定义与绑定已登记；业务结果按闭环表核对，不能将源码登记或同名按钮可见计为逐实例通过"
"CTRL-1461","src/normalized-ui/StaffAccessManagementPanel.tsx","236","StaffAccessManagementPanel","ModeButton","","{""onClick"":""() => chooseMode('policy')""}","","","","","已定义交互事件","SYS-300","定义与绑定已登记；业务结果按闭环表核对，不能将源码登记或同名按钮可见计为逐实例通过"
"CTRL-1462","src/normalized-ui/StaffAccessManagementPanel.tsx","237","StaffAccessManagementPanel","ModeButton","","{""onClick"":""() => chooseMode('refund')""}","","","","","已定义交互事件","SYS-300","定义与绑定已登记；业务结果按闭环表核对，不能将源码登记或同名按钮可见计为逐实例通过"
"CTRL-1463","src/normalized-ui/StaffAccessManagementPanel.tsx","238","StaffAccessManagementPanel","ModeButton","","{""onClick"":""() => chooseMode('navigation')""}","","","","","已定义交互事件","SYS-300","定义与绑定已登记；业务结果按闭环表核对，不能将源码登记或同名按钮可见计为逐实例通过"
"CTRL-1464","src/normalized-ui/StaffAccessManagementPanel.tsx","244","StaffAccessManagementPanel","select","mode === 'employee' ? '选择员工' : '选择岗位'","{""onChange"":""(event) => chooseTarget(event.target.value)""}","","","","","已定义交互事件","SYS-300","定义与绑定已登记；业务结果按闭环表核对，不能将源码登记或同名按钮可见计为逐实例通过"
"CTRL-1465","src/normalized-ui/StaffAccessManagementPanel.tsx","251","StaffAccessManagementPanel","RefundReviewConfiguration","","{""onChange"":""setRefundDraft""}","","","","mode === 'refund'","已定义交互事件","SYS-300","定义与绑定已登记；业务结果按闭环表核对，不能将源码登记或同名按钮可见计为逐实例通过"
"CTRL-1466","src/normalized-ui/StaffAccessManagementPanel.tsx","254","StaffAccessManagementPanel","button","套用并预览","{""onClick"":""applyBeverageLaunchPackage""}","","","","selectedTarget !== null && mode === 'employee' && selectedEmployee !== null","已定义交互事件","SYS-300","定义与绑定已登记；业务结果按闭环表核对，不能将源码登记或同名按钮可见计为逐实例通过"
"CTRL-1467","src/normalized-ui/StaffAccessManagementPanel.tsx","269","StaffAccessManagementPanel","input","发布原因","{""onChange"":""(event) => setReason(event.target.value)""}","","","","selectedTarget !== null","已定义交互事件","SYS-300","定义与绑定已登记；业务结果按闭环表核对，不能将源码登记或同名按钮可见计为逐实例通过"
"CTRL-1468","src/normalized-ui/StaffAccessManagementPanel.tsx","270","StaffAccessManagementPanel","button","{publishing ? <LoaderCircle className=""is-spinning"" /> : <ShieldCheck />} {publishing ? '正在发布并复核' : `发布${pendingChanges.length}项修改`}","{""onClick"":""() => void deploy()""}","","","pendingChanges.length === 0 || reason.trim().length < 2 || publishing || refundError !== null","selectedTarget !== null","已定义交互事件","SYS-300","定义与绑定已登记；业务结果按闭环表核对，不能将源码登记或同名按钮可见计为逐实例通过"
"CTRL-1469","src/normalized-ui/StaffAccessManagementPanel.tsx","281","ModeButton","button","{icon} {title} {detail}","{""onClick"":""onClick""}","","","","","已定义交互事件","SYS-300","定义与绑定已登记；业务结果按闭环表核对，不能将源码登记或同名按钮可见计为逐实例通过"
"CTRL-1470","src/normalized-ui/StaffAccessManagementPanel.tsx","295","PermissionEditor","input","","{""onChange"":""(event) => setQuery(event.target.value)""}","","","","","已定义交互事件","SYS-300","定义与绑定已登记；业务结果按闭环表核对，不能将源码登记或同名按钮可见计为逐实例通过"
"CTRL-1471","src/normalized-ui/StaffAccessManagementPanel.tsx","296","PermissionEditor","select","权限类别","{""onChange"":""(event) => setCategory(event.target.value)""}","","","","","已定义交互事件","SYS-300","定义与绑定已登记；业务结果按闭环表核对，不能将源码登记或同名按钮可见计为逐实例通过"
"CTRL-1472","src/normalized-ui/StaffAccessManagementPanel.tsx","306","PermissionEditor","input","","{""onChange"":""(event) => setDraft((current) => ({ ...current, [permission.code]: event.target.checked }))""}","","","","mode === 'role'","已定义交互事件","SYS-300","定义与绑定已登记；业务结果按闭环表核对，不能将源码登记或同名按钮可见计为逐实例通过"
"CTRL-1473","src/normalized-ui/StaffAccessManagementPanel.tsx","307","PermissionEditor","select","`${permissionLabel(permission.code, permission.name)}员工例外`","{""onChange"":""(event) => setDraft((current) => ({ ...current, [permission.code]: event.target.value === '' ? null : event.target.value as 'grant' | 'deny' }))""}","","","","mode === 'role'","已定义交互事件","SYS-300","定义与绑定已登记；业务结果按闭环表核对，不能将源码登记或同名按钮可见计为逐实例通过"
"CTRL-1474","src/normalized-ui/StaffAccessManagementPanel.tsx","336","PolicyEditor","input","`${definition.label}启用`","{""onChange"":""(event) => updateApproval(definition, { enabled: event.target.checked })""}","","","!allowed","","已定义交互事件","SYS-300","定义与绑定已登记；业务结果按闭环表核对，不能将源码登记或同名按钮可见计为逐实例通过"
"CTRL-1475","src/normalized-ui/StaffAccessManagementPanel.tsx","338","PolicyEditor","input","`${definition.label}单次上限`","{""onChange"":""(event) => updateApproval(definition, { amountMinor: moneyMinor(event.target.value) })""}","","","!allowed","","已定义交互事件","SYS-300","定义与绑定已登记；业务结果按闭环表核对，不能将源码登记或同名按钮可见计为逐实例通过"
"CTRL-1476","src/normalized-ui/StaffAccessManagementPanel.tsx","339","PolicyEditor","input","`${definition.label}最高折扣`","{""onChange"":""(event) => updateApproval(definition, { rules: { ...value.rules, discountBasisPoints: Math.round(Number(event.target.value || 0) * 100), requiresReason: true } })""}","","","!allowed","controls.includes('discount_percent')","已定义交互事件","SYS-300","定义与绑定已登记；业务结果按闭环表核对，不能将源码登记或同名按钮可见计为逐实例通过"
"CTRL-1477","src/normalized-ui/StaffAccessManagementPanel.tsx","340","PolicyEditor","input","强制不同员工复核（不可关闭）","{}","","","true","controls.includes('second_actor')","固定不可操作的状态展示","SYS-300","定义与绑定已登记；业务结果按闭环表核对，不能将源码登记或同名按钮可见计为逐实例通过"
"CTRL-1478","src/normalized-ui/StaffAccessManagementPanel.tsx","358","PolicyEditor","input","{definition.description}","{""onChange"":""(event) => updateScope(definition, { value: definition.config.enabledValue ?? true, enabled: event.target.checked })""}","","","","editor === 'boolean'","已定义交互事件","SYS-300","定义与绑定已登记；业务结果按闭环表核对，不能将源码登记或同名按钮可见计为逐实例通过"
"CTRL-1479","src/normalized-ui/StaffAccessManagementPanel.tsx","359","PolicyEditor","input","{option.label}","{""onChange"":""(event) => {\n            const next = toggleValue(values, option.value, event.target.checked)\n            updateScope(definition, { value: next, enabled: next.length > 0 })\n          }""}","","","","","已定义交互事件","SYS-300","定义与绑定已登记；业务结果按闭环表核对，不能将源码登记或同名按钮可见计为逐实例通过"
"CTRL-1480","src/normalized-ui/StaffAccessManagementPanel.tsx","390","NavigationEditor","input","`${definition.label}入口`","{""onChange"":""(event) => update(definition, { enabled: event.target.checked })""}","","","!allowed","","已定义交互事件","SYS-300","定义与绑定已登记；业务结果按闭环表核对，不能将源码登记或同名按钮可见计为逐实例通过"
"CTRL-1481","src/normalized-ui/StaffAccessManagementPanel.tsx","392","NavigationEditor","input","`${definition.label}高频入口`","{""onChange"":""(event) => update(definition, { displayConfig: { ...value.displayConfig, highFrequency: event.target.checked }, sortOrder: definition.sortOrder })""}","","","!value.enabled || (!value.displayConfig.highFrequency && highFrequencyCount >= 4)","","已定义交互事件","SYS-300","定义与绑定已登记；业务结果按闭环表核对，不能将源码登记或同名按钮可见计为逐实例通过"
"CTRL-1482","src/normalized-ui/StaffAccessManagementPanel.tsx","395","NavigationEditor","a","打开设备与打印","{}","","","","","链接：/staff/devices","SYS-300","定义与绑定已登记；业务结果按闭环表核对，不能将源码登记或同名按钮可见计为逐实例通过"
"CTRL-1483","src/normalized-ui/StaffMemberNavigation.tsx","22","StaffMemberNavigation","button","{labels[entry.code]}","{""onClick"":""() => onNavigate(entry.route)""}","","","","","已定义交互事件","","定义与绑定已登记；业务结果按闭环表核对，不能将源码登记或同名按钮可见计为逐实例通过"
"CTRL-1484","src/normalized-ui/StaffModulePanel.tsx","526","StaffModulePanel","button","`刷新${title}`","{""onClick"":""() => module === 'payments' ? setPaymentRefreshToken((value) => value + 1)\n          : module === 'orders' ? setOrderRefreshToken(value=>value+1) : void load()""}","","","phase === 'loading'","","已定义交互事件","SYS-287、SYS-288、SYS-290、SYS-300、SYS-302","定义与绑定已登记；业务结果按闭环表核对，不能将源码登记或同名按钮可见计为逐实例通过"
"CTRL-1485","src/normalized-ui/StaffModulePanel.tsx","544","StaffModulePanel","button","重试","{""onClick"":""() => void load()""}","","","","phase === 'error'","已定义交互事件","SYS-287、SYS-288、SYS-290、SYS-300、SYS-302","定义与绑定已登记；业务结果按闭环表核对，不能将源码登记或同名按钮可见计为逐实例通过"
"CTRL-1486","src/normalized-ui/StaffModulePanel.tsx","798","PerformanceModule","button","新增演员","{""onClick"":""() => setForm(form === 'performer' ? null : 'performer')""}","","","","canManage","已定义交互事件","SYS-287、SYS-288、SYS-290、SYS-300、SYS-302","定义与绑定已登记；业务结果按闭环表核对，不能将源码登记或同名按钮可见计为逐实例通过"
"CTRL-1487","src/normalized-ui/StaffModulePanel.tsx","798","PerformanceModule","button","编辑演员","{""onClick"":""openPerformerEdit""}","","","performers.length === 0","canManage","已定义交互事件","SYS-287、SYS-288、SYS-290、SYS-300、SYS-302","定义与绑定已登记；业务结果按闭环表核对，不能将源码登记或同名按钮可见计为逐实例通过"
"CTRL-1488","src/normalized-ui/StaffModulePanel.tsx","798","PerformanceModule","button","维护歌单","{""onClick"":""() => setForm(form === 'songs' ? null : 'songs')""}","","","performers.length === 0","canManage","已定义交互事件","SYS-287、SYS-288、SYS-290、SYS-300、SYS-302","定义与绑定已登记；业务结果按闭环表核对，不能将源码登记或同名按钮可见计为逐实例通过"
"CTRL-1489","src/normalized-ui/StaffModulePanel.tsx","798","PerformanceModule","button","新增演出场次","{""onClick"":""() => setForm(form === 'schedule' ? null : 'schedule')""}","","","","canManage","已定义交互事件","SYS-287、SYS-288、SYS-290、SYS-300、SYS-302","定义与绑定已登记；业务结果按闭环表核对，不能将源码登记或同名按钮可见计为逐实例通过"
"CTRL-1490","src/normalized-ui/StaffModulePanel.tsx","799","PerformanceModule","form","新增演员资料 演员资料和歌单需分别保存 演员编号 艺名 风格标签 {busyKey === 'performer-create' ? '保存中' : '保存演员'}","{""onSubmit"":""(event) => void createPerformer(event)""}","","","","form === 'performer'","已定义交互事件","SYS-287、SYS-288、SYS-290、SYS-300、SYS-302","定义与绑定已登记；业务结果按闭环表核对，不能将源码登记或同名按钮可见计为逐实例通过"
"CTRL-1491","src/normalized-ui/StaffModulePanel.tsx","799","PerformanceModule","input","演员编号","{""onChange"":""(event) => setPerformerCode(event.target.value)""}","(event) => void createPerformer(event)","","","form === 'performer'","所属表单：(event) => void createPerformer(event)","SYS-287、SYS-288、SYS-290、SYS-300、SYS-302","定义与绑定已登记；业务结果按闭环表核对，不能将源码登记或同名按钮可见计为逐实例通过"
"CTRL-1492","src/normalized-ui/StaffModulePanel.tsx","799","PerformanceModule","input","艺名","{""onChange"":""(event) => setStageName(event.target.value)""}","(event) => void createPerformer(event)","","","form === 'performer'","所属表单：(event) => void createPerformer(event)","SYS-287、SYS-288、SYS-290、SYS-300、SYS-302","定义与绑定已登记；业务结果按闭环表核对，不能将源码登记或同名按钮可见计为逐实例通过"
"CTRL-1493","src/normalized-ui/StaffModulePanel.tsx","799","PerformanceModule","input","风格标签","{""onChange"":""(event) => setGenres(event.target.value)""}","(event) => void createPerformer(event)","","","form === 'performer'","所属表单：(event) => void createPerformer(event)","SYS-287、SYS-288、SYS-290、SYS-300、SYS-302","定义与绑定已登记；业务结果按闭环表核对，不能将源码登记或同名按钮可见计为逐实例通过"
"CTRL-1494","src/normalized-ui/StaffModulePanel.tsx","799","PerformanceModule","button","{busyKey === 'performer-create' ? '保存中' : '保存演员'}","{}","(event) => void createPerformer(event)","","busyKey !== null","form === 'performer'","所属表单：(event) => void createPerformer(event)","SYS-287、SYS-288、SYS-290、SYS-300、SYS-302","定义与绑定已登记；业务结果按闭环表核对，不能将源码登记或同名按钮可见计为逐实例通过"
"CTRL-1495","src/normalized-ui/StaffModulePanel.tsx","800","PerformanceModule","form","编辑演员资料 演员编号 {selectedPerformer.code} 保持不变；停用后不再进入顾客可选排班。 演员 {performers.map((performer) => <option value={performer.id} key={performer.id}>{performer.stageName}</option>)} 艺名 风格标签 可用状态 启用 停用 保存演员变更","{""onSubmit"":""(event) => void updatePerformer(event)""}","","","","form === 'performer-edit' && selectedPerformer !== undefined","已定义交互事件","SYS-287、SYS-288、SYS-290、SYS-300、SYS-302","定义与绑定已登记；业务结果按闭环表核对，不能将源码登记或同名按钮可见计为逐实例通过"
"CTRL-1496","src/normalized-ui/StaffModulePanel.tsx","800","PerformanceModule","select","{performers.map((performer) => <option value={performer.id} key={performer.id}>{performer.stageName}</option>)}","{""onChange"":""(event) => { setCatalogPerformerId(event.target.value); const next = performers.find((item) => item.id === event.target.value); if (next) { setEditPerformerName(next.stageName); setEditPerformerStatus(next.status === 'inactive' ? 'inactive' : 'active'); const value = next.profileSnapshot.genres; setEditPerformerGenres(Array.isArray(value) ? value.filter((item): item is string => typeof item === 'string').join('，') : '') } }""}","(event) => void updatePerformer(event)","","","form === 'performer-edit' && selectedPerformer !== undefined","所属表单：(event) => void updatePerformer(event)","SYS-287、SYS-288、SYS-290、SYS-300、SYS-302","定义与绑定已登记；业务结果按闭环表核对，不能将源码登记或同名按钮可见计为逐实例通过"
"CTRL-1497","src/normalized-ui/StaffModulePanel.tsx","800","PerformanceModule","input","艺名","{""onChange"":""(event) => setEditPerformerName(event.target.value)""}","(event) => void updatePerformer(event)","","","form === 'performer-edit' && selectedPerformer !== undefined","所属表单：(event) => void updatePerformer(event)","SYS-287、SYS-288、SYS-290、SYS-300、SYS-302","定义与绑定已登记；业务结果按闭环表核对，不能将源码登记或同名按钮可见计为逐实例通过"
"CTRL-1498","src/normalized-ui/StaffModulePanel.tsx","800","PerformanceModule","input","风格标签","{""onChange"":""(event) => setEditPerformerGenres(event.target.value)""}","(event) => void updatePerformer(event)","","","form === 'performer-edit' && selectedPerformer !== undefined","所属表单：(event) => void updatePerformer(event)","SYS-287、SYS-288、SYS-290、SYS-300、SYS-302","定义与绑定已登记；业务结果按闭环表核对，不能将源码登记或同名按钮可见计为逐实例通过"
"CTRL-1499","src/normalized-ui/StaffModulePanel.tsx","800","PerformanceModule","select","启用 停用","{""onChange"":""(event) => setEditPerformerStatus(event.target.value as 'active' | 'inactive')""}","(event) => void updatePerformer(event)","","","form === 'performer-edit' && selectedPerformer !== undefined","所属表单：(event) => void updatePerformer(event)","SYS-287、SYS-288、SYS-290、SYS-300、SYS-302","定义与绑定已登记；业务结果按闭环表核对，不能将源码登记或同名按钮可见计为逐实例通过"
"CTRL-1500","src/normalized-ui/StaffModulePanel.tsx","800","PerformanceModule","button","保存演员变更","{}","(event) => void updatePerformer(event)","","busyKey !== null","form === 'performer-edit' && selectedPerformer !== undefined","所属表单：(event) => void updatePerformer(event)","SYS-287、SYS-288、SYS-290、SYS-300、SYS-302","定义与绑定已登记；业务结果按闭环表核对，不能将源码登记或同名按钮可见计为逐实例通过"
"CTRL-1501","src/normalized-ui/StaffModulePanel.tsx","801","PerformanceModule","select","{performers.map((performer) => <option value={performer.id} key={performer.id}>{performer.stageName}</option>)}","{""onChange"":""(event) => setCatalogPerformerId(event.target.value)""}","","","","form === 'songs'","已定义交互事件","SYS-287、SYS-288、SYS-290、SYS-300、SYS-302","定义与绑定已登记；业务结果按闭环表核对，不能将源码登记或同名按钮可见计为逐实例通过"
"CTRL-1502","src/normalized-ui/StaffModulePanel.tsx","801","PerformanceModule","input","","{""onChange"":""(event) => setCatalogSearch(event.target.value)""}","","","","form === 'songs'","已定义交互事件","SYS-287、SYS-288、SYS-290、SYS-300、SYS-302","定义与绑定已登记；业务结果按闭环表核对，不能将源码登记或同名按钮可见计为逐实例通过"
"CTRL-1503","src/normalized-ui/StaffModulePanel.tsx","801","PerformanceModule","button","{catalogLoading ? '搜索中' : '搜索'}","{""onClick"":""() => void loadCatalog(catalogPerformerId, catalogSearch)""}","","","catalogLoading","form === 'songs'","已定义交互事件","SYS-287、SYS-288、SYS-290、SYS-300、SYS-302","定义与绑定已登记；业务结果按闭环表核对，不能将源码登记或同名按钮可见计为逐实例通过"
"CTRL-1504","src/normalized-ui/StaffModulePanel.tsx","801","PerformanceModule","form","批量导入 每行格式：编号 | 歌名 | 别名1,别名2。编号和别名可留空。 导入方式 追加或更新 整份替换 开始导入","{""onSubmit"":""(event) => void importSongs(event)""}","","","","form === 'songs'","已定义交互事件","SYS-287、SYS-288、SYS-290、SYS-300、SYS-302","定义与绑定已登记；业务结果按闭环表核对，不能将源码登记或同名按钮可见计为逐实例通过"
"CTRL-1505","src/normalized-ui/StaffModulePanel.tsx","801","PerformanceModule","textarea","","{""onChange"":""(event) => setCatalogRows(event.target.value)""}","(event) => void importSongs(event)","","","form === 'songs'","所属表单：(event) => void importSongs(event)","SYS-287、SYS-288、SYS-290、SYS-300、SYS-302","定义与绑定已登记；业务结果按闭环表核对，不能将源码登记或同名按钮可见计为逐实例通过"
"CTRL-1506","src/normalized-ui/StaffModulePanel.tsx","801","PerformanceModule","select","追加或更新 整份替换","{""onChange"":""(event) => setCatalogMode(event.target.value as 'upsert' | 'replace')""}","(event) => void importSongs(event)","","","form === 'songs'","所属表单：(event) => void importSongs(event)","SYS-287、SYS-288、SYS-290、SYS-300、SYS-302","定义与绑定已登记；业务结果按闭环表核对，不能将源码登记或同名按钮可见计为逐实例通过"
"CTRL-1507","src/normalized-ui/StaffModulePanel.tsx","801","PerformanceModule","button","开始导入","{}","(event) => void importSongs(event)","","busyKey !== null","form === 'songs'","所属表单：(event) => void importSongs(event)","SYS-287、SYS-288、SYS-290、SYS-300、SYS-302","定义与绑定已登记；业务结果按闭环表核对，不能将源码登记或同名按钮可见计为逐实例通过"
"CTRL-1508","src/normalized-ui/StaffModulePanel.tsx","801","PerformanceModule","form","修改单曲 编号 歌名 别名 保存 取消","{""onSubmit"":""(event) => void updateSong(event)""}","","","","form === 'songs' && editingSong !== null","已定义交互事件","SYS-287、SYS-288、SYS-290、SYS-300、SYS-302","定义与绑定已登记；业务结果按闭环表核对，不能将源码登记或同名按钮可见计为逐实例通过"
"CTRL-1509","src/normalized-ui/StaffModulePanel.tsx","801","PerformanceModule","input","编号","{""onChange"":""(event) => setEditSongCode(event.target.value)""}","(event) => void updateSong(event)","","","form === 'songs' && editingSong !== null","所属表单：(event) => void updateSong(event)","SYS-287、SYS-288、SYS-290、SYS-300、SYS-302","定义与绑定已登记；业务结果按闭环表核对，不能将源码登记或同名按钮可见计为逐实例通过"
"CTRL-1510","src/normalized-ui/StaffModulePanel.tsx","801","PerformanceModule","input","歌名","{""onChange"":""(event) => setEditSongTitle(event.target.value)""}","(event) => void updateSong(event)","","","form === 'songs' && editingSong !== null","所属表单：(event) => void updateSong(event)","SYS-287、SYS-288、SYS-290、SYS-300、SYS-302","定义与绑定已登记；业务结果按闭环表核对，不能将源码登记或同名按钮可见计为逐实例通过"
"CTRL-1511","src/normalized-ui/StaffModulePanel.tsx","801","PerformanceModule","input","别名","{""onChange"":""(event) => setEditSongAliases(event.target.value)""}","(event) => void updateSong(event)","","","form === 'songs' && editingSong !== null","所属表单：(event) => void updateSong(event)","SYS-287、SYS-288、SYS-290、SYS-300、SYS-302","定义与绑定已登记；业务结果按闭环表核对，不能将源码登记或同名按钮可见计为逐实例通过"
"CTRL-1512","src/normalized-ui/StaffModulePanel.tsx","801","PerformanceModule","button","保存","{}","(event) => void updateSong(event)","","busyKey !== null","form === 'songs' && editingSong !== null","所属表单：(event) => void updateSong(event)","SYS-287、SYS-288、SYS-290、SYS-300、SYS-302","定义与绑定已登记；业务结果按闭环表核对，不能将源码登记或同名按钮可见计为逐实例通过"
"CTRL-1513","src/normalized-ui/StaffModulePanel.tsx","801","PerformanceModule","button","取消","{""onClick"":""() => setEditingSong(null)""}","(event) => void updateSong(event)","","","form === 'songs' && editingSong !== null","所属表单：(event) => void updateSong(event)","SYS-287、SYS-288、SYS-290、SYS-300、SYS-302","定义与绑定已登记；业务结果按闭环表核对，不能将源码登记或同名按钮可见计为逐实例通过"
"CTRL-1514","src/normalized-ui/StaffModulePanel.tsx","801","PerformanceModule","button","修改","{""onClick"":""() => beginSongEdit(song)""}","","","","","已定义交互事件","SYS-287、SYS-288、SYS-290、SYS-300、SYS-302","定义与绑定已登记；业务结果按闭环表核对，不能将源码登记或同名按钮可见计为逐实例通过"
"CTRL-1515","src/normalized-ui/StaffModulePanel.tsx","801","PerformanceModule","button","停用","{""onClick"":""() => void deactivateSong(song)""}","","","","","已定义交互事件","SYS-287、SYS-288、SYS-290、SYS-300、SYS-302","定义与绑定已登记；业务结果按闭环表核对，不能将源码登记或同名按钮可见计为逐实例通过"
"CTRL-1516","src/normalized-ui/StaffModulePanel.tsx","802","PerformanceModule","form","新增演出场次 保存后立即进入当前排班并对顾客可见，请先核对时间。 演员 请选择 {performers.filter((performer) => performer.status === 'active').map((performer) => <option value={performer.id} key={performer.id}>{performer.stageName}</option>)} 开始时间 结束时间 {busyKey === 'schedule-create' ? '保存中' : '确认保存并展示'}","{""onSubmit"":""(event) => void createSchedule(event)""}","","","","form === 'schedule'","已定义交互事件","SYS-287、SYS-288、SYS-290、SYS-300、SYS-302","定义与绑定已登记；业务结果按闭环表核对，不能将源码登记或同名按钮可见计为逐实例通过"
"CTRL-1517","src/normalized-ui/StaffModulePanel.tsx","802","PerformanceModule","select","请选择 {performers.filter((performer) => performer.status === 'active').map((performer) => <option value={performer.id} key={performer.id}>{performer.stageName}</option>)}","{""onChange"":""(event) => setSchedulePerformerId(event.target.value)""}","(event) => void createSchedule(event)","","","form === 'schedule'","所属表单：(event) => void createSchedule(event)","SYS-287、SYS-288、SYS-290、SYS-300、SYS-302","定义与绑定已登记；业务结果按闭环表核对，不能将源码登记或同名按钮可见计为逐实例通过"
"CTRL-1518","src/normalized-ui/StaffModulePanel.tsx","802","PerformanceModule","input","开始时间","{""onChange"":""(event) => setStartsAt(event.target.value)""}","(event) => void createSchedule(event)","","","form === 'schedule'","所属表单：(event) => void createSchedule(event)","SYS-287、SYS-288、SYS-290、SYS-300、SYS-302","定义与绑定已登记；业务结果按闭环表核对，不能将源码登记或同名按钮可见计为逐实例通过"
"CTRL-1519","src/normalized-ui/StaffModulePanel.tsx","802","PerformanceModule","input","结束时间","{""onChange"":""(event) => setEndsAt(event.target.value)""}","(event) => void createSchedule(event)","","","form === 'schedule'","所属表单：(event) => void createSchedule(event)","SYS-287、SYS-288、SYS-290、SYS-300、SYS-302","定义与绑定已登记；业务结果按闭环表核对，不能将源码登记或同名按钮可见计为逐实例通过"
"CTRL-1520","src/normalized-ui/StaffModulePanel.tsx","802","PerformanceModule","button","{busyKey === 'schedule-create' ? '保存中' : '确认保存并展示'}","{}","(event) => void createSchedule(event)","","busyKey !== null || performers.length === 0","form === 'schedule'","所属表单：(event) => void createSchedule(event)","SYS-287、SYS-288、SYS-290、SYS-300、SYS-302","定义与绑定已登记；业务结果按闭环表核对，不能将源码登记或同名按钮可见计为逐实例通过"
"CTRL-1521","src/normalized-ui/StaffModulePanel.tsx","803","PerformanceModule","button","取消过期记录","{""onClick"":""() => transitionPhase(phase, 'cancel')""}","","","busyKey !== null","canManagePhase","已定义交互事件","SYS-287、SYS-288、SYS-290、SYS-300、SYS-302","定义与绑定已登记；业务结果按闭环表核对，不能将源码登记或同名按钮可见计为逐实例通过"
"CTRL-1522","src/normalized-ui/StaffModulePanel.tsx","809","PerformanceModule","button","开始","{""onClick"":""() => transitionSchedule(schedule, 'performing')""}","","","busyKey !== null","canManage && schedule.status === 'scheduled'","已定义交互事件","SYS-287、SYS-288、SYS-290、SYS-300、SYS-302","定义与绑定已登记；业务结果按闭环表核对，不能将源码登记或同名按钮可见计为逐实例通过"
"CTRL-1523","src/normalized-ui/StaffModulePanel.tsx","809","PerformanceModule","button","结束整场","{""onClick"":""() => transitionSchedule(schedule, 'completed')""}","","","busyKey !== null","canManage && schedule.status === 'performing' && activePhase === undefined","已定义交互事件","SYS-287、SYS-288、SYS-290、SYS-300、SYS-302","定义与绑定已登记；业务结果按闭环表核对，不能将源码登记或同名按钮可见计为逐实例通过"
"CTRL-1524","src/normalized-ui/StaffModulePanel.tsx","814","PerformanceModule","select","现场演出阶段","{""onChange"":""(event) => setPhaseChoice((current) => ({ ...current, [schedule.id]: event.target.value as PerformancePhaseCode }))""}","","","","schedule.status === 'performing' && activePhase === undefined && canManagePhase","已定义交互事件","SYS-287、SYS-288、SYS-290、SYS-300、SYS-302","定义与绑定已登记；业务结果按闭环表核对，不能将源码登记或同名按钮可见计为逐实例通过"
"CTRL-1525","src/normalized-ui/StaffModulePanel.tsx","814","PerformanceModule","button","开始阶段","{""onClick"":""() => startPhase(schedule)""}","","","busyKey !== null","schedule.status === 'performing' && activePhase === undefined && canManagePhase","已定义交互事件","SYS-287、SYS-288、SYS-290、SYS-300、SYS-302","定义与绑定已登记；业务结果按闭环表核对，不能将源码登记或同名按钮可见计为逐实例通过"
"CTRL-1526","src/normalized-ui/StaffModulePanel.tsx","818","PerformanceModule","button","结束阶段","{""onClick"":""() => transitionPhase(activePhase, 'end')""}","","","busyKey !== null","schedule.status === 'performing' && activePhase === undefined && canManagePhase","已定义交互事件","SYS-287、SYS-288、SYS-290、SYS-300、SYS-302","定义与绑定已登记；业务结果按闭环表核对，不能将源码登记或同名按钮可见计为逐实例通过"
"CTRL-1527","src/normalized-ui/StaffModulePanel.tsx","818","PerformanceModule","button","取消记录","{""onClick"":""() => transitionPhase(activePhase, 'cancel')""}","","","busyKey !== null","schedule.status === 'performing' && activePhase === undefined && canManagePhase","已定义交互事件","SYS-287、SYS-288、SYS-290、SYS-300、SYS-302","定义与绑定已登记；业务结果按闭环表核对，不能将源码登记或同名按钮可见计为逐实例通过"
"CTRL-1528","src/normalized-ui/StaffModulePanel.tsx","826","PerformanceModule","NumberInputWithUnit","报价","{""onChange"":""(event) => setQuotes((current) => ({ ...current, [request.id]: event.target.value }))""}","","","","canManage && request.status === 'requested'","已定义交互事件","SYS-287、SYS-288、SYS-290、SYS-300、SYS-302","定义与绑定已登记；业务结果按闭环表核对，不能将源码登记或同名按钮可见计为逐实例通过"
"CTRL-1529","src/normalized-ui/StaffModulePanel.tsx","826","PerformanceModule","button","接受","{""onClick"":""() => transitionSong(request, 'confirm')""}","","","busyKey !== null","canManage && request.status === 'requested'","已定义交互事件","SYS-287、SYS-288、SYS-290、SYS-300、SYS-302","定义与绑定已登记；业务结果按闭环表核对，不能将源码登记或同名按钮可见计为逐实例通过"
"CTRL-1530","src/normalized-ui/StaffModulePanel.tsx","826","PerformanceModule","button","拒绝","{""onClick"":""() => transitionSong(request, 'reject')""}","","","busyKey !== null","canManage && request.status === 'requested'","已定义交互事件","SYS-287、SYS-288、SYS-290、SYS-300、SYS-302","定义与绑定已登记；业务结果按闭环表核对，不能将源码登记或同名按钮可见计为逐实例通过"
"CTRL-1531","src/normalized-ui/StaffModulePanel.tsx","826","PerformanceModule","button","已演唱","{""onClick"":""() => transitionSong(request, 'performed')""}","","","busyKey !== null","canManage && request.status === 'paid'","已定义交互事件","SYS-287、SYS-288、SYS-290、SYS-300、SYS-302","定义与绑定已登记；业务结果按闭环表核对，不能将源码登记或同名按钮可见计为逐实例通过"
"CTRL-1532","src/normalized-ui/StaffModulePanel.tsx","826","PerformanceModule","button","取消","{""onClick"":""() => transitionSong(request, 'cancel')""}","","","busyKey !== null","canManage && request.status === 'accepted'","已定义交互事件","SYS-287、SYS-288、SYS-290、SYS-300、SYS-302","定义与绑定已登记；业务结果按闭环表核对，不能将源码登记或同名按钮可见计为逐实例通过"
"CTRL-1533","src/normalized-ui/StaffModulePanel.tsx","1273","InventoryModule","summary","首次进货与上架指引","{}","","","","","浏览器原生展开/收起","SYS-287、SYS-288、SYS-290、SYS-300、SYS-302","定义与绑定已登记；业务结果按闭环表核对，不能将源码登记或同名按钮可见计为逐实例通过"
"CTRL-1534","src/normalized-ui/StaffModulePanel.tsx","1273","InventoryModule","button","扫码入库","{""onClick"":""() => chooseMode('receive')""}","","","","canReceive","已定义交互事件","SYS-287、SYS-288、SYS-290、SYS-300、SYS-302","定义与绑定已登记；业务结果按闭环表核对，不能将源码登记或同名按钮可见计为逐实例通过"
"CTRL-1535","src/normalized-ui/StaffModulePanel.tsx","1273","InventoryModule","button","配置","{""onClick"":""() => {window.location.hash='work=products';setCatalogOpenRequest((current) => current + 1)}""}","","","","canManageCatalog","已定义交互事件","SYS-287、SYS-288、SYS-290、SYS-300、SYS-302","定义与绑定已登记；业务结果按闭环表核对，不能将源码登记或同名按钮可见计为逐实例通过"
"CTRL-1536","src/normalized-ui/StaffModulePanel.tsx","1273","InventoryModule","button","检查商品","{""onClick"":""() => {window.location.hash='work=products';setCatalogOpenRequest((current) => current + 1)}""}","","","","canManageCatalog","已定义交互事件","SYS-287、SYS-288、SYS-290、SYS-300、SYS-302","定义与绑定已登记；业务结果按闭环表核对，不能将源码登记或同名按钮可见计为逐实例通过"
"CTRL-1537","src/normalized-ui/StaffModulePanel.tsx","1283","InventoryModule","button","新建库存物料","{""onClick"":""() => chooseMode('create')""}","","","","(canCount || canWaste || canReceive || canManage || canBindBarcode || canCorrectInventoryCost) && canManage","已定义交互事件","SYS-287、SYS-288、SYS-290、SYS-300、SYS-302","定义与绑定已登记；业务结果按闭环表核对，不能将源码登记或同名按钮可见计为逐实例通过"
"CTRL-1538","src/normalized-ui/StaffModulePanel.tsx","1284","InventoryModule","button","手机扫码入库","{""onClick"":""() => chooseMode('receive')""}","","","","(canCount || canWaste || canReceive || canManage || canBindBarcode || canCorrectInventoryCost) && canReceive","已定义交互事件","SYS-287、SYS-288、SYS-290、SYS-300、SYS-302","定义与绑定已登记；业务结果按闭环表核对，不能将源码登记或同名按钮可见计为逐实例通过"
"CTRL-1539","src/normalized-ui/StaffModulePanel.tsx","1285","InventoryModule","button","首次绑定条码","{""onClick"":""() => chooseMode('bind')""}","","","","(canCount || canWaste || canReceive || canManage || canBindBarcode || canCorrectInventoryCost) && canBindBarcode","已定义交互事件","SYS-287、SYS-288、SYS-290、SYS-300、SYS-302","定义与绑定已登记；业务结果按闭环表核对，不能将源码登记或同名按钮可见计为逐实例通过"
"CTRL-1540","src/normalized-ui/StaffModulePanel.tsx","1286","InventoryModule","button","单项盘点","{""onClick"":""() => chooseMode('count')""}","","","","(canCount || canWaste || canReceive || canManage || canBindBarcode || canCorrectInventoryCost) && canCount","已定义交互事件","SYS-287、SYS-288、SYS-290、SYS-300、SYS-302","定义与绑定已登记；业务结果按闭环表核对，不能将源码登记或同名按钮可见计为逐实例通过"
"CTRL-1541","src/normalized-ui/StaffModulePanel.tsx","1287","InventoryModule","button","登记损耗","{""onClick"":""() => chooseMode('waste')""}","","","","(canCount || canWaste || canReceive || canManage || canBindBarcode || canCorrectInventoryCost) && canWaste","已定义交互事件","SYS-287、SYS-288、SYS-290、SYS-300、SYS-302","定义与绑定已登记；业务结果按闭环表核对，不能将源码登记或同名按钮可见计为逐实例通过"
"CTRL-1542","src/normalized-ui/StaffModulePanel.tsx","1288","InventoryModule","button","核对后更正成本","{""onClick"":""() => chooseMode('cost-correct')""}","","","","(canCount || canWaste || canReceive || canManage || canBindBarcode || canCorrectInventoryCost) && canCorrectInventoryCost","已定义交互事件","SYS-287、SYS-288、SYS-290、SYS-300、SYS-302","定义与绑定已登记；业务结果按闭环表核对，不能将源码登记或同名按钮可见计为逐实例通过"
"CTRL-1543","src/normalized-ui/StaffModulePanel.tsx","1291","InventoryModule","select","选择已配置商品 {publishProducts.map((product) => <option key={product.id} value={product.id}>{product.name} · {inventorySalesSpecificationLabel(product.salesSpecificationType)} · {product.code} · {product.status === 'active' ? '当前在售' : '待发布'}</option>)}","{""onChange"":""(event) => { setPublishProductId(event.target.value); setPublishPreview(null) }""}","","","","canReceive && canPublishBeverage && (pendingReceipt !== null || draftReceipts.length > 0)","已定义交互事件","SYS-287、SYS-288、SYS-290、SYS-300、SYS-302","定义与绑定已登记；业务结果按闭环表核对，不能将源码登记或同名按钮可见计为逐实例通过"
"CTRL-1544","src/normalized-ui/StaffModulePanel.tsx","1294","InventoryModule","form","新建库存物料 用于新酒款、食材、包装或配方原料。建立物料本身不增加库存；成本和数量请在后续收货单中如实登记并确认。 物料编号 物料名称 库存品类 {inventoryCategoryOptions.map(([code, label]) => <option key={code} value={code}>{label}</option>)} 库存单位 毫升（ml） 克（g） 件 {newItemUsesMillilitres ? '该品类按毫升入库和扣减；瓶数仅作为条码包装量。' : '非液体物料按克或件管理；瓶、包等只作为包装描述。'} 单瓶净含量 按毫升库存的酒水必须填写；条码包装量会自动要求与此一致。 安全库存（选填） {busy ? '正在建立' : '建立物料并继续绑定条码'}","{""onSubmit"":""(event) => void createInventoryItem(event)""}","","","","mode === 'create'","已定义交互事件","SYS-287、SYS-288、SYS-290、SYS-300、SYS-302","定义与绑定已登记；业务结果按闭环表核对，不能将源码登记或同名按钮可见计为逐实例通过"
"CTRL-1545","src/normalized-ui/StaffModulePanel.tsx","1296","InventoryModule","input","物料编号","{""onChange"":""(event) => setNewItemSku(event.target.value)""}","(event) => void createInventoryItem(event)","","","mode === 'create'","所属表单：(event) => void createInventoryItem(event)","SYS-287、SYS-288、SYS-290、SYS-300、SYS-302","定义与绑定已登记；业务结果按闭环表核对，不能将源码登记或同名按钮可见计为逐实例通过"
"CTRL-1546","src/normalized-ui/StaffModulePanel.tsx","1297","InventoryModule","input","物料名称","{""onChange"":""(event) => setNewItemName(event.target.value)""}","(event) => void createInventoryItem(event)","","","mode === 'create'","所属表单：(event) => void createInventoryItem(event)","SYS-287、SYS-288、SYS-290、SYS-300、SYS-302","定义与绑定已登记；业务结果按闭环表核对，不能将源码登记或同名按钮可见计为逐实例通过"
"CTRL-1547","src/normalized-ui/StaffModulePanel.tsx","1298","InventoryModule","select","{inventoryCategoryOptions.map(([code, label]) => <option key={code} value={code}>{label}</option>)}","{""onChange"":""(event) => { const categoryCode = event.target.value; setNewItemCategoryCode(categoryCode); setNewItemBaseUnit(preferredInventoryBaseUnit(categoryCode)) }""}","(event) => void createInventoryItem(event)","","","mode === 'create'","所属表单：(event) => void createInventoryItem(event)","SYS-287、SYS-288、SYS-290、SYS-300、SYS-302","定义与绑定已登记；业务结果按闭环表核对，不能将源码登记或同名按钮可见计为逐实例通过"
"CTRL-1548","src/normalized-ui/StaffModulePanel.tsx","1299","InventoryModule","select","毫升（ml） 克（g） 件","{""onChange"":""(event) => setNewItemBaseUnit(event.target.value as 'ml' | 'g' | 'piece')""}","(event) => void createInventoryItem(event)","","newItemUsesMillilitres","mode === 'create'","所属表单：(event) => void createInventoryItem(event)","SYS-287、SYS-288、SYS-290、SYS-300、SYS-302","定义与绑定已登记；业务结果按闭环表核对，不能将源码登记或同名按钮可见计为逐实例通过"
"CTRL-1549","src/normalized-ui/StaffModulePanel.tsx","1300","InventoryModule","NumberInputWithUnit","单瓶净含量","{""onChange"":""(event) => setNewItemPackageVolumeMl(event.target.value)""}","(event) => void createInventoryItem(event)","","","mode === 'create'","所属表单：(event) => void createInventoryItem(event)","SYS-287、SYS-288、SYS-290、SYS-300、SYS-302","定义与绑定已登记；业务结果按闭环表核对，不能将源码登记或同名按钮可见计为逐实例通过"
"CTRL-1550","src/normalized-ui/StaffModulePanel.tsx","1301","InventoryModule","NumberInputWithUnit","安全库存（选填）","{""onChange"":""(event) => setNewItemLowStockThreshold(event.target.value)""}","(event) => void createInventoryItem(event)","","","mode === 'create'","所属表单：(event) => void createInventoryItem(event)","SYS-287、SYS-288、SYS-290、SYS-300、SYS-302","定义与绑定已登记；业务结果按闭环表核对，不能将源码登记或同名按钮可见计为逐实例通过"
"CTRL-1551","src/normalized-ui/StaffModulePanel.tsx","1302","InventoryModule","button","{busy ? '正在建立' : '建立物料并继续绑定条码'}","{}","(event) => void createInventoryItem(event)","","busy","mode === 'create'","所属表单：(event) => void createInventoryItem(event)","SYS-287、SYS-288、SYS-290、SYS-300、SYS-302","定义与绑定已登记；业务结果按闭环表核对，不能将源码登记或同名按钮可见计为逐实例通过"
"CTRL-1552","src/normalized-ui/StaffModulePanel.tsx","1304","InventoryModule","form","编辑库存物料 可修正名称、品类、净含量和安全库存；已有收货、盘点或配方记录的物料不直接改编号或库存单位，避免历史流水失真。 物料名称 库存品类 {!inventoryCategoryOptions.some(([code]) => code === newItemCategoryCode) && <option value={newItemCategoryCode}>当前品类（{inventoryCategoryLabel(newItemCategoryCode)}）</option>} {inventoryCategoryOptions.map(([code, label]) => <option key={code} value={code}>{label}</option>)} 当前库存单位 {selectedEditItem !== null && requiresMillilitreInventoryMigration(selectedEditItem.categoryCode, selectedEditItem.baseUnit) ? '历史底账继续保留瓶单位；配方、盘点和损耗会按这里登记的单瓶净含量换算成毫升供员工录入。' : '已有流水后不直接改库存单位。'} 单瓶净含量（选填） 安全库存（选填） {busy ? '正在保存' : '保存物料资料'}","{""onSubmit"":""(event) => void updateInventoryItem(event)""}","","","","mode === 'edit'","已定义交互事件","SYS-287、SYS-288、SYS-290、SYS-300、SYS-302","定义与绑定已登记；业务结果按闭环表核对，不能将源码登记或同名按钮可见计为逐实例通过"
"CTRL-1553","src/normalized-ui/StaffModulePanel.tsx","1306","InventoryModule","input","物料名称","{""onChange"":""(event) => setNewItemName(event.target.value)""}","(event) => void updateInventoryItem(event)","","","mode === 'edit'","所属表单：(event) => void updateInventoryItem(event)","SYS-287、SYS-288、SYS-290、SYS-300、SYS-302","定义与绑定已登记；业务结果按闭环表核对，不能将源码登记或同名按钮可见计为逐实例通过"
"CTRL-1554","src/normalized-ui/StaffModulePanel.tsx","1307","InventoryModule","select","{!inventoryCategoryOptions.some(([code]) => code === newItemCategoryCode) && <option value={newItemCategoryCode}>当前品类（{inventoryCategoryLabel(newItemCategoryCode)}）</option>} {inventoryCategoryOptions.map(([code, label]) => <option key={code} value={code}>{label}</option>)}","{""onChange"":""(event) => setNewItemCategoryCode(event.target.value)""}","(event) => void updateInventoryItem(event)","","","mode === 'edit'","所属表单：(event) => void updateInventoryItem(event)","SYS-287、SYS-288、SYS-290、SYS-300、SYS-302","定义与绑定已登记；业务结果按闭环表核对，不能将源码登记或同名按钮可见计为逐实例通过"
"CTRL-1555","src/normalized-ui/StaffModulePanel.tsx","1308","InventoryModule","input","当前库存单位","{}","(event) => void updateInventoryItem(event)","","","mode === 'edit'","所属表单：(event) => void updateInventoryItem(event)","SYS-287、SYS-288、SYS-290、SYS-300、SYS-302","定义与绑定已登记；业务结果按闭环表核对，不能将源码登记或同名按钮可见计为逐实例通过"
"CTRL-1556","src/normalized-ui/StaffModulePanel.tsx","1309","InventoryModule","NumberInputWithUnit","单瓶净含量（选填）","{""onChange"":""(event) => setNewItemPackageVolumeMl(event.target.value)""}","(event) => void updateInventoryItem(event)","","","mode === 'edit'","所属表单：(event) => void updateInventoryItem(event)","SYS-287、SYS-288、SYS-290、SYS-300、SYS-302","定义与绑定已登记；业务结果按闭环表核对，不能将源码登记或同名按钮可见计为逐实例通过"
"CTRL-1557","src/normalized-ui/StaffModulePanel.tsx","1310","InventoryModule","NumberInputWithUnit","安全库存（选填）","{""onChange"":""(event) => setNewItemLowStockThreshold(event.target.value)""}","(event) => void updateInventoryItem(event)","","","mode === 'edit'","所属表单：(event) => void updateInventoryItem(event)","SYS-287、SYS-288、SYS-290、SYS-300、SYS-302","定义与绑定已登记；业务结果按闭环表核对，不能将源码登记或同名按钮可见计为逐实例通过"
"CTRL-1558","src/normalized-ui/StaffModulePanel.tsx","1311","InventoryModule","button","{busy ? '正在保存' : '保存物料资料'}","{}","(event) => void updateInventoryItem(event)","","busy","mode === 'edit'","所属表单：(event) => void updateInventoryItem(event)","SYS-287、SYS-288、SYS-290、SYS-300、SYS-302","定义与绑定已登记；业务结果按闭环表核对，不能将源码登记或同名按钮可见计为逐实例通过"
"CTRL-1559","src/normalized-ui/StaffModulePanel.tsx","1315","InventoryModule","button","{busy ? '正在处理' : '仅确认入库'}","{""onClick"":""() => void confirmReceipt(receipt)""}","","","busy","","已定义交互事件","SYS-287、SYS-288、SYS-290、SYS-300、SYS-302","定义与绑定已登记；业务结果按闭环表核对，不能将源码登记或同名按钮可见计为逐实例通过"
"CTRL-1560","src/normalized-ui/StaffModulePanel.tsx","1315","InventoryModule","button","生成发布预览","{""onClick"":""() => void previewReceiptAndPublish(receipt)""}","","","busy || !publishProductId","canPublishBeverage","已定义交互事件","SYS-287、SYS-288、SYS-290、SYS-300、SYS-302","定义与绑定已登记；业务结果按闭环表核对，不能将源码登记或同名按钮可见计为逐实例通过"
"CTRL-1561","src/normalized-ui/StaffModulePanel.tsx","1315","InventoryModule","button","按预览确认发布","{""onClick"":""() => void confirmReceiptAndPublish(receipt)""}","","","busy || publishPreview?.receiptId !== receipt.id || publishPreview.productId !== publishProductId","canPublishBeverage","已定义交互事件","SYS-287、SYS-288、SYS-290、SYS-300、SYS-302","定义与绑定已登记；业务结果按闭环表核对，不能将源码登记或同名按钮可见计为逐实例通过"
"CTRL-1562","src/normalized-ui/StaffModulePanel.tsx","1321","InventoryModule","form","{mode === 'count' ? '单项盘点' : '登记损耗'} {mode === 'count' ? '提交后由有审批权限的岗位复核差异。液体统一填写毫升。' : '提交后立即形成库存流水；液体统一填写毫升。'} 物料 请选择 {operationalItems.map((item) => <option value={item.id} key={item.id}>{item.name} · 当前 {formatEmployeeInventoryQuantity(item)}</option>)} {mode === 'count' ? '实盘数量' : '损耗数量'} {mode === 'waste' && <label>损耗类型<select value={wasteType} onChange={(event) => setWasteType(event.target.value as typeof wasteType)}><option value=""mixing_failure"">调酒失败</option><option value=""discarded"">报废</option><option value=""expired"">过期</option><option value=""tasting"">试饮</option><option value=""complimentary"">赠送</option><option value=""count_difference"">盘点差异</option><option value=""other"">其他</option><","{""onSubmit"":""(event) => void submitInventoryAction(event)""}","","","","(mode === 'count' || mode === 'waste')","已定义交互事件","SYS-287、SYS-288、SYS-290、SYS-300、SYS-302","定义与绑定已登记；业务结果按闭环表核对，不能将源码登记或同名按钮可见计为逐实例通过"
"CTRL-1563","src/normalized-ui/StaffModulePanel.tsx","1321","InventoryModule","select","请选择 {operationalItems.map((item) => <option value={item.id} key={item.id}>{item.name} · 当前 {formatEmployeeInventoryQuantity(item)}</option>)}","{""onChange"":""(event) => setItemId(event.target.value)""}","(event) => void submitInventoryAction(event)","","","(mode === 'count' || mode === 'waste')","所属表单：(event) => void submitInventoryAction(event)","SYS-287、SYS-288、SYS-290、SYS-300、SYS-302","定义与绑定已登记；业务结果按闭环表核对，不能将源码登记或同名按钮可见计为逐实例通过"
"CTRL-1564","src/normalized-ui/StaffModulePanel.tsx","1321","InventoryModule","NumberInputWithUnit","{mode === 'count' ? '实盘数量' : '损耗数量'}","{""onChange"":""(event) => setQuantity(event.target.value)""}","(event) => void submitInventoryAction(event)","","","(mode === 'count' || mode === 'waste')","所属表单：(event) => void submitInventoryAction(event)","SYS-287、SYS-288、SYS-290、SYS-300、SYS-302","定义与绑定已登记；业务结果按闭环表核对，不能将源码登记或同名按钮可见计为逐实例通过"
"CTRL-1565","src/normalized-ui/StaffModulePanel.tsx","1321","InventoryModule","select","调酒失败 报废 过期 试饮 赠送 盘点差异 其他","{""onChange"":""(event) => setWasteType(event.target.value as typeof wasteType)""}","(event) => void submitInventoryAction(event)","","","(mode === 'count' || mode === 'waste') && mode === 'waste'","所属表单：(event) => void submitInventoryAction(event)","SYS-287、SYS-288、SYS-290、SYS-300、SYS-302","定义与绑定已登记；业务结果按闭环表核对，不能将源码登记或同名按钮可见计为逐实例通过"
"CTRL-1566","src/normalized-ui/StaffModulePanel.tsx","1321","InventoryModule","input","{mode === 'count' ? '差异说明（选填）' : '损耗原因'}","{""onChange"":""(event) => setReason(event.target.value)""}","(event) => void submitInventoryAction(event)","","","(mode === 'count' || mode === 'waste')","所属表单：(event) => void submitInventoryAction(event)","SYS-287、SYS-288、SYS-290、SYS-300、SYS-302","定义与绑定已登记；业务结果按闭环表核对，不能将源码登记或同名按钮可见计为逐实例通过"
"CTRL-1567","src/normalized-ui/StaffModulePanel.tsx","1321","InventoryModule","button","{busy ? '提交中' : mode === 'count' ? '提交盘点复核' : '确认登记损耗'}","{}","(event) => void submitInventoryAction(event)","","busy","(mode === 'count' || mode === 'waste')","所属表单：(event) => void submitInventoryAction(event)","SYS-287、SYS-288、SYS-290、SYS-300、SYS-302","定义与绑定已登记；业务结果按闭环表核对，不能将源码登记或同名按钮可见计为逐实例通过"
"CTRL-1568","src/normalized-ui/StaffModulePanel.tsx","1322","InventoryModule","form","核对后更正当前成本 仅用于历史库存、盘点差异等无法由收货单自动恢复成本的情况。日常采购请继续只填数量和本批总额。 物料 请选择 {view.items.map((item) => <option value={item.id} key={item.id}>{item.name} · 当前 {formatInventoryQuantityWithUnit(item.availableQuantity, item.baseUnit)}{item.costStatus === 'needs_review' ? ' · 成本待核对' : ''}</option>)} 核对后的当前单位成本 {selectedCostCorrectionItem?.weightedUnitCostMinor === null || selectedCostCorrectionItem?.weightedUnitCostMinor === undefined ? '当前为待补成本；保存后会建立可追溯的当前成本。' : `当前为 ¥${formatInventoryUnitCostMinor(selectedCostCorrectionItem.weightedUnitCostMinor, selectedCostCorrectionItem.baseUnit)}/${inventoryUnitLabel(selectedCostCorrectionItem.baseUnit)}，请按凭证核对后填写新值。`} 按毫升管理的酒水填写每毫升成本；系统会保存精确值，并自动更新后续配方和组合成本。 更正原因 {bus","{""onSubmit"":""(event) => void submitCostCorrection(event)""}","","","","mode === 'cost-correct'","已定义交互事件","SYS-287、SYS-288、SYS-290、SYS-300、SYS-302","定义与绑定已登记；业务结果按闭环表核对，不能将源码登记或同名按钮可见计为逐实例通过"
"CTRL-1569","src/normalized-ui/StaffModulePanel.tsx","1322","InventoryModule","select","请选择 {view.items.map((item) => <option value={item.id} key={item.id}>{item.name} · 当前 {formatInventoryQuantityWithUnit(item.availableQuantity, item.baseUnit)}{item.costStatus === 'needs_review' ? ' · 成本待核对' : ''}</option>)}","{""onChange"":""(event) => setItemId(event.target.value)""}","(event) => void submitCostCorrection(event)","","","mode === 'cost-correct'","所属表单：(event) => void submitCostCorrection(event)","SYS-287、SYS-288、SYS-290、SYS-300、SYS-302","定义与绑定已登记；业务结果按闭环表核对，不能将源码登记或同名按钮可见计为逐实例通过"
"CTRL-1570","src/normalized-ui/StaffModulePanel.tsx","1322","InventoryModule","NumberInputWithUnit","核对后的当前单位成本","{""onChange"":""(event) => setCostCorrectionYuan(event.target.value)""}","(event) => void submitCostCorrection(event)","","","mode === 'cost-correct'","所属表单：(event) => void submitCostCorrection(event)","SYS-287、SYS-288、SYS-290、SYS-300、SYS-302","定义与绑定已登记；业务结果按闭环表核对，不能将源码登记或同名按钮可见计为逐实例通过"
"CTRL-1571","src/normalized-ui/StaffModulePanel.tsx","1322","InventoryModule","input","更正原因","{""onChange"":""(event) => setCostCorrectionReason(event.target.value)""}","(event) => void submitCostCorrection(event)","","","mode === 'cost-correct'","所属表单：(event) => void submitCostCorrection(event)","SYS-287、SYS-288、SYS-290、SYS-300、SYS-302","定义与绑定已登记；业务结果按闭环表核对，不能将源码登记或同名按钮可见计为逐实例通过"
"CTRL-1572","src/normalized-ui/StaffModulePanel.tsx","1322","InventoryModule","button","{busy ? '正在保存' : '保存更正并自动重算'}","{}","(event) => void submitCostCorrection(event)","","busy","mode === 'cost-correct'","所属表单：(event) => void submitCostCorrection(event)","SYS-287、SYS-288、SYS-290、SYS-300、SYS-302","定义与绑定已登记；业务结果按闭环表核对，不能将源码登记或同名按钮可见计为逐实例通过"
"CTRL-1573","src/normalized-ui/StaffModulePanel.tsx","1323","InventoryModule","form","手机扫码建立收货单 常规操作只需扫码或选择物料、填写数量和本批实际采购成本；第一步不会改变库存。 商品包装条形码或二维码 扫码 已建档物料（扫码不可用时） 不选，使用扫码 {bindableItems.map((item) => <option value={item.id} key={item.id}>{item.name} · {item.packageVolumeMl === null ? inventoryUnitLabel(item.baseUnit) : `每瓶 ${formatInventoryQuantity(item.packageVolumeMl)} 毫升`}</option>)} 采购凭证号（选填） {scanCode !== '' || selectedReceiptItem?.baseUnit === 'ml' ? '包装数量' : '实际入库数量'} 本批实际采购成本 系统会按条码包装量和实际数量自动计算每瓶与库存单位成本，不需要填写 ¥/ml。 供应商（选填） {busy ? '正在建立' : '第一步：建立待收货单'}","{""onSubmit"":""(event) => void createReceipt(event)""}","","","","mode === 'receive' && pendingReceipt === null","已定义交互事件","SYS-287、SYS-288、SYS-290、SYS-300、SYS-302","定义与绑定已登记；业务结果按闭环表核对，不能将源码登记或同名按钮可见计为逐实例通过"
"CTRL-1574","src/normalized-ui/StaffModulePanel.tsx","1325","InventoryModule","input","商品包装条形码或二维码","{""onChange"":""(event) => { const code = event.target.value.replace(/\\s/g, ''); setScanCode(code); if (code !== '') setReceiptInventoryItemId('') }""}","(event) => void createReceipt(event)","","","mode === 'receive' && pendingReceipt === null","所属表单：(event) => void createReceipt(event)","SYS-287、SYS-288、SYS-290、SYS-300、SYS-302","定义与绑定已登记；业务结果按闭环表核对，不能将源码登记或同名按钮可见计为逐实例通过"
"CTRL-1575","src/normalized-ui/StaffModulePanel.tsx","1325","InventoryModule","button","扫码","{""onClick"":""() => setScannerOpen(true)""}","(event) => void createReceipt(event)","","","mode === 'receive' && pendingReceipt === null","所属表单：(event) => void createReceipt(event)","SYS-287、SYS-288、SYS-290、SYS-300、SYS-302","定义与绑定已登记；业务结果按闭环表核对，不能将源码登记或同名按钮可见计为逐实例通过"
"CTRL-1576","src/normalized-ui/StaffModulePanel.tsx","1326","InventoryModule","select","不选，使用扫码 {bindableItems.map((item) => <option value={item.id} key={item.id}>{item.name} · {item.packageVolumeMl === null ? inventoryUnitLabel(item.baseUnit) : `每瓶 ${formatInventoryQuantity(item.packageVolumeMl)} 毫升`}</option>)}","{""onChange"":""(event) => { const next = event.target.value; setReceiptInventoryItemId(next); if (next !== '') setScanCode('') }""}","(event) => void createReceipt(event)","","","mode === 'receive' && pendingReceipt === null","所属表单：(event) => void createReceipt(event)","SYS-287、SYS-288、SYS-290、SYS-300、SYS-302","定义与绑定已登记；业务结果按闭环表核对，不能将源码登记或同名按钮可见计为逐实例通过"
"CTRL-1577","src/normalized-ui/StaffModulePanel.tsx","1327","InventoryModule","input","采购凭证号（选填）","{""onChange"":""(event) => setBatchCode(event.target.value)""}","(event) => void createReceipt(event)","","","mode === 'receive' && pendingReceipt === null","所属表单：(event) => void createReceipt(event)","SYS-287、SYS-288、SYS-290、SYS-300、SYS-302","定义与绑定已登记；业务结果按闭环表核对，不能将源码登记或同名按钮可见计为逐实例通过"
"CTRL-1578","src/normalized-ui/StaffModulePanel.tsx","1328","InventoryModule","NumberInputWithUnit","{scanCode !== '' || selectedReceiptItem?.baseUnit === 'ml' ? '包装数量' : '实际入库数量'}","{""onChange"":""(event) => setPackages(event.target.value)""}","(event) => void createReceipt(event)","","","mode === 'receive' && pendingReceipt === null","所属表单：(event) => void createReceipt(event)","SYS-287、SYS-288、SYS-290、SYS-300、SYS-302","定义与绑定已登记；业务结果按闭环表核对，不能将源码登记或同名按钮可见计为逐实例通过"
"CTRL-1579","src/normalized-ui/StaffModulePanel.tsx","1329","InventoryModule","NumberInputWithUnit","本批实际采购成本","{""onChange"":""(event) => setTotalCostYuan(event.target.value)""}","(event) => void createReceipt(event)","","","mode === 'receive' && pendingReceipt === null","所属表单：(event) => void createReceipt(event)","SYS-287、SYS-288、SYS-290、SYS-300、SYS-302","定义与绑定已登记；业务结果按闭环表核对，不能将源码登记或同名按钮可见计为逐实例通过"
"CTRL-1580","src/normalized-ui/StaffModulePanel.tsx","1330","InventoryModule","input","供应商（选填）","{""onChange"":""(event) => setSupplierName(event.target.value)""}","(event) => void createReceipt(event)","","","mode === 'receive' && pendingReceipt === null","所属表单：(event) => void createReceipt(event)","SYS-287、SYS-288、SYS-290、SYS-300、SYS-302","定义与绑定已登记；业务结果按闭环表核对，不能将源码登记或同名按钮可见计为逐实例通过"
"CTRL-1581","src/normalized-ui/StaffModulePanel.tsx","1331","InventoryModule","button","{busy ? '正在建立' : '第一步：建立待收货单'}","{}","(event) => void createReceipt(event)","","busy","mode === 'receive' && pendingReceipt === null","所属表单：(event) => void createReceipt(event)","SYS-287、SYS-288、SYS-290、SYS-300、SYS-302","定义与绑定已登记；业务结果按闭环表核对，不能将源码登记或同名按钮可见计为逐实例通过"
"CTRL-1582","src/normalized-ui/StaffModulePanel.tsx","1333","InventoryModule","button","{busy ? '正在处理' : '仅确认实物入库'}","{""onClick"":""() => void confirmReceipt(pendingReceipt)""}","","","busy","mode === 'receive' && pendingReceipt !== null","已定义交互事件","SYS-287、SYS-288、SYS-290、SYS-300、SYS-302","定义与绑定已登记；业务结果按闭环表核对，不能将源码登记或同名按钮可见计为逐实例通过"
"CTRL-1583","src/normalized-ui/StaffModulePanel.tsx","1333","InventoryModule","button","第三步：生成完整预览","{""onClick"":""() => void previewReceiptAndPublish(pendingReceipt)""}","","","busy || !publishProductId","mode === 'receive' && pendingReceipt !== null && canPublishBeverage","已定义交互事件","SYS-287、SYS-288、SYS-290、SYS-300、SYS-302","定义与绑定已登记；业务结果按闭环表核对，不能将源码登记或同名按钮可见计为逐实例通过"
"CTRL-1584","src/normalized-ui/StaffModulePanel.tsx","1333","InventoryModule","button","第四步：按预览入库发布","{""onClick"":""() => void confirmReceiptAndPublish(pendingReceipt)""}","","","busy || publishPreview?.receiptId !== pendingReceipt.id || publishPreview.productId !== publishProductId","mode === 'receive' && pendingReceipt !== null && canPublishBeverage","已定义交互事件","SYS-287、SYS-288、SYS-290、SYS-300、SYS-302","定义与绑定已登记；业务结果按闭环表核对，不能将源码登记或同名按钮可见计为逐实例通过"
"CTRL-1585","src/normalized-ui/StaffModulePanel.tsx","1334","InventoryModule","form","首次绑定包装条码 只在新物料或新包装首次出现时操作。条码只能绑定一个物料，绑定后普通收货岗位可直接扫码。 库存物料 请选择 {bindableItems.map((item) => <option value={item.id} key={item.id}>{item.name} · {item.sku} · 单位 {inventoryUnitLabel(item.baseUnit)}</option>)} 条形码或二维码 扫码 码类型 商品条形码 二维码 每个条码包装计入数量 例如750毫升酒瓶填750；按整件计数的物料填1。 {busy ? '正在绑定' : '确认绑定条码'}","{""onSubmit"":""(event) => void bindCode(event)""}","","","","mode === 'bind'","已定义交互事件","SYS-287、SYS-288、SYS-290、SYS-300、SYS-302","定义与绑定已登记；业务结果按闭环表核对，不能将源码登记或同名按钮可见计为逐实例通过"
"CTRL-1586","src/normalized-ui/StaffModulePanel.tsx","1336","InventoryModule","select","请选择 {bindableItems.map((item) => <option value={item.id} key={item.id}>{item.name} · {item.sku} · 单位 {inventoryUnitLabel(item.baseUnit)}</option>)}","{""onChange"":""(event) => setItemId(event.target.value)""}","(event) => void bindCode(event)","","","mode === 'bind'","所属表单：(event) => void bindCode(event)","SYS-287、SYS-288、SYS-290、SYS-300、SYS-302","定义与绑定已登记；业务结果按闭环表核对，不能将源码登记或同名按钮可见计为逐实例通过"
"CTRL-1587","src/normalized-ui/StaffModulePanel.tsx","1337","InventoryModule","input","条形码或二维码","{""onChange"":""(event) => setScanCode(event.target.value.replace(/\\s/g, ''))""}","(event) => void bindCode(event)","","","mode === 'bind'","所属表单：(event) => void bindCode(event)","SYS-287、SYS-288、SYS-290、SYS-300、SYS-302","定义与绑定已登记；业务结果按闭环表核对，不能将源码登记或同名按钮可见计为逐实例通过"
"CTRL-1588","src/normalized-ui/StaffModulePanel.tsx","1337","InventoryModule","button","扫码","{""onClick"":""() => setScannerOpen(true)""}","(event) => void bindCode(event)","","","mode === 'bind'","所属表单：(event) => void bindCode(event)","SYS-287、SYS-288、SYS-290、SYS-300、SYS-302","定义与绑定已登记；业务结果按闭环表核对，不能将源码登记或同名按钮可见计为逐实例通过"
"CTRL-1589","src/normalized-ui/StaffModulePanel.tsx","1338","InventoryModule","select","商品条形码 二维码","{""onChange"":""(event) => setCodeType(event.target.value as 'barcode' | 'qr')""}","(event) => void bindCode(event)","","","mode === 'bind'","所属表单：(event) => void bindCode(event)","SYS-287、SYS-288、SYS-290、SYS-300、SYS-302","定义与绑定已登记；业务结果按闭环表核对，不能将源码登记或同名按钮可见计为逐实例通过"
"CTRL-1590","src/normalized-ui/StaffModulePanel.tsx","1339","InventoryModule","NumberInputWithUnit","每个条码包装计入数量","{""onChange"":""(event) => setPackageQuantity(event.target.value)""}","(event) => void bindCode(event)","","","mode === 'bind'","所属表单：(event) => void bindCode(event)","SYS-287、SYS-288、SYS-290、SYS-300、SYS-302","定义与绑定已登记；业务结果按闭环表核对，不能将源码登记或同名按钮可见计为逐实例通过"
"CTRL-1591","src/normalized-ui/StaffModulePanel.tsx","1340","InventoryModule","button","{busy ? '正在绑定' : '确认绑定条码'}","{}","(event) => void bindCode(event)","","busy","mode === 'bind'","所属表单：(event) => void bindCode(event)","SYS-287、SYS-288、SYS-290、SYS-300、SYS-302","定义与绑定已登记；业务结果按闭环表核对，不能将源码登记或同名按钮可见计为逐实例通过"
"CTRL-1592","src/normalized-ui/StaffModulePanel.tsx","1342","InventoryModule","select","全部库存（ {view.items.length} ） {[...new Set(view.items.map((item) => item.categoryCode))].sort().map((code) => <option value={code} key={code}>{inventoryCategoryLabel(code)}（{view.items.filter((item) => item.categoryCode === code).length}）</option>)}","{""onChange"":""(event) => setCategoryFilter(event.target.value)""}","","","","","已定义交互事件","SYS-287、SYS-288、SYS-290、SYS-300、SYS-302","定义与绑定已登记；业务结果按闭环表核对，不能将源码登记或同名按钮可见计为逐实例通过"
"CTRL-1593","src/normalized-ui/StaffModulePanel.tsx","1343","InventoryModule","button","录入实盘","{""onClick"":""() => startQuickCount(item)""}","","","busy","canCount","已定义交互事件","SYS-287、SYS-288、SYS-290、SYS-300、SYS-302","定义与绑定已登记；业务结果按闭环表核对，不能将源码登记或同名按钮可见计为逐实例通过"
"CTRL-1594","src/normalized-ui/StaffModulePanel.tsx","1343","InventoryModule","button","编辑资料","{""onClick"":""() => startEditInventoryItem(item)""}","","","","canManage","已定义交互事件","SYS-287、SYS-288、SYS-290、SYS-300、SYS-302","定义与绑定已登记；业务结果按闭环表核对，不能将源码登记或同名按钮可见计为逐实例通过"
"CTRL-1595","src/normalized-ui/StaffModulePanel.tsx","1371","OperationsModule","summary","费用与工资管理","{}","","","","finance","浏览器原生展开/收起","SYS-287、SYS-288、SYS-290、SYS-300、SYS-302","定义与绑定已登记；业务结果按闭环表核对，不能将源码登记或同名按钮可见计为逐实例通过"
"CTRL-1596","src/normalized-ui/StaffModulePanel.tsx","1375","OperationsModule","summary","费用与工资管理","{}","","","","finance","浏览器原生展开/收起","SYS-287、SYS-288、SYS-290、SYS-300、SYS-302","定义与绑定已登记；业务结果按闭环表核对，不能将源码登记或同名按钮可见计为逐实例通过"
"CTRL-1597","src/normalized-ui/StaffModulePanel.tsx","1389","OperationsModule","summary","费用与工资管理","{}","","","","finance","浏览器原生展开/收起","SYS-287、SYS-288、SYS-290、SYS-300、SYS-302","定义与绑定已登记；业务结果按闭环表核对，不能将源码登记或同名按钮可见计为逐实例通过"
"CTRL-1598","src/normalized-ui/StaffModulePanel.tsx","1575","DevicesModule","input","本次操作原因","{""onChange"":""(event) => setReason(event.target.value)""}","","","","(canCommand || canRetry)","已定义交互事件","SYS-287、SYS-288、SYS-290、SYS-300、SYS-302","定义与绑定已登记；业务结果按闭环表核对，不能将源码登记或同名按钮可见计为逐实例通过"
"CTRL-1599","src/normalized-ui/StaffModulePanel.tsx","1580","DevicesModule","button","打开","{""onClick"":""() => setMode('bridge')""}","","","","canManagePrinter","已定义交互事件","SYS-287、SYS-288、SYS-290、SYS-300、SYS-302","定义与绑定已登记；业务结果按闭环表核对，不能将源码登记或同名按钮可见计为逐实例通过"
"CTRL-1600","src/normalized-ui/StaffModulePanel.tsx","1581","DevicesModule","button","打开","{""onClick"":""() => openPrinter()""}","","","","canManagePrinter","已定义交互事件","SYS-287、SYS-288、SYS-290、SYS-300、SYS-302","定义与绑定已登记；业务结果按闭环表核对，不能将源码登记或同名按钮可见计为逐实例通过"
"CTRL-1601","src/normalized-ui/StaffModulePanel.tsx","1582","DevicesModule","button","打开","{""onClick"":""() => openRoute()""}","","","","canManagePrinter","已定义交互事件","SYS-287、SYS-288、SYS-290、SYS-300、SYS-302","定义与绑定已登记；业务结果按闭环表核对，不能将源码登记或同名按钮可见计为逐实例通过"
"CTRL-1602","src/normalized-ui/StaffModulePanel.tsx","1583","DevicesModule","button","查看设备","{""onClick"":""() => setMode('overview')""}","","","","canManagePrinter","已定义交互事件","SYS-287、SYS-288、SYS-290、SYS-300、SYS-302","定义与绑定已登记；业务结果按闭环表核对，不能将源码登记或同名按钮可见计为逐实例通过"
"CTRL-1603","src/normalized-ui/StaffModulePanel.tsx","1588","DevicesModule","button","生成10分钟一次性配对码","{""onClick"":""createPairingCode""}","","","busyKey !== null","mode === 'bridge' && canManagePrinter","已定义交互事件","SYS-287、SYS-288、SYS-290、SYS-300、SYS-302","定义与绑定已登记；业务结果按闭环表核对，不能将源码登记或同名按钮可见计为逐实例通过"
"CTRL-1604","src/normalized-ui/StaffModulePanel.tsx","1590","DevicesModule","button","撤销","{""onClick"":""() => revokeBridge(bridge)""}","","","","bridge.status === 'active'","已定义交互事件","SYS-287、SYS-288、SYS-290、SYS-300、SYS-302","定义与绑定已登记；业务结果按闭环表核对，不能将源码登记或同名按钮可见计为逐实例通过"
"CTRL-1605","src/normalized-ui/StaffModulePanel.tsx","1592","DevicesModule","form","{editingPrinterId === null ? '登记Windows打印机' : '编辑打印机'} 先在Windows“打印机和扫描仪”完成驱动和测试页；队列名称只从打印桥实际读取。 设备编号 编号不能用中文；中文名称填「显示名称」。 显示名称 所在位置 收银/吧台 吧台 后厨 打印桥 请选择 {bridges.filter((bridge) => bridge.status === 'active').map((bridge) => <option key={bridge.id} value={bridge.id}>{bridge.name}（{bridge.online ? '在线' : '离线'}）</option>)} Windows打印机队列 {printBridgeId === '' ? '请先选择打印桥' : availablePrinterQueues.length === 0 ? '尚未读取到队列，请确认打印桥在线' : '请选择Windows队列'} {availablePrinterQueues.map((queue) => <option value={queue} key={queue}>{queue}</option>)} 队列由门店电脑自动上报，避免手工输入错误。 打印规格 80毫米热敏票据 58毫米热敏票据 Windows文本驱动 保存打印机 {editingPrinterId !== null && <button type=""button"" onClick={() => { clearPrinterForm(); setMode('","{""onSubmit"":""savePrinter""}","","","","mode === 'printer' && canManagePrinter","已定义交互事件","SYS-287、SYS-288、SYS-290、SYS-300、SYS-302","定义与绑定已登记；业务结果按闭环表核对，不能将源码登记或同名按钮可见计为逐实例通过"
"CTRL-1606","src/normalized-ui/StaffModulePanel.tsx","1594","DevicesModule","input","设备编号","{""onChange"":""(event) => setPrinterCode(event.target.value)""}","savePrinter","","","mode === 'printer' && canManagePrinter","所属表单：savePrinter","SYS-287、SYS-288、SYS-290、SYS-300、SYS-302","定义与绑定已登记；业务结果按闭环表核对，不能将源码登记或同名按钮可见计为逐实例通过"
"CTRL-1607","src/normalized-ui/StaffModulePanel.tsx","1595","DevicesModule","input","显示名称","{""onChange"":""(event) => setPrinterName(event.target.value)""}","savePrinter","","","mode === 'printer' && canManagePrinter","所属表单：savePrinter","SYS-287、SYS-288、SYS-290、SYS-300、SYS-302","定义与绑定已登记；业务结果按闭环表核对，不能将源码登记或同名按钮可见计为逐实例通过"
"CTRL-1608","src/normalized-ui/StaffModulePanel.tsx","1596","DevicesModule","select","收银/吧台 吧台 后厨","{""onChange"":""(event) => setPrinterStation(event.target.value as typeof printerStation)""}","savePrinter","","","mode === 'printer' && canManagePrinter","所属表单：savePrinter","SYS-287、SYS-288、SYS-290、SYS-300、SYS-302","定义与绑定已登记；业务结果按闭环表核对，不能将源码登记或同名按钮可见计为逐实例通过"
"CTRL-1609","src/normalized-ui/StaffModulePanel.tsx","1597","DevicesModule","select","请选择 {bridges.filter((bridge) => bridge.status === 'active').map((bridge) => <option key={bridge.id} value={bridge.id}>{bridge.name}（{bridge.online ? '在线' : '离线'}）</option>)}","{""onChange"":""(event) => { setPrintBridgeId(event.target.value); setWindowsQueueName('') }""}","savePrinter","","","mode === 'printer' && canManagePrinter","所属表单：savePrinter","SYS-287、SYS-288、SYS-290、SYS-300、SYS-302","定义与绑定已登记；业务结果按闭环表核对，不能将源码登记或同名按钮可见计为逐实例通过"
"CTRL-1610","src/normalized-ui/StaffModulePanel.tsx","1598","DevicesModule","select","{printBridgeId === '' ? '请先选择打印桥' : availablePrinterQueues.length === 0 ? '尚未读取到队列，请确认打印桥在线' : '请选择Windows队列'} {availablePrinterQueues.map((queue) => <option value={queue} key={queue}>{queue}</option>)}","{""onChange"":""(event) => setWindowsQueueName(event.target.value)""}","savePrinter","","","mode === 'printer' && canManagePrinter","所属表单：savePrinter","SYS-287、SYS-288、SYS-290、SYS-300、SYS-302","定义与绑定已登记；业务结果按闭环表核对，不能将源码登记或同名按钮可见计为逐实例通过"
"CTRL-1611","src/normalized-ui/StaffModulePanel.tsx","1599","DevicesModule","select","80毫米热敏票据 58毫米热敏票据 Windows文本驱动","{""onChange"":""(event) => setPrintProfile(event.target.value as typeof printProfile)""}","savePrinter","","","mode === 'printer' && canManagePrinter","所属表单：savePrinter","SYS-287、SYS-288、SYS-290、SYS-300、SYS-302","定义与绑定已登记；业务结果按闭环表核对，不能将源码登记或同名按钮可见计为逐实例通过"
"CTRL-1612","src/normalized-ui/StaffModulePanel.tsx","1600","DevicesModule","button","保存打印机","{}","savePrinter","","busyKey !== null","mode === 'printer' && canManagePrinter","所属表单：savePrinter","SYS-287、SYS-288、SYS-290、SYS-300、SYS-302","定义与绑定已登记；业务结果按闭环表核对，不能将源码登记或同名按钮可见计为逐实例通过"
"CTRL-1613","src/normalized-ui/StaffModulePanel.tsx","1600","DevicesModule","button","取消编辑","{""onClick"":""() => { clearPrinterForm(); setMode('overview') }""}","savePrinter","","","mode === 'printer' && canManagePrinter && editingPrinterId !== null","所属表单：savePrinter","SYS-287、SYS-288、SYS-290、SYS-300、SYS-302","定义与绑定已登记；业务结果按闭环表核对，不能将源码登记或同名按钮可见计为逐实例通过"
"CTRL-1614","src/normalized-ui/StaffModulePanel.tsx","1602","DevicesModule","form","配置打印分流 酒水制作单去吧台，小吃制作单去后厨，支付成功后的消费凭条去收银打印机。 分流编号 分流名称 业务内容 酒水/调酒制作单 小吃/食品制作单 付款凭条 目标打印机 请选择 {devices.filter((device) => device.deviceType === 'printer' && device.status === 'active').map((device) => <option key={device.id} value={device.id}>{device.name}（{device.windowsQueueName ?? '未配置队列'}）</option>)} 打印份数 保存打印分流","{""onSubmit"":""saveRoute""}","","","","mode === 'route' && canManagePrinter","已定义交互事件","SYS-287、SYS-288、SYS-290、SYS-300、SYS-302","定义与绑定已登记；业务结果按闭环表核对，不能将源码登记或同名按钮可见计为逐实例通过"
"CTRL-1615","src/normalized-ui/StaffModulePanel.tsx","1604","DevicesModule","input","分流编号","{""onChange"":""(event) => setRouteCode(event.target.value)""}","saveRoute","","","mode === 'route' && canManagePrinter","所属表单：saveRoute","SYS-287、SYS-288、SYS-290、SYS-300、SYS-302","定义与绑定已登记；业务结果按闭环表核对，不能将源码登记或同名按钮可见计为逐实例通过"
"CTRL-1616","src/normalized-ui/StaffModulePanel.tsx","1605","DevicesModule","input","分流名称","{""onChange"":""(event) => setRouteName(event.target.value)""}","saveRoute","","","mode === 'route' && canManagePrinter","所属表单：saveRoute","SYS-287、SYS-288、SYS-290、SYS-300、SYS-302","定义与绑定已登记；业务结果按闭环表核对，不能将源码登记或同名按钮可见计为逐实例通过"
"CTRL-1617","src/normalized-ui/StaffModulePanel.tsx","1606","DevicesModule","select","酒水/调酒制作单 小吃/食品制作单 付款凭条","{""onChange"":""(event) => setRouteStation(event.target.value as typeof routeStation)""}","saveRoute","","","mode === 'route' && canManagePrinter","所属表单：saveRoute","SYS-287、SYS-288、SYS-290、SYS-300、SYS-302","定义与绑定已登记；业务结果按闭环表核对，不能将源码登记或同名按钮可见计为逐实例通过"
"CTRL-1618","src/normalized-ui/StaffModulePanel.tsx","1607","DevicesModule","select","请选择 {devices.filter((device) => device.deviceType === 'printer' && device.status === 'active').map((device) => <option key={device.id} value={device.id}>{device.name}（{device.windowsQueueName ?? '未配置队列'}）</option>)}","{""onChange"":""(event) => setRoutePrinterId(event.target.value)""}","saveRoute","","","mode === 'route' && canManagePrinter","所属表单：saveRoute","SYS-287、SYS-288、SYS-290、SYS-300、SYS-302","定义与绑定已登记；业务结果按闭环表核对，不能将源码登记或同名按钮可见计为逐实例通过"
"CTRL-1619","src/normalized-ui/StaffModulePanel.tsx","1608","DevicesModule","NumberInputWithUnit","打印份数","{""onChange"":""(event) => setRouteCopies(event.target.value)""}","saveRoute","","","mode === 'route' && canManagePrinter","所属表单：saveRoute","SYS-287、SYS-288、SYS-290、SYS-300、SYS-302","定义与绑定已登记；业务结果按闭环表核对，不能将源码登记或同名按钮可见计为逐实例通过"
"CTRL-1620","src/normalized-ui/StaffModulePanel.tsx","1609","DevicesModule","button","保存打印分流","{}","saveRoute","","busyKey !== null","mode === 'route' && canManagePrinter","所属表单：saveRoute","SYS-287、SYS-288、SYS-290、SYS-300、SYS-302","定义与绑定已登记；业务结果按闭环表核对，不能将源码登记或同名按钮可见计为逐实例通过"
"CTRL-1621","src/normalized-ui/StaffModulePanel.tsx","1611","DevicesModule","button","编辑","{""onClick"":""() => openRoute(route)""}","","","","canManagePrinter","已定义交互事件","SYS-287、SYS-288、SYS-290、SYS-300、SYS-302","定义与绑定已登记；业务结果按闭环表核对，不能将源码登记或同名按钮可见计为逐实例通过"
"CTRL-1622","src/normalized-ui/StaffModulePanel.tsx","1611","DevicesModule","button","{route.status === 'active' ? '暂停' : '启用'}","{""onClick"":""() => setRouteStatus(route, route.status === 'active' ? 'paused' : 'active')""}","","","","canManagePrinter && route.status !== 'retired'","已定义交互事件","SYS-287、SYS-288、SYS-290、SYS-300、SYS-302","定义与绑定已登记；业务结果按闭环表核对，不能将源码登记或同名按钮可见计为逐实例通过"
"CTRL-1623","src/normalized-ui/StaffModulePanel.tsx","1612","DevicesModule","button","编辑","{""onClick"":""() => openPrinter(device)""}","","","busyKey !== null","canManagePrinter && device.deviceType === 'printer'","已定义交互事件","SYS-287、SYS-288、SYS-290、SYS-300、SYS-302","定义与绑定已登记；业务结果按闭环表核对，不能将源码登记或同名按钮可见计为逐实例通过"
"CTRL-1624","src/normalized-ui/StaffModulePanel.tsx","1612","DevicesModule","button","{device.status === 'active' ? '暂停' : '启用'}","{""onClick"":""() => setPrinterStatus(device, device.status === 'active' ? 'paused' : 'active')""}","","","busyKey !== null","canManagePrinter && device.deviceType === 'printer' && device.status !== 'retired'","已定义交互事件","SYS-287、SYS-288、SYS-290、SYS-300、SYS-302","定义与绑定已登记；业务结果按闭环表核对，不能将源码登记或同名按钮可见计为逐实例通过"
"CTRL-1625","src/normalized-ui/StaffModulePanel.tsx","1612","DevicesModule","button","检测","{""onClick"":""() => command(device, 'ping')""}","","","busyKey !== null || device.status !== 'active'","canCommand","已定义交互事件","SYS-287、SYS-288、SYS-290、SYS-300、SYS-302","定义与绑定已登记；业务结果按闭环表核对，不能将源码登记或同名按钮可见计为逐实例通过"
"CTRL-1626","src/normalized-ui/StaffModulePanel.tsx","1612","DevicesModule","button","重连","{""onClick"":""() => command(device, 'reconnect')""}","","","busyKey !== null || device.status !== 'active'","canCommand && device.connectivityStatus !== 'online'","已定义交互事件","SYS-287、SYS-288、SYS-290、SYS-300、SYS-302","定义与绑定已登记；业务结果按闭环表核对，不能将源码登记或同名按钮可见计为逐实例通过"
"CTRL-1627","src/normalized-ui/StaffModulePanel.tsx","1612","DevicesModule","button","测试打印","{""onClick"":""() => command(device, 'test_print')""}","","","busyKey !== null || device.status !== 'active'","canCommand && device.deviceType === 'printer'","已定义交互事件","SYS-287、SYS-288、SYS-290、SYS-300、SYS-302","定义与绑定已登记；业务结果按闭环表核对，不能将源码登记或同名按钮可见计为逐实例通过"
"CTRL-1628","src/normalized-ui/StaffModulePanel.tsx","1613","DevicesModule","button","检查后重试","{""onClick"":""() => retry(job)""}","","","busyKey !== null","canRetry && job.status === 'failed'","已定义交互事件","SYS-287、SYS-288、SYS-290、SYS-300、SYS-302","定义与绑定已登记；业务结果按闭环表核对，不能将源码登记或同名按钮可见计为逐实例通过"
"CTRL-1629","src/normalized-ui/StaffModulePanel.tsx","1613","DevicesModule","button","核对后补打","{""onClick"":""() => reprint(job)""}","","","busyKey !== null","canReprint","已定义交互事件","SYS-287、SYS-288、SYS-290、SYS-300、SYS-302","定义与绑定已登记；业务结果按闭环表核对，不能将源码登记或同名按钮可见计为逐实例通过"
"CTRL-1630","src/normalized-ui/StaffModulePanel.tsx","1614","DevicesModule","button","补打","{""onClick"":""() => reprint(job)""}","","","busyKey !== null","","已定义交互事件","SYS-287、SYS-288、SYS-290、SYS-300、SYS-302","定义与绑定已登记；业务结果按闭环表核对，不能将源码登记或同名按钮可见计为逐实例通过"
"CTRL-1631","src/normalized-ui/StaffModulePanel.tsx","1686","SettingsModule","summary","查看当前可配置范围 员工、设备、演出、支付和门店数据","{}","","","","","浏览器原生展开/收起","SYS-287、SYS-288、SYS-290、SYS-300、SYS-302","定义与绑定已登记；业务结果按闭环表核对，不能将源码登记或同名按钮可见计为逐实例通过"
"CTRL-1632","src/normalized-ui/StaffModulePanel.tsx","1694","SettingsModule","input","待付款库存保留时间","{""onChange"":""(event) => setReservationMinutes(event.target.value)""}","","","","canManagePayment && policy !== null && paymentPresentation !== null","已定义交互事件","SYS-287、SYS-288、SYS-290、SYS-300、SYS-302","定义与绑定已登记；业务结果按闭环表核对，不能将源码登记或同名按钮可见计为逐实例通过"
"CTRL-1633","src/normalized-ui/StaffModulePanel.tsx","1694","SettingsModule","button","保存时限","{""onClick"":""() => void saveReservationPolicy()""}","","","busy || Number(reservationMinutes) === policy.paymentReservationMinutes","canManagePayment && policy !== null && paymentPresentation !== null","已定义交互事件","SYS-287、SYS-288、SYS-290、SYS-300、SYS-302","定义与绑定已登记；业务结果按闭环表核对，不能将源码登记或同名按钮可见计为逐实例通过"
"CTRL-1634","src/normalized-ui/StaffModulePanel.tsx","1694","SettingsModule","input","调整原因","{""onChange"":""(event) => setReason(event.target.value)""}","","","","canManagePayment && policy !== null && paymentPresentation !== null","已定义交互事件","SYS-287、SYS-288、SYS-290、SYS-300、SYS-302","定义与绑定已登记；业务结果按闭环表核对，不能将源码登记或同名按钮可见计为逐实例通过"
"CTRL-1635","src/normalized-ui/StaffModulePanel.tsx","1694","SettingsModule","button","{busy ? '正在更新' : policy.policyOnlinePaymentEnabled ? '关闭线上支付' : '开放线上支付'}","{""onClick"":""() => void togglePayment()""}","","","busy || (!policy.policyOnlinePaymentEnabled && !policy.providerConfigured)","canManagePayment && policy !== null && paymentPresentation !== null","已定义交互事件","SYS-287、SYS-288、SYS-290、SYS-300、SYS-302","定义与绑定已登记；业务结果按闭环表核对，不能将源码登记或同名按钮可见计为逐实例通过"
"CTRL-1636","src/normalized-ui/StaffModulePanel.tsx","1696","SettingsModule","summary","支付安全边界","{}","","","","","浏览器原生展开/收起","SYS-287、SYS-288、SYS-290、SYS-300、SYS-302","定义与绑定已登记；业务结果按闭环表核对，不能将源码登记或同名按钮可见计为逐实例通过"
"CTRL-1637","src/normalized-ui/StaffTodoPanel.tsx","65","StaffTodoPanel","button","{loading ? '读取中…' : '刷新待办'}","{""onClick"":""() => void load()""}","","","loading","","已定义交互事件","","定义与绑定已登记；业务结果按闭环表核对，不能将源码登记或同名按钮可见计为逐实例通过"
"CTRL-1638","src/normalized-ui/StaffTodoPanel.tsx","68","StaffTodoPanel","button","现在可处理","{""onClick"":""() => setStateFilter('action')""}","","","","","已定义交互事件","","定义与绑定已登记；业务结果按闭环表核对，不能将源码登记或同名按钮可见计为逐实例通过"
"CTRL-1639","src/normalized-ui/StaffTodoPanel.tsx","69","StaffTodoPanel","button","等待处理","{""onClick"":""() => setStateFilter('waiting')""}","","","","","已定义交互事件","","定义与绑定已登记；业务结果按闭环表核对，不能将源码登记或同名按钮可见计为逐实例通过"
"CTRL-1640","src/normalized-ui/StaffTodoPanel.tsx","71","StaffTodoPanel","select","待办业务","{""onChange"":""event => setFilter(event.target.value as typeof filter)""}","","","","","已定义交互事件","","定义与绑定已登记；业务结果按闭环表核对，不能将源码登记或同名按钮可见计为逐实例通过"
"CTRL-1641","src/normalized-ui/StaffTodoPanel.tsx","73","StaffTodoPanel","button","进入原业务核对","{""onClick"":""() => onNavigate?.(result.route)""}","","","","","已定义交互事件","","定义与绑定已登记；业务结果按闭环表核对，不能将源码登记或同名按钮可见计为逐实例通过"
"CTRL-1642","src/normalized-ui/StaffTodoPanel.tsx","76","StaffTodoPanel","button","{todo.next}","{""onClick"":""() => onNavigate?.(todo.route)""}","","","!onNavigate","","已定义交互事件","","定义与绑定已登记；业务结果按闭环表核对，不能将源码登记或同名按钮可见计为逐实例通过"
"CTRL-1643","src/normalized-ui/StaffTodoPanel.tsx","78","StaffTodoPanel","button","显示更多待办（还有 {matching.length - limit} 项）","{""onClick"":""() => setLimit(value => value + 12)""}","","","","matching.length > limit","已定义交互事件","","定义与绑定已登记；业务结果按闭环表核对，不能将源码登记或同名按钮可见计为逐实例通过"
"CTRL-1644","src/normalized-ui/StaffTodoPanel.tsx","79","StaffTodoPanel","summary","查询范围与更多记录","{}","","","","results.some(result => result.limited)","浏览器原生展开/收起","","定义与绑定已登记；业务结果按闭环表核对，不能将源码登记或同名按钮可见计为逐实例通过"
"CTRL-1645","src/normalized-ui/StaffTodoPanel.tsx","79","StaffTodoPanel","button","全部 {result.label} 记录","{""onClick"":""() => onNavigate?.(result.route)""}","","","","","已定义交互事件","","定义与绑定已登记；业务结果按闭环表核对，不能将源码登记或同名按钮可见计为逐实例通过"
"CTRL-1646","src/normalized-ui/TaskSections.tsx","32","TaskSections","button","{section.label}","{""onClick"":""() => {\n      setSelected(section.id); setVisited(previous => new Set([...previous, section.id]))\n      const hash = new URLSearchParams(window.location.hash.slice(1)); hash.set('work', section.id)\n      window.history.replaceState(window.history.state, '', `${window.location.pathname}${window.location.search}#${hash}`)\n    }""}","","","","","已定义交互事件","","定义与绑定已登记；业务结果按闭环表核对，不能将源码登记或同名按钮可见计为逐实例通过"
"CTRL-1647","src/normalized-ui/VenueManagementPanel.tsx","110","VenueManagementPanel","button","区域、桌台与容量 新增、停用、排序、容量和最低消费 {tables.length > 0 ? `${areas.length}区 · ${tables.length}桌` : '门店配置'}","{""onClick"":""() => setExpanded((value) => !value)""}","","","","","已定义交互事件","","定义与绑定已登记；业务结果按闭环表核对，不能将源码登记或同名按钮可见计为逐实例通过"
"CTRL-1648","src/normalized-ui/VenueManagementPanel.tsx","114","VenueManagementPanel","button","重新读取","{""onClick"":""() => void load()""}","","","","expanded && phase === 'error'","已定义交互事件","","定义与绑定已登记；业务结果按闭环表核对，不能将源码登记或同名按钮可见计为逐实例通过"
"CTRL-1649","src/normalized-ui/VenueManagementPanel.tsx","116","VenueManagementPanel","button","新增区域","{""onClick"":""() => { setAreaDraft({ id: null, code: '', name: '', areaType: 'indoor', sortOrder: String((areas.length + 1) * 10), status: 'active' }); setTableDraft(null) }""}","","","","expanded && phase === 'ready'","已定义交互事件","","定义与绑定已登记；业务结果按闭环表核对，不能将源码登记或同名按钮可见计为逐实例通过"
"CTRL-1650","src/normalized-ui/VenueManagementPanel.tsx","116","VenueManagementPanel","button","新增桌台","{""onClick"":""() => { setTableDraft({ id: null, code: '', displayName: '', areaId: areas[0]?.id ?? '', capacity: '4', minimumSpendYuan: '0.00', status: 'available' }); setAreaDraft(null) }""}","","","areas.length === 0","expanded && phase === 'ready'","已定义交互事件","","定义与绑定已登记；业务结果按闭环表核对，不能将源码登记或同名按钮可见计为逐实例通过"
"CTRL-1651","src/normalized-ui/VenueManagementPanel.tsx","117","VenueManagementPanel","form","{areaDraft.id === null ? '新增区域' : `编辑 ${areaDraft.name}`} 取消 区域编号 区域名称 区域类型 室内 室外 吧台 舞台 VIP 其他 排序 状态 启用 暂停 停用 {busy ? '保存中' : '保存区域'}","{""onSubmit"":""(event) => void saveArea(event)""}","","","","expanded && phase === 'ready' && areaDraft !== null","已定义交互事件","","定义与绑定已登记；业务结果按闭环表核对，不能将源码登记或同名按钮可见计为逐实例通过"
"CTRL-1652","src/normalized-ui/VenueManagementPanel.tsx","117","VenueManagementPanel","button","取消","{""onClick"":""() => setAreaDraft(null)""}","(event) => void saveArea(event)","","","expanded && phase === 'ready' && areaDraft !== null","所属表单：(event) => void saveArea(event)","","定义与绑定已登记；业务结果按闭环表核对，不能将源码登记或同名按钮可见计为逐实例通过"
"CTRL-1653","src/normalized-ui/VenueManagementPanel.tsx","117","VenueManagementPanel","input","区域编号","{""onChange"":""(event) => setAreaDraft({ ...areaDraft, code: event.target.value })""}","(event) => void saveArea(event)","","areaDraft.id !== null","expanded && phase === 'ready' && areaDraft !== null","所属表单：(event) => void saveArea(event)","","定义与绑定已登记；业务结果按闭环表核对，不能将源码登记或同名按钮可见计为逐实例通过"
"CTRL-1654","src/normalized-ui/VenueManagementPanel.tsx","117","VenueManagementPanel","input","区域名称","{""onChange"":""(event) => setAreaDraft({ ...areaDraft, name: event.target.value })""}","(event) => void saveArea(event)","","","expanded && phase === 'ready' && areaDraft !== null","所属表单：(event) => void saveArea(event)","","定义与绑定已登记；业务结果按闭环表核对，不能将源码登记或同名按钮可见计为逐实例通过"
"CTRL-1655","src/normalized-ui/VenueManagementPanel.tsx","117","VenueManagementPanel","select","室内 室外 吧台 舞台 VIP 其他","{""onChange"":""(event) => setAreaDraft({ ...areaDraft, areaType: event.target.value as AreaType })""}","(event) => void saveArea(event)","","","expanded && phase === 'ready' && areaDraft !== null","所属表单：(event) => void saveArea(event)","","定义与绑定已登记；业务结果按闭环表核对，不能将源码登记或同名按钮可见计为逐实例通过"
"CTRL-1656","src/normalized-ui/VenueManagementPanel.tsx","117","VenueManagementPanel","input","排序","{""onChange"":""(event) => setAreaDraft({ ...areaDraft, sortOrder: event.target.value })""}","(event) => void saveArea(event)","","","expanded && phase === 'ready' && areaDraft !== null","所属表单：(event) => void saveArea(event)","","定义与绑定已登记；业务结果按闭环表核对，不能将源码登记或同名按钮可见计为逐实例通过"
"CTRL-1657","src/normalized-ui/VenueManagementPanel.tsx","117","VenueManagementPanel","select","启用 暂停 停用","{""onChange"":""(event) => setAreaDraft({ ...areaDraft, status: event.target.value as AreaStatus })""}","(event) => void saveArea(event)","","","expanded && phase === 'ready' && areaDraft !== null","所属表单：(event) => void saveArea(event)","","定义与绑定已登记；业务结果按闭环表核对，不能将源码登记或同名按钮可见计为逐实例通过"
"CTRL-1658","src/normalized-ui/VenueManagementPanel.tsx","117","VenueManagementPanel","button","{busy ? '保存中' : '保存区域'}","{}","(event) => void saveArea(event)","","busy","expanded && phase === 'ready' && areaDraft !== null","所属表单：(event) => void saveArea(event)","","定义与绑定已登记；业务结果按闭环表核对，不能将源码登记或同名按钮可见计为逐实例通过"
"CTRL-1659","src/normalized-ui/VenueManagementPanel.tsx","118","VenueManagementPanel","form","{tableDraft.id === null ? '新增桌台' : `编辑 ${tableDraft.displayName}`} 取消 桌台编号 显示名称 所属区域 {areas.map((area) => <option value={area.id} key={area.id}>{area.name}</option>)} 标准容量 最低消费（元） 状态 可用 暂停 停用 {busy ? '保存中' : '保存桌台'}","{""onSubmit"":""(event) => void saveTable(event)""}","","","","expanded && phase === 'ready' && tableDraft !== null","已定义交互事件","","定义与绑定已登记；业务结果按闭环表核对，不能将源码登记或同名按钮可见计为逐实例通过"
"CTRL-1660","src/normalized-ui/VenueManagementPanel.tsx","118","VenueManagementPanel","button","取消","{""onClick"":""() => setTableDraft(null)""}","(event) => void saveTable(event)","","","expanded && phase === 'ready' && tableDraft !== null","所属表单：(event) => void saveTable(event)","","定义与绑定已登记；业务结果按闭环表核对，不能将源码登记或同名按钮可见计为逐实例通过"
"CTRL-1661","src/normalized-ui/VenueManagementPanel.tsx","118","VenueManagementPanel","input","桌台编号","{""onChange"":""(event) => setTableDraft({ ...tableDraft, code: event.target.value })""}","(event) => void saveTable(event)","","","expanded && phase === 'ready' && tableDraft !== null","所属表单：(event) => void saveTable(event)","","定义与绑定已登记；业务结果按闭环表核对，不能将源码登记或同名按钮可见计为逐实例通过"
"CTRL-1662","src/normalized-ui/VenueManagementPanel.tsx","118","VenueManagementPanel","input","显示名称","{""onChange"":""(event) => setTableDraft({ ...tableDraft, displayName: event.target.value })""}","(event) => void saveTable(event)","","","expanded && phase === 'ready' && tableDraft !== null","所属表单：(event) => void saveTable(event)","","定义与绑定已登记；业务结果按闭环表核对，不能将源码登记或同名按钮可见计为逐实例通过"
"CTRL-1663","src/normalized-ui/VenueManagementPanel.tsx","118","VenueManagementPanel","select","{areas.map((area) => <option value={area.id} key={area.id}>{area.name}</option>)}","{""onChange"":""(event) => setTableDraft({ ...tableDraft, areaId: event.target.value })""}","(event) => void saveTable(event)","","","expanded && phase === 'ready' && tableDraft !== null","所属表单：(event) => void saveTable(event)","","定义与绑定已登记；业务结果按闭环表核对，不能将源码登记或同名按钮可见计为逐实例通过"
"CTRL-1664","src/normalized-ui/VenueManagementPanel.tsx","118","VenueManagementPanel","input","标准容量","{""onChange"":""(event) => setTableDraft({ ...tableDraft, capacity: event.target.value })""}","(event) => void saveTable(event)","","","expanded && phase === 'ready' && tableDraft !== null","所属表单：(event) => void saveTable(event)","","定义与绑定已登记；业务结果按闭环表核对，不能将源码登记或同名按钮可见计为逐实例通过"
"CTRL-1665","src/normalized-ui/VenueManagementPanel.tsx","118","VenueManagementPanel","input","最低消费（元）","{""onChange"":""(event) => setTableDraft({ ...tableDraft, minimumSpendYuan: event.target.value })""}","(event) => void saveTable(event)","","","expanded && phase === 'ready' && tableDraft !== null","所属表单：(event) => void saveTable(event)","","定义与绑定已登记；业务结果按闭环表核对，不能将源码登记或同名按钮可见计为逐实例通过"
"CTRL-1666","src/normalized-ui/VenueManagementPanel.tsx","118","VenueManagementPanel","select","可用 暂停 停用","{""onChange"":""(event) => setTableDraft({ ...tableDraft, status: event.target.value as TableStatus })""}","(event) => void saveTable(event)","","","expanded && phase === 'ready' && tableDraft !== null","所属表单：(event) => void saveTable(event)","","定义与绑定已登记；业务结果按闭环表核对，不能将源码登记或同名按钮可见计为逐实例通过"
"CTRL-1667","src/normalized-ui/VenueManagementPanel.tsx","118","VenueManagementPanel","button","{busy ? '保存中' : '保存桌台'}","{}","(event) => void saveTable(event)","","busy","expanded && phase === 'ready' && tableDraft !== null","所属表单：(event) => void saveTable(event)","","定义与绑定已登记；业务结果按闭环表核对，不能将源码登记或同名按钮可见计为逐实例通过"
"CTRL-1668","src/normalized-ui/VenueManagementPanel.tsx","119","VenueManagementPanel","button","编辑","{""onClick"":""() => editArea(area)""}","","","","","已定义交互事件","","定义与绑定已登记；业务结果按闭环表核对，不能将源码登记或同名按钮可见计为逐实例通过"
"CTRL-1669","src/normalized-ui/VenueManagementPanel.tsx","119","VenueManagementPanel","button","编辑","{""onClick"":""() => editTable(table)""}","","","","","已定义交互事件","","定义与绑定已登记；业务结果按闭环表核对，不能将源码登记或同名按钮可见计为逐实例通过"
