"源文件","行","组件/函数","来源","文字或字面量","候选系统词","证据边界"
"src/components/CustomerPaymentCodeScanner.tsx","140","submit","feedback","请重新扫描有效的微信、支付宝或云闪付付款码","","完整候选索引；表达式内字面量可能是接口参数，是否实际展示以文案决策表与浏览器证据为准"
"src/components/CustomerPaymentCodeScanner.tsx","161","CustomerPaymentCodeScanner","jsx-text","· 本次收款","","完整候选索引；表达式内字面量可能是接口参数，是否实际展示以文案决策表与浏览器证据为准"
"src/components/CustomerPaymentCodeScanner.tsx","162","CustomerPaymentCodeScanner","attribute:title","关闭","","完整候选索引；表达式内字面量可能是接口参数，是否实际展示以文案决策表与浏览器证据为准"
"src/components/CustomerPaymentCodeScanner.tsx","165","CustomerPaymentCodeScanner","attribute:aria-label","付款码摄像头画面","","完整候选索引；表达式内字面量可能是接口参数，是否实际展示以文案决策表与浏览器证据为准"
"src/components/CustomerPaymentCodeScanner.tsx","166","CustomerPaymentCodeScanner","jsx-expression-literal","detected","","完整候选索引；表达式内字面量可能是接口参数，是否实际展示以文案决策表与浏览器证据为准"
"src/components/CustomerPaymentCodeScanner.tsx","166","CustomerPaymentCodeScanner","jsx-expression-literal","unavailable","","完整候选索引；表达式内字面量可能是接口参数，是否实际展示以文案决策表与浏览器证据为准"
"src/components/CustomerPaymentCodeScanner.tsx","166","CustomerPaymentCodeScanner","jsx-expression-literal","ready","","完整候选索引；表达式内字面量可能是接口参数，是否实际展示以文案决策表与浏览器证据为准"
"src/components/CustomerPaymentCodeScanner.tsx","166","CustomerPaymentCodeScanner","jsx-expression-literal","对准客户付款码","","完整候选索引；表达式内字面量可能是接口参数，是否实际展示以文案决策表与浏览器证据为准"
"src/components/CustomerPaymentCodeScanner.tsx","166","CustomerPaymentCodeScanner","jsx-expression-literal","正在启动摄像头","","完整候选索引；表达式内字面量可能是接口参数，是否实际展示以文案决策表与浏览器证据为准"
"src/components/CustomerPaymentCodeScanner.tsx","166","CustomerPaymentCodeScanner","jsx-text","付款码已读取","","完整候选索引；表达式内字面量可能是接口参数，是否实际展示以文案决策表与浏览器证据为准"
"src/components/CustomerPaymentCodeScanner.tsx","166","CustomerPaymentCodeScanner","jsx-text","请使用扫码枪或输入付款码","","完整候选索引；表达式内字面量可能是接口参数，是否实际展示以文案决策表与浏览器证据为准"
"src/components/CustomerPaymentCodeScanner.tsx","166","CustomerPaymentCodeScanner","jsx-expression-literal","ready","","完整候选索引；表达式内字面量可能是接口参数，是否实际展示以文案决策表与浏览器证据为准"
"src/components/CustomerPaymentCodeScanner.tsx","166","CustomerPaymentCodeScanner","jsx-expression-literal","对准客户付款码","","完整候选索引；表达式内字面量可能是接口参数，是否实际展示以文案决策表与浏览器证据为准"
"src/components/CustomerPaymentCodeScanner.tsx","166","CustomerPaymentCodeScanner","jsx-expression-literal","正在启动摄像头","","完整候选索引；表达式内字面量可能是接口参数，是否实际展示以文案决策表与浏览器证据为准"
"src/components/CustomerPaymentCodeScanner.tsx","170","CustomerPaymentCodeScanner","jsx-text","客户付款码","","完整候选索引；表达式内字面量可能是接口参数，是否实际展示以文案决策表与浏览器证据为准"
"src/components/CustomerPaymentCodeScanner.tsx","171","CustomerPaymentCodeScanner","attribute:placeholder","扫码枪读取或手工输入","","完整候选索引；表达式内字面量可能是接口参数，是否实际展示以文案决策表与浏览器证据为准"
"src/components/CustomerPaymentCodeScanner.tsx","181","CustomerPaymentCodeScanner","jsx-template-text","已读取","","完整候选索引；表达式内字面量可能是接口参数，是否实际展示以文案决策表与浏览器证据为准"
"src/components/CustomerPaymentCodeScanner.tsx","181","CustomerPaymentCodeScanner","jsx-expression-literal","微信 / 支付宝 / 云闪付","","完整候选索引；表达式内字面量可能是接口参数，是否实际展示以文案决策表与浏览器证据为准"
"src/components/CustomerPaymentCodeScanner.tsx","184","CustomerPaymentCodeScanner","jsx-expression-literal","正在发起收款","","完整候选索引；表达式内字面量可能是接口参数，是否实际展示以文案决策表与浏览器证据为准"
"src/components/CustomerPaymentCodeScanner.tsx","184","CustomerPaymentCodeScanner","jsx-expression-literal","确认发起收款","","完整候选索引；表达式内字面量可能是接口参数，是否实际展示以文案决策表与浏览器证据为准"
"src/components/GuestRecommendationTools.tsx","50","(module)","display-definition","今晚想怎么过？","","完整候选索引；表达式内字面量可能是接口参数，是否实际展示以文案决策表与浏览器证据为准"
"src/components/GuestRecommendationTools.tsx","52","(module)","display-definition","轻松一点","","完整候选索引；表达式内字面量可能是接口参数，是否实际展示以文案决策表与浏览器证据为准"
"src/components/GuestRecommendationTools.tsx","53","(module)","display-definition","今晚要嗨","","完整候选索引；表达式内字面量可能是接口参数，是否实际展示以文案决策表与浏览器证据为准"
"src/components/GuestRecommendationTools.tsx","54","(module)","display-definition","来点仪式感","","完整候选索引；表达式内字面量可能是接口参数，是否实际展示以文案决策表与浏览器证据为准"
"src/components/GuestRecommendationTools.tsx","55","(module)","display-definition","还没想好","","完整候选索引；表达式内字面量可能是接口参数，是否实际展示以文案决策表与浏览器证据为准"
"src/components/GuestRecommendationTools.tsx","61","(module)","display-definition","更喜欢哪种感觉？","","完整候选索引；表达式内字面量可能是接口参数，是否实际展示以文案决策表与浏览器证据为准"
"src/components/GuestRecommendationTools.tsx","63","(module)","display-definition","清爽好入口","","完整候选索引；表达式内字面量可能是接口参数，是否实际展示以文案决策表与浏览器证据为准"
"src/components/GuestRecommendationTools.tsx","64","(module)","display-definition","慢慢喝有层次","","完整候选索引；表达式内字面量可能是接口参数，是否实际展示以文案决策表与浏览器证据为准"
"src/components/GuestRecommendationTools.tsx","65","(module)","display-definition","酒感明显一点","","完整候选索引；表达式内字面量可能是接口参数，是否实际展示以文案决策表与浏览器证据为准"
"src/components/GuestRecommendationTools.tsx","66","(module)","display-definition","都可以","","完整候选索引；表达式内字面量可能是接口参数，是否实际展示以文案决策表与浏览器证据为准"
"src/components/GuestRecommendationTools.tsx","72","(module)","display-definition","今晚准备待多久？","","完整候选索引；表达式内字面量可能是接口参数，是否实际展示以文案决策表与浏览器证据为准"
"src/components/GuestRecommendationTools.tsx","74","(module)","display-definition","听完这一场","","完整候选索引；表达式内字面量可能是接口参数，是否实际展示以文案决策表与浏览器证据为准"
"src/components/GuestRecommendationTools.tsx","75","(module)","display-definition","多待一会","","完整候选索引；表达式内字面量可能是接口参数，是否实际展示以文案决策表与浏览器证据为准"
"src/components/GuestRecommendationTools.tsx","76","(module)","display-definition","今晚不赶时间","","完整候选索引；表达式内字面量可能是接口参数，是否实际展示以文案决策表与浏览器证据为准"
"src/components/GuestRecommendationTools.tsx","271","GuestRecommendationTools","attribute:aria-label","酒水推荐工具","","完整候选索引；表达式内字面量可能是接口参数，是否实际展示以文案决策表与浏览器证据为准"
"src/components/GuestRecommendationTools.tsx","275","GuestRecommendationTools","jsx-text","帮我快速选","","完整候选索引；表达式内字面量可能是接口参数，是否实际展示以文案决策表与浏览器证据为准"
"src/components/GuestRecommendationTools.tsx","275","GuestRecommendationTools","jsx-text","回答三个小问题","","完整候选索引；表达式内字面量可能是接口参数，是否实际展示以文案决策表与浏览器证据为准"
"src/components/GuestRecommendationTools.tsx","280","GuestRecommendationTools","jsx-text","摇一摇喝什么","","完整候选索引；表达式内字面量可能是接口参数，是否实际展示以文案决策表与浏览器证据为准"
"src/components/GuestRecommendationTools.tsx","280","GuestRecommendationTools","jsx-text","给今晚一点灵感","","完整候选索引；表达式内字面量可能是接口参数，是否实际展示以文案决策表与浏览器证据为准"
"src/components/GuestRecommendationTools.tsx","286","GuestRecommendationTools","attribute:aria-label","关闭推荐","","完整候选索引；表达式内字面量可能是接口参数，是否实际展示以文案决策表与浏览器证据为准"
"src/components/GuestRecommendationTools.tsx","298","GuestRecommendationTools","jsx-expression-literal","quick","","完整候选索引；表达式内字面量可能是接口参数，是否实际展示以文案决策表与浏览器证据为准"
"src/components/GuestRecommendationTools.tsx","305","GuestRecommendationTools","attribute:aria-label","关闭快速选择","","完整候选索引；表达式内字面量可能是接口参数，是否实际展示以文案决策表与浏览器证据为准"
"src/components/GuestRecommendationTools.tsx","309","GuestRecommendationTools","jsx-template-text","题，共","","完整候选索引；表达式内字面量可能是接口参数，是否实际展示以文案决策表与浏览器证据为准"
"src/components/GuestRecommendationTools.tsx","327","GuestRecommendationTools","jsx-text","没有标准答案，只是帮我们更懂今晚的您。","","完整候选索引；表达式内字面量可能是接口参数，是否实际展示以文案决策表与浏览器证据为准"
"src/components/GuestRecommendationTools.tsx","333","GuestRecommendationTools","jsx-text","SHAKE A PICK ·","","完整候选索引；表达式内字面量可能是接口参数，是否实际展示以文案决策表与浏览器证据为准"
"src/components/GuestRecommendationTools.tsx","340","GuestRecommendationTools","jsx-expression-literal","关闭推荐音效","","完整候选索引；表达式内字面量可能是接口参数，是否实际展示以文案决策表与浏览器证据为准"
"src/components/GuestRecommendationTools.tsx","340","GuestRecommendationTools","jsx-expression-literal","开启推荐音效","","完整候选索引；表达式内字面量可能是接口参数，是否实际展示以文案决策表与浏览器证据为准"
"src/components/GuestRecommendationTools.tsx","342","GuestRecommendationTools","jsx-expression-literal","关闭推荐音效","","完整候选索引；表达式内字面量可能是接口参数，是否实际展示以文案决策表与浏览器证据为准"
"src/components/GuestRecommendationTools.tsx","342","GuestRecommendationTools","jsx-expression-literal","开启推荐音效","","完整候选索引；表达式内字面量可能是接口参数，是否实际展示以文案决策表与浏览器证据为准"
"src/components/GuestRecommendationTools.tsx","350","GuestRecommendationTools","attribute:aria-label","关闭摇一摇推荐","","完整候选索引；表达式内字面量可能是接口参数，是否实际展示以文案决策表与浏览器证据为准"
"src/components/GuestRecommendationTools.tsx","363","GuestRecommendationTools","jsx-expression-literal","今夜灵感","","完整候选索引；表达式内字面量可能是接口参数，是否实际展示以文案决策表与浏览器证据为准"
"src/components/GuestRecommendationTools.tsx","365","GuestRecommendationTools","jsx-expression-literal","适合今晚慢慢品尝","","完整候选索引；表达式内字面量可能是接口参数，是否实际展示以文案决策表与浏览器证据为准"
"src/components/GuestRecommendationTools.tsx","372","GuestRecommendationTools","jsx-expression-literal","正在为今晚挑选","","完整候选索引；表达式内字面量可能是接口参数，是否实际展示以文案决策表与浏览器证据为准"
"src/components/GuestRecommendationTools.tsx","372","GuestRecommendationTools","jsx-expression-literal","今晚的灵感已经摇完啦","","完整候选索引；表达式内字面量可能是接口参数，是否实际展示以文案决策表与浏览器证据为准"
"src/components/GuestRecommendationTools.tsx","373","GuestRecommendationTools","jsx-expression-literal","很快就好","","完整候选索引；表达式内字面量可能是接口参数，是否实际展示以文案决策表与浏览器证据为准"
"src/components/GuestRecommendationTools.tsx","373","GuestRecommendationTools","jsx-expression-literal","可以从刚才的推荐里选一款","","完整候选索引；表达式内字面量可能是接口参数，是否实际展示以文案决策表与浏览器证据为准"
"src/components/GuestRecommendationTools.tsx","378","GuestRecommendationTools","jsx-text","再摇一次","","完整候选索引；表达式内字面量可能是接口参数，是否实际展示以文案决策表与浏览器证据为准"
"src/components/GuestRecommendationTools.tsx","391","GuestRecommendationTools","jsx-text","看看详情","","完整候选索引；表达式内字面量可能是接口参数，是否实际展示以文案决策表与浏览器证据为准"
"src/components/GuestRecommendationTools.tsx","404","GuestRecommendationTools","jsx-text","就选这个","","完整候选索引；表达式内字面量可能是接口参数，是否实际展示以文案决策表与浏览器证据为准"
"src/components/MenuOrderingWorkspace.tsx","815","MenuOrderingWorkspace","jsx-text","点击商品图片旁的加号","","完整候选索引；表达式内字面量可能是接口参数，是否实际展示以文案决策表与浏览器证据为准"
"src/components/MenuOrderingWorkspace.tsx","819","MenuOrderingWorkspace","jsx-text","此商品备注","","完整候选索引；表达式内字面量可能是接口参数，是否实际展示以文案决策表与浏览器证据为准"
"src/components/MenuOrderingWorkspace.tsx","819","MenuOrderingWorkspace","jsx-expression-literal","（适用这几份）","","完整候选索引；表达式内字面量可能是接口参数，是否实际展示以文案决策表与浏览器证据为准"
"src/components/MenuOrderingWorkspace.tsx","820","MenuOrderingWorkspace","attribute:placeholder","如：少冰、不放香菜","","完整候选索引；表达式内字面量可能是接口参数，是否实际展示以文案决策表与浏览器证据为准"
"src/components/MenuOrderingWorkspace.tsx","820","MenuOrderingWorkspace","jsx-template-text","商品备注","","完整候选索引；表达式内字面量可能是接口参数，是否实际展示以文案决策表与浏览器证据为准"
"src/components/MenuOrderingWorkspace.tsx","829","MenuOrderingWorkspace","jsx-text","份：","","完整候选索引；表达式内字面量可能是接口参数，是否实际展示以文案决策表与浏览器证据为准"
"src/components/MenuOrderingWorkspace.tsx","831","MenuOrderingWorkspace","jsx-expression-literal","已选菜品","","完整候选索引；表达式内字面量可能是接口参数，是否实际展示以文案决策表与浏览器证据为准"
"src/components/MenuOrderingWorkspace.tsx","832","MenuOrderingWorkspace","jsx-text","· 修改","","完整候选索引；表达式内字面量可能是接口参数，是否实际展示以文案决策表与浏览器证据为准"
"src/components/MenuOrderingWorkspace.tsx","837","MenuOrderingWorkspace","jsx-template-text","移除","","完整候选索引；表达式内字面量可能是接口参数，是否实际展示以文案决策表与浏览器证据为准"
"src/components/MenuOrderingWorkspace.tsx","838","MenuOrderingWorkspace","jsx-expression-literal","bundle","","完整候选索引；表达式内字面量可能是接口参数，是否实际展示以文案决策表与浏览器证据为准"
"src/components/MenuOrderingWorkspace.tsx","839","MenuOrderingWorkspace","jsx-template-text","数量","","完整候选索引；表达式内字面量可能是接口参数，是否实际展示以文案决策表与浏览器证据为准"
"src/components/MenuOrderingWorkspace.tsx","841","MenuOrderingWorkspace","jsx-template-text","增加","","完整候选索引；表达式内字面量可能是接口参数，是否实际展示以文案决策表与浏览器证据为准"
"src/components/MenuOrderingWorkspace.tsx","847","MenuOrderingWorkspace","jsx-text","订单备注","","完整候选索引；表达式内字面量可能是接口参数，是否实际展示以文案决策表与浏览器证据为准"
"src/components/MenuOrderingWorkspace.tsx","847","MenuOrderingWorkspace","jsx-text","选填 · 相关岗位会重点看到","","完整候选索引；表达式内字面量可能是接口参数，是否实际展示以文案决策表与浏览器证据为准"
"src/components/MenuOrderingWorkspace.tsx","848","MenuOrderingWorkspace","attribute:placeholder","如：少冰、不要香菜、酒水和小食一起上","","完整候选索引；表达式内字面量可能是接口参数，是否实际展示以文案决策表与浏览器证据为准"
"src/components/MenuOrderingWorkspace.tsx","855","MenuOrderingWorkspace","jsx-text","/300","","完整候选索引；表达式内字面量可能是接口参数，是否实际展示以文案决策表与浏览器证据为准"
"src/components/MenuOrderingWorkspace.tsx","880","MenuOrderingWorkspace","jsx-text","当前桌台","","完整候选索引；表达式内字面量可能是接口参数，是否实际展示以文案决策表与浏览器证据为准"
"src/components/MenuOrderingWorkspace.tsx","903","MenuOrderingWorkspace","attribute:aria-label","菜单分类","","完整候选索引；表达式内字面量可能是接口参数，是否实际展示以文案决策表与浏览器证据为准"
"src/components/MenuOrderingWorkspace.tsx","924","MenuOrderingWorkspace","jsx-expression-literal","drinks","","完整候选索引；表达式内字面量可能是接口参数，是否实际展示以文案决策表与浏览器证据为准"
"src/components/MenuOrderingWorkspace.tsx","924","MenuOrderingWorkspace","attribute:aria-label","酒水分类","","完整候选索引；表达式内字面量可能是接口参数，是否实际展示以文案决策表与浏览器证据为准"
"src/components/MenuOrderingWorkspace.tsx","934","MenuOrderingWorkspace","jsx-expression-literal","recommend","","完整候选索引；表达式内字面量可能是接口参数，是否实际展示以文案决策表与浏览器证据为准"
"src/components/MenuOrderingWorkspace.tsx","935","MenuOrderingWorkspace","jsx-text","今夜甄选","","完整候选索引；表达式内字面量可能是接口参数，是否实际展示以文案决策表与浏览器证据为准"
"src/components/MenuOrderingWorkspace.tsx","937","MenuOrderingWorkspace","jsx-text","已按","","完整候选索引；表达式内字面量可能是接口参数，是否实际展示以文案决策表与浏览器证据为准"
"src/components/MenuOrderingWorkspace.tsx","937","MenuOrderingWorkspace","jsx-expression-literal","unsure","","完整候选索引；表达式内字面量可能是接口参数，是否实际展示以文案决策表与浏览器证据为准"
"src/components/MenuOrderingWorkspace.tsx","937","MenuOrderingWorkspace","jsx-expression-literal","同行","","完整候选索引；表达式内字面量可能是接口参数，是否实际展示以文案决策表与浏览器证据为准"
"src/components/MenuOrderingWorkspace.tsx","937","MenuOrderingWorkspace","jsx-text","筛选 · 直接比较","","完整候选索引；表达式内字面量可能是接口参数，是否实际展示以文案决策表与浏览器证据为准"
"src/components/MenuOrderingWorkspace.tsx","938","MenuOrderingWorkspace","jsx-expression-literal","unsure","","完整候选索引；表达式内字面量可能是接口参数，是否实际展示以文案决策表与浏览器证据为准"
"src/components/MenuOrderingWorkspace.tsx","938","MenuOrderingWorkspace","jsx-expression-literal","同行","","完整候选索引；表达式内字面量可能是接口参数，是否实际展示以文案决策表与浏览器证据为准"
"src/components/MenuOrderingWorkspace.tsx","938","MenuOrderingWorkspace","jsx-text","已筛选","","完整候选索引；表达式内字面量可能是接口参数，是否实际展示以文案决策表与浏览器证据为准"
"src/components/MenuOrderingWorkspace.tsx","941","MenuOrderingWorkspace","jsx-expression-literal","recommend","","完整候选索引；表达式内字面量可能是接口参数，是否实际展示以文案决策表与浏览器证据为准"
"src/components/MenuOrderingWorkspace.tsx","945","MenuOrderingWorkspace","jsx-expression-literal","recommend","","完整候选索引；表达式内字面量可能是接口参数，是否实际展示以文案决策表与浏览器证据为准"
"src/components/MenuOrderingWorkspace.tsx","945","MenuOrderingWorkspace","attribute:aria-label","今夜推荐方案对比","","完整候选索引；表达式内字面量可能是接口参数，是否实际展示以文案决策表与浏览器证据为准"
"src/components/MenuOrderingWorkspace.tsx","947","MenuOrderingWorkspace","jsx-expression-literal","三款都适合今晚","","完整候选索引；表达式内字面量可能是接口参数，是否实际展示以文案决策表与浏览器证据为准"
"src/components/MenuOrderingWorkspace.tsx","947","MenuOrderingWorkspace","jsx-expression-literal","今晚适合您的选择","","完整候选索引；表达式内字面量可能是接口参数，是否实际展示以文案决策表与浏览器证据为准"
"src/components/MenuOrderingWorkspace.tsx","948","MenuOrderingWorkspace","jsx-text","左右滑动比较酒型、价格和内容","","完整候选索引；表达式内字面量可能是接口参数，是否实际展示以文案决策表与浏览器证据为准"
"src/components/MenuOrderingWorkspace.tsx","958","MenuOrderingWorkspace","jsx-expression-literal","lighter","","完整候选索引；表达式内字面量可能是接口参数，是否实际展示以文案决策表与浏览器证据为准"
"src/components/MenuOrderingWorkspace.tsx","958","MenuOrderingWorkspace","jsx-expression-literal","轻松开始","","完整候选索引；表达式内字面量可能是接口参数，是否实际展示以文案决策表与浏览器证据为准"
"src/components/MenuOrderingWorkspace.tsx","959","MenuOrderingWorkspace","jsx-expression-literal","primary","","完整候选索引；表达式内字面量可能是接口参数，是否实际展示以文案决策表与浏览器证据为准"
"src/components/MenuOrderingWorkspace.tsx","959","MenuOrderingWorkspace","jsx-expression-literal","今晚正好","","完整候选索引；表达式内字面量可能是接口参数，是否实际展示以文案决策表与浏览器证据为准"
"src/components/MenuOrderingWorkspace.tsx","960","MenuOrderingWorkspace","jsx-expression-literal","complete","","完整候选索引；表达式内字面量可能是接口参数，是否实际展示以文案决策表与浏览器证据为准"
"src/components/MenuOrderingWorkspace.tsx","960","MenuOrderingWorkspace","jsx-expression-literal","更完整","","完整候选索引；表达式内字面量可能是接口参数，是否实际展示以文案决策表与浏览器证据为准"
"src/components/MenuOrderingWorkspace.tsx","961","MenuOrderingWorkspace","jsx-expression-literal","换种风格","","完整候选索引；表达式内字面量可能是接口参数，是否实际展示以文案决策表与浏览器证据为准"
"src/components/MenuOrderingWorkspace.tsx","962","MenuOrderingWorkspace","jsx-expression-literal","lighter","","完整候选索引；表达式内字面量可能是接口参数，是否实际展示以文案决策表与浏览器证据为准"
"src/components/MenuOrderingWorkspace.tsx","962","MenuOrderingWorkspace","jsx-expression-literal","加入本次订单","","完整候选索引；表达式内字面量可能是接口参数，是否实际展示以文案决策表与浏览器证据为准"
"src/components/MenuOrderingWorkspace.tsx","963","MenuOrderingWorkspace","jsx-expression-literal","primary","","完整候选索引；表达式内字面量可能是接口参数，是否实际展示以文案决策表与浏览器证据为准"
"src/components/MenuOrderingWorkspace.tsx","963","MenuOrderingWorkspace","jsx-expression-literal","加入本次订单","","完整候选索引；表达式内字面量可能是接口参数，是否实际展示以文案决策表与浏览器证据为准"
"src/components/MenuOrderingWorkspace.tsx","964","MenuOrderingWorkspace","jsx-expression-literal","complete","","完整候选索引；表达式内字面量可能是接口参数，是否实际展示以文案决策表与浏览器证据为准"
"src/components/MenuOrderingWorkspace.tsx","964","MenuOrderingWorkspace","jsx-expression-literal","加入本次订单","","完整候选索引；表达式内字面量可能是接口参数，是否实际展示以文案决策表与浏览器证据为准"
"src/components/MenuOrderingWorkspace.tsx","965","MenuOrderingWorkspace","jsx-expression-literal","加入本次订单","","完整候选索引；表达式内字面量可能是接口参数，是否实际展示以文案决策表与浏览器证据为准"
"src/components/MenuOrderingWorkspace.tsx","971","MenuOrderingWorkspace","jsx-template-text","查看","","完整候选索引；表达式内字面量可能是接口参数，是否实际展示以文案决策表与浏览器证据为准"
"src/components/MenuOrderingWorkspace.tsx","971","MenuOrderingWorkspace","jsx-template-text","详情","","完整候选索引；表达式内字面量可能是接口参数，是否实际展示以文案决策表与浏览器证据为准"
"src/components/MenuOrderingWorkspace.tsx","974","MenuOrderingWorkspace","jsx-expression-literal","primary","","完整候选索引；表达式内字面量可能是接口参数，是否实际展示以文案决策表与浏览器证据为准"
"src/components/MenuOrderingWorkspace.tsx","975","MenuOrderingWorkspace","jsx-expression-literal","primary","","完整候选索引；表达式内字面量可能是接口参数，是否实际展示以文案决策表与浏览器证据为准"
"src/components/MenuOrderingWorkspace.tsx","975","MenuOrderingWorkspace","jsx-expression-literal","人气优选","","完整候选索引；表达式内字面量可能是接口参数，是否实际展示以文案决策表与浏览器证据为准"
"src/components/MenuOrderingWorkspace.tsx","981","MenuOrderingWorkspace","jsx-template-text","快速加入","","完整候选索引；表达式内字面量可能是接口参数，是否实际展示以文案决策表与浏览器证据为准"
"src/components/MenuOrderingWorkspace.tsx","986","MenuOrderingWorkspace","jsx-template-text","查看","","完整候选索引；表达式内字面量可能是接口参数，是否实际展示以文案决策表与浏览器证据为准"
"src/components/MenuOrderingWorkspace.tsx","986","MenuOrderingWorkspace","jsx-template-text","详情","","完整候选索引；表达式内字面量可能是接口参数，是否实际展示以文案决策表与浏览器证据为准"
"src/components/MenuOrderingWorkspace.tsx","994","MenuOrderingWorkspace","jsx-text","单点","","完整候选索引；表达式内字面量可能是接口参数，是否实际展示以文案决策表与浏览器证据为准"
"src/components/MenuOrderingWorkspace.tsx","994","MenuOrderingWorkspace","jsx-expression-literal","至少","","完整候选索引；表达式内字面量可能是接口参数，是否实际展示以文案决策表与浏览器证据为准"
"src/components/MenuOrderingWorkspace.tsx","994","MenuOrderingWorkspace","jsx-expression-literal","至少省","","完整候选索引；表达式内字面量可能是接口参数，是否实际展示以文案决策表与浏览器证据为准"
"src/components/MenuOrderingWorkspace.tsx","994","MenuOrderingWorkspace","jsx-expression-literal","少付","","完整候选索引；表达式内字面量可能是接口参数，是否实际展示以文案决策表与浏览器证据为准"
"src/components/MenuOrderingWorkspace.tsx","995","MenuOrderingWorkspace","jsx-text","组合已配齐","","完整候选索引；表达式内字面量可能是接口参数，是否实际展示以文案决策表与浏览器证据为准"
"src/components/MenuOrderingWorkspace.tsx","1000","MenuOrderingWorkspace","jsx-template-text","减少","","完整候选索引；表达式内字面量可能是接口参数，是否实际展示以文案决策表与浏览器证据为准"
"src/components/MenuOrderingWorkspace.tsx","1000","MenuOrderingWorkspace","jsx-template-text","减少","","完整候选索引；表达式内字面量可能是接口参数，是否实际展示以文案决策表与浏览器证据为准"
"src/components/MenuOrderingWorkspace.tsx","1001","MenuOrderingWorkspace","jsx-text","已选","","完整候选索引；表达式内字面量可能是接口参数，是否实际展示以文案决策表与浏览器证据为准"
"src/components/MenuOrderingWorkspace.tsx","1002","MenuOrderingWorkspace","jsx-template-text","增加","","完整候选索引；表达式内字面量可能是接口参数，是否实际展示以文案决策表与浏览器证据为准"
"src/components/MenuOrderingWorkspace.tsx","1002","MenuOrderingWorkspace","jsx-template-text","增加","","完整候选索引；表达式内字面量可能是接口参数，是否实际展示以文案决策表与浏览器证据为准"
"src/components/MenuOrderingWorkspace.tsx","1009","MenuOrderingWorkspace","jsx-expression-literal","recommend","","完整候选索引；表达式内字面量可能是接口参数，是否实际展示以文案决策表与浏览器证据为准"
"src/components/MenuOrderingWorkspace.tsx","1009","MenuOrderingWorkspace","attribute:aria-label","继续浏览菜单","","完整候选索引；表达式内字面量可能是接口参数，是否实际展示以文案决策表与浏览器证据为准"
"src/components/MenuOrderingWorkspace.tsx","1010","MenuOrderingWorkspace","jsx-text","继续逛逛","","完整候选索引；表达式内字面量可能是接口参数，是否实际展示以文案决策表与浏览器证据为准"
"src/components/MenuOrderingWorkspace.tsx","1010","MenuOrderingWorkspace","jsx-text","单点酒水和小食也可以慢慢选","","完整候选索引；表达式内字面量可能是接口参数，是否实际展示以文案决策表与浏览器证据为准"
"src/components/MenuOrderingWorkspace.tsx","1011","MenuOrderingWorkspace","jsx-text","看酒水","","完整候选索引；表达式内字面量可能是接口参数，是否实际展示以文案决策表与浏览器证据为准"
"src/components/MenuOrderingWorkspace.tsx","1012","MenuOrderingWorkspace","jsx-text","看小食","","完整候选索引；表达式内字面量可能是接口参数，是否实际展示以文案决策表与浏览器证据为准"
"src/components/MenuOrderingWorkspace.tsx","1017","MenuOrderingWorkspace","attribute:aria-label","搜索菜单商品","","完整候选索引；表达式内字面量可能是接口参数，是否实际展示以文案决策表与浏览器证据为准"
"src/components/MenuOrderingWorkspace.tsx","1017","MenuOrderingWorkspace","attribute:placeholder","搜索酒水、小食、组合或规格","","完整候选索引；表达式内字面量可能是接口参数，是否实际展示以文案决策表与浏览器证据为准"
"src/components/MenuOrderingWorkspace.tsx","1034","MenuOrderingWorkspace","attribute:title","清除搜索","","完整候选索引；表达式内字面量可能是接口参数，是否实际展示以文案决策表与浏览器证据为准"
"src/components/MenuOrderingWorkspace.tsx","1034","MenuOrderingWorkspace","attribute:aria-label","清除搜索","","完整候选索引；表达式内字面量可能是接口参数，是否实际展示以文案决策表与浏览器证据为准"
"src/components/MenuOrderingWorkspace.tsx","1041","MenuOrderingWorkspace","jsx-template-text","找到","","完整候选索引；表达式内字面量可能是接口参数，是否实际展示以文案决策表与浏览器证据为准"
"src/components/MenuOrderingWorkspace.tsx","1042","MenuOrderingWorkspace","jsx-template-text","可搜","","完整候选索引；表达式内字面量可能是接口参数，是否实际展示以文案决策表与浏览器证据为准"
"src/components/MenuOrderingWorkspace.tsx","1045","MenuOrderingWorkspace","jsx-expression-literal","recommend","","完整候选索引；表达式内字面量可能是接口参数，是否实际展示以文案决策表与浏览器证据为准"
"src/components/MenuOrderingWorkspace.tsx","1048","MenuOrderingWorkspace","jsx-expression-literal","recommend","","完整候选索引；表达式内字面量可能是接口参数，是否实际展示以文案决策表与浏览器证据为准"
"src/components/MenuOrderingWorkspace.tsx","1049","MenuOrderingWorkspace","jsx-expression-literal","recommend","","完整候选索引；表达式内字面量可能是接口参数，是否实际展示以文案决策表与浏览器证据为准"
"src/components/MenuOrderingWorkspace.tsx","1049","MenuOrderingWorkspace","jsx-expression-literal","今夜推荐正在更新","","完整候选索引；表达式内字面量可能是接口参数，是否实际展示以文案决策表与浏览器证据为准"
"src/components/MenuOrderingWorkspace.tsx","1049","MenuOrderingWorkspace","jsx-expression-literal","没有找到相关商品","","完整候选索引；表达式内字面量可能是接口参数，是否实际展示以文案决策表与浏览器证据为准"
"src/components/MenuOrderingWorkspace.tsx","1050","MenuOrderingWorkspace","jsx-expression-literal","recommend","","完整候选索引；表达式内字面量可能是接口参数，是否实际展示以文案决策表与浏览器证据为准"
"src/components/MenuOrderingWorkspace.tsx","1050","MenuOrderingWorkspace","jsx-expression-literal","可以直接看看酒水和小食，喜欢的照常点","","完整候选索引；表达式内字面量可能是接口参数，是否实际展示以文案决策表与浏览器证据为准"
"src/components/MenuOrderingWorkspace.tsx","1050","MenuOrderingWorkspace","jsx-expression-literal","换个商品名、分类或规格试试","","完整候选索引；表达式内字面量可能是接口参数，是否实际展示以文案决策表与浏览器证据为准"
"src/components/MenuOrderingWorkspace.tsx","1051","MenuOrderingWorkspace","jsx-text","清除搜索","","完整候选索引；表达式内字面量可能是接口参数，是否实际展示以文案决策表与浏览器证据为准"
"src/components/MenuOrderingWorkspace.tsx","1051","MenuOrderingWorkspace","jsx-expression-literal","all","","完整候选索引；表达式内字面量可能是接口参数，是否实际展示以文案决策表与浏览器证据为准"
"src/components/MenuOrderingWorkspace.tsx","1051","MenuOrderingWorkspace","jsx-text","清除分类，搜索全部商品","","完整候选索引；表达式内字面量可能是接口参数，是否实际展示以文案决策表与浏览器证据为准"
"src/components/MenuOrderingWorkspace.tsx","1068","MenuOrderingWorkspace","jsx-template-text","查看","","完整候选索引；表达式内字面量可能是接口参数，是否实际展示以文案决策表与浏览器证据为准"
"src/components/MenuOrderingWorkspace.tsx","1068","MenuOrderingWorkspace","jsx-template-text","详情","","完整候选索引；表达式内字面量可能是接口参数，是否实际展示以文案决策表与浏览器证据为准"
"src/components/MenuOrderingWorkspace.tsx","1071","MenuOrderingWorkspace","jsx-expression-literal","primary","","完整候选索引；表达式内字面量可能是接口参数，是否实际展示以文案决策表与浏览器证据为准"
"src/components/MenuOrderingWorkspace.tsx","1071","MenuOrderingWorkspace","jsx-expression-literal","今晚正好","","完整候选索引；表达式内字面量可能是接口参数，是否实际展示以文案决策表与浏览器证据为准"
"src/components/MenuOrderingWorkspace.tsx","1071","MenuOrderingWorkspace","jsx-expression-literal","lighter","","完整候选索引；表达式内字面量可能是接口参数，是否实际展示以文案决策表与浏览器证据为准"
"src/components/MenuOrderingWorkspace.tsx","1071","MenuOrderingWorkspace","jsx-expression-literal","轻松一点","","完整候选索引；表达式内字面量可能是接口参数，是否实际展示以文案决策表与浏览器证据为准"
"src/components/MenuOrderingWorkspace.tsx","1071","MenuOrderingWorkspace","jsx-expression-literal","complete","","完整候选索引；表达式内字面量可能是接口参数，是否实际展示以文案决策表与浏览器证据为准"
"src/components/MenuOrderingWorkspace.tsx","1071","MenuOrderingWorkspace","jsx-expression-literal","更完整","","完整候选索引；表达式内字面量可能是接口参数，是否实际展示以文案决策表与浏览器证据为准"
"src/components/MenuOrderingWorkspace.tsx","1071","MenuOrderingWorkspace","jsx-expression-literal","bundle","","完整候选索引；表达式内字面量可能是接口参数，是否实际展示以文案决策表与浏览器证据为准"
"src/components/MenuOrderingWorkspace.tsx","1071","MenuOrderingWorkspace","jsx-expression-literal","组合甄选","","完整候选索引；表达式内字面量可能是接口参数，是否实际展示以文案决策表与浏览器证据为准"
"src/components/MenuOrderingWorkspace.tsx","1075","MenuOrderingWorkspace","jsx-template-text","查看","","完整候选索引；表达式内字面量可能是接口参数，是否实际展示以文案决策表与浏览器证据为准"
"src/components/MenuOrderingWorkspace.tsx","1075","MenuOrderingWorkspace","jsx-template-text","详情","","完整候选索引；表达式内字面量可能是接口参数，是否实际展示以文案决策表与浏览器证据为准"
"src/components/MenuOrderingWorkspace.tsx","1077","MenuOrderingWorkspace","jsx-expression-literal","门店现制现送","","完整候选索引；表达式内字面量可能是接口参数，是否实际展示以文案决策表与浏览器证据为准"
"src/components/MenuOrderingWorkspace.tsx","1079","MenuOrderingWorkspace","jsx-expression-literal","bundle","","完整候选索引；表达式内字面量可能是接口参数，是否实际展示以文案决策表与浏览器证据为准"
"src/components/MenuOrderingWorkspace.tsx","1079","MenuOrderingWorkspace","jsx-text","单点","","完整候选索引；表达式内字面量可能是接口参数，是否实际展示以文案决策表与浏览器证据为准"
"src/components/MenuOrderingWorkspace.tsx","1079","MenuOrderingWorkspace","jsx-expression-literal","至少","","完整候选索引；表达式内字面量可能是接口参数，是否实际展示以文案决策表与浏览器证据为准"
"src/components/MenuOrderingWorkspace.tsx","1079","MenuOrderingWorkspace","jsx-expression-literal","合计","","完整候选索引；表达式内字面量可能是接口参数，是否实际展示以文案决策表与浏览器证据为准"
"src/components/MenuOrderingWorkspace.tsx","1079","MenuOrderingWorkspace","jsx-expression-literal","至少省","","完整候选索引；表达式内字面量可能是接口参数，是否实际展示以文案决策表与浏览器证据为准"
"src/components/MenuOrderingWorkspace.tsx","1079","MenuOrderingWorkspace","jsx-expression-literal","少付","","完整候选索引；表达式内字面量可能是接口参数，是否实际展示以文案决策表与浏览器证据为准"
"src/components/MenuOrderingWorkspace.tsx","1083","MenuOrderingWorkspace","jsx-template-text","暂不可点，","","完整候选索引；表达式内字面量可能是接口参数，是否实际展示以文案决策表与浏览器证据为准"
"src/components/MenuOrderingWorkspace.tsx","1085","MenuOrderingWorkspace","jsx-template-text","加入","","完整候选索引；表达式内字面量可能是接口参数，是否实际展示以文案决策表与浏览器证据为准"
"src/components/MenuOrderingWorkspace.tsx","1085","MenuOrderingWorkspace","jsx-template-text","加入","","完整候选索引；表达式内字面量可能是接口参数，是否实际展示以文案决策表与浏览器证据为准"
"src/components/MenuOrderingWorkspace.tsx","1088","MenuOrderingWorkspace","jsx-template-text","减少","","完整候选索引；表达式内字面量可能是接口参数，是否实际展示以文案决策表与浏览器证据为准"
"src/components/MenuOrderingWorkspace.tsx","1089","MenuOrderingWorkspace","jsx-expression-literal","bundle","","完整候选索引；表达式内字面量可能是接口参数，是否实际展示以文案决策表与浏览器证据为准"
"src/components/MenuOrderingWorkspace.tsx","1090","MenuOrderingWorkspace","jsx-template-text","数量","","完整候选索引；表达式内字面量可能是接口参数，是否实际展示以文案决策表与浏览器证据为准"
"src/components/MenuOrderingWorkspace.tsx","1092","MenuOrderingWorkspace","jsx-template-text","增加","","完整候选索引；表达式内字面量可能是接口参数，是否实际展示以文案决策表与浏览器证据为准"
"src/components/MenuOrderingWorkspace.tsx","1104","MenuOrderingWorkspace","attribute:aria-label","关闭购物车","","完整候选索引；表达式内字面量可能是接口参数，是否实际展示以文案决策表与浏览器证据为准"
"src/components/MenuOrderingWorkspace.tsx","1106","MenuOrderingWorkspace","attribute:aria-label","购物车明细","","完整候选索引；表达式内字面量可能是接口参数，是否实际展示以文案决策表与浏览器证据为准"
"src/components/MenuOrderingWorkspace.tsx","1107","MenuOrderingWorkspace","jsx-text","本次待提交","","完整候选索引；表达式内字面量可能是接口参数，是否实际展示以文案决策表与浏览器证据为准"
"src/components/MenuOrderingWorkspace.tsx","1107","MenuOrderingWorkspace","attribute:title","关闭购物车","","完整候选索引；表达式内字面量可能是接口参数，是否实际展示以文案决策表与浏览器证据为准"
"src/components/MenuOrderingWorkspace.tsx","1111","MenuOrderingWorkspace","jsx-expression-literal","核对后收款","","完整候选索引；表达式内字面量可能是接口参数，是否实际展示以文案决策表与浏览器证据为准"
"src/components/MenuOrderingWorkspace.tsx","1111","MenuOrderingWorkspace","jsx-expression-literal","合计","","完整候选索引；表达式内字面量可能是接口参数，是否实际展示以文案决策表与浏览器证据为准"
"src/components/MenuOrderingWorkspace.tsx","1113","MenuOrderingWorkspace","jsx-expression-literal","正在同步选择","","完整候选索引；表达式内字面量可能是接口参数，是否实际展示以文案决策表与浏览器证据为准"
"src/components/MenuOrderingWorkspace.tsx","1113","MenuOrderingWorkspace","jsx-expression-literal","正在提交","","完整候选索引；表达式内字面量可能是接口参数，是否实际展示以文案决策表与浏览器证据为准"
"src/components/MenuOrderingWorkspace.tsx","1118","MenuOrderingWorkspace","attribute:aria-label","订单结算","","完整候选索引；表达式内字面量可能是接口参数，是否实际展示以文案决策表与浏览器证据为准"
"src/components/MenuOrderingWorkspace.tsx","1124","MenuOrderingWorkspace","jsx-template-text","查看本次购物车，待提交","","完整候选索引；表达式内字面量可能是接口参数，是否实际展示以文案决策表与浏览器证据为准"
"src/components/MenuOrderingWorkspace.tsx","1124","MenuOrderingWorkspace","jsx-template-text","件，合计","","完整候选索引；表达式内字面量可能是接口参数，是否实际展示以文案决策表与浏览器证据为准"
"src/components/MenuOrderingWorkspace.tsx","1129","MenuOrderingWorkspace","jsx-template-text","本次待提交","","完整候选索引；表达式内字面量可能是接口参数，是否实际展示以文案决策表与浏览器证据为准"
"src/components/MenuOrderingWorkspace.tsx","1129","MenuOrderingWorkspace","jsx-expression-literal","本次还未选择","","完整候选索引；表达式内字面量可能是接口参数，是否实际展示以文案决策表与浏览器证据为准"
"src/components/MenuOrderingWorkspace.tsx","1130","MenuOrderingWorkspace","jsx-template-text","打开核对 · 合计 ¥","","完整候选索引；表达式内字面量可能是接口参数，是否实际展示以文案决策表与浏览器证据为准"
"src/components/MenuOrderingWorkspace.tsx","1130","MenuOrderingWorkspace","jsx-template-text","查看明细 · 合计 ¥","","完整候选索引；表达式内字面量可能是接口参数，是否实际展示以文案决策表与浏览器证据为准"
"src/components/MenuOrderingWorkspace.tsx","1130","MenuOrderingWorkspace","jsx-expression-literal","与右上角历史订单相互独立","","完整候选索引；表达式内字面量可能是接口参数，是否实际展示以文案决策表与浏览器证据为准"
"src/components/MenuOrderingWorkspace.tsx","1134","MenuOrderingWorkspace","jsx-expression-literal","正在同步","","完整候选索引；表达式内字面量可能是接口参数，是否实际展示以文案决策表与浏览器证据为准"
"src/components/MenuOrderingWorkspace.tsx","1134","MenuOrderingWorkspace","jsx-expression-literal","查看已选","","完整候选索引；表达式内字面量可能是接口参数，是否实际展示以文案决策表与浏览器证据为准"
"src/components/MenuOrderingWorkspace.tsx","1139","MenuOrderingWorkspace","jsx-text","已选商品","","完整候选索引；表达式内字面量可能是接口参数，是否实际展示以文案决策表与浏览器证据为准"
"src/components/MenuOrderingWorkspace.tsx","1142","MenuOrderingWorkspace","jsx-text","件 · 合计","","完整候选索引；表达式内字面量可能是接口参数，是否实际展示以文案决策表与浏览器证据为准"
"src/components/MenuOrderingWorkspace.tsx","1144","MenuOrderingWorkspace","jsx-expression-literal","正在同步选择","","完整候选索引；表达式内字面量可能是接口参数，是否实际展示以文案决策表与浏览器证据为准"
"src/components/MenuOrderingWorkspace.tsx","1144","MenuOrderingWorkspace","jsx-expression-literal","正在提交","","完整候选索引；表达式内字面量可能是接口参数，是否实际展示以文案决策表与浏览器证据为准"
"src/components/MenuOrderingWorkspace.tsx","1152","MenuOrderingWorkspace","attribute:aria-label","关闭商品详情","","完整候选索引；表达式内字面量可能是接口参数，是否实际展示以文案决策表与浏览器证据为准"
"src/components/MenuOrderingWorkspace.tsx","1153","MenuOrderingWorkspace","jsx-template-text","商品详情","","完整候选索引；表达式内字面量可能是接口参数，是否实际展示以文案决策表与浏览器证据为准"
"src/components/MenuOrderingWorkspace.tsx","1155","MenuOrderingWorkspace","jsx-expression-literal","bundle","","完整候选索引；表达式内字面量可能是接口参数，是否实际展示以文案决策表与浏览器证据为准"
"src/components/MenuOrderingWorkspace.tsx","1155","MenuOrderingWorkspace","jsx-expression-literal","CURATED FOR TONIGHT","","完整候选索引；表达式内字面量可能是接口参数，是否实际展示以文案决策表与浏览器证据为准"
"src/components/MenuOrderingWorkspace.tsx","1155","MenuOrderingWorkspace","jsx-expression-literal","M-BOX MENU","","完整候选索引；表达式内字面量可能是接口参数，是否实际展示以文案决策表与浏览器证据为准"
"src/components/MenuOrderingWorkspace.tsx","1156","MenuOrderingWorkspace","attribute:title","关闭商品详情","","完整候选索引；表达式内字面量可能是接口参数，是否实际展示以文案决策表与浏览器证据为准"
"src/components/MenuOrderingWorkspace.tsx","1162","MenuOrderingWorkspace","jsx-expression-literal","门店现制现送，确认后为您安排。","","完整候选索引；表达式内字面量可能是接口参数，是否实际展示以文案决策表与浏览器证据为准"
"src/components/MenuOrderingWorkspace.tsx","1164","MenuOrderingWorkspace","jsx-text","这份组合包含","","完整候选索引；表达式内字面量可能是接口参数，是否实际展示以文案决策表与浏览器证据为准"
"src/components/MenuOrderingWorkspace.tsx","1164","MenuOrderingWorkspace","jsx-text","款酒水与小食","","完整候选索引；表达式内字面量可能是接口参数，是否实际展示以文案决策表与浏览器证据为准"
"src/components/MenuOrderingWorkspace.tsx","1174","MenuOrderingWorkspace","jsx-expression-literal","按门店标准为您准备。","","完整候选索引；表达式内字面量可能是接口参数，是否实际展示以文案决策表与浏览器证据为准"
"src/components/MenuOrderingWorkspace.tsx","1181","MenuOrderingWorkspace","jsx-text","请选择","","完整候选索引；表达式内字面量可能是接口参数，是否实际展示以文案决策表与浏览器证据为准"
"src/components/MenuOrderingWorkspace.tsx","1189","MenuOrderingWorkspace","jsx-expression-literal","可选菜品","","完整候选索引；表达式内字面量可能是接口参数，是否实际展示以文案决策表与浏览器证据为准"
"src/components/MenuOrderingWorkspace.tsx","1189","MenuOrderingWorkspace","jsx-template-text","每份 ×","","完整候选索引；表达式内字面量可能是接口参数，是否实际展示以文案决策表与浏览器证据为准"
"src/components/MenuOrderingWorkspace.tsx","1189","MenuOrderingWorkspace","jsx-expression-literal","包含 1 份","","完整候选索引；表达式内字面量可能是接口参数，是否实际展示以文案决策表与浏览器证据为准"
"src/components/MenuOrderingWorkspace.tsx","1190","MenuOrderingWorkspace","jsx-expression-literal","已选","","完整候选索引；表达式内字面量可能是接口参数，是否实际展示以文案决策表与浏览器证据为准"
"src/components/MenuOrderingWorkspace.tsx","1190","MenuOrderingWorkspace","jsx-expression-literal","选择","","完整候选索引；表达式内字面量可能是接口参数，是否实际展示以文案决策表与浏览器证据为准"
"src/components/MenuOrderingWorkspace.tsx","1194","MenuOrderingWorkspace","jsx-expression-literal","bundle","","完整候选索引；表达式内字面量可能是接口参数，是否实际展示以文案决策表与浏览器证据为准"
"src/components/MenuOrderingWorkspace.tsx","1195","MenuOrderingWorkspace","jsx-expression-literal","按所选菜品单点合计","","完整候选索引；表达式内字面量可能是接口参数，是否实际展示以文案决策表与浏览器证据为准"
"src/components/MenuOrderingWorkspace.tsx","1195","MenuOrderingWorkspace","jsx-expression-literal","单点最低合计","","完整候选索引；表达式内字面量可能是接口参数，是否实际展示以文案决策表与浏览器证据为准"
"src/components/MenuOrderingWorkspace.tsx","1196","MenuOrderingWorkspace","jsx-expression-literal","这份安排少付","","完整候选索引；表达式内字面量可能是接口参数，是否实际展示以文案决策表与浏览器证据为准"
"src/components/MenuOrderingWorkspace.tsx","1196","MenuOrderingWorkspace","jsx-expression-literal","至少可省","","完整候选索引；表达式内字面量可能是接口参数，是否实际展示以文案决策表与浏览器证据为准"
"src/components/MenuOrderingWorkspace.tsx","1199","MenuOrderingWorkspace","jsx-expression-literal","按一轮集中准备，尽量一次上齐","","完整候选索引；表达式内字面量可能是接口参数，是否实际展示以文案决策表与浏览器证据为准"
"src/components/MenuOrderingWorkspace.tsx","1199","MenuOrderingWorkspace","jsx-expression-literal","按现场最佳状态分批送达","","完整候选索引；表达式内字面量可能是接口参数，是否实际展示以文案决策表与浏览器证据为准"
"src/components/MenuOrderingWorkspace.tsx","1200","MenuOrderingWorkspace","jsx-text","预计约","","完整候选索引；表达式内字面量可能是接口参数，是否实际展示以文案决策表与浏览器证据为准"
"src/components/MenuOrderingWorkspace.tsx","1200","MenuOrderingWorkspace","jsx-text","分钟开始出品","","完整候选索引；表达式内字面量可能是接口参数，是否实际展示以文案决策表与浏览器证据为准"
"src/components/MenuOrderingWorkspace.tsx","1204","MenuOrderingWorkspace","jsx-text","今晚价格","","完整候选索引；表达式内字面量可能是接口参数，是否实际展示以文案决策表与浏览器证据为准"
"src/components/MenuOrderingWorkspace.tsx","1205","MenuOrderingWorkspace","jsx-expression-literal","bundle","","完整候选索引；表达式内字面量可能是接口参数，是否实际展示以文案决策表与浏览器证据为准"
"src/components/MenuOrderingWorkspace.tsx","1211","MenuOrderingWorkspace","jsx-template-text","保存第","","完整候选索引；表达式内字面量可能是接口参数，是否实际展示以文案决策表与浏览器证据为准"
"src/components/MenuOrderingWorkspace.tsx","1211","MenuOrderingWorkspace","jsx-expression-literal","确认选择并加入","","完整候选索引；表达式内字面量可能是接口参数，是否实际展示以文案决策表与浏览器证据为准"
"src/components/MenuOrderingWorkspace.tsx","1211","MenuOrderingWorkspace","jsx-expression-literal","请先完成选择","","完整候选索引；表达式内字面量可能是接口参数，是否实际展示以文案决策表与浏览器证据为准"
"src/components/MenuOrderingWorkspace.tsx","1212","MenuOrderingWorkspace","jsx-expression-literal","加入购物车","","完整候选索引；表达式内字面量可能是接口参数，是否实际展示以文案决策表与浏览器证据为准"
"src/components/MenuOrderingWorkspace.tsx","1217","MenuOrderingWorkspace","jsx-text","加入购物车","","完整候选索引；表达式内字面量可能是接口参数，是否实际展示以文案决策表与浏览器证据为准"
"src/components/MenuOrderingWorkspace.tsx","1217","MenuOrderingWorkspace","jsx-template-text","已选","","完整候选索引；表达式内字面量可能是接口参数，是否实际展示以文案决策表与浏览器证据为准"
"src/components/MenuOrderingWorkspace.tsx","1218","MenuOrderingWorkspace","jsx-template-text","减少","","完整候选索引；表达式内字面量可能是接口参数，是否实际展示以文案决策表与浏览器证据为准"
"src/components/MenuOrderingWorkspace.tsx","1219","MenuOrderingWorkspace","jsx-text","已加入购物车","","完整候选索引；表达式内字面量可能是接口参数，是否实际展示以文案决策表与浏览器证据为准"
"src/components/MenuOrderingWorkspace.tsx","1220","MenuOrderingWorkspace","jsx-template-text","增加","","完整候选索引；表达式内字面量可能是接口参数，是否实际展示以文案决策表与浏览器证据为准"
"src/components/MenuOrderingWorkspace.tsx","1230","MenuOrderingWorkspace","attribute:aria-label","升级今晚选择","","完整候选索引；表达式内字面量可能是接口参数，是否实际展示以文案决策表与浏览器证据为准"
"src/components/MenuOrderingWorkspace.tsx","1231","MenuOrderingWorkspace","jsx-text","再完整一点","","完整候选索引；表达式内字面量可能是接口参数，是否实际展示以文案决策表与浏览器证据为准"
"src/components/MenuOrderingWorkspace.tsx","1232","MenuOrderingWorkspace","jsx-text","加 ¥","","完整候选索引；表达式内字面量可能是接口参数，是否实际展示以文案决策表与浏览器证据为准"
"src/components/MenuOrderingWorkspace.tsx","1232","MenuOrderingWorkspace","jsx-text","，换成","","完整候选索引；表达式内字面量可能是接口参数，是否实际展示以文案决策表与浏览器证据为准"
"src/components/MenuOrderingWorkspace.tsx","1233","MenuOrderingWorkspace","jsx-expression-literal","更适合今晚完整地喝一轮。","","完整候选索引；表达式内字面量可能是接口参数，是否实际展示以文案决策表与浏览器证据为准"
"src/components/MenuOrderingWorkspace.tsx","1238","MenuOrderingWorkspace","jsx-text","保持现在这样","","完整候选索引；表达式内字面量可能是接口参数，是否实际展示以文案决策表与浏览器证据为准"
"src/components/MenuOrderingWorkspace.tsx","1248","MenuOrderingWorkspace","jsx-text","升级这一份","","完整候选索引；表达式内字面量可能是接口参数，是否实际展示以文案决策表与浏览器证据为准"
"src/components/MenuOrderingWorkspace.tsx","1254","MenuOrderingWorkspace","jsx-expression-literal","continue","","完整候选索引；表达式内字面量可能是接口参数，是否实际展示以文案决策表与浏览器证据为准"
"src/components/MenuOrderingWorkspace.tsx","1254","MenuOrderingWorkspace","jsx-expression-literal","确认继续加单","","完整候选索引；表达式内字面量可能是接口参数，是否实际展示以文案决策表与浏览器证据为准"
"src/components/MenuOrderingWorkspace.tsx","1254","MenuOrderingWorkspace","jsx-expression-literal","确认赠送","","完整候选索引；表达式内字面量可能是接口参数，是否实际展示以文案决策表与浏览器证据为准"
"src/components/MenuOrderingWorkspace.tsx","1254","MenuOrderingWorkspace","jsx-expression-literal","确认上单","","完整候选索引；表达式内字面量可能是接口参数，是否实际展示以文案决策表与浏览器证据为准"
"src/components/MenuOrderingWorkspace.tsx","1256","MenuOrderingWorkspace","jsx-expression-literal","duplicate","","完整候选索引；表达式内字面量可能是接口参数，是否实际展示以文案决策表与浏览器证据为准"
"src/components/MenuOrderingWorkspace.tsx","1257","MenuOrderingWorkspace","jsx-expression-literal","continue","","完整候选索引；表达式内字面量可能是接口参数，是否实际展示以文案决策表与浏览器证据为准"
"src/components/MenuOrderingWorkspace.tsx","1257","MenuOrderingWorkspace","jsx-expression-literal","CONTINUE ORDER","","完整候选索引；表达式内字面量可能是接口参数，是否实际展示以文案决策表与浏览器证据为准"
"src/components/MenuOrderingWorkspace.tsx","1257","MenuOrderingWorkspace","jsx-expression-literal","GIFT CHECK","","完整候选索引；表达式内字面量可能是接口参数，是否实际展示以文案决策表与浏览器证据为准"
"src/components/MenuOrderingWorkspace.tsx","1257","MenuOrderingWorkspace","jsx-expression-literal","ORDER CHECK","","完整候选索引；表达式内字面量可能是接口参数，是否实际展示以文案决策表与浏览器证据为准"
"src/components/MenuOrderingWorkspace.tsx","1257","MenuOrderingWorkspace","jsx-expression-literal","duplicate","","完整候选索引；表达式内字面量可能是接口参数，是否实际展示以文案决策表与浏览器证据为准"
"src/components/MenuOrderingWorkspace.tsx","1257","MenuOrderingWorkspace","jsx-expression-literal","刚刚下过一笔相同订单","","完整候选索引；表达式内字面量可能是接口参数，是否实际展示以文案决策表与浏览器证据为准"
"src/components/MenuOrderingWorkspace.tsx","1257","MenuOrderingWorkspace","jsx-expression-literal","continue","","完整候选索引；表达式内字面量可能是接口参数，是否实际展示以文案决策表与浏览器证据为准"
"src/components/MenuOrderingWorkspace.tsx","1257","MenuOrderingWorkspace","jsx-expression-literal","还要继续加单吗？","","完整候选索引；表达式内字面量可能是接口参数，是否实际展示以文案决策表与浏览器证据为准"
"src/components/MenuOrderingWorkspace.tsx","1257","MenuOrderingWorkspace","jsx-expression-literal","请确认这次赠送","","完整候选索引；表达式内字面量可能是接口参数，是否实际展示以文案决策表与浏览器证据为准"
"src/components/MenuOrderingWorkspace.tsx","1257","MenuOrderingWorkspace","jsx-expression-literal","请确认这次上单","","完整候选索引；表达式内字面量可能是接口参数，是否实际展示以文案决策表与浏览器证据为准"
"src/components/MenuOrderingWorkspace.tsx","1258","MenuOrderingWorkspace","attribute:title","关闭","","完整候选索引；表达式内字面量可能是接口参数，是否实际展示以文案决策表与浏览器证据为准"
"src/components/MenuOrderingWorkspace.tsx","1260","MenuOrderingWorkspace","jsx-expression-literal","continue","","完整候选索引；表达式内字面量可能是接口参数，是否实际展示以文案决策表与浏览器证据为准"
"src/components/MenuOrderingWorkspace.tsx","1260","MenuOrderingWorkspace","jsx-text","您刚完成一次下单。确认是新一轮加单后再继续，避免手滑重复上单。","","完整候选索引；表达式内字面量可能是接口参数，是否实际展示以文案决策表与浏览器证据为准"
"src/components/MenuOrderingWorkspace.tsx","1262","MenuOrderingWorkspace","jsx-template-text","赠送价值 · 共","","完整候选索引；表达式内字面量可能是接口参数，是否实际展示以文案决策表与浏览器证据为准"
"src/components/MenuOrderingWorkspace.tsx","1262","MenuOrderingWorkspace","jsx-expression-literal","客人零应付","","完整候选索引；表达式内字面量可能是接口参数，是否实际展示以文案决策表与浏览器证据为准"
"src/components/MenuOrderingWorkspace.tsx","1264","MenuOrderingWorkspace","jsx-expression-literal","duplicate","","完整候选索引；表达式内字面量可能是接口参数，是否实际展示以文案决策表与浏览器证据为准"
"src/components/MenuOrderingWorkspace.tsx","1264","MenuOrderingWorkspace","jsx-expression-literal","请先查看订单记录。只有确定需要再上一份相同商品时，才继续加单。","","完整候选索引；表达式内字面量可能是接口参数，是否实际展示以文案决策表与浏览器证据为准"
"src/components/MenuOrderingWorkspace.tsx","1264","MenuOrderingWorkspace","jsx-expression-literal","确认后按当前登录员工本人的赠送权限校验，零应付并直接送往吧台或厨房。","","完整候选索引；表达式内字面量可能是接口参数，是否实际展示以文案决策表与浏览器证据为准"
"src/components/MenuOrderingWorkspace.tsx","1264","MenuOrderingWorkspace","jsx-expression-literal","确认后订单会送到吧台或厨房，请勿连续点击或重复提交。","","完整候选索引；表达式内字面量可能是接口参数，是否实际展示以文案决策表与浏览器证据为准"
"src/components/MenuOrderingWorkspace.tsx","1268","MenuOrderingWorkspace","jsx-text","再看看","","完整候选索引；表达式内字面量可能是接口参数，是否实际展示以文案决策表与浏览器证据为准"
"src/components/MenuOrderingWorkspace.tsx","1277","MenuOrderingWorkspace","jsx-expression-literal","正在同步选择","","完整候选索引；表达式内字面量可能是接口参数，是否实际展示以文案决策表与浏览器证据为准"
"src/components/MenuOrderingWorkspace.tsx","1277","MenuOrderingWorkspace","jsx-expression-literal","正在提交","","完整候选索引；表达式内字面量可能是接口参数，是否实际展示以文案决策表与浏览器证据为准"
"src/components/MenuOrderingWorkspace.tsx","1277","MenuOrderingWorkspace","jsx-expression-literal","duplicate","","完整候选索引；表达式内字面量可能是接口参数，是否实际展示以文案决策表与浏览器证据为准"
"src/components/MenuOrderingWorkspace.tsx","1277","MenuOrderingWorkspace","jsx-expression-literal","确认继续加单","","完整候选索引；表达式内字面量可能是接口参数，是否实际展示以文案决策表与浏览器证据为准"
"src/components/MenuOrderingWorkspace.tsx","1277","MenuOrderingWorkspace","jsx-expression-literal","continue","","完整候选索引；表达式内字面量可能是接口参数，是否实际展示以文案决策表与浏览器证据为准"
"src/components/MenuOrderingWorkspace.tsx","1277","MenuOrderingWorkspace","jsx-expression-literal","继续选商品","","完整候选索引；表达式内字面量可能是接口参数，是否实际展示以文案决策表与浏览器证据为准"
"src/components/MenuOrderingWorkspace.tsx","1277","MenuOrderingWorkspace","jsx-expression-literal","确认赠送","","完整候选索引；表达式内字面量可能是接口参数，是否实际展示以文案决策表与浏览器证据为准"
"src/components/MenuOrderingWorkspace.tsx","1277","MenuOrderingWorkspace","jsx-expression-literal","确认上单","","完整候选索引；表达式内字面量可能是接口参数，是否实际展示以文案决策表与浏览器证据为准"
"src/normalized-ui/ActivityOperationsPanel.tsx","226","registrationAction","feedback","请先填写本次操作原因（至少2个字）","","完整候选索引；表达式内字面量可能是接口参数，是否实际展示以文案决策表与浏览器证据为准"
"src/normalized-ui/ActivityOperationsPanel.tsx","246","setPackageAvailability","feedback","请先填写套餐上下架原因（至少2个字）","","完整候选索引；表达式内字面量可能是接口参数，是否实际展示以文案决策表与浏览器证据为准"
"src/normalized-ui/ActivityOperationsPanel.tsx","269","refundAction","feedback","请先填写退款原因或复核说明（至少2个字）","","完整候选索引；表达式内字面量可能是接口参数，是否实际展示以文案决策表与浏览器证据为准"
"src/normalized-ui/ActivityOperationsPanel.tsx","299","queryPayment","feedback","已向渠道查单，请按权威结果继续处理。","","完整候选索引；表达式内字面量可能是接口参数，是否实际展示以文案决策表与浏览器证据为准"
"src/normalized-ui/ActivityOperationsPanel.tsx","321","revealContact","feedback","联系方式仅在当前页面短暂显示，离开或到期后自动清除。","","完整候选索引；表达式内字面量可能是接口参数，是否实际展示以文案决策表与浏览器证据为准"
"src/normalized-ui/ActivityOperationsPanel.tsx","349","stopRegistration","feedback","请先填写至少2个字的操作原因","","完整候选索引；表达式内字面量可能是接口参数，是否实际展示以文案决策表与浏览器证据为准"
"src/normalized-ui/ActivityOperationsPanel.tsx","352","stopRegistration","display-definition","停止新报名","","完整候选索引；表达式内字面量可能是接口参数，是否实际展示以文案决策表与浏览器证据为准"
"src/normalized-ui/ActivityOperationsPanel.tsx","352","stopRegistration","display-definition","停止新报名和候补递补；已有报名、收款、签到和退款继续保留处理。此操作不自动退款，也不表示活动已结清。","","完整候选索引；表达式内字面量可能是接口参数，是否实际展示以文案决策表与浏览器证据为准"
"src/normalized-ui/ActivityOperationsPanel.tsx","359","stopRegistration","feedback","已停止新报名；请继续处理原有名单与收退款，处理完毕后再结束活动。","","完整候选索引；表达式内字面量可能是接口参数，是否实际展示以文案决策表与浏览器证据为准"
"src/normalized-ui/ActivityOperationsPanel.tsx","366","closeActivity","feedback","请先填写至少2个字的操作原因","","完整候选索引；表达式内字面量可能是接口参数，是否实际展示以文案决策表与浏览器证据为准"
"src/normalized-ui/ActivityOperationsPanel.tsx","371","closeActivity","display-definition","仅在报名、套餐交付和收退款均处理后结束。不删除记录、不自动退款。","","完整候选索引；表达式内字面量可能是接口参数，是否实际展示以文案决策表与浏览器证据为准"
"src/normalized-ui/ActivityOperationsPanel.tsx","379","closeActivity","feedback","活动已结束并保留原报名与资金记录。","","完整候选索引；表达式内字面量可能是接口参数，是否实际展示以文案决策表与浏览器证据为准"
"src/normalized-ui/ActivityOperationsPanel.tsx","386","publishActivity","display-definition","确认发布活动","","完整候选索引；表达式内字面量可能是接口参数，是否实际展示以文案决策表与浏览器证据为准"
"src/normalized-ui/ActivityOperationsPanel.tsx","395","publishActivity","feedback","活动已由发布人员复核发布，顾客端将按当前承诺展示。","","完整候选索引；表达式内字面量可能是接口参数，是否实际展示以文案决策表与浏览器证据为准"
"src/normalized-ui/ActivityOperationsPanel.tsx","405","retryWaitlistPromotion","feedback","请先填写候补任务重试原因（至少2个字）","","完整候选索引；表达式内字面量可能是接口参数，是否实际展示以文案决策表与浏览器证据为准"
"src/normalized-ui/ActivityOperationsPanel.tsx","407","retryWaitlistPromotion","display-definition","确认重试候补处理","","完整候选索引；表达式内字面量可能是接口参数，是否实际展示以文案决策表与浏览器证据为准"
"src/normalized-ui/ActivityOperationsPanel.tsx","408","retryWaitlistPromotion","display-definition","只会把已有候补任务提前交给系统按报名顺序处理，不会人工确认任何报名或改变候补顺序。","","完整候选索引；表达式内字面量可能是接口参数，是否实际展示以文案决策表与浏览器证据为准"
"src/normalized-ui/ActivityOperationsPanel.tsx","449","ActivityOperationsPanel","attribute:aria-label","活动报名运营工作台","","完整候选索引；表达式内字面量可能是接口参数，是否实际展示以文案决策表与浏览器证据为准"
"src/normalized-ui/ActivityOperationsPanel.tsx","451","ActivityOperationsPanel","jsx-text","活动报名运营","","完整候选索引；表达式内字面量可能是接口参数，是否实际展示以文案决策表与浏览器证据为准"
"src/normalized-ui/ActivityOperationsPanel.tsx","451","ActivityOperationsPanel","jsx-text","名单、候补、签到、取消与退款状态集中处理；不在此页面伪造支付结果。","","完整候选索引；表达式内字面量可能是接口参数，是否实际展示以文案决策表与浏览器证据为准"
"src/normalized-ui/ActivityOperationsPanel.tsx","452","ActivityOperationsPanel","jsx-expression-literal","收起","","完整候选索引；表达式内字面量可能是接口参数，是否实际展示以文案决策表与浏览器证据为准"
"src/normalized-ui/ActivityOperationsPanel.tsx","452","ActivityOperationsPanel","jsx-expression-literal","打开工作台","","完整候选索引；表达式内字面量可能是接口参数，是否实际展示以文案决策表与浏览器证据为准"
"src/normalized-ui/ActivityOperationsPanel.tsx","457","ActivityOperationsPanel","jsx-expression-literal","error","","完整候选索引；表达式内字面量可能是接口参数，是否实际展示以文案决策表与浏览器证据为准"
"src/normalized-ui/ActivityOperationsPanel.tsx","575","ActivityOperationsPanel","jsx-expression-literal","detail","","完整候选索引；表达式内字面量可能是接口参数，是否实际展示以文案决策表与浏览器证据为准"
"src/normalized-ui/ActivityOperationsPanel.tsx","456","ActivityOperationsPanel","jsx-text","个活动","","完整候选索引；表达式内字面量可能是接口参数，是否实际展示以文案决策表与浏览器证据为准"
"src/normalized-ui/ActivityOperationsPanel.tsx","456","ActivityOperationsPanel","jsx-text","新建活动草稿","","完整候选索引；表达式内字面量可能是接口参数，是否实际展示以文案决策表与浏览器证据为准"
"src/normalized-ui/ActivityOperationsPanel.tsx","456","ActivityOperationsPanel","jsx-text","刷新","","完整候选索引；表达式内字面量可能是接口参数，是否实际展示以文案决策表与浏览器证据为准"
"src/normalized-ui/ActivityOperationsPanel.tsx","457","ActivityOperationsPanel","jsx-expression-literal","error","","完整候选索引；表达式内字面量可能是接口参数，是否实际展示以文案决策表与浏览器证据为准"
"src/normalized-ui/ActivityOperationsPanel.tsx","457","ActivityOperationsPanel","jsx-text","重新读取","","完整候选索引；表达式内字面量可能是接口参数，是否实际展示以文案决策表与浏览器证据为准"
"src/normalized-ui/ActivityOperationsPanel.tsx","459","ActivityOperationsPanel","jsx-text","人 · 候补","","完整候选索引；表达式内字面量可能是接口参数，是否实际展示以文案决策表与浏览器证据为准"
"src/normalized-ui/ActivityOperationsPanel.tsx","462","ActivityOperationsPanel","jsx-expression-literal","新活动草稿","","完整候选索引；表达式内字面量可能是接口参数，是否实际展示以文案决策表与浏览器证据为准"
"src/normalized-ui/ActivityOperationsPanel.tsx","462","ActivityOperationsPanel","jsx-expression-literal","draft","","完整候选索引；表达式内字面量可能是接口参数，是否实际展示以文案决策表与浏览器证据为准"
"src/normalized-ui/ActivityOperationsPanel.tsx","462","ActivityOperationsPanel","jsx-text","复核并发布","","完整候选索引；表达式内字面量可能是接口参数，是否实际展示以文案决策表与浏览器证据为准"
"src/normalized-ui/ActivityOperationsPanel.tsx","463","ActivityOperationsPanel","jsx-text","已占名额","","完整候选索引；表达式内字面量可能是接口参数，是否实际展示以文案决策表与浏览器证据为准"
"src/normalized-ui/ActivityOperationsPanel.tsx","463","ActivityOperationsPanel","jsx-text","候补人数","","完整候选索引；表达式内字面量可能是接口参数，是否实际展示以文案决策表与浏览器证据为准"
"src/normalized-ui/ActivityOperationsPanel.tsx","463","ActivityOperationsPanel","jsx-text","人数上限","","完整候选索引；表达式内字面量可能是接口参数，是否实际展示以文案决策表与浏览器证据为准"
"src/normalized-ui/ActivityOperationsPanel.tsx","464","ActivityOperationsPanel","jsx-text","历史活动配置了未版本化积分奖励，当前不会自动发放或对顾客展示；发布前必须改为0。","","完整候选索引；表达式内字面量可能是接口参数，是否实际展示以文案决策表与浏览器证据为准"
"src/normalized-ui/ActivityOperationsPanel.tsx","465","ActivityOperationsPanel","jsx-expression-literal","填写活动草稿","","完整候选索引；表达式内字面量可能是接口参数，是否实际展示以文案决策表与浏览器证据为准"
"src/normalized-ui/ActivityOperationsPanel.tsx","465","ActivityOperationsPanel","jsx-expression-literal","编辑草稿","","完整候选索引；表达式内字面量可能是接口参数，是否实际展示以文案决策表与浏览器证据为准"
"src/normalized-ui/ActivityOperationsPanel.tsx","465","ActivityOperationsPanel","jsx-text","（发布后不可静默修改）","静默","完整候选索引；表达式内字面量可能是接口参数，是否实际展示以文案决策表与浏览器证据为准"
"src/normalized-ui/ActivityOperationsPanel.tsx","466","ActivityOperationsPanel","jsx-text","活动与时间","","完整候选索引；表达式内字面量可能是接口参数，是否实际展示以文案决策表与浏览器证据为准"
"src/normalized-ui/ActivityOperationsPanel.tsx","467","ActivityOperationsPanel","jsx-text","活动名称","","完整候选索引；表达式内字面量可能是接口参数，是否实际展示以文案决策表与浏览器证据为准"
"src/normalized-ui/ActivityOperationsPanel.tsx","468","ActivityOperationsPanel","jsx-text","活动类型","","完整候选索引；表达式内字面量可能是接口参数，是否实际展示以文案决策表与浏览器证据为准"
"src/normalized-ui/ActivityOperationsPanel.tsx","468","ActivityOperationsPanel","jsx-text","会员音乐夜","","完整候选索引；表达式内字面量可能是接口参数，是否实际展示以文案决策表与浏览器证据为准"
"src/normalized-ui/ActivityOperationsPanel.tsx","468","ActivityOperationsPanel","jsx-text","城市漫步","","完整候选索引；表达式内字面量可能是接口参数，是否实际展示以文案决策表与浏览器证据为准"
"src/normalized-ui/ActivityOperationsPanel.tsx","468","ActivityOperationsPanel","jsx-text","徒步","","完整候选索引；表达式内字面量可能是接口参数，是否实际展示以文案决策表与浏览器证据为准"
"src/normalized-ui/ActivityOperationsPanel.tsx","468","ActivityOperationsPanel","jsx-text","露营","","完整候选索引；表达式内字面量可能是接口参数，是否实际展示以文案决策表与浏览器证据为准"
"src/normalized-ui/ActivityOperationsPanel.tsx","468","ActivityOperationsPanel","jsx-text","音乐野餐","","完整候选索引；表达式内字面量可能是接口参数，是否实际展示以文案决策表与浏览器证据为准"
"src/normalized-ui/ActivityOperationsPanel.tsx","468","ActivityOperationsPanel","jsx-text","求婚活动","","完整候选索引；表达式内字面量可能是接口参数，是否实际展示以文案决策表与浏览器证据为准"
"src/normalized-ui/ActivityOperationsPanel.tsx","468","ActivityOperationsPanel","jsx-text","其他","","完整候选索引；表达式内字面量可能是接口参数，是否实际展示以文案决策表与浏览器证据为准"
"src/normalized-ui/ActivityOperationsPanel.tsx","469","ActivityOperationsPanel","jsx-text","列表摘要","","完整候选索引；表达式内字面量可能是接口参数，是否实际展示以文案决策表与浏览器证据为准"
"src/normalized-ui/ActivityOperationsPanel.tsx","470","ActivityOperationsPanel","jsx-text","活动详情","","完整候选索引；表达式内字面量可能是接口参数，是否实际展示以文案决策表与浏览器证据为准"
"src/normalized-ui/ActivityOperationsPanel.tsx","471","ActivityOperationsPanel","jsx-text","开始时间","","完整候选索引；表达式内字面量可能是接口参数，是否实际展示以文案决策表与浏览器证据为准"
"src/normalized-ui/ActivityOperationsPanel.tsx","472","ActivityOperationsPanel","jsx-text","结束时间","","完整候选索引；表达式内字面量可能是接口参数，是否实际展示以文案决策表与浏览器证据为准"
"src/normalized-ui/ActivityOperationsPanel.tsx","473","ActivityOperationsPanel","jsx-text","集合地点","","完整候选索引；表达式内字面量可能是接口参数，是否实际展示以文案决策表与浏览器证据为准"
"src/normalized-ui/ActivityOperationsPanel.tsx","474","ActivityOperationsPanel","jsx-text","人数上限","","完整候选索引；表达式内字面量可能是接口参数，是否实际展示以文案决策表与浏览器证据为准"
"src/normalized-ui/ActivityOperationsPanel.tsx","475","ActivityOperationsPanel","jsx-text","封面图片（可选）","","完整候选索引；表达式内字面量可能是接口参数，是否实际展示以文案决策表与浏览器证据为准"
"src/normalized-ui/ActivityOperationsPanel.tsx","475","ActivityOperationsPanel","attribute:placeholder","请通过下方图片库上传或选择（单张不超过 200KB）","","完整候选索引；表达式内字面量可能是接口参数，是否实际展示以文案决策表与浏览器证据为准"
"src/normalized-ui/ActivityOperationsPanel.tsx","476","ActivityOperationsPanel","attribute:label","上传活动封面","","完整候选索引；表达式内字面量可能是接口参数，是否实际展示以文案决策表与浏览器证据为准"
"src/normalized-ui/ActivityOperationsPanel.tsx","478","ActivityOperationsPanel","jsx-text","费用、权益和客群","","完整候选索引；表达式内字面量可能是接口参数，是否实际展示以文案决策表与浏览器证据为准"
"src/normalized-ui/ActivityOperationsPanel.tsx","479","ActivityOperationsPanel","jsx-text","计价方式","","完整候选索引；表达式内字面量可能是接口参数，是否实际展示以文案决策表与浏览器证据为准"
"src/normalized-ui/ActivityOperationsPanel.tsx","479","ActivityOperationsPanel","jsx-text","每次报名/每组","","完整候选索引；表达式内字面量可能是接口参数，是否实际展示以文案决策表与浏览器证据为准"
"src/normalized-ui/ActivityOperationsPanel.tsx","479","ActivityOperationsPanel","jsx-text","每人","","完整候选索引；表达式内字面量可能是接口参数，是否实际展示以文案决策表与浏览器证据为准"
"src/normalized-ui/ActivityOperationsPanel.tsx","480","ActivityOperationsPanel","jsx-text","预付方式","","完整候选索引；表达式内字面量可能是接口参数，是否实际展示以文案决策表与浏览器证据为准"
"src/normalized-ui/ActivityOperationsPanel.tsx","480","ActivityOperationsPanel","jsx-text","无需预付","","完整候选索引；表达式内字面量可能是接口参数，是否实际展示以文案决策表与浏览器证据为准"
"src/normalized-ui/ActivityOperationsPanel.tsx","480","ActivityOperationsPanel","jsx-text","订金可选","","完整候选索引；表达式内字面量可能是接口参数，是否实际展示以文案决策表与浏览器证据为准"
"src/normalized-ui/ActivityOperationsPanel.tsx","480","ActivityOperationsPanel","jsx-text","必须付订金","","完整候选索引；表达式内字面量可能是接口参数，是否实际展示以文案决策表与浏览器证据为准"
"src/normalized-ui/ActivityOperationsPanel.tsx","480","ActivityOperationsPanel","jsx-text","必须全额预付","","完整候选索引；表达式内字面量可能是接口参数，是否实际展示以文案决策表与浏览器证据为准"
"src/normalized-ui/ActivityOperationsPanel.tsx","481","ActivityOperationsPanel","jsx-text","活动费用","","完整候选索引；表达式内字面量可能是接口参数，是否实际展示以文案决策表与浏览器证据为准"
"src/normalized-ui/ActivityOperationsPanel.tsx","482","ActivityOperationsPanel","jsx-text","订金","","完整候选索引；表达式内字面量可能是接口参数，是否实际展示以文案决策表与浏览器证据为准"
"src/normalized-ui/ActivityOperationsPanel.tsx","483","ActivityOperationsPanel","jsx-text","付款时限","","完整候选索引；表达式内字面量可能是接口参数，是否实际展示以文案决策表与浏览器证据为准"
"src/normalized-ui/ActivityOperationsPanel.tsx","484","ActivityOperationsPanel","jsx-text","付款说明","","完整候选索引；表达式内字面量可能是接口参数，是否实际展示以文案决策表与浏览器证据为准"
"src/normalized-ui/ActivityOperationsPanel.tsx","485","ActivityOperationsPanel","jsx-text","可见范围","","完整候选索引；表达式内字面量可能是接口参数，是否实际展示以文案决策表与浏览器证据为准"
"src/normalized-ui/ActivityOperationsPanel.tsx","485","ActivityOperationsPanel","jsx-text","所有顾客","","完整候选索引；表达式内字面量可能是接口参数，是否实际展示以文案决策表与浏览器证据为准"
"src/normalized-ui/ActivityOperationsPanel.tsx","485","ActivityOperationsPanel","jsx-text","所有会员","","完整候选索引；表达式内字面量可能是接口参数，是否实际展示以文案决策表与浏览器证据为准"
"src/normalized-ui/ActivityOperationsPanel.tsx","485","ActivityOperationsPanel","jsx-text","指定客群","","完整候选索引；表达式内字面量可能是接口参数，是否实际展示以文案决策表与浏览器证据为准"
"src/normalized-ui/ActivityOperationsPanel.tsx","486","ActivityOperationsPanel","jsx-text","指定会员等级","","完整候选索引；表达式内字面量可能是接口参数，是否实际展示以文案决策表与浏览器证据为准"
"src/normalized-ui/ActivityOperationsPanel.tsx","487","ActivityOperationsPanel","jsx-text","指定会员阶段","","完整候选索引；表达式内字面量可能是接口参数，是否实际展示以文案决策表与浏览器证据为准"
"src/normalized-ui/ActivityOperationsPanel.tsx","488","ActivityOperationsPanel","jsx-text","会员权益或赠送","","完整候选索引；表达式内字面量可能是接口参数，是否实际展示以文案决策表与浏览器证据为准"
"src/normalized-ui/ActivityOperationsPanel.tsx","488","ActivityOperationsPanel","attribute:placeholder","没有则留空；已配置内容会在顾客详情可见","","完整候选索引；表达式内字面量可能是接口参数，是否实际展示以文案决策表与浏览器证据为准"
"src/normalized-ui/ActivityOperationsPanel.tsx","489","ActivityOperationsPanel","jsx-text","活动积分奖励暂不开放：旧字段没有规则版本、预算和发放状态机，本页固定为0，不会在签到时静默发分。","字段、状态机、静默","完整候选索引；表达式内字面量可能是接口参数，是否实际展示以文案决策表与浏览器证据为准"
"src/normalized-ui/ActivityOperationsPanel.tsx","491","ActivityOperationsPanel","jsx-text","活动套餐（活动票之外最多选一档）","","完整候选索引；表达式内字面量可能是接口参数，是否实际展示以文案决策表与浏览器证据为准"
"src/normalized-ui/ActivityOperationsPanel.tsx","492","ActivityOperationsPanel","jsx-text","报名必须选择套餐","","完整候选索引；表达式内字面量可能是接口参数，是否实际展示以文案决策表与浏览器证据为准"
"src/normalized-ui/ActivityOperationsPanel.tsx","493","ActivityOperationsPanel","jsx-text","套餐价格为活动票的加购价；报名时冻结。库存物料只会暂留；签到只生成待交付记录，实际交付后才实扣，不会生成桌台订单。","","完整候选索引；表达式内字面量可能是接口参数，是否实际展示以文案决策表与浏览器证据为准"
"src/normalized-ui/ActivityOperationsPanel.tsx","495","ActivityOperationsPanel","jsx-text","套餐","","完整候选索引；表达式内字面量可能是接口参数，是否实际展示以文案决策表与浏览器证据为准"
"src/normalized-ui/ActivityOperationsPanel.tsx","495","ActivityOperationsPanel","jsx-text","删除","","完整候选索引；表达式内字面量可能是接口参数，是否实际展示以文案决策表与浏览器证据为准"
"src/normalized-ui/ActivityOperationsPanel.tsx","496","ActivityOperationsPanel","jsx-text","套餐名称","","完整候选索引；表达式内字面量可能是接口参数，是否实际展示以文案决策表与浏览器证据为准"
"src/normalized-ui/ActivityOperationsPanel.tsx","497","ActivityOperationsPanel","jsx-text","名额","","完整候选索引；表达式内字面量可能是接口参数，是否实际展示以文案决策表与浏览器证据为准"
"src/normalized-ui/ActivityOperationsPanel.tsx","498","ActivityOperationsPanel","jsx-text","加购价","","完整候选索引；表达式内字面量可能是接口参数，是否实际展示以文案决策表与浏览器证据为准"
"src/normalized-ui/ActivityOperationsPanel.tsx","499","ActivityOperationsPanel","jsx-text","订金","","完整候选索引；表达式内字面量可能是接口参数，是否实际展示以文案决策表与浏览器证据为准"
"src/normalized-ui/ActivityOperationsPanel.tsx","500","ActivityOperationsPanel","jsx-text","计价方式","","完整候选索引；表达式内字面量可能是接口参数，是否实际展示以文案决策表与浏览器证据为准"
"src/normalized-ui/ActivityOperationsPanel.tsx","500","ActivityOperationsPanel","jsx-text","每次报名","","完整候选索引；表达式内字面量可能是接口参数，是否实际展示以文案决策表与浏览器证据为准"
"src/normalized-ui/ActivityOperationsPanel.tsx","500","ActivityOperationsPanel","jsx-text","每人","","完整候选索引；表达式内字面量可能是接口参数，是否实际展示以文案决策表与浏览器证据为准"
"src/normalized-ui/ActivityOperationsPanel.tsx","501","ActivityOperationsPanel","jsx-text","预付方式","","完整候选索引；表达式内字面量可能是接口参数，是否实际展示以文案决策表与浏览器证据为准"
"src/normalized-ui/ActivityOperationsPanel.tsx","501","ActivityOperationsPanel","jsx-text","无需预付","","完整候选索引；表达式内字面量可能是接口参数，是否实际展示以文案决策表与浏览器证据为准"
"src/normalized-ui/ActivityOperationsPanel.tsx","501","ActivityOperationsPanel","jsx-text","订金可选","","完整候选索引；表达式内字面量可能是接口参数，是否实际展示以文案决策表与浏览器证据为准"
"src/normalized-ui/ActivityOperationsPanel.tsx","501","ActivityOperationsPanel","jsx-text","必须付订金","","完整候选索引；表达式内字面量可能是接口参数，是否实际展示以文案决策表与浏览器证据为准"
"src/normalized-ui/ActivityOperationsPanel.tsx","501","ActivityOperationsPanel","jsx-text","必须全额预付","","完整候选索引；表达式内字面量可能是接口参数，是否实际展示以文案决策表与浏览器证据为准"
"src/normalized-ui/ActivityOperationsPanel.tsx","502","ActivityOperationsPanel","jsx-text","付款时限","","完整候选索引；表达式内字面量可能是接口参数，是否实际展示以文案决策表与浏览器证据为准"
"src/normalized-ui/ActivityOperationsPanel.tsx","503","ActivityOperationsPanel","jsx-text","每会员限购","","完整候选索引；表达式内字面量可能是接口参数，是否实际展示以文案决策表与浏览器证据为准"
"src/normalized-ui/ActivityOperationsPanel.tsx","504","ActivityOperationsPanel","jsx-text","开售时间（可空）","","完整候选索引；表达式内字面量可能是接口参数，是否实际展示以文案决策表与浏览器证据为准"
"src/normalized-ui/ActivityOperationsPanel.tsx","505","ActivityOperationsPanel","jsx-text","停售时间（可空）","","完整候选索引；表达式内字面量可能是接口参数，是否实际展示以文案决策表与浏览器证据为准"
"src/normalized-ui/ActivityOperationsPanel.tsx","506","ActivityOperationsPanel","jsx-text","付款说明","","完整候选索引；表达式内字面量可能是接口参数，是否实际展示以文案决策表与浏览器证据为准"
"src/normalized-ui/ActivityOperationsPanel.tsx","507","ActivityOperationsPanel","jsx-text","套餐说明","","完整候选索引；表达式内字面量可能是接口参数，是否实际展示以文案决策表与浏览器证据为准"
"src/normalized-ui/ActivityOperationsPanel.tsx","508","ActivityOperationsPanel","jsx-text","包含内容（每行一项）","","完整候选索引；表达式内字面量可能是接口参数，是否实际展示以文案决策表与浏览器证据为准"
"src/normalized-ui/ActivityOperationsPanel.tsx","509","ActivityOperationsPanel","jsx-text","取用规则版本（可空）","","完整候选索引；表达式内字面量可能是接口参数，是否实际展示以文案决策表与浏览器证据为准"
"src/normalized-ui/ActivityOperationsPanel.tsx","510","ActivityOperationsPanel","jsx-text","退款规则版本（可空）","","完整候选索引；表达式内字面量可能是接口参数，是否实际展示以文案决策表与浏览器证据为准"
"src/normalized-ui/ActivityOperationsPanel.tsx","511","ActivityOperationsPanel","jsx-text","套餐图片地址（可空）","","完整候选索引；表达式内字面量可能是接口参数，是否实际展示以文案决策表与浏览器证据为准"
"src/normalized-ui/ActivityOperationsPanel.tsx","511","ActivityOperationsPanel","attribute:placeholder","从站内图片库选择后的地址","","完整候选索引；表达式内字面量可能是接口参数，是否实际展示以文案决策表与浏览器证据为准"
"src/normalized-ui/ActivityOperationsPanel.tsx","519","ActivityOperationsPanel","jsx-text","新增套餐","","完整候选索引；表达式内字面量可能是接口参数，是否实际展示以文案决策表与浏览器证据为准"
"src/normalized-ui/ActivityOperationsPanel.tsx","521","ActivityOperationsPanel","jsx-text","退款、安全和参与承诺","","完整候选索引；表达式内字面量可能是接口参数，是否实际展示以文案决策表与浏览器证据为准"
"src/normalized-ui/ActivityOperationsPanel.tsx","522","ActivityOperationsPanel","jsx-text","退款规则版本","","完整候选索引；表达式内字面量可能是接口参数，是否实际展示以文案决策表与浏览器证据为准"
"src/normalized-ui/ActivityOperationsPanel.tsx","523","ActivityOperationsPanel","jsx-text","安全规则版本","","完整候选索引；表达式内字面量可能是接口参数，是否实际展示以文案决策表与浏览器证据为准"
"src/normalized-ui/ActivityOperationsPanel.tsx","524","ActivityOperationsPanel","jsx-text","退款说明","","完整候选索引；表达式内字面量可能是接口参数，是否实际展示以文案决策表与浏览器证据为准"
"src/normalized-ui/ActivityOperationsPanel.tsx","525","ActivityOperationsPanel","jsx-text","安全确认文案","","完整候选索引；表达式内字面量可能是接口参数，是否实际展示以文案决策表与浏览器证据为准"
"src/normalized-ui/ActivityOperationsPanel.tsx","526","ActivityOperationsPanel","jsx-text","安全要求（每行一项）","","完整候选索引；表达式内字面量可能是接口参数，是否实际展示以文案决策表与浏览器证据为准"
"src/normalized-ui/ActivityOperationsPanel.tsx","527","ActivityOperationsPanel","jsx-text","费用包含（每行一项）","","完整候选索引；表达式内字面量可能是接口参数，是否实际展示以文案决策表与浏览器证据为准"
"src/normalized-ui/ActivityOperationsPanel.tsx","528","ActivityOperationsPanel","jsx-text","参与条件（每行一项）","","完整候选索引；表达式内字面量可能是接口参数，是否实际展示以文案决策表与浏览器证据为准"
"src/normalized-ui/ActivityOperationsPanel.tsx","529","ActivityOperationsPanel","jsx-text","联系与集合说明","","完整候选索引；表达式内字面量可能是接口参数，是否实际展示以文案决策表与浏览器证据为准"
"src/normalized-ui/ActivityOperationsPanel.tsx","530","ActivityOperationsPanel","jsx-text","修改原因","","完整候选索引；表达式内字面量可能是接口参数，是否实际展示以文案决策表与浏览器证据为准"
"src/normalized-ui/ActivityOperationsPanel.tsx","532","ActivityOperationsPanel","jsx-expression-literal","draft","","完整候选索引；表达式内字面量可能是接口参数，是否实际展示以文案决策表与浏览器证据为准"
"src/normalized-ui/ActivityOperationsPanel.tsx","532","ActivityOperationsPanel","jsx-expression-literal","保存中","","完整候选索引；表达式内字面量可能是接口参数，是否实际展示以文案决策表与浏览器证据为准"
"src/normalized-ui/ActivityOperationsPanel.tsx","532","ActivityOperationsPanel","jsx-expression-literal","核对上次建立结果","","完整候选索引；表达式内字面量可能是接口参数，是否实际展示以文案决策表与浏览器证据为准"
"src/normalized-ui/ActivityOperationsPanel.tsx","532","ActivityOperationsPanel","jsx-expression-literal","建立草稿并读回","","完整候选索引；表达式内字面量可能是接口参数，是否实际展示以文案决策表与浏览器证据为准"
"src/normalized-ui/ActivityOperationsPanel.tsx","532","ActivityOperationsPanel","jsx-expression-literal","保存草稿并读回","","完整候选索引；表达式内字面量可能是接口参数，是否实际展示以文案决策表与浏览器证据为准"
"src/normalized-ui/ActivityOperationsPanel.tsx","534","ActivityOperationsPanel","jsx-expression-literal","cancelled","","完整候选索引；表达式内字面量可能是接口参数，是否实际展示以文案决策表与浏览器证据为准"
"src/normalized-ui/ActivityOperationsPanel.tsx","534","ActivityOperationsPanel","jsx-expression-literal","completed","","完整候选索引；表达式内字面量可能是接口参数，是否实际展示以文案决策表与浏览器证据为准"
"src/normalized-ui/ActivityOperationsPanel.tsx","534","ActivityOperationsPanel","attribute:aria-label","活动结束处理","","完整候选索引；表达式内字面量可能是接口参数，是否实际展示以文案决策表与浏览器证据为准"
"src/normalized-ui/ActivityOperationsPanel.tsx","535","ActivityOperationsPanel","jsx-text","已停止新报名和候补递补；原名单与收退款继续处理。","","完整候选索引；表达式内字面量可能是接口参数，是否实际展示以文案决策表与浏览器证据为准"
"src/normalized-ui/ActivityOperationsPanel.tsx","535","ActivityOperationsPanel","jsx-text","先停止新报名","","完整候选索引；表达式内字面量可能是接口参数，是否实际展示以文案决策表与浏览器证据为准"
"src/normalized-ui/ActivityOperationsPanel.tsx","536","ActivityOperationsPanel","jsx-text","活动结束原因","","完整候选索引；表达式内字面量可能是接口参数，是否实际展示以文案决策表与浏览器证据为准"
"src/normalized-ui/ActivityOperationsPanel.tsx","537","ActivityOperationsPanel","jsx-text","检查并结束活动","","完整候选索引；表达式内字面量可能是接口参数，是否实际展示以文案决策表与浏览器证据为准"
"src/normalized-ui/ActivityOperationsPanel.tsx","538","ActivityOperationsPanel","jsx-text","取消活动","","完整候选索引；表达式内字面量可能是接口参数，是否实际展示以文案决策表与浏览器证据为准"
"src/normalized-ui/ActivityOperationsPanel.tsx","539","ActivityOperationsPanel","jsx-text","待报名、待交付和收退款未处理时会说明原因；不会自动退款或删除历史。","","完整候选索引；表达式内字面量可能是接口参数，是否实际展示以文案决策表与浏览器证据为准"
"src/normalized-ui/ActivityOperationsPanel.tsx","541","ActivityOperationsPanel","jsx-text","套餐状态","","完整候选索引；表达式内字面量可能是接口参数，是否实际展示以文案决策表与浏览器证据为准"
"src/normalized-ui/ActivityOperationsPanel.tsx","541","ActivityOperationsPanel","jsx-text","套餐为活动票加购项；暂停只影响新报名，已报名套餐承诺不变。","","完整候选索引；表达式内字面量可能是接口参数，是否实际展示以文案决策表与浏览器证据为准"
"src/normalized-ui/ActivityOperationsPanel.tsx","542","ActivityOperationsPanel","jsx-text","本活动没有配置加购套餐。","","完整候选索引；表达式内字面量可能是接口参数，是否实际展示以文案决策表与浏览器证据为准"
"src/normalized-ui/ActivityOperationsPanel.tsx","544","ActivityOperationsPanel","jsx-text","加购 · 每会员限购","","完整候选索引；表达式内字面量可能是接口参数，是否实际展示以文案决策表与浏览器证据为准"
"src/normalized-ui/ActivityOperationsPanel.tsx","544","ActivityOperationsPanel","jsx-template-text","库存履约：","","完整候选索引；表达式内字面量可能是接口参数，是否实际展示以文案决策表与浏览器证据为准"
"src/normalized-ui/ActivityOperationsPanel.tsx","544","ActivityOperationsPanel","jsx-template-text","项物料，报名只暂留，实际交付才出库。","","完整候选索引；表达式内字面量可能是接口参数，是否实际展示以文案决策表与浏览器证据为准"
"src/normalized-ui/ActivityOperationsPanel.tsx","544","ActivityOperationsPanel","jsx-expression-literal","纯票务/非实物套餐：不产生库存暂留或扣减。","","完整候选索引；表达式内字面量可能是接口参数，是否实际展示以文案决策表与浏览器证据为准"
"src/normalized-ui/ActivityOperationsPanel.tsx","545","ActivityOperationsPanel","jsx-expression-literal","published","","完整候选索引；表达式内字面量可能是接口参数，是否实际展示以文案决策表与浏览器证据为准"
"src/normalized-ui/ActivityOperationsPanel.tsx","545","ActivityOperationsPanel","jsx-expression-literal","paused","","完整候选索引；表达式内字面量可能是接口参数，是否实际展示以文案决策表与浏览器证据为准"
"src/normalized-ui/ActivityOperationsPanel.tsx","545","ActivityOperationsPanel","jsx-expression-literal","published","","完整候选索引；表达式内字面量可能是接口参数，是否实际展示以文案决策表与浏览器证据为准"
"src/normalized-ui/ActivityOperationsPanel.tsx","545","ActivityOperationsPanel","jsx-expression-literal","暂停套餐","","完整候选索引；表达式内字面量可能是接口参数，是否实际展示以文案决策表与浏览器证据为准"
"src/normalized-ui/ActivityOperationsPanel.tsx","545","ActivityOperationsPanel","jsx-expression-literal","恢复套餐","","完整候选索引；表达式内字面量可能是接口参数，是否实际展示以文案决策表与浏览器证据为准"
"src/normalized-ui/ActivityOperationsPanel.tsx","548","ActivityOperationsPanel","jsx-text","报名与候补名单","","完整候选索引；表达式内字面量可能是接口参数，是否实际展示以文案决策表与浏览器证据为准"
"src/normalized-ui/ActivityOperationsPanel.tsx","548","ActivityOperationsPanel","jsx-text","免费报名自动确认；收费报名须支付确认。候补按报名时间排序，收费候补不预扣款。","","完整候选索引；表达式内字面量可能是接口参数，是否实际展示以文案决策表与浏览器证据为准"
"src/normalized-ui/ActivityOperationsPanel.tsx","549","ActivityOperationsPanel","jsx-text","本次操作原因","","完整候选索引；表达式内字面量可能是接口参数，是否实际展示以文案决策表与浏览器证据为准"
"src/normalized-ui/ActivityOperationsPanel.tsx","549","ActivityOperationsPanel","attribute:placeholder","例如：顾客来电取消 / 现场确认未到","","完整候选索引；表达式内字面量可能是接口参数，是否实际展示以文案决策表与浏览器证据为准"
"src/normalized-ui/ActivityOperationsPanel.tsx","550","ActivityOperationsPanel","jsx-text","重试系统候补任务","","完整候选索引；表达式内字面量可能是接口参数，是否实际展示以文案决策表与浏览器证据为准"
"src/normalized-ui/ActivityOperationsPanel.tsx","551","ActivityOperationsPanel","jsx-text","当前还没有报名。","","完整候选索引；表达式内字面量可能是接口参数，是否实际展示以文案决策表与浏览器证据为准"
"src/normalized-ui/ActivityOperationsPanel.tsx","553","ActivityOperationsPanel","jsx-text","人 ·","","完整候选索引；表达式内字面量可能是接口参数，是否实际展示以文案决策表与浏览器证据为准"
"src/normalized-ui/ActivityOperationsPanel.tsx","555","ActivityOperationsPanel","jsx-text","联系：","","完整候选索引；表达式内字面量可能是接口参数，是否实际展示以文案决策表与浏览器证据为准"
"src/normalized-ui/ActivityOperationsPanel.tsx","556","ActivityOperationsPanel","jsx-text","秒后隐藏","","完整候选索引；表达式内字面量可能是接口参数，是否实际展示以文案决策表与浏览器证据为准"
"src/normalized-ui/ActivityOperationsPanel.tsx","557","ActivityOperationsPanel","jsx-expression-literal","已清除","","完整候选索引；表达式内字面量可能是接口参数，是否实际展示以文案决策表与浏览器证据为准"
"src/normalized-ui/ActivityOperationsPanel.tsx","557","ActivityOperationsPanel","jsx-text","· 60秒","","完整候选索引；表达式内字面量可能是接口参数，是否实际展示以文案决策表与浏览器证据为准"
"src/normalized-ui/ActivityOperationsPanel.tsx","559","ActivityOperationsPanel","jsx-expression-literal","pending","","完整候选索引；表达式内字面量可能是接口参数，是否实际展示以文案决策表与浏览器证据为准"
"src/normalized-ui/ActivityOperationsPanel.tsx","559","ActivityOperationsPanel","jsx-text","套餐库存已暂留；","","完整候选索引；表达式内字面量可能是接口参数，是否实际展示以文案决策表与浏览器证据为准"
"src/normalized-ui/ActivityOperationsPanel.tsx","559","ActivityOperationsPanel","jsx-expression-literal","checked_in","","完整候选索引；表达式内字面量可能是接口参数，是否实际展示以文案决策表与浏览器证据为准"
"src/normalized-ui/ActivityOperationsPanel.tsx","559","ActivityOperationsPanel","jsx-expression-literal","请在实际交付时登记出库。","","完整候选索引；表达式内字面量可能是接口参数，是否实际展示以文案决策表与浏览器证据为准"
"src/normalized-ui/ActivityOperationsPanel.tsx","559","ActivityOperationsPanel","jsx-expression-literal","签到后将进入待交付。","","完整候选索引；表达式内字面量可能是接口参数，是否实际展示以文案决策表与浏览器证据为准"
"src/normalized-ui/ActivityOperationsPanel.tsx","560","ActivityOperationsPanel","jsx-expression-literal","delivered","","完整候选索引；表达式内字面量可能是接口参数，是否实际展示以文案决策表与浏览器证据为准"
"src/normalized-ui/ActivityOperationsPanel.tsx","560","ActivityOperationsPanel","jsx-text","套餐已实际交付，库存流水已完成。","","完整候选索引；表达式内字面量可能是接口参数，是否实际展示以文案决策表与浏览器证据为准"
"src/normalized-ui/ActivityOperationsPanel.tsx","561","ActivityOperationsPanel","jsx-text","退款","","完整候选索引；表达式内字面量可能是接口参数，是否实际展示以文案决策表与浏览器证据为准"
"src/normalized-ui/ActivityOperationsPanel.tsx","563","ActivityOperationsPanel","jsx-expression-literal","confirmed","","完整候选索引；表达式内字面量可能是接口参数，是否实际展示以文案决策表与浏览器证据为准"
"src/normalized-ui/ActivityOperationsPanel.tsx","563","ActivityOperationsPanel","jsx-text","签到","","完整候选索引；表达式内字面量可能是接口参数，是否实际展示以文案决策表与浏览器证据为准"
"src/normalized-ui/ActivityOperationsPanel.tsx","563","ActivityOperationsPanel","jsx-text","未到","","完整候选索引；表达式内字面量可能是接口参数，是否实际展示以文案决策表与浏览器证据为准"
"src/normalized-ui/ActivityOperationsPanel.tsx","564","ActivityOperationsPanel","jsx-expression-literal","checked_in","","完整候选索引；表达式内字面量可能是接口参数，是否实际展示以文案决策表与浏览器证据为准"
"src/normalized-ui/ActivityOperationsPanel.tsx","564","ActivityOperationsPanel","jsx-expression-literal","pending","","完整候选索引；表达式内字面量可能是接口参数，是否实际展示以文案决策表与浏览器证据为准"
"src/normalized-ui/ActivityOperationsPanel.tsx","564","ActivityOperationsPanel","jsx-text","登记套餐交付","","完整候选索引；表达式内字面量可能是接口参数，是否实际展示以文案决策表与浏览器证据为准"
"src/normalized-ui/ActivityOperationsPanel.tsx","565","ActivityOperationsPanel","jsx-expression-literal","reserved","","完整候选索引；表达式内字面量可能是接口参数，是否实际展示以文案决策表与浏览器证据为准"
"src/normalized-ui/ActivityOperationsPanel.tsx","565","ActivityOperationsPanel","jsx-expression-literal","payment_pending","","完整候选索引；表达式内字面量可能是接口参数，是否实际展示以文案决策表与浏览器证据为准"
"src/normalized-ui/ActivityOperationsPanel.tsx","565","ActivityOperationsPanel","jsx-expression-literal","confirmed","","完整候选索引；表达式内字面量可能是接口参数，是否实际展示以文案决策表与浏览器证据为准"
"src/normalized-ui/ActivityOperationsPanel.tsx","565","ActivityOperationsPanel","jsx-expression-literal","waitlisted","","完整候选索引；表达式内字面量可能是接口参数，是否实际展示以文案决策表与浏览器证据为准"
"src/normalized-ui/ActivityOperationsPanel.tsx","565","ActivityOperationsPanel","jsx-expression-literal","paid","","完整候选索引；表达式内字面量可能是接口参数，是否实际展示以文案决策表与浏览器证据为准"
"src/normalized-ui/ActivityOperationsPanel.tsx","565","ActivityOperationsPanel","jsx-text","取消报名","","完整候选索引；表达式内字面量可能是接口参数，是否实际展示以文案决策表与浏览器证据为准"
"src/normalized-ui/ActivityOperationsPanel.tsx","566","ActivityOperationsPanel","jsx-expression-literal","payment_pending","","完整候选索引；表达式内字面量可能是接口参数，是否实际展示以文案决策表与浏览器证据为准"
"src/normalized-ui/ActivityOperationsPanel.tsx","566","ActivityOperationsPanel","jsx-text","先查支付","","完整候选索引；表达式内字面量可能是接口参数，是否实际展示以文案决策表与浏览器证据为准"
"src/normalized-ui/ActivityOperationsPanel.tsx","567","ActivityOperationsPanel","jsx-expression-literal","paid","","完整候选索引；表达式内字面量可能是接口参数，是否实际展示以文案决策表与浏览器证据为准"
"src/normalized-ui/ActivityOperationsPanel.tsx","567","ActivityOperationsPanel","jsx-text","店长发起退款取消","","完整候选索引；表达式内字面量可能是接口参数，是否实际展示以文案决策表与浏览器证据为准"
"src/normalized-ui/ActivityOperationsPanel.tsx","568","ActivityOperationsPanel","jsx-expression-literal","requested","","完整候选索引；表达式内字面量可能是接口参数，是否实际展示以文案决策表与浏览器证据为准"
"src/normalized-ui/ActivityOperationsPanel.tsx","568","ActivityOperationsPanel","jsx-text","收银复核通过","","完整候选索引；表达式内字面量可能是接口参数，是否实际展示以文案决策表与浏览器证据为准"
"src/normalized-ui/ActivityOperationsPanel.tsx","568","ActivityOperationsPanel","jsx-text","驳回","","完整候选索引；表达式内字面量可能是接口参数，是否实际展示以文案决策表与浏览器证据为准"
"src/normalized-ui/ActivityOperationsPanel.tsx","569","ActivityOperationsPanel","jsx-expression-literal","approved","","完整候选索引；表达式内字面量可能是接口参数，是否实际展示以文案决策表与浏览器证据为准"
"src/normalized-ui/ActivityOperationsPanel.tsx","569","ActivityOperationsPanel","jsx-text","执行退款","","完整候选索引；表达式内字面量可能是接口参数，是否实际展示以文案决策表与浏览器证据为准"
"src/normalized-ui/ActivityOperationsPanel.tsx","570","ActivityOperationsPanel","jsx-expression-literal","processing","","完整候选索引；表达式内字面量可能是接口参数，是否实际展示以文案决策表与浏览器证据为准"
"src/normalized-ui/ActivityOperationsPanel.tsx","570","ActivityOperationsPanel","jsx-text","查询渠道退款","","完整候选索引；表达式内字面量可能是接口参数，是否实际展示以文案决策表与浏览器证据为准"
"src/normalized-ui/ActivityOperationsPanel.tsx","575","ActivityOperationsPanel","jsx-expression-literal","detail","","完整候选索引；表达式内字面量可能是接口参数，是否实际展示以文案决策表与浏览器证据为准"
"src/normalized-ui/ActivityOperationsPanel.tsx","575","ActivityOperationsPanel","jsx-text","正在读取活动详情…","","完整候选索引；表达式内字面量可能是接口参数，是否实际展示以文案决策表与浏览器证据为准"
"src/normalized-ui/ActivityOperationsPanel.tsx","695","PackageComponentSelector","jsx-text","活动所需库存物料（选填）","","完整候选索引；表达式内字面量可能是接口参数，是否实际展示以文案决策表与浏览器证据为准"
"src/normalized-ui/ActivityOperationsPanel.tsx","695","PackageComponentSelector","jsx-text","只列出启用物料；不显示库存数量、成本或供应商。留空即为纯票务/非实物套餐。","","完整候选索引；表达式内字面量可能是接口参数，是否实际展示以文案决策表与浏览器证据为准"
"src/normalized-ui/ActivityOperationsPanel.tsx","696","PackageComponentSelector","jsx-text","当前为纯票务/非实物套餐，不产生库存暂留或扣减。","","完整候选索引；表达式内字面量可能是接口参数，是否实际展示以文案决策表与浏览器证据为准"
"src/normalized-ui/ActivityOperationsPanel.tsx","700","PackageComponentSelector","jsx-text","物料","","完整候选索引；表达式内字面量可能是接口参数，是否实际展示以文案决策表与浏览器证据为准"
"src/normalized-ui/ActivityOperationsPanel.tsx","701","PackageComponentSelector","jsx-expression-literal","旧草稿物料无法识别，请重新选择","","完整候选索引；表达式内字面量可能是接口参数，是否实际展示以文案决策表与浏览器证据为准"
"src/normalized-ui/ActivityOperationsPanel.tsx","701","PackageComponentSelector","jsx-template-text","物料","","完整候选索引；表达式内字面量可能是接口参数，是否实际展示以文案决策表与浏览器证据为准"
"src/normalized-ui/ActivityOperationsPanel.tsx","701","PackageComponentSelector","jsx-template-text","未在当前可用列表返回，请核对是否停用或访问范围变化","","完整候选索引；表达式内字面量可能是接口参数，是否实际展示以文案决策表与浏览器证据为准"
"src/normalized-ui/ActivityOperationsPanel.tsx","704","PackageComponentSelector","jsx-text","每份数量","","完整候选索引；表达式内字面量可能是接口参数，是否实际展示以文案决策表与浏览器证据为准"
"src/normalized-ui/ActivityOperationsPanel.tsx","705","PackageComponentSelector","jsx-text","用量方式","","完整候选索引；表达式内字面量可能是接口参数，是否实际展示以文案决策表与浏览器证据为准"
"src/normalized-ui/ActivityOperationsPanel.tsx","705","PackageComponentSelector","jsx-text","每人","","完整候选索引；表达式内字面量可能是接口参数，是否实际展示以文案决策表与浏览器证据为准"
"src/normalized-ui/ActivityOperationsPanel.tsx","705","PackageComponentSelector","jsx-text","每次报名","","完整候选索引；表达式内字面量可能是接口参数，是否实际展示以文案决策表与浏览器证据为准"
"src/normalized-ui/ActivityOperationsPanel.tsx","706","PackageComponentSelector","jsx-text","移除","","完整候选索引；表达式内字面量可能是接口参数，是否实际展示以文案决策表与浏览器证据为准"
"src/normalized-ui/ActivityOperationsPanel.tsx","710","PackageComponentSelector","jsx-expression-literal","loading","","完整候选索引；表达式内字面量可能是接口参数，是否实际展示以文案决策表与浏览器证据为准"
"src/normalized-ui/ActivityOperationsPanel.tsx","710","PackageComponentSelector","jsx-expression-literal","正在读取物料…","","完整候选索引；表达式内字面量可能是接口参数，是否实际展示以文案决策表与浏览器证据为准"
"src/normalized-ui/ActivityOperationsPanel.tsx","710","PackageComponentSelector","jsx-expression-literal","添加库存物料","","完整候选索引；表达式内字面量可能是接口参数，是否实际展示以文案决策表与浏览器证据为准"
"src/normalized-ui/ActivityOperationsPanel.tsx","711","PackageComponentSelector","jsx-expression-literal","error","","完整候选索引；表达式内字面量可能是接口参数，是否实际展示以文案决策表与浏览器证据为准"
"src/normalized-ui/ActivityOperationsPanel.tsx","711","PackageComponentSelector","jsx-text","物料目录暂时无法读取；现有选择会保留，稍后重新打开活动工作台再试。","","完整候选索引；表达式内字面量可能是接口参数，是否实际展示以文案决策表与浏览器证据为准"
"src/normalized-ui/ActivityOperationsPanel.tsx","712","PackageComponentSelector","jsx-expression-literal","ready","","完整候选索引；表达式内字面量可能是接口参数，是否实际展示以文案决策表与浏览器证据为准"
"src/normalized-ui/ActivityOperationsPanel.tsx","712","PackageComponentSelector","jsx-text","当前没有启用库存物料；可保留为纯票务套餐。","","完整候选索引；表达式内字面量可能是接口参数，是否实际展示以文案决策表与浏览器证据为准"
"src/normalized-ui/AnnualBenefitManagementPanel.tsx","138","addRule","feedback","规则已加入草稿；保存后还需要独立审批和发布。","","完整候选索引；表达式内字面量可能是接口参数，是否实际展示以文案决策表与浏览器证据为准"
"src/normalized-ui/AnnualBenefitManagementPanel.tsx","145","saveDraft","feedback","请填写有效政策编号、起草说明，并至少加入一条完整规则。","","完整候选索引；表达式内字面量可能是接口参数，是否实际展示以文案决策表与浏览器证据为准"
"src/normalized-ui/AnnualBenefitManagementPanel.tsx","152","saveDraft","feedback","年度礼遇草稿已保存，审批人与发布人必须分别独立。","","完整候选索引；表达式内字面量可能是接口参数，是否实际展示以文案决策表与浏览器证据为准"
"src/normalized-ui/AnnualBenefitManagementPanel.tsx","157","approve","display-definition","填写审批说明","","完整候选索引；表达式内字面量可能是接口参数，是否实际展示以文案决策表与浏览器证据为准"
"src/normalized-ui/AnnualBenefitManagementPanel.tsx","157","approve","display-definition","至少2个字，会保留在审批审计中。","","完整候选索引；表达式内字面量可能是接口参数，是否实际展示以文案决策表与浏览器证据为准"
"src/normalized-ui/AnnualBenefitManagementPanel.tsx","157","approve","display-definition","审批说明","","完整候选索引；表达式内字面量可能是接口参数，是否实际展示以文案决策表与浏览器证据为准"
"src/normalized-ui/AnnualBenefitManagementPanel.tsx","158","approve","feedback","审批说明不足，未审批。","","完整候选索引；表达式内字面量可能是接口参数，是否实际展示以文案决策表与浏览器证据为准"
"src/normalized-ui/AnnualBenefitManagementPanel.tsx","162","approve","feedback","年度礼遇草稿已完成独立审批，仍未向顾客生效。","","完整候选索引；表达式内字面量可能是接口参数，是否实际展示以文案决策表与浏览器证据为准"
"src/normalized-ui/AnnualBenefitManagementPanel.tsx","167","publish","display-definition","填写未来生效时间","","完整候选索引；表达式内字面量可能是接口参数，是否实际展示以文案决策表与浏览器证据为准"
"src/normalized-ui/AnnualBenefitManagementPanel.tsx","167","publish","display-definition","使用 ISO 格式。","ISO","完整候选索引；表达式内字面量可能是接口参数，是否实际展示以文案决策表与浏览器证据为准"
"src/normalized-ui/AnnualBenefitManagementPanel.tsx","167","publish","display-definition","生效时间","","完整候选索引；表达式内字面量可能是接口参数，是否实际展示以文案决策表与浏览器证据为准"
"src/normalized-ui/AnnualBenefitManagementPanel.tsx","168","publish","display-definition","填写发布说明","","完整候选索引；表达式内字面量可能是接口参数，是否实际展示以文案决策表与浏览器证据为准"
"src/normalized-ui/AnnualBenefitManagementPanel.tsx","168","publish","display-definition","至少2个字，会保留在发布审计中。","","完整候选索引；表达式内字面量可能是接口参数，是否实际展示以文案决策表与浏览器证据为准"
"src/normalized-ui/AnnualBenefitManagementPanel.tsx","168","publish","display-definition","发布说明","","完整候选索引；表达式内字面量可能是接口参数，是否实际展示以文案决策表与浏览器证据为准"
"src/normalized-ui/AnnualBenefitManagementPanel.tsx","170","publish","feedback","必须填写未来生效时间和发布说明，未发布。","","完整候选索引；表达式内字面量可能是接口参数，是否实际展示以文案决策表与浏览器证据为准"
"src/normalized-ui/AnnualBenefitManagementPanel.tsx","177","publish","feedback","年度礼遇已排期发布；未来礼遇只展示预览，进入实际窗口才可能生成权益。","","完整候选索引；表达式内字面量可能是接口参数，是否实际展示以文案决策表与浏览器证据为准"
"src/normalized-ui/AnnualBenefitManagementPanel.tsx","186","confirmOccurrence","feedback","请填写节日规则、同一年内的日期和确认依据。","","完整候选索引；表达式内字面量可能是接口参数，是否实际展示以文案决策表与浏览器证据为准"
"src/normalized-ui/AnnualBenefitManagementPanel.tsx","193","confirmOccurrence","feedback","节日日期已确认；顾客端只会基于该确认结果展示对应窗口。","","完整候选索引；表达式内字面量可能是接口参数，是否实际展示以文案决策表与浏览器证据为准"
"src/normalized-ui/AnnualBenefitManagementPanel.tsx","199","redeemDailySnack","display-definition","确认核销会员礼遇","","完整候选索引；表达式内字面量可能是接口参数，是否实际展示以文案决策表与浏览器证据为准"
"src/normalized-ui/AnnualBenefitManagementPanel.tsx","205","redeemDailySnack","feedback","每日点心已核销；请在后厨任务或打印回执中确认实际出品。","回执","完整候选索引；表达式内字面量可能是接口参数，是否实际展示以文案决策表与浏览器证据为准"
"src/normalized-ui/AnnualBenefitManagementPanel.tsx","215","redeemAnnualGift","feedback","请选择这项礼遇已发布的原商品或合规替代品。","","完整候选索引；表达式内字面量可能是接口参数，是否实际展示以文案决策表与浏览器证据为准"
"src/normalized-ui/AnnualBenefitManagementPanel.tsx","217","redeemAnnualGift","feedback","使用替代品必须填写至少2个字的替换原因。","","完整候选索引；表达式内字面量可能是接口参数，是否实际展示以文案决策表与浏览器证据为准"
"src/normalized-ui/AnnualBenefitManagementPanel.tsx","219","redeemAnnualGift","display-definition","确认核销会员礼遇","","完整候选索引；表达式内字面量可能是接口参数，是否实际展示以文案决策表与浏览器证据为准"
"src/normalized-ui/AnnualBenefitManagementPanel.tsx","229","redeemAnnualGift","feedback","礼遇已核销并进入“待出品”；只有制作送达完成后才会显示“已完成”。","","完整候选索引；表达式内字面量可能是接口参数，是否实际展示以文案决策表与浏览器证据为准"
"src/normalized-ui/AnnualBenefitManagementPanel.tsx","236","cancelAnnualGift","display-definition","填写取消暂留原因","","完整候选索引；表达式内字面量可能是接口参数，是否实际展示以文案决策表与浏览器证据为准"
"src/normalized-ui/AnnualBenefitManagementPanel.tsx","236","cancelAnnualGift","display-definition","取消原因","","完整候选索引；表达式内字面量可能是接口参数，是否实际展示以文案决策表与浏览器证据为准"
"src/normalized-ui/AnnualBenefitManagementPanel.tsx","237","cancelAnnualGift","feedback","必须填写取消原因，礼遇暂留未释放。","","完整候选索引；表达式内字面量可能是接口参数，是否实际展示以文案决策表与浏览器证据为准"
"src/normalized-ui/AnnualBenefitManagementPanel.tsx","243","cancelAnnualGift","feedback","生日或节日礼遇暂留已取消并释放；顾客端会更新状态。","","完整候选索引；表达式内字面量可能是接口参数，是否实际展示以文案决策表与浏览器证据为准"
"src/normalized-ui/AnnualBenefitManagementPanel.tsx","250","cancelDailySnack","display-definition","填写取消暂留原因","","完整候选索引；表达式内字面量可能是接口参数，是否实际展示以文案决策表与浏览器证据为准"
"src/normalized-ui/AnnualBenefitManagementPanel.tsx","250","cancelDailySnack","display-definition","取消原因","","完整候选索引；表达式内字面量可能是接口参数，是否实际展示以文案决策表与浏览器证据为准"
"src/normalized-ui/AnnualBenefitManagementPanel.tsx","257","cancelDailySnack","feedback","每日点心暂留已取消并释放；顾客端会更新为“已取消”。","","完整候选索引；表达式内字面量可能是接口参数，是否实际展示以文案决策表与浏览器证据为准"
"src/normalized-ui/AnnualBenefitManagementPanel.tsx","265","retryComplimentaryFulfillment","display-definition","填写重新派发复核原因","","完整候选索引；表达式内字面量可能是接口参数，是否实际展示以文案决策表与浏览器证据为准"
"src/normalized-ui/AnnualBenefitManagementPanel.tsx","265","retryComplimentaryFulfillment","display-definition","复核原因","","完整候选索引；表达式内字面量可能是接口参数，是否实际展示以文案决策表与浏览器证据为准"
"src/normalized-ui/AnnualBenefitManagementPanel.tsx","266","retryComplimentaryFulfillment","feedback","必须填写复核原因，未重新派发。","","完整候选索引；表达式内字面量可能是接口参数，是否实际展示以文案决策表与浏览器证据为准"
"src/normalized-ui/AnnualBenefitManagementPanel.tsx","272","retryComplimentaryFulfillment","feedback","已记录当前员工和复核原因，系统将可靠重试出品与打印任务。","","完整候选索引；表达式内字面量可能是接口参数，是否实际展示以文案决策表与浏览器证据为准"
"src/normalized-ui/AnnualBenefitManagementPanel.tsx","280","resolveComplimentaryCancellation","display-definition","填写取消系统出品核对原因","","完整候选索引；表达式内字面量可能是接口参数，是否实际展示以文案决策表与浏览器证据为准"
"src/normalized-ui/AnnualBenefitManagementPanel.tsx","280","resolveComplimentaryCancellation","display-definition","核对原因","","完整候选索引；表达式内字面量可能是接口参数，是否实际展示以文案决策表与浏览器证据为准"
"src/normalized-ui/AnnualBenefitManagementPanel.tsx","281","resolveComplimentaryCancellation","feedback","必须填写核对原因，未取消礼遇出品。","","完整候选索引；表达式内字面量可能是接口参数，是否实际展示以文案决策表与浏览器证据为准"
"src/normalized-ui/AnnualBenefitManagementPanel.tsx","282","resolveComplimentaryCancellation","display-definition","确认取消零元礼遇订单","","完整候选索引；表达式内字面量可能是接口参数，是否实际展示以文案决策表与浏览器证据为准"
"src/normalized-ui/AnnualBenefitManagementPanel.tsx","282","resolveComplimentaryCancellation","display-definition","系统会取消这张零元礼遇订单、释放库存和制作容量，并将顾客礼遇显示为已取消。只有确认尚未制作、尚未交付时才可继续。","","完整候选索引；表达式内字面量可能是接口参数，是否实际展示以文案决策表与浏览器证据为准"
"src/normalized-ui/AnnualBenefitManagementPanel.tsx","288","resolveComplimentaryCancellation","feedback","礼遇异常已取消结案；系统订单、库存预留和制作容量已在同一事务释放。","","完整候选索引；表达式内字面量可能是接口参数，是否实际展示以文案决策表与浏览器证据为准"
"src/normalized-ui/AnnualBenefitManagementPanel.tsx","296","resolveComplimentaryCompensation","display-definition","填写线下补偿凭证","","完整候选索引；表达式内字面量可能是接口参数，是否实际展示以文案决策表与浏览器证据为准"
"src/normalized-ui/AnnualBenefitManagementPanel.tsx","296","resolveComplimentaryCompensation","display-definition","填写已完成的线下补偿凭证、事件编号或交接单号，至少2个字。","","完整候选索引；表达式内字面量可能是接口参数，是否实际展示以文案决策表与浏览器证据为准"
"src/normalized-ui/AnnualBenefitManagementPanel.tsx","296","resolveComplimentaryCompensation","display-definition","补偿凭证","","完整候选索引；表达式内字面量可能是接口参数，是否实际展示以文案决策表与浏览器证据为准"
"src/normalized-ui/AnnualBenefitManagementPanel.tsx","297","resolveComplimentaryCompensation","feedback","必须填写可追溯的补偿凭证，未结案。","","完整候选索引；表达式内字面量可能是接口参数，是否实际展示以文案决策表与浏览器证据为准"
"src/normalized-ui/AnnualBenefitManagementPanel.tsx","298","resolveComplimentaryCompensation","display-definition","填写线下补偿核对结果","","完整候选索引；表达式内字面量可能是接口参数，是否实际展示以文案决策表与浏览器证据为准"
"src/normalized-ui/AnnualBenefitManagementPanel.tsx","298","resolveComplimentaryCompensation","display-definition","核对结果","","完整候选索引；表达式内字面量可能是接口参数，是否实际展示以文案决策表与浏览器证据为准"
"src/normalized-ui/AnnualBenefitManagementPanel.tsx","299","resolveComplimentaryCompensation","feedback","必须填写补偿说明，未结案。","","完整候选索引；表达式内字面量可能是接口参数，是否实际展示以文案决策表与浏览器证据为准"
"src/normalized-ui/AnnualBenefitManagementPanel.tsx","300","resolveComplimentaryCompensation","display-definition","确认线下补偿已完成","","完整候选索引；表达式内字面量可能是接口参数，是否实际展示以文案决策表与浏览器证据为准"
"src/normalized-ui/AnnualBenefitManagementPanel.tsx","306","resolveComplimentaryCompensation","feedback","线下补偿已凭证化结案；原系统订单及预留已释放，顾客礼遇更新为已完成。","","完整候选索引；表达式内字面量可能是接口参数，是否实际展示以文案决策表与浏览器证据为准"
"src/normalized-ui/AnnualBenefitManagementPanel.tsx","313","AnnualBenefitManagementPanel","jsx-text","年度会员礼遇","","完整候选索引；表达式内字面量可能是接口参数，是否实际展示以文案决策表与浏览器证据为准"
"src/normalized-ui/AnnualBenefitManagementPanel.tsx","313","AnnualBenefitManagementPanel","jsx-text","生日、节日、优先排座和落座小食使用同一版规则；预览不占库存，员工队列覆盖必须留原因。","","完整候选索引；表达式内字面量可能是接口参数，是否实际展示以文案决策表与浏览器证据为准"
"src/normalized-ui/AnnualBenefitManagementPanel.tsx","316","AnnualBenefitManagementPanel","jsx-text","政策编号","","完整候选索引；表达式内字面量可能是接口参数，是否实际展示以文案决策表与浏览器证据为准"
"src/normalized-ui/AnnualBenefitManagementPanel.tsx","316","AnnualBenefitManagementPanel","attribute:placeholder","ANNUAL_2026","","完整候选索引；表达式内字面量可能是接口参数，是否实际展示以文案决策表与浏览器证据为准"
"src/normalized-ui/AnnualBenefitManagementPanel.tsx","317","AnnualBenefitManagementPanel","jsx-text","起草说明","","完整候选索引；表达式内字面量可能是接口参数，是否实际展示以文案决策表与浏览器证据为准"
"src/normalized-ui/AnnualBenefitManagementPanel.tsx","318","AnnualBenefitManagementPanel","jsx-text","添加年度礼遇规则","","完整候选索引；表达式内字面量可能是接口参数，是否实际展示以文案决策表与浏览器证据为准"
"src/normalized-ui/AnnualBenefitManagementPanel.tsx","319","AnnualBenefitManagementPanel","jsx-text","规则编号","","完整候选索引；表达式内字面量可能是接口参数，是否实际展示以文案决策表与浏览器证据为准"
"src/normalized-ui/AnnualBenefitManagementPanel.tsx","319","AnnualBenefitManagementPanel","attribute:placeholder","GOLD_BIRTHDAY","GOLD_BIRTHDAY","完整候选索引；表达式内字面量可能是接口参数，是否实际展示以文案决策表与浏览器证据为准"
"src/normalized-ui/AnnualBenefitManagementPanel.tsx","320","AnnualBenefitManagementPanel","jsx-text","顾客名称","","完整候选索引；表达式内字面量可能是接口参数，是否实际展示以文案决策表与浏览器证据为准"
"src/normalized-ui/AnnualBenefitManagementPanel.tsx","320","AnnualBenefitManagementPanel","attribute:placeholder","金卡生日礼遇","","完整候选索引；表达式内字面量可能是接口参数，是否实际展示以文案决策表与浏览器证据为准"
"src/normalized-ui/AnnualBenefitManagementPanel.tsx","321","AnnualBenefitManagementPanel","jsx-text","规则类型","","完整候选索引；表达式内字面量可能是接口参数，是否实际展示以文案决策表与浏览器证据为准"
"src/normalized-ui/AnnualBenefitManagementPanel.tsx","322","AnnualBenefitManagementPanel","jsx-text","适用等级","","完整候选索引；表达式内字面量可能是接口参数，是否实际展示以文案决策表与浏览器证据为准"
"src/normalized-ui/AnnualBenefitManagementPanel.tsx","323","AnnualBenefitManagementPanel","jsx-text","权益定义","","完整候选索引；表达式内字面量可能是接口参数，是否实际展示以文案决策表与浏览器证据为准"
"src/normalized-ui/AnnualBenefitManagementPanel.tsx","323","AnnualBenefitManagementPanel","jsx-text","请选择","","完整候选索引；表达式内字面量可能是接口参数，是否实际展示以文案决策表与浏览器证据为准"
"src/normalized-ui/AnnualBenefitManagementPanel.tsx","323","AnnualBenefitManagementPanel","jsx-expression-literal","active","","完整候选索引；表达式内字面量可能是接口参数，是否实际展示以文案决策表与浏览器证据为准"
"src/normalized-ui/AnnualBenefitManagementPanel.tsx","324","AnnualBenefitManagementPanel","jsx-text","数量","","完整候选索引；表达式内字面量可能是接口参数，是否实际展示以文案决策表与浏览器证据为准"
"src/normalized-ui/AnnualBenefitManagementPanel.tsx","325","AnnualBenefitManagementPanel","jsx-text","有效天数","","完整候选索引；表达式内字面量可能是接口参数，是否实际展示以文案决策表与浏览器证据为准"
"src/normalized-ui/AnnualBenefitManagementPanel.tsx","326","AnnualBenefitManagementPanel","jsx-text","提前可用天数","","完整候选索引；表达式内字面量可能是接口参数，是否实际展示以文案决策表与浏览器证据为准"
"src/normalized-ui/AnnualBenefitManagementPanel.tsx","327","AnnualBenefitManagementPanel","jsx-text","延后可用天数","","完整候选索引；表达式内字面量可能是接口参数，是否实际展示以文案决策表与浏览器证据为准"
"src/normalized-ui/AnnualBenefitManagementPanel.tsx","328","AnnualBenefitManagementPanel","jsx-text","叠加组","","完整候选索引；表达式内字面量可能是接口参数，是否实际展示以文案决策表与浏览器证据为准"
"src/normalized-ui/AnnualBenefitManagementPanel.tsx","329","AnnualBenefitManagementPanel","jsx-text","优先级（小数优先）","","完整候选索引；表达式内字面量可能是接口参数，是否实际展示以文案决策表与浏览器证据为准"
"src/normalized-ui/AnnualBenefitManagementPanel.tsx","330","AnnualBenefitManagementPanel","jsx-text","库存要求","","完整候选索引；表达式内字面量可能是接口参数，是否实际展示以文案决策表与浏览器证据为准"
"src/normalized-ui/AnnualBenefitManagementPanel.tsx","330","AnnualBenefitManagementPanel","jsx-text","正式配方与可预留库存","","完整候选索引；表达式内字面量可能是接口参数，是否实际展示以文案决策表与浏览器证据为准"
"src/normalized-ui/AnnualBenefitManagementPanel.tsx","330","AnnualBenefitManagementPanel","jsx-text","不涉及库存","","完整候选索引；表达式内字面量可能是接口参数，是否实际展示以文案决策表与浏览器证据为准"
"src/normalized-ui/AnnualBenefitManagementPanel.tsx","331","AnnualBenefitManagementPanel","jsx-text","资格变化撤销策略","","完整候选索引；表达式内字面量可能是接口参数，是否实际展示以文案决策表与浏览器证据为准"
"src/normalized-ui/AnnualBenefitManagementPanel.tsx","331","AnnualBenefitManagementPanel","jsx-text","核销前撤销","","完整候选索引；表达式内字面量可能是接口参数，是否实际展示以文案决策表与浏览器证据为准"
"src/normalized-ui/AnnualBenefitManagementPanel.tsx","331","AnnualBenefitManagementPanel","jsx-text","仅按有效期失效","","完整候选索引；表达式内字面量可能是接口参数，是否实际展示以文案决策表与浏览器证据为准"
"src/normalized-ui/AnnualBenefitManagementPanel.tsx","331","AnnualBenefitManagementPanel","jsx-text","人工复核补偿","","完整候选索引；表达式内字面量可能是接口参数，是否实际展示以文案决策表与浏览器证据为准"
"src/normalized-ui/AnnualBenefitManagementPanel.tsx","332","AnnualBenefitManagementPanel","jsx-expression-literal","birthday","","完整候选索引；表达式内字面量可能是接口参数，是否实际展示以文案决策表与浏览器证据为准"
"src/normalized-ui/AnnualBenefitManagementPanel.tsx","332","AnnualBenefitManagementPanel","jsx-text","2月29日非闰年规则","","完整候选索引；表达式内字面量可能是接口参数，是否实际展示以文案决策表与浏览器证据为准"
"src/normalized-ui/AnnualBenefitManagementPanel.tsx","332","AnnualBenefitManagementPanel","jsx-text","按2月28日","","完整候选索引；表达式内字面量可能是接口参数，是否实际展示以文案决策表与浏览器证据为准"
"src/normalized-ui/AnnualBenefitManagementPanel.tsx","332","AnnualBenefitManagementPanel","jsx-text","按3月1日","","完整候选索引；表达式内字面量可能是接口参数，是否实际展示以文案决策表与浏览器证据为准"
"src/normalized-ui/AnnualBenefitManagementPanel.tsx","332","AnnualBenefitManagementPanel","jsx-text","仅闰年发放","","完整候选索引；表达式内字面量可能是接口参数，是否实际展示以文案决策表与浏览器证据为准"
"src/normalized-ui/AnnualBenefitManagementPanel.tsx","333","AnnualBenefitManagementPanel","jsx-expression-literal","priority_seating","","完整候选索引；表达式内字面量可能是接口参数，是否实际展示以文案决策表与浏览器证据为准"
"src/normalized-ui/AnnualBenefitManagementPanel.tsx","333","AnnualBenefitManagementPanel","jsx-text","优先安排保留分钟","","完整候选索引；表达式内字面量可能是接口参数，是否实际展示以文案决策表与浏览器证据为准"
"src/normalized-ui/AnnualBenefitManagementPanel.tsx","334","AnnualBenefitManagementPanel","jsx-expression-literal","daily_snack","","完整候选索引；表达式内字面量可能是接口参数，是否实际展示以文案决策表与浏览器证据为准"
"src/normalized-ui/AnnualBenefitManagementPanel.tsx","334","AnnualBenefitManagementPanel","jsx-text","点心暂留分钟","","完整候选索引；表达式内字面量可能是接口参数，是否实际展示以文案决策表与浏览器证据为准"
"src/normalized-ui/AnnualBenefitManagementPanel.tsx","334","AnnualBenefitManagementPanel","jsx-text","每桌每日上限","","完整候选索引；表达式内字面量可能是接口参数，是否实际展示以文案决策表与浏览器证据为准"
"src/normalized-ui/AnnualBenefitManagementPanel.tsx","335","AnnualBenefitManagementPanel","jsx-expression-literal","daily_snack","","完整候选索引；表达式内字面量可能是接口参数，是否实际展示以文案决策表与浏览器证据为准"
"src/normalized-ui/AnnualBenefitManagementPanel.tsx","335","AnnualBenefitManagementPanel","jsx-text","酒水合规","","完整候选索引；表达式内字面量可能是接口参数，是否实际展示以文案决策表与浏览器证据为准"
"src/normalized-ui/AnnualBenefitManagementPanel.tsx","335","AnnualBenefitManagementPanel","jsx-text","不适用","","完整候选索引；表达式内字面量可能是接口参数，是否实际展示以文案决策表与浏览器证据为准"
"src/normalized-ui/AnnualBenefitManagementPanel.tsx","335","AnnualBenefitManagementPanel","jsx-text","仅无酒精","","完整候选索引；表达式内字面量可能是接口参数，是否实际展示以文案决策表与浏览器证据为准"
"src/normalized-ui/AnnualBenefitManagementPanel.tsx","335","AnnualBenefitManagementPanel","jsx-text","员工合规核验","","完整候选索引；表达式内字面量可能是接口参数，是否实际展示以文案决策表与浏览器证据为准"
"src/normalized-ui/AnnualBenefitManagementPanel.tsx","336","AnnualBenefitManagementPanel","jsx-expression-literal","staff_compliance_required","","完整候选索引；表达式内字面量可能是接口参数，是否实际展示以文案决策表与浏览器证据为准"
"src/normalized-ui/AnnualBenefitManagementPanel.tsx","336","AnnualBenefitManagementPanel","jsx-text","无酒精替代品","","完整候选索引；表达式内字面量可能是接口参数，是否实际展示以文案决策表与浏览器证据为准"
"src/normalized-ui/AnnualBenefitManagementPanel.tsx","336","AnnualBenefitManagementPanel","jsx-text","请选择正式配方商品","","完整候选索引；表达式内字面量可能是接口参数，是否实际展示以文案决策表与浏览器证据为准"
"src/normalized-ui/AnnualBenefitManagementPanel.tsx","337","AnnualBenefitManagementPanel","jsx-text","高等级继承","","完整候选索引；表达式内字面量可能是接口参数，是否实际展示以文案决策表与浏览器证据为准"
"src/normalized-ui/AnnualBenefitManagementPanel.tsx","338","AnnualBenefitManagementPanel","jsx-text","加入礼遇规则","","完整候选索引；表达式内字面量可能是接口参数，是否实际展示以文案决策表与浏览器证据为准"
"src/normalized-ui/AnnualBenefitManagementPanel.tsx","340","AnnualBenefitManagementPanel","jsx-text","尚未加入礼遇规则","","完整候选索引；表达式内字面量可能是接口参数，是否实际展示以文案决策表与浏览器证据为准"
"src/normalized-ui/AnnualBenefitManagementPanel.tsx","340","AnnualBenefitManagementPanel","jsx-text","移除","","完整候选索引；表达式内字面量可能是接口参数，是否实际展示以文案决策表与浏览器证据为准"
"src/normalized-ui/AnnualBenefitManagementPanel.tsx","341","AnnualBenefitManagementPanel","jsx-expression-literal","draft","","完整候选索引；表达式内字面量可能是接口参数，是否实际展示以文案决策表与浏览器证据为准"
"src/normalized-ui/AnnualBenefitManagementPanel.tsx","341","AnnualBenefitManagementPanel","jsx-expression-literal","正在保存","","完整候选索引；表达式内字面量可能是接口参数，是否实际展示以文案决策表与浏览器证据为准"
"src/normalized-ui/AnnualBenefitManagementPanel.tsx","341","AnnualBenefitManagementPanel","jsx-expression-literal","保存年度礼遇草稿","","完整候选索引；表达式内字面量可能是接口参数，是否实际展示以文案决策表与浏览器证据为准"
"src/normalized-ui/AnnualBenefitManagementPanel.tsx","343","AnnualBenefitManagementPanel","jsx-text","节日规则","","完整候选索引；表达式内字面量可能是接口参数，是否实际展示以文案决策表与浏览器证据为准"
"src/normalized-ui/AnnualBenefitManagementPanel.tsx","343","AnnualBenefitManagementPanel","jsx-text","请选择","","完整候选索引；表达式内字面量可能是接口参数，是否实际展示以文案决策表与浏览器证据为准"
"src/normalized-ui/AnnualBenefitManagementPanel.tsx","343","AnnualBenefitManagementPanel","jsx-text","年份","","完整候选索引；表达式内字面量可能是接口参数，是否实际展示以文案决策表与浏览器证据为准"
"src/normalized-ui/AnnualBenefitManagementPanel.tsx","343","AnnualBenefitManagementPanel","jsx-text","开始日期","","完整候选索引；表达式内字面量可能是接口参数，是否实际展示以文案决策表与浏览器证据为准"
"src/normalized-ui/AnnualBenefitManagementPanel.tsx","343","AnnualBenefitManagementPanel","jsx-text","结束日期","","完整候选索引；表达式内字面量可能是接口参数，是否实际展示以文案决策表与浏览器证据为准"
"src/normalized-ui/AnnualBenefitManagementPanel.tsx","343","AnnualBenefitManagementPanel","jsx-text","日期确认依据","","完整候选索引；表达式内字面量可能是接口参数，是否实际展示以文案决策表与浏览器证据为准"
"src/normalized-ui/AnnualBenefitManagementPanel.tsx","343","AnnualBenefitManagementPanel","attribute:placeholder","例如：运营排期单编号","","完整候选索引；表达式内字面量可能是接口参数，是否实际展示以文案决策表与浏览器证据为准"
"src/normalized-ui/AnnualBenefitManagementPanel.tsx","343","AnnualBenefitManagementPanel","jsx-expression-literal","occurrence","","完整候选索引；表达式内字面量可能是接口参数，是否实际展示以文案决策表与浏览器证据为准"
"src/normalized-ui/AnnualBenefitManagementPanel.tsx","343","AnnualBenefitManagementPanel","jsx-expression-literal","正在确认","","完整候选索引；表达式内字面量可能是接口参数，是否实际展示以文案决策表与浏览器证据为准"
"src/normalized-ui/AnnualBenefitManagementPanel.tsx","343","AnnualBenefitManagementPanel","jsx-expression-literal","确认节日日期","","完整候选索引；表达式内字面量可能是接口参数，是否实际展示以文案决策表与浏览器证据为准"
"src/normalized-ui/AnnualBenefitManagementPanel.tsx","344","AnnualBenefitManagementPanel","jsx-text","年度礼遇版本","","完整候选索引；表达式内字面量可能是接口参数，是否实际展示以文案决策表与浏览器证据为准"
"src/normalized-ui/AnnualBenefitManagementPanel.tsx","344","AnnualBenefitManagementPanel","jsx-text","只有第三方发布的未来版本才会在顾客端生效","","完整候选索引；表达式内字面量可能是接口参数，是否实际展示以文案决策表与浏览器证据为准"
"src/normalized-ui/AnnualBenefitManagementPanel.tsx","344","AnnualBenefitManagementPanel","jsx-text","尚未建立年度礼遇政策。","","完整候选索引；表达式内字面量可能是接口参数，是否实际展示以文案决策表与浏览器证据为准"
"src/normalized-ui/AnnualBenefitManagementPanel.tsx","344","AnnualBenefitManagementPanel","jsx-text","· 第","","完整候选索引；表达式内字面量可能是接口参数，是否实际展示以文案决策表与浏览器证据为准"
"src/normalized-ui/AnnualBenefitManagementPanel.tsx","344","AnnualBenefitManagementPanel","jsx-text","版 ·","","完整候选索引；表达式内字面量可能是接口参数，是否实际展示以文案决策表与浏览器证据为准"
"src/normalized-ui/AnnualBenefitManagementPanel.tsx","344","AnnualBenefitManagementPanel","jsx-expression-literal","未配置规则","","完整候选索引；表达式内字面量可能是接口参数，是否实际展示以文案决策表与浏览器证据为准"
"src/normalized-ui/AnnualBenefitManagementPanel.tsx","344","AnnualBenefitManagementPanel","jsx-template-text","生效","","完整候选索引；表达式内字面量可能是接口参数，是否实际展示以文案决策表与浏览器证据为准"
"src/normalized-ui/AnnualBenefitManagementPanel.tsx","344","AnnualBenefitManagementPanel","jsx-expression-literal","zh-CN","","完整候选索引；表达式内字面量可能是接口参数，是否实际展示以文案决策表与浏览器证据为准"
"src/normalized-ui/AnnualBenefitManagementPanel.tsx","344","AnnualBenefitManagementPanel","jsx-expression-literal","尚未生效","","完整候选索引；表达式内字面量可能是接口参数，是否实际展示以文案决策表与浏览器证据为准"
"src/normalized-ui/AnnualBenefitManagementPanel.tsx","344","AnnualBenefitManagementPanel","jsx-expression-literal","draft","","完整候选索引；表达式内字面量可能是接口参数，是否实际展示以文案决策表与浏览器证据为准"
"src/normalized-ui/AnnualBenefitManagementPanel.tsx","344","AnnualBenefitManagementPanel","jsx-text","独立审批","","完整候选索引；表达式内字面量可能是接口参数，是否实际展示以文案决策表与浏览器证据为准"
"src/normalized-ui/AnnualBenefitManagementPanel.tsx","344","AnnualBenefitManagementPanel","jsx-expression-literal","approved","","完整候选索引；表达式内字面量可能是接口参数，是否实际展示以文案决策表与浏览器证据为准"
"src/normalized-ui/AnnualBenefitManagementPanel.tsx","344","AnnualBenefitManagementPanel","jsx-text","排期发布","","完整候选索引；表达式内字面量可能是接口参数，是否实际展示以文案决策表与浏览器证据为准"
"src/normalized-ui/AnnualBenefitManagementPanel.tsx","345","AnnualBenefitManagementPanel","jsx-text","当前桌台会员礼遇待办","","完整候选索引；表达式内字面量可能是接口参数，是否实际展示以文案决策表与浏览器证据为准"
"src/normalized-ui/AnnualBenefitManagementPanel.tsx","345","AnnualBenefitManagementPanel","jsx-text","生日/节日礼遇按员工负责桌台过滤；替代商品必须显式选择并记录原因。","","完整候选索引；表达式内字面量可能是接口参数，是否实际展示以文案决策表与浏览器证据为准"
"src/normalized-ui/AnnualBenefitManagementPanel.tsx","345","AnnualBenefitManagementPanel","jsx-text","当前负责桌台没有待核销的生日或节日礼遇。","","完整候选索引；表达式内字面量可能是接口参数，是否实际展示以文案决策表与浏览器证据为准"
"src/normalized-ui/AnnualBenefitManagementPanel.tsx","345","AnnualBenefitManagementPanel","jsx-expression-literal","会员号待确认","","完整候选索引；表达式内字面量可能是接口参数，是否实际展示以文案决策表与浏览器证据为准"
"src/normalized-ui/AnnualBenefitManagementPanel.tsx","345","AnnualBenefitManagementPanel","jsx-expression-literal","顾客姓名未设置","","完整候选索引；表达式内字面量可能是接口参数，是否实际展示以文案决策表与浏览器证据为准"
"src/normalized-ui/AnnualBenefitManagementPanel.tsx","345","AnnualBenefitManagementPanel","jsx-text","· 暂留至","","完整候选索引；表达式内字面量可能是接口参数，是否实际展示以文案决策表与浏览器证据为准"
"src/normalized-ui/AnnualBenefitManagementPanel.tsx","345","AnnualBenefitManagementPanel","jsx-expression-literal","zh-CN","","完整候选索引；表达式内字面量可能是接口参数，是否实际展示以文案决策表与浏览器证据为准"
"src/normalized-ui/AnnualBenefitManagementPanel.tsx","345","AnnualBenefitManagementPanel","jsx-expression-literal","2-digit","","完整候选索引；表达式内字面量可能是接口参数，是否实际展示以文案决策表与浏览器证据为准"
"src/normalized-ui/AnnualBenefitManagementPanel.tsx","345","AnnualBenefitManagementPanel","jsx-expression-literal","2-digit","","完整候选索引；表达式内字面量可能是接口参数，是否实际展示以文案决策表与浏览器证据为准"
"src/normalized-ui/AnnualBenefitManagementPanel.tsx","345","AnnualBenefitManagementPanel","jsx-text","本次出品","","完整候选索引；表达式内字面量可能是接口参数，是否实际展示以文案决策表与浏览器证据为准"
"src/normalized-ui/AnnualBenefitManagementPanel.tsx","345","AnnualBenefitManagementPanel","jsx-expression-literal","（原礼遇）","","完整候选索引；表达式内字面量可能是接口参数，是否实际展示以文案决策表与浏览器证据为准"
"src/normalized-ui/AnnualBenefitManagementPanel.tsx","345","AnnualBenefitManagementPanel","jsx-expression-literal","（合规替代）","","完整候选索引；表达式内字面量可能是接口参数，是否实际展示以文案决策表与浏览器证据为准"
"src/normalized-ui/AnnualBenefitManagementPanel.tsx","345","AnnualBenefitManagementPanel","jsx-text","替换原因","","完整候选索引；表达式内字面量可能是接口参数，是否实际展示以文案决策表与浏览器证据为准"
"src/normalized-ui/AnnualBenefitManagementPanel.tsx","345","AnnualBenefitManagementPanel","jsx-expression-literal","请说明顾客选择或合规原因","","完整候选索引；表达式内字面量可能是接口参数，是否实际展示以文案决策表与浏览器证据为准"
"src/normalized-ui/AnnualBenefitManagementPanel.tsx","345","AnnualBenefitManagementPanel","jsx-template-text","annual-gift-","","完整候选索引；表达式内字面量可能是接口参数，是否实际展示以文案决策表与浏览器证据为准"
"src/normalized-ui/AnnualBenefitManagementPanel.tsx","345","AnnualBenefitManagementPanel","jsx-expression-literal","正在核销","","完整候选索引；表达式内字面量可能是接口参数，是否实际展示以文案决策表与浏览器证据为准"
"src/normalized-ui/AnnualBenefitManagementPanel.tsx","345","AnnualBenefitManagementPanel","jsx-expression-literal","二次确认并进入出品","","完整候选索引；表达式内字面量可能是接口参数，是否实际展示以文案决策表与浏览器证据为准"
"src/normalized-ui/AnnualBenefitManagementPanel.tsx","345","AnnualBenefitManagementPanel","jsx-template-text","annual-gift-cancel-","","完整候选索引；表达式内字面量可能是接口参数，是否实际展示以文案决策表与浏览器证据为准"
"src/normalized-ui/AnnualBenefitManagementPanel.tsx","345","AnnualBenefitManagementPanel","jsx-expression-literal","正在取消","","完整候选索引；表达式内字面量可能是接口参数，是否实际展示以文案决策表与浏览器证据为准"
"src/normalized-ui/AnnualBenefitManagementPanel.tsx","345","AnnualBenefitManagementPanel","jsx-expression-literal","取消暂留","","完整候选索引；表达式内字面量可能是接口参数，是否实际展示以文案决策表与浏览器证据为准"
"src/normalized-ui/AnnualBenefitManagementPanel.tsx","346","AnnualBenefitManagementPanel","jsx-text","今日待核销点心","","完整候选索引；表达式内字面量可能是接口参数，是否实际展示以文案决策表与浏览器证据为准"
"src/normalized-ui/AnnualBenefitManagementPanel.tsx","346","AnnualBenefitManagementPanel","jsx-text","仅显示当日到店申请；核销前请核对桌台和顾客出示的核销码。","","完整候选索引；表达式内字面量可能是接口参数，是否实际展示以文案决策表与浏览器证据为准"
"src/normalized-ui/AnnualBenefitManagementPanel.tsx","346","AnnualBenefitManagementPanel","jsx-text","当前没有待核销或已处理的每日点心。","","完整候选索引；表达式内字面量可能是接口参数，是否实际展示以文案决策表与浏览器证据为准"
"src/normalized-ui/AnnualBenefitManagementPanel.tsx","346","AnnualBenefitManagementPanel","jsx-expression-literal","当前桌台","","完整候选索引；表达式内字面量可能是接口参数，是否实际展示以文案决策表与浏览器证据为准"
"src/normalized-ui/AnnualBenefitManagementPanel.tsx","346","AnnualBenefitManagementPanel","jsx-text","核销码","","完整候选索引；表达式内字面量可能是接口参数，是否实际展示以文案决策表与浏览器证据为准"
"src/normalized-ui/AnnualBenefitManagementPanel.tsx","346","AnnualBenefitManagementPanel","jsx-expression-literal","reserved","","完整候选索引；表达式内字面量可能是接口参数，是否实际展示以文案决策表与浏览器证据为准"
"src/normalized-ui/AnnualBenefitManagementPanel.tsx","346","AnnualBenefitManagementPanel","jsx-text","请先核对顾客出示的核销码","","完整候选索引；表达式内字面量可能是接口参数，是否实际展示以文案决策表与浏览器证据为准"
"src/normalized-ui/AnnualBenefitManagementPanel.tsx","346","AnnualBenefitManagementPanel","jsx-expression-literal","reserved","","完整候选索引；表达式内字面量可能是接口参数，是否实际展示以文案决策表与浏览器证据为准"
"src/normalized-ui/AnnualBenefitManagementPanel.tsx","346","AnnualBenefitManagementPanel","jsx-template-text","daily-snack-","","完整候选索引；表达式内字面量可能是接口参数，是否实际展示以文案决策表与浏览器证据为准"
"src/normalized-ui/AnnualBenefitManagementPanel.tsx","346","AnnualBenefitManagementPanel","jsx-expression-literal","正在核销","","完整候选索引；表达式内字面量可能是接口参数，是否实际展示以文案决策表与浏览器证据为准"
"src/normalized-ui/AnnualBenefitManagementPanel.tsx","346","AnnualBenefitManagementPanel","jsx-expression-literal","确认核销并通知出品","","完整候选索引；表达式内字面量可能是接口参数，是否实际展示以文案决策表与浏览器证据为准"
"src/normalized-ui/AnnualBenefitManagementPanel.tsx","346","AnnualBenefitManagementPanel","jsx-template-text","daily-snack-cancel-","","完整候选索引；表达式内字面量可能是接口参数，是否实际展示以文案决策表与浏览器证据为准"
"src/normalized-ui/AnnualBenefitManagementPanel.tsx","346","AnnualBenefitManagementPanel","jsx-expression-literal","正在取消","","完整候选索引；表达式内字面量可能是接口参数，是否实际展示以文案决策表与浏览器证据为准"
"src/normalized-ui/AnnualBenefitManagementPanel.tsx","346","AnnualBenefitManagementPanel","jsx-expression-literal","取消暂留","","完整候选索引；表达式内字面量可能是接口参数，是否实际展示以文案决策表与浏览器证据为准"
"src/normalized-ui/AnnualBenefitManagementPanel.tsx","347","AnnualBenefitManagementPanel","jsx-text","礼遇出品异常","","完整候选索引；表达式内字面量可能是接口参数，是否实际展示以文案决策表与浏览器证据为准"
"src/normalized-ui/AnnualBenefitManagementPanel.tsx","347","AnnualBenefitManagementPanel","jsx-text","自动重试停止后必须选择重新派发、取消释放或凭证化线下补偿；所有终态动作均复验桌台权限并写审计。","终态","完整候选索引；表达式内字面量可能是接口参数，是否实际展示以文案决策表与浏览器证据为准"
"src/normalized-ui/AnnualBenefitManagementPanel.tsx","347","AnnualBenefitManagementPanel","jsx-text","当前没有需要人工处理的礼遇出品异常。","","完整候选索引；表达式内字面量可能是接口参数，是否实际展示以文案决策表与浏览器证据为准"
"src/normalized-ui/AnnualBenefitManagementPanel.tsx","347","AnnualBenefitManagementPanel","jsx-expression-literal","会员礼遇","","完整候选索引；表达式内字面量可能是接口参数，是否实际展示以文案决策表与浏览器证据为准"
"src/normalized-ui/AnnualBenefitManagementPanel.tsx","347","AnnualBenefitManagementPanel","jsx-expression-literal","failed","","完整候选索引；表达式内字面量可能是接口参数，是否实际展示以文案决策表与浏览器证据为准"
"src/normalized-ui/AnnualBenefitManagementPanel.tsx","347","AnnualBenefitManagementPanel","jsx-expression-literal","自动重试已停止","","完整候选索引；表达式内字面量可能是接口参数，是否实际展示以文案决策表与浏览器证据为准"
"src/normalized-ui/AnnualBenefitManagementPanel.tsx","347","AnnualBenefitManagementPanel","jsx-expression-literal","正在自动重试","","完整候选索引；表达式内字面量可能是接口参数，是否实际展示以文案决策表与浏览器证据为准"
"src/normalized-ui/AnnualBenefitManagementPanel.tsx","347","AnnualBenefitManagementPanel","jsx-expression-literal","会员号待确认","","完整候选索引；表达式内字面量可能是接口参数，是否实际展示以文案决策表与浏览器证据为准"
"src/normalized-ui/AnnualBenefitManagementPanel.tsx","347","AnnualBenefitManagementPanel","jsx-expression-literal","顾客姓名未设置","","完整候选索引；表达式内字面量可能是接口参数，是否实际展示以文案决策表与浏览器证据为准"
"src/normalized-ui/AnnualBenefitManagementPanel.tsx","347","AnnualBenefitManagementPanel","jsx-text","· 已尝试","","完整候选索引；表达式内字面量可能是接口参数，是否实际展示以文案决策表与浏览器证据为准"
"src/normalized-ui/AnnualBenefitManagementPanel.tsx","347","AnnualBenefitManagementPanel","jsx-text","次 ·","","完整候选索引；表达式内字面量可能是接口参数，是否实际展示以文案决策表与浏览器证据为准"
"src/normalized-ui/AnnualBenefitManagementPanel.tsx","347","AnnualBenefitManagementPanel","jsx-expression-literal","原因待确认","","完整候选索引；表达式内字面量可能是接口参数，是否实际展示以文案决策表与浏览器证据为准"
"src/normalized-ui/AnnualBenefitManagementPanel.tsx","347","AnnualBenefitManagementPanel","jsx-template-text","fulfillment-retry-","","完整候选索引；表达式内字面量可能是接口参数，是否实际展示以文案决策表与浏览器证据为准"
"src/normalized-ui/AnnualBenefitManagementPanel.tsx","347","AnnualBenefitManagementPanel","jsx-expression-literal","正在重新派发","","完整候选索引；表达式内字面量可能是接口参数，是否实际展示以文案决策表与浏览器证据为准"
"src/normalized-ui/AnnualBenefitManagementPanel.tsx","347","AnnualBenefitManagementPanel","jsx-expression-literal","复核并重新派发","","完整候选索引；表达式内字面量可能是接口参数，是否实际展示以文案决策表与浏览器证据为准"
"src/normalized-ui/AnnualBenefitManagementPanel.tsx","347","AnnualBenefitManagementPanel","jsx-expression-literal","failed","","完整候选索引；表达式内字面量可能是接口参数，是否实际展示以文案决策表与浏览器证据为准"
"src/normalized-ui/AnnualBenefitManagementPanel.tsx","347","AnnualBenefitManagementPanel","jsx-template-text","fulfillment-cancel-","","完整候选索引；表达式内字面量可能是接口参数，是否实际展示以文案决策表与浏览器证据为准"
"src/normalized-ui/AnnualBenefitManagementPanel.tsx","347","AnnualBenefitManagementPanel","jsx-expression-literal","正在取消释放","","完整候选索引；表达式内字面量可能是接口参数，是否实际展示以文案决策表与浏览器证据为准"
"src/normalized-ui/AnnualBenefitManagementPanel.tsx","347","AnnualBenefitManagementPanel","jsx-expression-literal","取消出品并释放","","完整候选索引；表达式内字面量可能是接口参数，是否实际展示以文案决策表与浏览器证据为准"
"src/normalized-ui/AnnualBenefitManagementPanel.tsx","347","AnnualBenefitManagementPanel","jsx-template-text","fulfillment-compensate-","","完整候选索引；表达式内字面量可能是接口参数，是否实际展示以文案决策表与浏览器证据为准"
"src/normalized-ui/AnnualBenefitManagementPanel.tsx","347","AnnualBenefitManagementPanel","jsx-expression-literal","正在补偿结案","","完整候选索引；表达式内字面量可能是接口参数，是否实际展示以文案决策表与浏览器证据为准"
"src/normalized-ui/AnnualBenefitManagementPanel.tsx","347","AnnualBenefitManagementPanel","jsx-expression-literal","线下补偿结案","","完整候选索引；表达式内字面量可能是接口参数，是否实际展示以文案决策表与浏览器证据为准"
"src/normalized-ui/AnnualBenefitManagementPanel.tsx","348","AnnualBenefitManagementPanel","jsx-text","已确认节日日期","","完整候选索引；表达式内字面量可能是接口参数，是否实际展示以文案决策表与浏览器证据为准"
"src/normalized-ui/AnnualBenefitManagementPanel.tsx","348","AnnualBenefitManagementPanel","jsx-text","顾客日历只使用这里已确认的日期","","完整候选索引；表达式内字面量可能是接口参数，是否实际展示以文案决策表与浏览器证据为准"
"src/normalized-ui/AnnualBenefitManagementPanel.tsx","348","AnnualBenefitManagementPanel","jsx-expression-literal","已归档规则","","完整候选索引；表达式内字面量可能是接口参数，是否实际展示以文案决策表与浏览器证据为准"
"src/normalized-ui/BottleCustodyPanel.tsx","44","BottleCustodyPanel","jsx-text","会员存酒","","完整候选索引；表达式内字面量可能是接口参数，是否实际展示以文案决策表与浏览器证据为准"
"src/normalized-ui/BottleCustodyPanel.tsx","44","BottleCustodyPanel","jsx-text","报会员号查存酒，验证码通过后再确认实物已取走。再存可沿用原单或新开单，不再存保留取走与归档记录。","","完整候选索引；表达式内字面量可能是接口参数，是否实际展示以文案决策表与浏览器证据为准"
"src/normalized-ui/BottleCustodyPanel.tsx","44","BottleCustodyPanel","jsx-text","刷新已保存的记录","","完整候选索引；表达式内字面量可能是接口参数，是否实际展示以文案决策表与浏览器证据为准"
"src/normalized-ui/BottleCustodyPanel.tsx","45","BottleCustodyPanel","jsx-text","会员号","","完整候选索引；表达式内字面量可能是接口参数，是否实际展示以文案决策表与浏览器证据为准"
"src/normalized-ui/BottleCustodyPanel.tsx","45","BottleCustodyPanel","jsx-text","编号或酒名","","完整候选索引；表达式内字面量可能是接口参数，是否实际展示以文案决策表与浏览器证据为准"
"src/normalized-ui/BottleCustodyPanel.tsx","45","BottleCustodyPanel","jsx-expression-literal","category","","完整候选索引；表达式内字面量可能是接口参数，是否实际展示以文案决策表与浏览器证据为准"
"src/normalized-ui/BottleCustodyPanel.tsx","45","BottleCustodyPanel","jsx-text","品类","","完整候选索引；表达式内字面量可能是接口参数，是否实际展示以文案决策表与浏览器证据为准"
"src/normalized-ui/BottleCustodyPanel.tsx","45","BottleCustodyPanel","jsx-text","全部","","完整候选索引；表达式内字面量可能是接口参数，是否实际展示以文案决策表与浏览器证据为准"
"src/normalized-ui/BottleCustodyPanel.tsx","45","BottleCustodyPanel","jsx-expression-literal","status","","完整候选索引；表达式内字面量可能是接口参数，是否实际展示以文案决策表与浏览器证据为准"
"src/normalized-ui/BottleCustodyPanel.tsx","45","BottleCustodyPanel","jsx-text","状态","","完整候选索引；表达式内字面量可能是接口参数，是否实际展示以文案决策表与浏览器证据为准"
"src/normalized-ui/BottleCustodyPanel.tsx","45","BottleCustodyPanel","jsx-text","全部","","完整候选索引；表达式内字面量可能是接口参数，是否实际展示以文案决策表与浏览器证据为准"
"src/normalized-ui/BottleCustodyPanel.tsx","45","BottleCustodyPanel","jsx-expression-literal","stored","","完整候选索引；表达式内字面量可能是接口参数，是否实际展示以文案决策表与浏览器证据为准"
"src/normalized-ui/BottleCustodyPanel.tsx","45","BottleCustodyPanel","jsx-expression-literal","collected","","完整候选索引；表达式内字面量可能是接口参数，是否实际展示以文案决策表与浏览器证据为准"
"src/normalized-ui/BottleCustodyPanel.tsx","45","BottleCustodyPanel","jsx-expression-literal","archived","","完整候选索引；表达式内字面量可能是接口参数，是否实际展示以文案决策表与浏览器证据为准"
"src/normalized-ui/BottleCustodyPanel.tsx","45","BottleCustodyPanel","jsx-expression-literal","date","","完整候选索引；表达式内字面量可能是接口参数，是否实际展示以文案决策表与浏览器证据为准"
"src/normalized-ui/BottleCustodyPanel.tsx","45","BottleCustodyPanel","jsx-text","开始日期","","完整候选索引；表达式内字面量可能是接口参数，是否实际展示以文案决策表与浏览器证据为准"
"src/normalized-ui/BottleCustodyPanel.tsx","45","BottleCustodyPanel","jsx-text","结束日期","","完整候选索引；表达式内字面量可能是接口参数，是否实际展示以文案决策表与浏览器证据为准"
"src/normalized-ui/BottleCustodyPanel.tsx","45","BottleCustodyPanel","jsx-text","查询 / 刷新","","完整候选索引；表达式内字面量可能是接口参数，是否实际展示以文案决策表与浏览器证据为准"
"src/normalized-ui/BottleCustodyPanel.tsx","45","BottleCustodyPanel","jsx-expression-literal","bottle.custody.export","","完整候选索引；表达式内字面量可能是接口参数，是否实际展示以文案决策表与浏览器证据为准"
"src/normalized-ui/BottleCustodyPanel.tsx","45","BottleCustodyPanel","jsx-expression-literal","导出当前筛选","","完整候选索引；表达式内字面量可能是接口参数，是否实际展示以文案决策表与浏览器证据为准"
"src/normalized-ui/BottleCustodyPanel.tsx","45","BottleCustodyPanel","jsx-expression-literal","需配置存酒导出权限","","完整候选索引；表达式内字面量可能是接口参数，是否实际展示以文案决策表与浏览器证据为准"
"src/normalized-ui/BottleCustodyPanel.tsx","45","BottleCustodyPanel","jsx-text","按筛选导出 Excel","","完整候选索引；表达式内字面量可能是接口参数，是否实际展示以文案决策表与浏览器证据为准"
"src/normalized-ui/BottleCustodyPanel.tsx","47","BottleCustodyPanel","jsx-text","当前筛选共","","完整候选索引；表达式内字面量可能是接口参数，是否实际展示以文案决策表与浏览器证据为准"
"src/normalized-ui/BottleCustodyPanel.tsx","47","BottleCustodyPanel","jsx-text","单 · 在存","","完整候选索引；表达式内字面量可能是接口参数，是否实际展示以文案决策表与浏览器证据为准"
"src/normalized-ui/BottleCustodyPanel.tsx","47","BottleCustodyPanel","jsx-text","· 已取走待处理","","完整候选索引；表达式内字面量可能是接口参数，是否实际展示以文案决策表与浏览器证据为准"
"src/normalized-ui/BottleCustodyPanel.tsx","47","BottleCustodyPanel","jsx-text","· 归档","","完整候选索引；表达式内字面量可能是接口参数，是否实际展示以文案决策表与浏览器证据为准"
"src/normalized-ui/BottleCustodyPanel.tsx","47","BottleCustodyPanel","jsx-text","；登记价值非实收收入。","","完整候选索引；表达式内字面量可能是接口参数，是否实际展示以文案决策表与浏览器证据为准"
"src/normalized-ui/BottleCustodyPanel.tsx","47","BottleCustodyPanel","jsx-expression-literal","category","","完整候选索引；表达式内字面量可能是接口参数，是否实际展示以文案决策表与浏览器证据为准"
"src/normalized-ui/BottleCustodyPanel.tsx","47","BottleCustodyPanel","jsx-text","· 余","","完整候选索引；表达式内字面量可能是接口参数，是否实际展示以文案决策表与浏览器证据为准"
"src/normalized-ui/BottleCustodyPanel.tsx","47","BottleCustodyPanel","jsx-text","到期","","完整候选索引；表达式内字面量可能是接口参数，是否实际展示以文案决策表与浏览器证据为准"
"src/normalized-ui/BottleCustodyPanel.tsx","47","BottleCustodyPanel","jsx-expression-literal","zh-CN","","完整候选索引；表达式内字面量可能是接口参数，是否实际展示以文案决策表与浏览器证据为准"
"src/normalized-ui/BottleCustodyPanel.tsx","47","BottleCustodyPanel","jsx-expression-literal","Asia/Shanghai","","完整候选索引；表达式内字面量可能是接口参数，是否实际展示以文案决策表与浏览器证据为准"
"src/normalized-ui/BottleCustodyPanel.tsx","47","BottleCustodyPanel","jsx-text","加载更多存酒","","完整候选索引；表达式内字面量可能是接口参数，是否实际展示以文案决策表与浏览器证据为准"
"src/normalized-ui/BottleCustodyPanel.tsx","48","BottleCustodyPanel","feedback","请允许打开打印预览窗口","","完整候选索引；表达式内字面量可能是接口参数，是否实际展示以文案决策表与浏览器证据为准"
"src/normalized-ui/BottleCustodyPanel.tsx","48","BottleCustodyPanel","jsx-text","生成打印凭证","","完整候选索引；表达式内字面量可能是接口参数，是否实际展示以文案决策表与浏览器证据为准"
"src/normalized-ui/BottleCustodyPanel.tsx","48","BottleCustodyPanel","jsx-text","原存","","完整候选索引；表达式内字面量可能是接口参数，是否实际展示以文案决策表与浏览器证据为准"
"src/normalized-ui/BottleCustodyPanel.tsx","48","BottleCustodyPanel","jsx-text","，当前剩余","","完整候选索引；表达式内字面量可能是接口参数，是否实际展示以文案决策表与浏览器证据为准"
"src/normalized-ui/BottleCustodyPanel.tsx","48","BottleCustodyPanel","jsx-text","；位置：","","完整候选索引；表达式内字面量可能是接口参数，是否实际展示以文案决策表与浏览器证据为准"
"src/normalized-ui/BottleCustodyPanel.tsx","48","BottleCustodyPanel","jsx-expression-literal","未填写","","完整候选索引；表达式内字面量可能是接口参数，是否实际展示以文案决策表与浏览器证据为准"
"src/normalized-ui/BottleCustodyPanel.tsx","49","BottleCustodyPanel","jsx-text","存入照片与联系记录（","","完整候选索引；表达式内字面量可能是接口参数，是否实际展示以文案决策表与浏览器证据为准"
"src/normalized-ui/BottleCustodyPanel.tsx","49","BottleCustodyPanel","jsx-text","历史存酒单未留存照片或手机号；再次寄存时必须补齐。","","完整候选索引；表达式内字面量可能是接口参数，是否实际展示以文案决策表与浏览器证据为准"
"src/normalized-ui/BottleCustodyPanel.tsx","49","BottleCustodyPanel","jsx-expression-literal","zh-CN","","完整候选索引；表达式内字面量可能是接口参数，是否实际展示以文案决策表与浏览器证据为准"
"src/normalized-ui/BottleCustodyPanel.tsx","49","BottleCustodyPanel","jsx-expression-literal","Asia/Shanghai","","完整候选索引；表达式内字面量可能是接口参数，是否实际展示以文案决策表与浏览器证据为准"
"src/normalized-ui/BottleCustodyPanel.tsx","49","BottleCustodyPanel","jsx-text","· 本次存入","","完整候选索引；表达式内字面量可能是接口参数，是否实际展示以文案决策表与浏览器证据为准"
"src/normalized-ui/BottleCustodyPanel.tsx","49","BottleCustodyPanel","jsx-text","· 手机号","","完整候选索引；表达式内字面量可能是接口参数，是否实际展示以文案决策表与浏览器证据为准"
"src/normalized-ui/BottleCustodyPanel.tsx","49","BottleCustodyPanel","jsx-expression-literal","membership","","完整候选索引；表达式内字面量可能是接口参数，是否实际展示以文案决策表与浏览器证据为准"
"src/normalized-ui/BottleCustodyPanel.tsx","49","BottleCustodyPanel","jsx-expression-literal","会员登记","","完整候选索引；表达式内字面量可能是接口参数，是否实际展示以文案决策表与浏览器证据为准"
"src/normalized-ui/BottleCustodyPanel.tsx","49","BottleCustodyPanel","jsx-expression-literal","员工补录，未验证","","完整候选索引；表达式内字面量可能是接口参数，是否实际展示以文案决策表与浏览器证据为准"
"src/normalized-ui/BottleCustodyPanel.tsx","49","BottleCustodyPanel","jsx-text","查看带时间水印照片","","完整候选索引；表达式内字面量可能是接口参数，是否实际展示以文案决策表与浏览器证据为准"
"src/normalized-ui/BottleCustodyPanel.tsx","50","BottleCustodyPanel","jsx-expression-literal","未填写","","完整候选索引；表达式内字面量可能是接口参数，是否实际展示以文案决策表与浏览器证据为准"
"src/normalized-ui/BottleCustodyPanel.tsx","51","BottleCustodyPanel","jsx-expression-literal","stored","","完整候选索引；表达式内字面量可能是接口参数，是否实际展示以文案决策表与浏览器证据为准"
"src/normalized-ui/BottleCustodyPanel.tsx","51","BottleCustodyPanel","jsx-text","本次取酒数量","","完整候选索引；表达式内字面量可能是接口参数，是否实际展示以文案决策表与浏览器证据为准"
"src/normalized-ui/BottleCustodyPanel.tsx","51","BottleCustodyPanel","display-definition","确认发送取酒验证码","","完整候选索引；表达式内字面量可能是接口参数，是否实际展示以文案决策表与浏览器证据为准"
"src/normalized-ui/BottleCustodyPanel.tsx","51","BottleCustodyPanel","display-definition","发码前请确认：客人已在服务号「订阅提醒」页点过「一键订阅提醒」并勾选「取酒验证码」类通知。未授权会发送失败。确认后继续发送？","","完整候选索引；表达式内字面量可能是接口参数，是否实际展示以文案决策表与浏览器证据为准"
"src/normalized-ui/BottleCustodyPanel.tsx","51","BottleCustodyPanel","jsx-text","向会员服务号发验证码","","完整候选索引；表达式内字面量可能是接口参数，是否实际展示以文案决策表与浏览器证据为准"
"src/normalized-ui/BottleCustodyPanel.tsx","51","BottleCustodyPanel","jsx-text","验证码走服务号一次性订阅。客人打开菜单「订阅提醒」点「一键订阅提醒」授权后再点发码。","","完整候选索引；表达式内字面量可能是接口参数，是否实际展示以文案决策表与浏览器证据为准"
"src/normalized-ui/BottleCustodyPanel.tsx","52","BottleCustodyPanel","jsx-text","验证码发送状态：","","完整候选索引；表达式内字面量可能是接口参数，是否实际展示以文案决策表与浏览器证据为准"
"src/normalized-ui/BottleCustodyPanel.tsx","52","BottleCustodyPanel","jsx-expression-literal","状态待核对","","完整候选索引；表达式内字面量可能是接口参数，是否实际展示以文案决策表与浏览器证据为准"
"src/normalized-ui/BottleCustodyPanel.tsx","52","BottleCustodyPanel","jsx-text","；有效至","","完整候选索引；表达式内字面量可能是接口参数，是否实际展示以文案决策表与浏览器证据为准"
"src/normalized-ui/BottleCustodyPanel.tsx","52","BottleCustodyPanel","jsx-expression-literal","zh-CN","","完整候选索引；表达式内字面量可能是接口参数，是否实际展示以文案决策表与浏览器证据为准"
"src/normalized-ui/BottleCustodyPanel.tsx","52","BottleCustodyPanel","jsx-expression-literal","Asia/Shanghai","","完整候选索引；表达式内字面量可能是接口参数，是否实际展示以文案决策表与浏览器证据为准"
"src/normalized-ui/BottleCustodyPanel.tsx","52","BottleCustodyPanel","jsx-text","刷新发送状态","","完整候选索引；表达式内字面量可能是接口参数，是否实际展示以文案决策表与浏览器证据为准"
"src/normalized-ui/BottleCustodyPanel.tsx","52","BottleCustodyPanel","jsx-text","会员出示的验证码","","完整候选索引；表达式内字面量可能是接口参数，是否实际展示以文案决策表与浏览器证据为准"
"src/normalized-ui/BottleCustodyPanel.tsx","52","BottleCustodyPanel","jsx-text","验证","","完整候选索引；表达式内字面量可能是接口参数，是否实际展示以文案决策表与浏览器证据为准"
"src/normalized-ui/BottleCustodyPanel.tsx","52","BottleCustodyPanel","jsx-text","确认实物已取走","","完整候选索引；表达式内字面量可能是接口参数，是否实际展示以文案决策表与浏览器证据为准"
"src/normalized-ui/BottleCustodyPanel.tsx","53","BottleCustodyPanel","jsx-expression-literal","collected","","完整候选索引；表达式内字面量可能是接口参数，是否实际展示以文案决策表与浏览器证据为准"
"src/normalized-ui/BottleCustodyPanel.tsx","53","BottleCustodyPanel","jsx-text","本次已取","","完整候选索引；表达式内字面量可能是接口参数，是否实际展示以文案决策表与浏览器证据为准"
"src/normalized-ui/BottleCustodyPanel.tsx","53","BottleCustodyPanel","jsx-text","再存方式","","完整候选索引；表达式内字面量可能是接口参数，是否实际展示以文案决策表与浏览器证据为准"
"src/normalized-ui/BottleCustodyPanel.tsx","53","BottleCustodyPanel","jsx-text","新建存酒单","","完整候选索引；表达式内字面量可能是接口参数，是否实际展示以文案决策表与浏览器证据为准"
"src/normalized-ui/BottleCustodyPanel.tsx","53","BottleCustodyPanel","jsx-text","沿用原单","","完整候选索引；表达式内字面量可能是接口参数，是否实际展示以文案决策表与浏览器证据为准"
"src/normalized-ui/BottleCustodyPanel.tsx","53","BottleCustodyPanel","jsx-text","再存数量","","完整候选索引；表达式内字面量可能是接口参数，是否实际展示以文案决策表与浏览器证据为准"
"src/normalized-ui/BottleCustodyPanel.tsx","53","BottleCustodyPanel","jsx-text","确认再存","","完整候选索引；表达式内字面量可能是接口参数，是否实际展示以文案决策表与浏览器证据为准"
"src/normalized-ui/BottleCustodyPanel.tsx","53","BottleCustodyPanel","jsx-text","确认不再存","","完整候选索引；表达式内字面量可能是接口参数，是否实际展示以文案决策表与浏览器证据为准"
"src/normalized-ui/BottleCustodyPanel.tsx","54","BottleCustodyPanel","jsx-expression-literal","collected","","完整候选索引；表达式内字面量可能是接口参数，是否实际展示以文案决策表与浏览器证据为准"
"src/normalized-ui/BottleCustodyPanel.tsx","54","BottleCustodyPanel","jsx-expression-literal","collected","","完整候选索引；表达式内字面量可能是接口参数，是否实际展示以文案决策表与浏览器证据为准"
"src/normalized-ui/BottleCustodyPanel.tsx","54","BottleCustodyPanel","jsx-text","归档此单","","完整候选索引；表达式内字面量可能是接口参数，是否实际展示以文案决策表与浏览器证据为准"
"src/normalized-ui/BottleCustodyPanel.tsx","55","BottleCustodyPanel","jsx-text","查看本次再存新单","","完整候选索引；表达式内字面量可能是接口参数，是否实际展示以文案决策表与浏览器证据为准"
"src/normalized-ui/BottleCustodyPanel.tsx","56","BottleCustodyPanel","jsx-text","调整到期时间","","完整候选索引；表达式内字面量可能是接口参数，是否实际展示以文案决策表与浏览器证据为准"
"src/normalized-ui/BottleCustodyPanel.tsx","56","BottleCustodyPanel","jsx-text","新到期时间（北京时间）","","完整候选索引；表达式内字面量可能是接口参数，是否实际展示以文案决策表与浏览器证据为准"
"src/normalized-ui/BottleCustodyPanel.tsx","56","BottleCustodyPanel","jsx-text","原因","","完整候选索引；表达式内字面量可能是接口参数，是否实际展示以文案决策表与浏览器证据为准"
"src/normalized-ui/BottleCustodyPanel.tsx","56","BottleCustodyPanel","jsx-text","保存到期时间","","完整候选索引；表达式内字面量可能是接口参数，是否实际展示以文案决策表与浏览器证据为准"
"src/normalized-ui/BottleCustodyPanel.tsx","57","BottleCustodyPanel","jsx-text","存取与验证记录（","","完整候选索引；表达式内字面量可能是接口参数，是否实际展示以文案决策表与浏览器证据为准"
"src/normalized-ui/BottleCustodyPanel.tsx","57","BottleCustodyPanel","jsx-expression-literal","zh-CN","","完整候选索引；表达式内字面量可能是接口参数，是否实际展示以文案决策表与浏览器证据为准"
"src/normalized-ui/BottleCustodyPanel.tsx","57","BottleCustodyPanel","jsx-expression-literal","Asia/Shanghai","","完整候选索引；表达式内字面量可能是接口参数，是否实际展示以文案决策表与浏览器证据为准"
"src/normalized-ui/BottleCustodyPanel.tsx","57","BottleCustodyPanel","jsx-expression-literal","状态待核对","","完整候选索引；表达式内字面量可能是接口参数，是否实际展示以文案决策表与浏览器证据为准"
"src/normalized-ui/BottleCustodyPanel.tsx","57","BottleCustodyPanel","jsx-text","· 操作人","","完整候选索引；表达式内字面量可能是接口参数，是否实际展示以文案决策表与浏览器证据为准"
"src/normalized-ui/BottleCustodyPanel.tsx","57","BottleCustodyPanel","jsx-expression-literal","原经办人员","","完整候选索引；表达式内字面量可能是接口参数，是否实际展示以文案决策表与浏览器证据为准"
"src/normalized-ui/BottleCustodyPanel.tsx","57","BottleCustodyPanel","jsx-text","到期提醒记录","","完整候选索引；表达式内字面量可能是接口参数，是否实际展示以文案决策表与浏览器证据为准"
"src/normalized-ui/BottleCustodyPanel.tsx","57","BottleCustodyPanel","jsx-text","提前","","完整候选索引；表达式内字面量可能是接口参数，是否实际展示以文案决策表与浏览器证据为准"
"src/normalized-ui/BottleCustodyPanel.tsx","57","BottleCustodyPanel","jsx-text","天 ·","","完整候选索引；表达式内字面量可能是接口参数，是否实际展示以文案决策表与浏览器证据为准"
"src/normalized-ui/BottleCustodyPanel.tsx","57","BottleCustodyPanel","jsx-expression-literal","zh-CN","","完整候选索引；表达式内字面量可能是接口参数，是否实际展示以文案决策表与浏览器证据为准"
"src/normalized-ui/BottleCustodyPanel.tsx","57","BottleCustodyPanel","jsx-expression-literal","Asia/Shanghai","","完整候选索引；表达式内字面量可能是接口参数，是否实际展示以文案决策表与浏览器证据为准"
"src/normalized-ui/BottleCustodyPanel.tsx","57","BottleCustodyPanel","jsx-expression-literal","状态待核对","","完整候选索引；表达式内字面量可能是接口参数，是否实际展示以文案决策表与浏览器证据为准"
"src/normalized-ui/BottleCustodyPanel.tsx","57","BottleCustodyPanel","jsx-template-text","回执：","回执","完整候选索引；表达式内字面量可能是接口参数，是否实际展示以文案决策表与浏览器证据为准"
"src/normalized-ui/BottleCustodyPanel.tsx","58","BottleCustodyPanel","jsx-text","录入新存酒","","完整候选索引；表达式内字面量可能是接口参数，是否实际展示以文案决策表与浏览器证据为准"
"src/normalized-ui/BottleCustodyPanel.tsx","59","BottleCustodyPanel","jsx-text","存酒登记价值（元，选填，非收入）","","完整候选索引；表达式内字面量可能是接口参数，是否实际展示以文案决策表与浏览器证据为准"
"src/normalized-ui/BottleCustodyPanel.tsx","59","BottleCustodyPanel","jsx-expression-literal","memberNo","","完整候选索引；表达式内字面量可能是接口参数，是否实际展示以文案决策表与浏览器证据为准"
"src/normalized-ui/BottleCustodyPanel.tsx","59","BottleCustodyPanel","jsx-expression-literal","itemName","","完整候选索引；表达式内字面量可能是接口参数，是否实际展示以文案决策表与浏览器证据为准"
"src/normalized-ui/BottleCustodyPanel.tsx","59","BottleCustodyPanel","jsx-expression-literal","unit","","完整候选索引；表达式内字面量可能是接口参数，是否实际展示以文案决策表与浏览器证据为准"
"src/normalized-ui/BottleCustodyPanel.tsx","59","BottleCustodyPanel","jsx-expression-literal","quantity","","完整候选索引；表达式内字面量可能是接口参数，是否实际展示以文案决策表与浏览器证据为准"
"src/normalized-ui/BottleCustodyPanel.tsx","59","BottleCustodyPanel","jsx-expression-literal","sourceReference","","完整候选索引；表达式内字面量可能是接口参数，是否实际展示以文案决策表与浏览器证据为准"
"src/normalized-ui/BottleCustodyPanel.tsx","59","BottleCustodyPanel","jsx-expression-literal","location","","完整候选索引；表达式内字面量可能是接口参数，是否实际展示以文案决策表与浏览器证据为准"
"src/normalized-ui/BottleCustodyPanel.tsx","59","BottleCustodyPanel","jsx-expression-literal","note","","完整候选索引；表达式内字面量可能是接口参数，是否实际展示以文案决策表与浏览器证据为准"
"src/normalized-ui/BottleCustodyPanel.tsx","59","BottleCustodyPanel","jsx-expression-literal","days","","完整候选索引；表达式内字面量可能是接口参数，是否实际展示以文案决策表与浏览器证据为准"
"src/normalized-ui/BottleCustodyPanel.tsx","59","BottleCustodyPanel","jsx-expression-literal","会员号","","完整候选索引；表达式内字面量可能是接口参数，是否实际展示以文案决策表与浏览器证据为准"
"src/normalized-ui/BottleCustodyPanel.tsx","59","BottleCustodyPanel","jsx-expression-literal","酒名","","完整候选索引；表达式内字面量可能是接口参数，是否实际展示以文案决策表与浏览器证据为准"
"src/normalized-ui/BottleCustodyPanel.tsx","59","BottleCustodyPanel","jsx-expression-literal","单位","","完整候选索引；表达式内字面量可能是接口参数，是否实际展示以文案决策表与浏览器证据为准"
"src/normalized-ui/BottleCustodyPanel.tsx","59","BottleCustodyPanel","jsx-expression-literal","数量","","完整候选索引；表达式内字面量可能是接口参数，是否实际展示以文案决策表与浏览器证据为准"
"src/normalized-ui/BottleCustodyPanel.tsx","59","BottleCustodyPanel","jsx-expression-literal","原订单编号（外部凭证）","","完整候选索引；表达式内字面量可能是接口参数，是否实际展示以文案决策表与浏览器证据为准"
"src/normalized-ui/BottleCustodyPanel.tsx","59","BottleCustodyPanel","jsx-expression-literal","存放位置","","完整候选索引；表达式内字面量可能是接口参数，是否实际展示以文案决策表与浏览器证据为准"
"src/normalized-ui/BottleCustodyPanel.tsx","59","BottleCustodyPanel","jsx-expression-literal","备注","","完整候选索引；表达式内字面量可能是接口参数，是否实际展示以文案决策表与浏览器证据为准"
"src/normalized-ui/BottleCustodyPanel.tsx","59","BottleCustodyPanel","jsx-expression-literal","存期天数（留空用品类默认）","","完整候选索引；表达式内字面量可能是接口参数，是否实际展示以文案决策表与浏览器证据为准"
"src/normalized-ui/BottleCustodyPanel.tsx","59","BottleCustodyPanel","jsx-text","品类","","完整候选索引；表达式内字面量可能是接口参数，是否实际展示以文案决策表与浏览器证据为准"
"src/normalized-ui/BottleCustodyPanel.tsx","59","BottleCustodyPanel","jsx-text","请选择","","完整候选索引；表达式内字面量可能是接口参数，是否实际展示以文案决策表与浏览器证据为准"
"src/normalized-ui/BottleCustodyPanel.tsx","59","BottleCustodyPanel","jsx-text","指定到期时间（优先于天数，北京时间）","","完整候选索引；表达式内字面量可能是接口参数，是否实际展示以文案决策表与浏览器证据为准"
"src/normalized-ui/BottleCustodyPanel.tsx","59","BottleCustodyPanel","jsx-text","登记存酒","","完整候选索引；表达式内字面量可能是接口参数，是否实际展示以文案决策表与浏览器证据为准"
"src/normalized-ui/BottleCustodyPanel.tsx","60","BottleCustodyPanel","jsx-text","存酒配置与品类","","完整候选索引；表达式内字面量可能是接口参数，是否实际展示以文案决策表与浏览器证据为准"
"src/normalized-ui/BottleCustodyPanel.tsx","60","BottleCustodyPanel","jsx-text","停用新建后，已有存酒仍可办理取走及归档。","","完整候选索引；表达式内字面量可能是接口参数，是否实际展示以文案决策表与浏览器证据为准"
"src/normalized-ui/BottleCustodyPanel.tsx","60","BottleCustodyPanel","feedback","存酒配置已保存","","完整候选索引；表达式内字面量可能是接口参数，是否实际展示以文案决策表与浏览器证据为准"
"src/normalized-ui/BottleCustodyPanel.tsx","61","BottleCustodyPanel","jsx-expression-literal","enabled","","完整候选索引；表达式内字面量可能是接口参数，是否实际展示以文案决策表与浏览器证据为准"
"src/normalized-ui/BottleCustodyPanel.tsx","61","BottleCustodyPanel","jsx-expression-literal","remindersEnabled","","完整候选索引；表达式内字面量可能是接口参数，是否实际展示以文案决策表与浏览器证据为准"
"src/normalized-ui/BottleCustodyPanel.tsx","61","BottleCustodyPanel","jsx-expression-literal","allowPartial","","完整候选索引；表达式内字面量可能是接口参数，是否实际展示以文案决策表与浏览器证据为准"
"src/normalized-ui/BottleCustodyPanel.tsx","61","BottleCustodyPanel","jsx-expression-literal","allowRestorage","","完整候选索引；表达式内字面量可能是接口参数，是否实际展示以文案决策表与浏览器证据为准"
"src/normalized-ui/BottleCustodyPanel.tsx","61","BottleCustodyPanel","jsx-expression-literal","requireOriginalOrder","","完整候选索引；表达式内字面量可能是接口参数，是否实际展示以文案决策表与浏览器证据为准"
"src/normalized-ui/BottleCustodyPanel.tsx","61","BottleCustodyPanel","jsx-expression-literal","启用新存酒","","完整候选索引；表达式内字面量可能是接口参数，是否实际展示以文案决策表与浏览器证据为准"
"src/normalized-ui/BottleCustodyPanel.tsx","61","BottleCustodyPanel","jsx-expression-literal","启用到期提醒（需客人先在服务号订阅页授权「存酒到期提醒」）","","完整候选索引；表达式内字面量可能是接口参数，是否实际展示以文案决策表与浏览器证据为准"
"src/normalized-ui/BottleCustodyPanel.tsx","61","BottleCustodyPanel","jsx-expression-literal","允许部分取酒和再存","","完整候选索引；表达式内字面量可能是接口参数，是否实际展示以文案决策表与浏览器证据为准"
"src/normalized-ui/BottleCustodyPanel.tsx","61","BottleCustodyPanel","jsx-expression-literal","允许再存","","完整候选索引；表达式内字面量可能是接口参数，是否实际展示以文案决策表与浏览器证据为准"
"src/normalized-ui/BottleCustodyPanel.tsx","61","BottleCustodyPanel","jsx-expression-literal","强制再存沿用原单","","完整候选索引；表达式内字面量可能是接口参数，是否实际展示以文案决策表与浏览器证据为准"
"src/normalized-ui/BottleCustodyPanel.tsx","62","BottleCustodyPanel","jsx-text","归档方式","","完整候选索引；表达式内字面量可能是接口参数，是否实际展示以文案决策表与浏览器证据为准"
"src/normalized-ui/BottleCustodyPanel.tsx","62","BottleCustodyPanel","jsx-text","取酒全部处理后自动归档","","完整候选索引；表达式内字面量可能是接口参数，是否实际展示以文案决策表与浏览器证据为准"
"src/normalized-ui/BottleCustodyPanel.tsx","62","BottleCustodyPanel","jsx-text","取酒全部处理后人工归档","","完整候选索引；表达式内字面量可能是接口参数，是否实际展示以文案决策表与浏览器证据为准"
"src/normalized-ui/BottleCustodyPanel.tsx","63","BottleCustodyPanel","jsx-expression-literal","defaultDays","","完整候选索引；表达式内字面量可能是接口参数，是否实际展示以文案决策表与浏览器证据为准"
"src/normalized-ui/BottleCustodyPanel.tsx","63","BottleCustodyPanel","jsx-expression-literal","codeDigits","","完整候选索引；表达式内字面量可能是接口参数，是否实际展示以文案决策表与浏览器证据为准"
"src/normalized-ui/BottleCustodyPanel.tsx","63","BottleCustodyPanel","jsx-expression-literal","codeTtlSeconds","","完整候选索引；表达式内字面量可能是接口参数，是否实际展示以文案决策表与浏览器证据为准"
"src/normalized-ui/BottleCustodyPanel.tsx","63","BottleCustodyPanel","jsx-expression-literal","resendSeconds","","完整候选索引；表达式内字面量可能是接口参数，是否实际展示以文案决策表与浏览器证据为准"
"src/normalized-ui/BottleCustodyPanel.tsx","63","BottleCustodyPanel","jsx-expression-literal","maximumAttempts","","完整候选索引；表达式内字面量可能是接口参数，是否实际展示以文案决策表与浏览器证据为准"
"src/normalized-ui/BottleCustodyPanel.tsx","63","BottleCustodyPanel","jsx-expression-literal","默认存期天数","","完整候选索引；表达式内字面量可能是接口参数，是否实际展示以文案决策表与浏览器证据为准"
"src/normalized-ui/BottleCustodyPanel.tsx","63","BottleCustodyPanel","jsx-expression-literal","验证码位数","","完整候选索引；表达式内字面量可能是接口参数，是否实际展示以文案决策表与浏览器证据为准"
"src/normalized-ui/BottleCustodyPanel.tsx","63","BottleCustodyPanel","jsx-expression-literal","验证码有效秒数","","完整候选索引；表达式内字面量可能是接口参数，是否实际展示以文案决策表与浏览器证据为准"
"src/normalized-ui/BottleCustodyPanel.tsx","63","BottleCustodyPanel","jsx-expression-literal","重发间隔秒数","","完整候选索引；表达式内字面量可能是接口参数，是否实际展示以文案决策表与浏览器证据为准"
"src/normalized-ui/BottleCustodyPanel.tsx","63","BottleCustodyPanel","jsx-expression-literal","最大错误尝试次数","","完整候选索引；表达式内字面量可能是接口参数，是否实际展示以文案决策表与浏览器证据为准"
"src/normalized-ui/BottleCustodyPanel.tsx","64","BottleCustodyPanel","jsx-text","提醒档位（逗号分隔天数）","","完整候选索引；表达式内字面量可能是接口参数，是否实际展示以文案决策表与浏览器证据为准"
"src/normalized-ui/BottleCustodyPanel.tsx","64","BottleCustodyPanel","jsx-text","提醒时间","","完整候选索引；表达式内字面量可能是接口参数，是否实际展示以文案决策表与浏览器证据为准"
"src/normalized-ui/BottleCustodyPanel.tsx","65","BottleCustodyPanel","jsx-text","取酒与提醒服务号","","完整候选索引；表达式内字面量可能是接口参数，是否实际展示以文案决策表与浏览器证据为准"
"src/normalized-ui/BottleCustodyPanel.tsx","65","BottleCustodyPanel","jsx-text","请选择服务号","","完整候选索引；表达式内字面量可能是接口参数，是否实际展示以文案决策表与浏览器证据为准"
"src/normalized-ui/BottleCustodyPanel.tsx","65","BottleCustodyPanel","jsx-text","编号格式","","完整候选索引；表达式内字面量可能是接口参数，是否实际展示以文案决策表与浏览器证据为准"
"src/normalized-ui/BottleCustodyPanel.tsx","65","BottleCustodyPanel","jsx-text","打印标题","","完整候选索引；表达式内字面量可能是接口参数，是否实际展示以文案决策表与浏览器证据为准"
"src/normalized-ui/BottleCustodyPanel.tsx","65","BottleCustodyPanel","jsx-text","打印页脚","","完整候选索引；表达式内字面量可能是接口参数，是否实际展示以文案决策表与浏览器证据为准"
"src/normalized-ui/BottleCustodyPanel.tsx","65","BottleCustodyPanel","jsx-expression-literal","category","","完整候选索引；表达式内字面量可能是接口参数，是否实际展示以文案决策表与浏览器证据为准"
"src/normalized-ui/BottleCustodyPanel.tsx","65","BottleCustodyPanel","jsx-expression-literal","item","","完整候选索引；表达式内字面量可能是接口参数，是否实际展示以文案决策表与浏览器证据为准"
"src/normalized-ui/BottleCustodyPanel.tsx","65","BottleCustodyPanel","jsx-expression-literal","quantity","","完整候选索引；表达式内字面量可能是接口参数，是否实际展示以文案决策表与浏览器证据为准"
"src/normalized-ui/BottleCustodyPanel.tsx","65","BottleCustodyPanel","jsx-expression-literal","remaining","","完整候选索引；表达式内字面量可能是接口参数，是否实际展示以文案决策表与浏览器证据为准"
"src/normalized-ui/BottleCustodyPanel.tsx","65","BottleCustodyPanel","jsx-expression-literal","expiry","","完整候选索引；表达式内字面量可能是接口参数，是否实际展示以文案决策表与浏览器证据为准"
"src/normalized-ui/BottleCustodyPanel.tsx","65","BottleCustodyPanel","jsx-expression-literal","location","","完整候选索引；表达式内字面量可能是接口参数，是否实际展示以文案决策表与浏览器证据为准"
"src/normalized-ui/BottleCustodyPanel.tsx","65","BottleCustodyPanel","jsx-expression-literal","status","","完整候选索引；表达式内字面量可能是接口参数，是否实际展示以文案决策表与浏览器证据为准"
"src/normalized-ui/BottleCustodyPanel.tsx","65","BottleCustodyPanel","jsx-expression-literal","source","","完整候选索引；表达式内字面量可能是接口参数，是否实际展示以文案决策表与浏览器证据为准"
"src/normalized-ui/BottleCustodyPanel.tsx","65","BottleCustodyPanel","jsx-text","打印：","","完整候选索引；表达式内字面量可能是接口参数，是否实际展示以文案决策表与浏览器证据为准"
"src/normalized-ui/BottleCustodyPanel.tsx","65","BottleCustodyPanel","jsx-expression-literal","品类","","完整候选索引；表达式内字面量可能是接口参数，是否实际展示以文案决策表与浏览器证据为准"
"src/normalized-ui/BottleCustodyPanel.tsx","65","BottleCustodyPanel","jsx-expression-literal","酒名","","完整候选索引；表达式内字面量可能是接口参数，是否实际展示以文案决策表与浏览器证据为准"
"src/normalized-ui/BottleCustodyPanel.tsx","65","BottleCustodyPanel","jsx-expression-literal","原存量","","完整候选索引；表达式内字面量可能是接口参数，是否实际展示以文案决策表与浏览器证据为准"
"src/normalized-ui/BottleCustodyPanel.tsx","65","BottleCustodyPanel","jsx-expression-literal","剩余量","","完整候选索引；表达式内字面量可能是接口参数，是否实际展示以文案决策表与浏览器证据为准"
"src/normalized-ui/BottleCustodyPanel.tsx","65","BottleCustodyPanel","jsx-expression-literal","到期时间","","完整候选索引；表达式内字面量可能是接口参数，是否实际展示以文案决策表与浏览器证据为准"
"src/normalized-ui/BottleCustodyPanel.tsx","65","BottleCustodyPanel","jsx-expression-literal","位置","","完整候选索引；表达式内字面量可能是接口参数，是否实际展示以文案决策表与浏览器证据为准"
"src/normalized-ui/BottleCustodyPanel.tsx","65","BottleCustodyPanel","jsx-expression-literal","状态","","完整候选索引；表达式内字面量可能是接口参数，是否实际展示以文案决策表与浏览器证据为准"
"src/normalized-ui/BottleCustodyPanel.tsx","65","BottleCustodyPanel","jsx-expression-literal","原购凭证","","完整候选索引；表达式内字面量可能是接口参数，是否实际展示以文案决策表与浏览器证据为准"
"src/normalized-ui/BottleCustodyPanel.tsx","65","BottleCustodyPanel","jsx-expression-literal","category","","完整候选索引；表达式内字面量可能是接口参数，是否实际展示以文案决策表与浏览器证据为准"
"src/normalized-ui/BottleCustodyPanel.tsx","65","BottleCustodyPanel","jsx-expression-literal","status","","完整候选索引；表达式内字面量可能是接口参数，是否实际展示以文案决策表与浏览器证据为准"
"src/normalized-ui/BottleCustodyPanel.tsx","65","BottleCustodyPanel","jsx-expression-literal","date","","完整候选索引；表达式内字面量可能是接口参数，是否实际展示以文案决策表与浏览器证据为准"
"src/normalized-ui/BottleCustodyPanel.tsx","65","BottleCustodyPanel","jsx-text","报表筛选：","","完整候选索引；表达式内字面量可能是接口参数，是否实际展示以文案决策表与浏览器证据为准"
"src/normalized-ui/BottleCustodyPanel.tsx","65","BottleCustodyPanel","jsx-expression-literal","品类","","完整候选索引；表达式内字面量可能是接口参数，是否实际展示以文案决策表与浏览器证据为准"
"src/normalized-ui/BottleCustodyPanel.tsx","65","BottleCustodyPanel","jsx-expression-literal","状态","","完整候选索引；表达式内字面量可能是接口参数，是否实际展示以文案决策表与浏览器证据为准"
"src/normalized-ui/BottleCustodyPanel.tsx","65","BottleCustodyPanel","jsx-expression-literal","日期","","完整候选索引；表达式内字面量可能是接口参数，是否实际展示以文案决策表与浏览器证据为准"
"src/normalized-ui/BottleCustodyPanel.tsx","65","BottleCustodyPanel","jsx-text","提醒内容","","完整候选索引；表达式内字面量可能是接口参数，是否实际展示以文案决策表与浏览器证据为准"
"src/normalized-ui/BottleCustodyPanel.tsx","65","BottleCustodyPanel","jsx-text","保存存酒规则","","完整候选索引；表达式内字面量可能是接口参数，是否实际展示以文案决策表与浏览器证据为准"
"src/normalized-ui/BottleCustodyPanel.tsx","66","BottleCustodyPanel","jsx-text","扩展录入字段","字段","完整候选索引；表达式内字面量可能是接口参数，是否实际展示以文案决策表与浏览器证据为准"
"src/normalized-ui/BottleCustodyPanel.tsx","66","BottleCustodyPanel","jsx-text","最多20项；删除字段只影响新表单，历史单据保留当时字段名称和值。编辑后需点击“保存存酒规则”。","字段","完整候选索引；表达式内字面量可能是接口参数，是否实际展示以文案决策表与浏览器证据为准"
"src/normalized-ui/BottleCustodyPanel.tsx","66","BottleCustodyPanel","jsx-expression-literal","必填","","完整候选索引；表达式内字面量可能是接口参数，是否实际展示以文案决策表与浏览器证据为准"
"src/normalized-ui/BottleCustodyPanel.tsx","66","BottleCustodyPanel","jsx-expression-literal","选填","","完整候选索引；表达式内字面量可能是接口参数，是否实际展示以文案决策表与浏览器证据为准"
"src/normalized-ui/BottleCustodyPanel.tsx","66","BottleCustodyPanel","jsx-text","移除字段","字段","完整候选索引；表达式内字面量可能是接口参数，是否实际展示以文案决策表与浏览器证据为准"
"src/normalized-ui/BottleCustodyPanel.tsx","66","BottleCustodyPanel","jsx-text","字段编号","字段","完整候选索引；表达式内字面量可能是接口参数，是否实际展示以文案决策表与浏览器证据为准"
"src/normalized-ui/BottleCustodyPanel.tsx","66","BottleCustodyPanel","jsx-text","字段名称","字段","完整候选索引；表达式内字面量可能是接口参数，是否实际展示以文案决策表与浏览器证据为准"
"src/normalized-ui/BottleCustodyPanel.tsx","66","BottleCustodyPanel","jsx-text","字段类型","字段","完整候选索引；表达式内字面量可能是接口参数，是否实际展示以文案决策表与浏览器证据为准"
"src/normalized-ui/BottleCustodyPanel.tsx","66","BottleCustodyPanel","jsx-text","文字","","完整候选索引；表达式内字面量可能是接口参数，是否实际展示以文案决策表与浏览器证据为准"
"src/normalized-ui/BottleCustodyPanel.tsx","66","BottleCustodyPanel","jsx-text","数字","","完整候选索引；表达式内字面量可能是接口参数，是否实际展示以文案决策表与浏览器证据为准"
"src/normalized-ui/BottleCustodyPanel.tsx","66","BottleCustodyPanel","jsx-text","日期","","完整候选索引；表达式内字面量可能是接口参数，是否实际展示以文案决策表与浏览器证据为准"
"src/normalized-ui/BottleCustodyPanel.tsx","66","BottleCustodyPanel","jsx-text","必填","","完整候选索引；表达式内字面量可能是接口参数，是否实际展示以文案决策表与浏览器证据为准"
"src/normalized-ui/BottleCustodyPanel.tsx","66","BottleCustodyPanel","feedback","字段编号须为小写字母开头且不重复，并填写名称","字段","完整候选索引；表达式内字面量可能是接口参数，是否实际展示以文案决策表与浏览器证据为准"
"src/normalized-ui/BottleCustodyPanel.tsx","66","BottleCustodyPanel","jsx-text","添加到待保存规则","","完整候选索引；表达式内字面量可能是接口参数，是否实际展示以文案决策表与浏览器证据为准"
"src/normalized-ui/BottleCustodyPanel.tsx","66","BottleCustodyPanel","jsx-text","品类管理","","完整候选索引；表达式内字面量可能是接口参数，是否实际展示以文案决策表与浏览器证据为准"
"src/normalized-ui/BottleCustodyPanel.tsx","66","BottleCustodyPanel","jsx-text","天 ·","","完整候选索引；表达式内字面量可能是接口参数，是否实际展示以文案决策表与浏览器证据为准"
"src/normalized-ui/BottleCustodyPanel.tsx","66","BottleCustodyPanel","jsx-expression-literal","启用","","完整候选索引；表达式内字面量可能是接口参数，是否实际展示以文案决策表与浏览器证据为准"
"src/normalized-ui/BottleCustodyPanel.tsx","66","BottleCustodyPanel","jsx-expression-literal","停用","","完整候选索引；表达式内字面量可能是接口参数，是否实际展示以文案决策表与浏览器证据为准"
"src/normalized-ui/BottleCustodyPanel.tsx","66","BottleCustodyPanel","jsx-text","编辑","","完整候选索引；表达式内字面量可能是接口参数，是否实际展示以文案决策表与浏览器证据为准"
"src/normalized-ui/BottleCustodyPanel.tsx","66","BottleCustodyPanel","feedback","品类已保存","","完整候选索引；表达式内字面量可能是接口参数，是否实际展示以文案决策表与浏览器证据为准"
"src/normalized-ui/BottleCustodyPanel.tsx","66","BottleCustodyPanel","jsx-text","品类编号","","完整候选索引；表达式内字面量可能是接口参数，是否实际展示以文案决策表与浏览器证据为准"
"src/normalized-ui/BottleCustodyPanel.tsx","66","BottleCustodyPanel","jsx-text","品类名称","","完整候选索引；表达式内字面量可能是接口参数，是否实际展示以文案决策表与浏览器证据为准"
"src/normalized-ui/BottleCustodyPanel.tsx","66","BottleCustodyPanel","jsx-text","默认到期天数","","完整候选索引；表达式内字面量可能是接口参数，是否实际展示以文案决策表与浏览器证据为准"
"src/normalized-ui/BottleCustodyPanel.tsx","66","BottleCustodyPanel","jsx-text","排序","","完整候选索引；表达式内字面量可能是接口参数，是否实际展示以文案决策表与浏览器证据为准"
"src/normalized-ui/BottleCustodyPanel.tsx","66","BottleCustodyPanel","jsx-text","品类启用","","完整候选索引；表达式内字面量可能是接口参数，是否实际展示以文案决策表与浏览器证据为准"
"src/normalized-ui/BottleCustodyPanel.tsx","66","BottleCustodyPanel","jsx-text","保存品类","","完整候选索引；表达式内字面量可能是接口参数，是否实际展示以文案决策表与浏览器证据为准"
"src/normalized-ui/BottleCustodyPanel.tsx","66","BottleCustodyPanel","jsx-text","清空新增","","完整候选索引；表达式内字面量可能是接口参数，是否实际展示以文案决策表与浏览器证据为准"
"src/normalized-ui/CashierAfterSalesWorkbench.tsx","286","CashierAfterSalesWorkbench","jsx-text","收银状态更新暂时延迟，已有记录保留，请刷新核对；不要因显示未变重复收退款。","","完整候选索引；表达式内字面量可能是接口参数，是否实际展示以文案决策表与浏览器证据为准"
"src/normalized-ui/CashierAfterSalesWorkbench.tsx","286","CashierAfterSalesWorkbench","jsx-expression-literal","reconciliation.view","","完整候选索引；表达式内字面量可能是接口参数，是否实际展示以文案决策表与浏览器证据为准"
"src/normalized-ui/CashierAfterSalesWorkbench.tsx","286","CashierAfterSalesWorkbench","jsx-expression-literal","reconciliation.view","","完整候选索引；表达式内字面量可能是接口参数，是否实际展示以文案决策表与浏览器证据为准"
"src/normalized-ui/CashierAfterSalesWorkbench.tsx","286","CashierAfterSalesWorkbench","jsx-expression-literal","reconciliation.view","","完整候选索引；表达式内字面量可能是接口参数，是否实际展示以文案决策表与浏览器证据为准"
"src/normalized-ui/CashierAfterSalesWorkbench.tsx","479","CashierAfterSalesWorkbenchView","jsx-text","正在读取本营业日订单","","完整候选索引；表达式内字面量可能是接口参数，是否实际展示以文案决策表与浏览器证据为准"
"src/normalized-ui/CashierAfterSalesWorkbench.tsx","482","CashierAfterSalesWorkbenchView","jsx-text","暂时没有接上收银数据","","完整候选索引；表达式内字面量可能是接口参数，是否实际展示以文案决策表与浏览器证据为准"
"src/normalized-ui/CashierAfterSalesWorkbench.tsx","482","CashierAfterSalesWorkbenchView","jsx-text","重试","","完整候选索引；表达式内字面量可能是接口参数，是否实际展示以文案决策表与浏览器证据为准"
"src/normalized-ui/CashierAfterSalesWorkbench.tsx","498","CashierAfterSalesWorkbenchView","jsx-expression-literal","success","","完整候选索引；表达式内字面量可能是接口参数，是否实际展示以文案决策表与浏览器证据为准"
"src/normalized-ui/CashierAfterSalesWorkbench.tsx","502","CashierAfterSalesWorkbenchView","jsx-expression-literal","business_day.close","","完整候选索引；表达式内字面量可能是接口参数，是否实际展示以文案决策表与浏览器证据为准"
"src/normalized-ui/CashierAfterSalesWorkbench.tsx","502","CashierAfterSalesWorkbenchView","attribute:aria-label","上一营业日结束处理","","完整候选索引；表达式内字面量可能是接口参数，是否实际展示以文案决策表与浏览器证据为准"
"src/normalized-ui/CashierAfterSalesWorkbench.tsx","503","CashierAfterSalesWorkbenchView","jsx-text","上一营业日结束处理","","完整候选索引；表达式内字面量可能是接口参数，是否实际展示以文案决策表与浏览器证据为准"
"src/normalized-ui/CashierAfterSalesWorkbench.tsx","503","CashierAfterSalesWorkbenchView","jsx-text","只关闭已经结清、出品和服务均完成的桌台；有未完成事项会保留并说明原因。","","完整候选索引；表达式内字面量可能是接口参数，是否实际展示以文案决策表与浏览器证据为准"
"src/normalized-ui/CashierAfterSalesWorkbench.tsx","505","CashierAfterSalesWorkbenchView","jsx-expression-literal","business-day-close-pending","","完整候选索引；表达式内字面量可能是接口参数，是否实际展示以文案决策表与浏览器证据为准"
"src/normalized-ui/CashierAfterSalesWorkbench.tsx","506","CashierAfterSalesWorkbenchView","jsx-text","检查并结束","","完整候选索引；表达式内字面量可能是接口参数，是否实际展示以文案决策表与浏览器证据为准"
"src/normalized-ui/CashierAfterSalesWorkbench.tsx","512","CashierAfterSalesWorkbenchView","jsx-template-text","查看","","完整候选索引；表达式内字面量可能是接口参数，是否实际展示以文案决策表与浏览器证据为准"
"src/normalized-ui/CashierAfterSalesWorkbench.tsx","512","CashierAfterSalesWorkbenchView","jsx-template-text","项明细","","完整候选索引；表达式内字面量可能是接口参数，是否实际展示以文案决策表与浏览器证据为准"
"src/normalized-ui/CashierAfterSalesWorkbench.tsx","516","CashierAfterSalesWorkbenchView","jsx-template-text","明细","","完整候选索引；表达式内字面量可能是接口参数，是否实际展示以文案决策表与浏览器证据为准"
"src/normalized-ui/CashierAfterSalesWorkbench.tsx","518","CashierAfterSalesWorkbenchView","jsx-text","正在确认处理结果，请刷新后重试；系统不会把读取失败解释成已经处理。","","完整候选索引；表达式内字面量可能是接口参数，是否实际展示以文案决策表与浏览器证据为准"
"src/normalized-ui/CashierAfterSalesWorkbench.tsx","525","CashierAfterSalesWorkbenchView","jsx-template-text","打开","","完整候选索引；表达式内字面量可能是接口参数，是否实际展示以文案决策表与浏览器证据为准"
"src/normalized-ui/CashierAfterSalesWorkbench.tsx","525","CashierAfterSalesWorkbenchView","jsx-template-text","对应处理详情","","完整候选索引；表达式内字面量可能是接口参数，是否实际展示以文案决策表与浏览器证据为准"
"src/normalized-ui/CashierAfterSalesWorkbench.tsx","533","CashierAfterSalesWorkbenchView","jsx-template-text","订单","","完整候选索引；表达式内字面量可能是接口参数，是否实际展示以文案决策表与浏览器证据为准"
"src/normalized-ui/CashierAfterSalesWorkbench.tsx","535","CashierAfterSalesWorkbenchView","jsx-text","金额","","完整候选索引；表达式内字面量可能是接口参数，是否实际展示以文案决策表与浏览器证据为准"
"src/normalized-ui/CashierAfterSalesWorkbench.tsx","536","CashierAfterSalesWorkbenchView","jsx-text","数量","","完整候选索引；表达式内字面量可能是接口参数，是否实际展示以文案决策表与浏览器证据为准"
"src/normalized-ui/CashierAfterSalesWorkbench.tsx","537","CashierAfterSalesWorkbenchView","jsx-text","当前状态","","完整候选索引；表达式内字面量可能是接口参数，是否实际展示以文案决策表与浏览器证据为准"
"src/normalized-ui/CashierAfterSalesWorkbench.tsx","538","CashierAfterSalesWorkbenchView","jsx-expression-literal","待分派","","完整候选索引；表达式内字面量可能是接口参数，是否实际展示以文案决策表与浏览器证据为准"
"src/normalized-ui/CashierAfterSalesWorkbench.tsx","541","CashierAfterSalesWorkbenchView","jsx-text","打开","","完整候选索引；表达式内字面量可能是接口参数，是否实际展示以文案决策表与浏览器证据为准"
"src/normalized-ui/CashierAfterSalesWorkbench.tsx","541","CashierAfterSalesWorkbenchView","jsx-text","核对","","完整候选索引；表达式内字面量可能是接口参数，是否实际展示以文案决策表与浏览器证据为准"
"src/normalized-ui/CashierAfterSalesWorkbench.tsx","542","CashierAfterSalesWorkbenchView","jsx-text","请交给具备“","","完整候选索引；表达式内字面量可能是接口参数，是否实际展示以文案决策表与浏览器证据为准"
"src/normalized-ui/CashierAfterSalesWorkbench.tsx","542","CashierAfterSalesWorkbenchView","jsx-text","”入口权限的同事继续处理；本账号只能查看影响营业日结账的待办。","","完整候选索引；表达式内字面量可能是接口参数，是否实际展示以文案决策表与浏览器证据为准"
"src/normalized-ui/CashierAfterSalesWorkbench.tsx","552","CashierAfterSalesWorkbenchView","attribute:placeholder","单号、桌号或金额（如 136）","","完整候选索引；表达式内字面量可能是接口参数，是否实际展示以文案决策表与浏览器证据为准"
"src/normalized-ui/CashierAfterSalesWorkbench.tsx","552","CashierAfterSalesWorkbenchView","attribute:aria-label","查找收银订单","","完整候选索引；表达式内字面量可能是接口参数，是否实际展示以文案决策表与浏览器证据为准"
"src/normalized-ui/CashierAfterSalesWorkbench.tsx","559","CashierAfterSalesWorkbenchView","jsx-text","查找","","完整候选索引；表达式内字面量可能是接口参数，是否实际展示以文案决策表与浏览器证据为准"
"src/normalized-ui/CashierAfterSalesWorkbench.tsx","562","CashierAfterSalesWorkbenchView","attribute:aria-label","订单筛选","","完整候选索引；表达式内字面量可能是接口参数，是否实际展示以文案决策表与浏览器证据为准"
"src/normalized-ui/CashierAfterSalesWorkbench.tsx","563","CashierAfterSalesWorkbenchView","jsx-text","区域","","完整候选索引；表达式内字面量可能是接口参数，是否实际展示以文案决策表与浏览器证据为准"
"src/normalized-ui/CashierAfterSalesWorkbench.tsx","564","CashierAfterSalesWorkbenchView","jsx-text","全部区域","","完整候选索引；表达式内字面量可能是接口参数，是否实际展示以文案决策表与浏览器证据为准"
"src/normalized-ui/CashierAfterSalesWorkbench.tsx","567","CashierAfterSalesWorkbenchView","jsx-text","支付状态","","完整候选索引；表达式内字面量可能是接口参数，是否实际展示以文案决策表与浏览器证据为准"
"src/normalized-ui/CashierAfterSalesWorkbench.tsx","568","CashierAfterSalesWorkbenchView","jsx-text","全部状态","","完整候选索引；表达式内字面量可能是接口参数，是否实际展示以文案决策表与浏览器证据为准"
"src/normalized-ui/CashierAfterSalesWorkbench.tsx","569","CashierAfterSalesWorkbenchView","jsx-text","待支付","","完整候选索引；表达式内字面量可能是接口参数，是否实际展示以文案决策表与浏览器证据为准"
"src/normalized-ui/CashierAfterSalesWorkbench.tsx","570","CashierAfterSalesWorkbenchView","jsx-text","支付中","","完整候选索引；表达式内字面量可能是接口参数，是否实际展示以文案决策表与浏览器证据为准"
"src/normalized-ui/CashierAfterSalesWorkbench.tsx","571","CashierAfterSalesWorkbenchView","jsx-text","已完成","","完整候选索引；表达式内字面量可能是接口参数，是否实际展示以文案决策表与浏览器证据为准"
"src/normalized-ui/CashierAfterSalesWorkbench.tsx","572","CashierAfterSalesWorkbenchView","jsx-text","已退款","","完整候选索引；表达式内字面量可能是接口参数，是否实际展示以文案决策表与浏览器证据为准"
"src/normalized-ui/CashierAfterSalesWorkbench.tsx","576","CashierAfterSalesWorkbenchView","attribute:aria-label","本营业日售后摘要","","完整候选索引；表达式内字面量可能是接口参数，是否实际展示以文案决策表与浏览器证据为准"
"src/normalized-ui/CashierAfterSalesWorkbench.tsx","577","CashierAfterSalesWorkbenchView","jsx-text","订单","","完整候选索引；表达式内字面量可能是接口参数，是否实际展示以文案决策表与浏览器证据为准"
"src/normalized-ui/CashierAfterSalesWorkbench.tsx","578","CashierAfterSalesWorkbenchView","jsx-text","已收款","","完整候选索引；表达式内字面量可能是接口参数，是否实际展示以文案决策表与浏览器证据为准"
"src/normalized-ui/CashierAfterSalesWorkbench.tsx","584","CashierAfterSalesWorkbenchView","jsx-text","待复核","","完整候选索引；表达式内字面量可能是接口参数，是否实际展示以文案决策表与浏览器证据为准"
"src/normalized-ui/CashierAfterSalesWorkbench.tsx","590","CashierAfterSalesWorkbenchView","jsx-text","待执行","","完整候选索引；表达式内字面量可能是接口参数，是否实际展示以文案决策表与浏览器证据为准"
"src/normalized-ui/CashierAfterSalesWorkbench.tsx","591","CashierAfterSalesWorkbenchView","jsx-text","交班遗留","","完整候选索引；表达式内字面量可能是接口参数，是否实际展示以文案决策表与浏览器证据为准"
"src/normalized-ui/CashierAfterSalesWorkbench.tsx","592","CashierAfterSalesWorkbenchView","jsx-text","待查渠道","","完整候选索引；表达式内字面量可能是接口参数，是否实际展示以文案决策表与浏览器证据为准"
"src/normalized-ui/CashierAfterSalesWorkbench.tsx","593","CashierAfterSalesWorkbenchView","jsx-text","活动待收款","","完整候选索引；表达式内字面量可能是接口参数，是否实际展示以文案决策表与浏览器证据为准"
"src/normalized-ui/CashierAfterSalesWorkbench.tsx","594","CashierAfterSalesWorkbenchView","jsx-text","活动待复核","","完整候选索引；表达式内字面量可能是接口参数，是否实际展示以文案决策表与浏览器证据为准"
"src/normalized-ui/CashierAfterSalesWorkbench.tsx","595","CashierAfterSalesWorkbenchView","jsx-text","活动待退款","","完整候选索引；表达式内字面量可能是接口参数，是否实际展示以文案决策表与浏览器证据为准"
"src/normalized-ui/CashierAfterSalesWorkbench.tsx","598","CashierAfterSalesWorkbenchView","jsx-text","当前列表有","","完整候选索引；表达式内字面量可能是接口参数，是否实际展示以文案决策表与浏览器证据为准"
"src/normalized-ui/CashierAfterSalesWorkbench.tsx","598","CashierAfterSalesWorkbenchView","jsx-text","项退款后的权益待复核。退款金额已记录，券处理由授权人员另行核对，不影响收款或桌台。","","完整候选索引；表达式内字面量可能是接口参数，是否实际展示以文案决策表与浏览器证据为准"
"src/normalized-ui/CashierAfterSalesWorkbench.tsx","599","CashierAfterSalesWorkbenchView","jsx-expression-literal","loyalty.configuration.view","","完整候选索引；表达式内字面量可能是接口参数，是否实际展示以文案决策表与浏览器证据为准"
"src/normalized-ui/CashierAfterSalesWorkbench.tsx","600","CashierAfterSalesWorkbenchView","jsx-text","前往会员管理","","完整候选索引；表达式内字面量可能是接口参数，是否实际展示以文案决策表与浏览器证据为准"
"src/normalized-ui/CashierAfterSalesWorkbench.tsx","601","CashierAfterSalesWorkbenchView","jsx-text","请联系会员管理负责人处理。","","完整候选索引；表达式内字面量可能是接口参数，是否实际展示以文案决策表与浏览器证据为准"
"src/normalized-ui/CashierAfterSalesWorkbench.tsx","603","CashierAfterSalesWorkbenchView","jsx-expression-literal","all","","完整候选索引；表达式内字面量可能是接口参数，是否实际展示以文案决策表与浏览器证据为准"
"src/normalized-ui/CashierAfterSalesWorkbench.tsx","604","CashierAfterSalesWorkbenchView","jsx-text","当前只显示","","完整候选索引；表达式内字面量可能是接口参数，是否实际展示以文案决策表与浏览器证据为准"
"src/normalized-ui/CashierAfterSalesWorkbench.tsx","604","CashierAfterSalesWorkbenchView","jsx-expression-literal","requested","","完整候选索引；表达式内字面量可能是接口参数，是否实际展示以文案决策表与浏览器证据为准"
"src/normalized-ui/CashierAfterSalesWorkbench.tsx","604","CashierAfterSalesWorkbenchView","jsx-expression-literal","待收银复核","","完整候选索引；表达式内字面量可能是接口参数，是否实际展示以文案决策表与浏览器证据为准"
"src/normalized-ui/CashierAfterSalesWorkbench.tsx","604","CashierAfterSalesWorkbenchView","jsx-expression-literal","待执行或待查渠道","","完整候选索引；表达式内字面量可能是接口参数，是否实际展示以文案决策表与浏览器证据为准"
"src/normalized-ui/CashierAfterSalesWorkbench.tsx","604","CashierAfterSalesWorkbenchView","jsx-text","的订单。","","完整候选索引；表达式内字面量可能是接口参数，是否实际展示以文案决策表与浏览器证据为准"
"src/normalized-ui/CashierAfterSalesWorkbench.tsx","605","CashierAfterSalesWorkbenchView","jsx-text","显示全部","","完整候选索引；表达式内字面量可能是接口参数，是否实际展示以文案决策表与浏览器证据为准"
"src/normalized-ui/CashierAfterSalesWorkbench.tsx","617","CashierAfterSalesWorkbenchView","jsx-expression-literal","all","","完整候选索引；表达式内字面量可能是接口参数，是否实际展示以文案决策表与浏览器证据为准"
"src/normalized-ui/CashierAfterSalesWorkbench.tsx","617","CashierAfterSalesWorkbenchView","jsx-expression-literal","all","","完整候选索引；表达式内字面量可能是接口参数，是否实际展示以文案决策表与浏览器证据为准"
"src/normalized-ui/CashierAfterSalesWorkbench.tsx","617","CashierAfterSalesWorkbenchView","jsx-expression-literal","all","","完整候选索引；表达式内字面量可能是接口参数，是否实际展示以文案决策表与浏览器证据为准"
"src/normalized-ui/CashierAfterSalesWorkbench.tsx","617","CashierAfterSalesWorkbenchView","jsx-expression-literal","没有找到对应订单","","完整候选索引；表达式内字面量可能是接口参数，是否实际展示以文案决策表与浏览器证据为准"
"src/normalized-ui/CashierAfterSalesWorkbench.tsx","617","CashierAfterSalesWorkbenchView","jsx-expression-literal","本营业日暂无可处理订单","","完整候选索引；表达式内字面量可能是接口参数，是否实际展示以文案决策表与浏览器证据为准"
"src/normalized-ui/CashierAfterSalesWorkbench.tsx","617","CashierAfterSalesWorkbenchView","jsx-text","可按桌号、订单号、金额、区域或支付状态查找，或切换上方筛选。","","完整候选索引；表达式内字面量可能是接口参数，是否实际展示以文案决策表与浏览器证据为准"
"src/normalized-ui/CashierAfterSalesWorkbench.tsx","628","CashierAfterSalesWorkbenchView","jsx-template-text","遗留 ·","","完整候选索引；表达式内字面量可能是接口参数，是否实际展示以文案决策表与浏览器证据为准"
"src/normalized-ui/CashierAfterSalesWorkbench.tsx","628","CashierAfterSalesWorkbenchView","jsx-expression-literal","前一营业日","","完整候选索引；表达式内字面量可能是接口参数，是否实际展示以文案决策表与浏览器证据为准"
"src/normalized-ui/CashierAfterSalesWorkbench.tsx","629","CashierAfterSalesWorkbenchView","jsx-expression-literal","cancelled","","完整候选索引；表达式内字面量可能是接口参数，是否实际展示以文案决策表与浏览器证据为准"
"src/normalized-ui/CashierAfterSalesWorkbench.tsx","629","CashierAfterSalesWorkbenchView","jsx-expression-literal","无需收款","","完整候选索引；表达式内字面量可能是接口参数，是否实际展示以文案决策表与浏览器证据为准"
"src/normalized-ui/CashierAfterSalesWorkbench.tsx","629","CashierAfterSalesWorkbenchView","jsx-text","原单 ¥","","完整候选索引；表达式内字面量可能是接口参数，是否实际展示以文案决策表与浏览器证据为准"
"src/normalized-ui/CashierAfterSalesWorkbench.tsx","629","CashierAfterSalesWorkbenchView","jsx-text","· 套餐按单点价补差 ¥","","完整候选索引；表达式内字面量可能是接口参数，是否实际展示以文案决策表与浏览器证据为准"
"src/normalized-ui/CashierAfterSalesWorkbench.tsx","629","CashierAfterSalesWorkbenchView","jsx-text","原单 ¥","","完整候选索引；表达式内字面量可能是接口参数，是否实际展示以文案决策表与浏览器证据为准"
"src/normalized-ui/CashierAfterSalesWorkbench.tsx","629","CashierAfterSalesWorkbenchView","jsx-text","· 已停止减免 ¥","","完整候选索引；表达式内字面量可能是接口参数，是否实际展示以文案决策表与浏览器证据为准"
"src/normalized-ui/CashierAfterSalesWorkbench.tsx","629","CashierAfterSalesWorkbenchView","jsx-text","权益待复核","","完整候选索引；表达式内字面量可能是接口参数，是否实际展示以文案决策表与浏览器证据为准"
"src/normalized-ui/CashierAfterSalesWorkbench.tsx","633","CashierAfterSalesWorkbenchView","jsx-text","这是前一营业日尚未闭环的收款或退款事项；处理结果继续记在原订单，不会并入今日营业额。","","完整候选索引；表达式内字面量可能是接口参数，是否实际展示以文案决策表与浏览器证据为准"
"src/normalized-ui/CashierAfterSalesWorkbench.tsx","635","CashierAfterSalesWorkbenchView","jsx-expression-literal","open","","完整候选索引；表达式内字面量可能是接口参数，是否实际展示以文案决策表与浏览器证据为准"
"src/normalized-ui/CashierAfterSalesWorkbench.tsx","635","CashierAfterSalesWorkbenchView","jsx-expression-literal","closing","","完整候选索引；表达式内字面量可能是接口参数，是否实际展示以文案决策表与浏览器证据为准"
"src/normalized-ui/CashierAfterSalesWorkbench.tsx","636","CashierAfterSalesWorkbenchView","jsx-expression-literal","table.close","","完整候选索引；表达式内字面量可能是接口参数，是否实际展示以文案决策表与浏览器证据为准"
"src/normalized-ui/CashierAfterSalesWorkbench.tsx","637","CashierAfterSalesWorkbenchView","jsx-expression-literal","table.turnover_unsettled","","完整候选索引；表达式内字面量可能是接口参数，是否实际展示以文案决策表与浏览器证据为准"
"src/normalized-ui/CashierAfterSalesWorkbench.tsx","642","CashierAfterSalesWorkbenchView","jsx-text","顾客已离店，去翻台","","完整候选索引；表达式内字面量可能是接口参数，是否实际展示以文案决策表与浏览器证据为准"
"src/normalized-ui/CashierAfterSalesWorkbench.tsx","643","CashierAfterSalesWorkbenchView","jsx-expression-literal","cancelled","","完整候选索引；表达式内字面量可能是接口参数，是否实际展示以文案决策表与浏览器证据为准"
"src/normalized-ui/CashierAfterSalesWorkbench.tsx","643","CashierAfterSalesWorkbenchView","jsx-expression-literal","succeeded","","完整候选索引；表达式内字面量可能是接口参数，是否实际展示以文案决策表与浏览器证据为准"
"src/normalized-ui/CashierAfterSalesWorkbench.tsx","643","CashierAfterSalesWorkbenchView","jsx-expression-literal","partially_refunded","","完整候选索引；表达式内字面量可能是接口参数，是否实际展示以文案决策表与浏览器证据为准"
"src/normalized-ui/CashierAfterSalesWorkbench.tsx","643","CashierAfterSalesWorkbenchView","jsx-text","订单已取消，仍有实际到账，请核对下方原付款并办理退款。","","完整候选索引；表达式内字面量可能是接口参数，是否实际展示以文案决策表与浏览器证据为准"
"src/normalized-ui/CashierAfterSalesWorkbench.tsx","644","CashierAfterSalesWorkbenchView","jsx-text","本单已确认多收 ¥","","完整候选索引；表达式内字面量可能是接口参数，是否实际展示以文案决策表与浏览器证据为准"
"src/normalized-ui/CashierAfterSalesWorkbench.tsx","644","CashierAfterSalesWorkbenchView","jsx-text","。请在下方对应收款记录发起退款；不要用新订单或手工改金额冲抵。","","完整候选索引；表达式内字面量可能是接口参数，是否实际展示以文案决策表与浏览器证据为准"
"src/normalized-ui/CashierAfterSalesWorkbench.tsx","647","CashierAfterSalesWorkbenchView","jsx-text","原订单商品","","完整候选索引；表达式内字面量可能是接口参数，是否实际展示以文案决策表与浏览器证据为准"
"src/normalized-ui/CashierAfterSalesWorkbench.tsx","649","CashierAfterSalesWorkbenchView","jsx-text","件 ·","","完整候选索引；表达式内字面量可能是接口参数，是否实际展示以文案决策表与浏览器证据为准"
"src/normalized-ui/CashierAfterSalesWorkbench.tsx","654","CashierAfterSalesWorkbenchView","jsx-text","收款与退款","","完整候选索引；表达式内字面量可能是接口参数，是否实际展示以文案决策表与浏览器证据为准"
"src/normalized-ui/CashierAfterSalesWorkbench.tsx","663","CashierAfterSalesWorkbenchView","jsx-text","该订单尚无支付记录；只有实际收到现金或实体POS确认到账后才能登记，未收款不能申请退款。","","完整候选索引；表达式内字面量可能是接口参数，是否实际展示以文案决策表与浏览器证据为准"
"src/normalized-ui/CashierAfterSalesWorkbench.tsx","684","CashierAfterSalesWorkbenchView","jsx-expression-literal","unpaid","","完整候选索引；表达式内字面量可能是接口参数，是否实际展示以文案决策表与浏览器证据为准"
"src/normalized-ui/CashierAfterSalesWorkbench.tsx","684","CashierAfterSalesWorkbenchView","jsx-expression-literal","cancelled","","完整候选索引；表达式内字面量可能是接口参数，是否实际展示以文案决策表与浏览器证据为准"
"src/normalized-ui/CashierAfterSalesWorkbench.tsx","685","CashierAfterSalesWorkbenchView","jsx-expression-literal","order.cancel_unpaid","","完整候选索引；表达式内字面量可能是接口参数，是否实际展示以文案决策表与浏览器证据为准"
"src/normalized-ui/CashierAfterSalesWorkbench.tsx","686","CashierAfterSalesWorkbenchView","attribute:aria-label","取消未付款订单","","完整候选索引；表达式内字面量可能是接口参数，是否实际展示以文案决策表与浏览器证据为准"
"src/normalized-ui/CashierAfterSalesWorkbench.tsx","693","CashierAfterSalesWorkbenchView","jsx-text","处理未付款订单","","完整候选索引；表达式内字面量可能是接口参数，是否实际展示以文案决策表与浏览器证据为准"
"src/normalized-ui/CashierAfterSalesWorkbench.tsx","695","CashierAfterSalesWorkbenchView","jsx-text","取消原因","","完整候选索引；表达式内字面量可能是接口参数，是否实际展示以文案决策表与浏览器证据为准"
"src/normalized-ui/CashierAfterSalesWorkbench.tsx","703","CashierAfterSalesWorkbenchView","jsx-text","客人离店且未付款","","完整候选索引；表达式内字面量可能是接口参数，是否实际展示以文案决策表与浏览器证据为准"
"src/normalized-ui/CashierAfterSalesWorkbench.tsx","704","CashierAfterSalesWorkbenchView","jsx-text","重复订单","","完整候选索引；表达式内字面量可能是接口参数，是否实际展示以文案决策表与浏览器证据为准"
"src/normalized-ui/CashierAfterSalesWorkbench.tsx","705","CashierAfterSalesWorkbenchView","jsx-text","测试或跨日清理","","完整候选索引；表达式内字面量可能是接口参数，是否实际展示以文案决策表与浏览器证据为准"
"src/normalized-ui/CashierAfterSalesWorkbench.tsx","706","CashierAfterSalesWorkbenchView","jsx-text","其他","","完整候选索引；表达式内字面量可能是接口参数，是否实际展示以文案决策表与浏览器证据为准"
"src/normalized-ui/CashierAfterSalesWorkbench.tsx","708","CashierAfterSalesWorkbenchView","jsx-text","现场核对说明","","完整候选索引；表达式内字面量可能是接口参数，是否实际展示以文案决策表与浏览器证据为准"
"src/normalized-ui/CashierAfterSalesWorkbench.tsx","708","CashierAfterSalesWorkbenchView","attribute:placeholder","至少4个字；说明客人、支付状态和处理原因","","完整候选索引；表达式内字面量可能是接口参数，是否实际展示以文案决策表与浏览器证据为准"
"src/normalized-ui/CashierAfterSalesWorkbench.tsx","718","CashierAfterSalesWorkbenchView","jsx-text","仅取消未付款应收和未履约部分；已送达商品、已消耗库存和原营业日记录不会删除。","","完整候选索引；表达式内字面量可能是接口参数，是否实际展示以文案决策表与浏览器证据为准"
"src/normalized-ui/CashierAfterSalesWorkbench.tsx","720","CashierAfterSalesWorkbenchView","jsx-text","返回","","完整候选索引；表达式内字面量可能是接口参数，是否实际展示以文案决策表与浏览器证据为准"
"src/normalized-ui/CashierAfterSalesWorkbench.tsx","725","CashierAfterSalesWorkbenchView","jsx-expression-literal","再次确认取消订单","","完整候选索引；表达式内字面量可能是接口参数，是否实际展示以文案决策表与浏览器证据为准"
"src/normalized-ui/CashierAfterSalesWorkbench.tsx","725","CashierAfterSalesWorkbenchView","jsx-expression-literal","核对并继续","","完整候选索引；表达式内字面量可能是接口参数，是否实际展示以文案决策表与浏览器证据为准"
"src/normalized-ui/CashierAfterSalesWorkbench.tsx","730","CashierAfterSalesWorkbenchView","jsx-expression-literal","unpaid","","完整候选索引；表达式内字面量可能是接口参数，是否实际展示以文案决策表与浏览器证据为准"
"src/normalized-ui/CashierAfterSalesWorkbench.tsx","730","CashierAfterSalesWorkbenchView","jsx-expression-literal","cancelled","","完整候选索引；表达式内字面量可能是接口参数，是否实际展示以文案决策表与浏览器证据为准"
"src/normalized-ui/CashierAfterSalesWorkbench.tsx","731","CashierAfterSalesWorkbenchView","jsx-expression-literal","delivered","","完整候选索引；表达式内字面量可能是接口参数，是否实际展示以文案决策表与浏览器证据为准"
"src/normalized-ui/CashierAfterSalesWorkbench.tsx","733","CashierAfterSalesWorkbenchView","jsx-expression-literal","order.settle_exception","","完整候选索引；表达式内字面量可能是接口参数，是否实际展示以文案决策表与浏览器证据为准"
"src/normalized-ui/CashierAfterSalesWorkbench.tsx","734","CashierAfterSalesWorkbenchView","attribute:aria-label","异常结清已送达未付款订单","","完整候选索引；表达式内字面量可能是接口参数，是否实际展示以文案决策表与浏览器证据为准"
"src/normalized-ui/CashierAfterSalesWorkbench.tsx","741","CashierAfterSalesWorkbenchView","jsx-text","异常结清已送达金额","","完整候选索引；表达式内字面量可能是接口参数，是否实际展示以文案决策表与浏览器证据为准"
"src/normalized-ui/CashierAfterSalesWorkbench.tsx","743","CashierAfterSalesWorkbenchView","jsx-text","结清原因","","完整候选索引；表达式内字面量可能是接口参数，是否实际展示以文案决策表与浏览器证据为准"
"src/normalized-ui/CashierAfterSalesWorkbench.tsx","751","CashierAfterSalesWorkbenchView","jsx-text","店长确认免单","","完整候选索引；表达式内字面量可能是接口参数，是否实际展示以文案决策表与浏览器证据为准"
"src/normalized-ui/CashierAfterSalesWorkbench.tsx","752","CashierAfterSalesWorkbenchView","jsx-text","确认无法收回","","完整候选索引；表达式内字面量可能是接口参数，是否实际展示以文案决策表与浏览器证据为准"
"src/normalized-ui/CashierAfterSalesWorkbench.tsx","753","CashierAfterSalesWorkbenchView","jsx-expression-literal","OWNER","","完整候选索引；表达式内字面量可能是接口参数，是否实际展示以文案决策表与浏览器证据为准"
"src/normalized-ui/CashierAfterSalesWorkbench.tsx","753","CashierAfterSalesWorkbenchView","jsx-text","测试数据清理（老板）","","完整候选索引；表达式内字面量可能是接口参数，是否实际展示以文案决策表与浏览器证据为准"
"src/normalized-ui/CashierAfterSalesWorkbench.tsx","755","CashierAfterSalesWorkbenchView","jsx-text","现场说明","","完整候选索引；表达式内字面量可能是接口参数，是否实际展示以文案决策表与浏览器证据为准"
"src/normalized-ui/CashierAfterSalesWorkbench.tsx","755","CashierAfterSalesWorkbenchView","attribute:placeholder","至少4个字；说明为何不生成实际收款","","完整候选索引；表达式内字面量可能是接口参数，是否实际展示以文案决策表与浏览器证据为准"
"src/normalized-ui/CashierAfterSalesWorkbench.tsx","765","CashierAfterSalesWorkbenchView","jsx-text","这不是收款：系统只留存异常结清事实。已送达商品、库存和原营业日记录不会删除。","事实","完整候选索引；表达式内字面量可能是接口参数，是否实际展示以文案决策表与浏览器证据为准"
"src/normalized-ui/CashierAfterSalesWorkbench.tsx","767","CashierAfterSalesWorkbenchView","jsx-text","返回","","完整候选索引；表达式内字面量可能是接口参数，是否实际展示以文案决策表与浏览器证据为准"
"src/normalized-ui/CashierAfterSalesWorkbench.tsx","772","CashierAfterSalesWorkbenchView","jsx-expression-literal","再次确认异常结清","","完整候选索引；表达式内字面量可能是接口参数，是否实际展示以文案决策表与浏览器证据为准"
"src/normalized-ui/CashierAfterSalesWorkbench.tsx","772","CashierAfterSalesWorkbenchView","jsx-expression-literal","核对并继续","","完整候选索引；表达式内字面量可能是接口参数，是否实际展示以文案决策表与浏览器证据为准"
"src/normalized-ui/CashierAfterSalesWorkbench.tsx","778","CashierAfterSalesWorkbenchView","jsx-text","已异常结清 ¥","","完整候选索引；表达式内字面量可能是接口参数，是否实际展示以文案决策表与浏览器证据为准"
"src/normalized-ui/CashierAfterSalesWorkbench.tsx","778","CashierAfterSalesWorkbenchView","jsx-text","；未生成付款。","","完整候选索引；表达式内字面量可能是接口参数，是否实际展示以文案决策表与浏览器证据为准"
"src/normalized-ui/CashierAfterSalesWorkbench.tsx","781","CashierAfterSalesWorkbenchView","attribute:aria-label","关联出品任务","","完整候选索引；表达式内字面量可能是接口参数，是否实际展示以文案决策表与浏览器证据为准"
"src/normalized-ui/CashierAfterSalesWorkbench.tsx","782","CashierAfterSalesWorkbenchView","jsx-text","关联出品","","完整候选索引；表达式内字面量可能是接口参数，是否实际展示以文案决策表与浏览器证据为准"
"src/normalized-ui/CashierAfterSalesWorkbench.tsx","789","CashierAfterSalesWorkbenchView","jsx-expression-literal","pending","","完整候选索引；表达式内字面量可能是接口参数，是否实际展示以文案决策表与浏览器证据为准"
"src/normalized-ui/CashierAfterSalesWorkbench.tsx","789","CashierAfterSalesWorkbenchView","jsx-expression-literal","accepted","","完整候选索引；表达式内字面量可能是接口参数，是否实际展示以文案决策表与浏览器证据为准"
"src/normalized-ui/CashierAfterSalesWorkbench.tsx","790","CashierAfterSalesWorkbenchView","jsx-expression-literal","preparing","","完整候选索引；表达式内字面量可能是接口参数，是否实际展示以文案决策表与浏览器证据为准"
"src/normalized-ui/CashierAfterSalesWorkbench.tsx","790","CashierAfterSalesWorkbenchView","jsx-expression-literal","ready","","完整候选索引；表达式内字面量可能是接口参数，是否实际展示以文案决策表与浏览器证据为准"
"src/normalized-ui/CashierAfterSalesWorkbench.tsx","784","CashierAfterSalesWorkbenchView","jsx-text","出品任务仍在等待接单或制作。退款成功后可在此终止未开始制作的任务；请先在上方「收款与退款」完成退款。","","完整候选索引；表达式内字面量可能是接口参数，是否实际展示以文案决策表与浏览器证据为准"
"src/normalized-ui/CashierAfterSalesWorkbench.tsx","786","CashierAfterSalesWorkbenchView","jsx-text","退款成功不等于自动取消制作。仅未开始制作的任务可由具备出品异常权限的员工核对、填写原因后终止；制作中或已送达必须转入现场异常复核。","","完整候选索引；表达式内字面量可能是接口参数，是否实际展示以文案决策表与浏览器证据为准"
"src/normalized-ui/CashierAfterSalesWorkbench.tsx","789","CashierAfterSalesWorkbenchView","jsx-expression-literal","pending","","完整候选索引；表达式内字面量可能是接口参数，是否实际展示以文案决策表与浏览器证据为准"
"src/normalized-ui/CashierAfterSalesWorkbench.tsx","789","CashierAfterSalesWorkbenchView","jsx-expression-literal","accepted","","完整候选索引；表达式内字面量可能是接口参数，是否实际展示以文案决策表与浏览器证据为准"
"src/normalized-ui/CashierAfterSalesWorkbench.tsx","790","CashierAfterSalesWorkbenchView","jsx-expression-literal","preparing","","完整候选索引；表达式内字面量可能是接口参数，是否实际展示以文案决策表与浏览器证据为准"
"src/normalized-ui/CashierAfterSalesWorkbench.tsx","790","CashierAfterSalesWorkbenchView","jsx-expression-literal","ready","","完整候选索引；表达式内字面量可能是接口参数，是否实际展示以文案决策表与浏览器证据为准"
"src/normalized-ui/CashierAfterSalesWorkbench.tsx","794","CashierAfterSalesWorkbenchView","jsx-expression-literal","bar","","完整候选索引；表达式内字面量可能是接口参数，是否实际展示以文案决策表与浏览器证据为准"
"src/normalized-ui/CashierAfterSalesWorkbench.tsx","794","CashierAfterSalesWorkbenchView","jsx-expression-literal","吧台出品","","完整候选索引；表达式内字面量可能是接口参数，是否实际展示以文案决策表与浏览器证据为准"
"src/normalized-ui/CashierAfterSalesWorkbench.tsx","794","CashierAfterSalesWorkbenchView","jsx-expression-literal","后厨出品","","完整候选索引；表达式内字面量可能是接口参数，是否实际展示以文案决策表与浏览器证据为准"
"src/normalized-ui/CashierAfterSalesWorkbench.tsx","794","CashierAfterSalesWorkbenchView","jsx-text","份 ·","","完整候选索引；表达式内字面量可能是接口参数，是否实际展示以文案决策表与浏览器证据为准"
"src/normalized-ui/CashierAfterSalesWorkbench.tsx","795","CashierAfterSalesWorkbenchView","jsx-text","已退款 ¥","","完整候选索引；表达式内字面量可能是接口参数，是否实际展示以文案决策表与浏览器证据为准"
"src/normalized-ui/CashierAfterSalesWorkbench.tsx","797","CashierAfterSalesWorkbenchView","jsx-text","未见与该出品明细关联的渠道退款成功记录，不能从这里终止任务。","","完整候选索引；表达式内字面量可能是接口参数，是否实际展示以文案决策表与浏览器证据为准"
"src/normalized-ui/CashierAfterSalesWorkbench.tsx","798","CashierAfterSalesWorkbenchView","jsx-text","该任务已进入","","完整候选索引；表达式内字面量可能是接口参数，是否实际展示以文案决策表与浏览器证据为准"
"src/normalized-ui/CashierAfterSalesWorkbench.tsx","798","CashierAfterSalesWorkbenchView","jsx-text","，请由现场负责人核对实物、库存和客人沟通结果；本页不提供取消。","","完整候选索引；表达式内字面量可能是接口参数，是否实际展示以文案决策表与浏览器证据为准"
"src/normalized-ui/CashierAfterSalesWorkbench.tsx","799","CashierAfterSalesWorkbenchView","jsx-text","退款已成功，但当前账号没有“处理出品异常”权限，请交给值班经理处理。","","完整候选索引；表达式内字面量可能是接口参数，是否实际展示以文案决策表与浏览器证据为准"
"src/normalized-ui/CashierAfterSalesWorkbench.tsx","801","CashierAfterSalesWorkbenchView","jsx-text","现场核对说明","","完整候选索引；表达式内字面量可能是接口参数，是否实际展示以文案决策表与浏览器证据为准"
"src/normalized-ui/CashierAfterSalesWorkbench.tsx","801","CashierAfterSalesWorkbenchView","attribute:placeholder","至少4个字，例如：客人取消，吧台确认尚未开始制作","","完整候选索引；表达式内字面量可能是接口参数，是否实际展示以文案决策表与浏览器证据为准"
"src/normalized-ui/CashierAfterSalesWorkbench.tsx","811","CashierAfterSalesWorkbenchView","jsx-text","此操作只终止未开始制作的出品任务；退款、原订单、库存和原营业日事实不会被改写。","事实","完整候选索引；表达式内字面量可能是接口参数，是否实际展示以文案决策表与浏览器证据为准"
"src/normalized-ui/CashierAfterSalesWorkbench.tsx","813","CashierAfterSalesWorkbenchView","jsx-text","返回","","完整候选索引；表达式内字面量可能是接口参数，是否实际展示以文案决策表与浏览器证据为准"
"src/normalized-ui/CashierAfterSalesWorkbench.tsx","818","CashierAfterSalesWorkbenchView","jsx-expression-literal","再次确认终止出品","","完整候选索引；表达式内字面量可能是接口参数，是否实际展示以文案决策表与浏览器证据为准"
"src/normalized-ui/CashierAfterSalesWorkbench.tsx","818","CashierAfterSalesWorkbenchView","jsx-expression-literal","核对并继续","","完整候选索引；表达式内字面量可能是接口参数，是否实际展示以文案决策表与浏览器证据为准"
"src/normalized-ui/CashierAfterSalesWorkbench.tsx","825","CashierAfterSalesWorkbenchView","jsx-text","核对退款后处理出品","","完整候选索引；表达式内字面量可能是接口参数，是否实际展示以文案决策表与浏览器证据为准"
"src/normalized-ui/CashierAfterSalesWorkbench.tsx","835","CashierAfterSalesWorkbenchView","jsx-text","线上退款只有支付渠道回传成功后才入账；现金和实体POS必须登记独立退款凭证。","","完整候选索引；表达式内字面量可能是接口参数，是否实际展示以文案决策表与浏览器证据为准"
"src/normalized-ui/CashierAfterSalesWorkbench.tsx","886","ManualCollectionPanel","attribute:aria-label","退款后重新收款授权","","完整候选索引；表达式内字面量可能是接口参数，是否实际展示以文案决策表与浏览器证据为准"
"src/normalized-ui/CashierAfterSalesWorkbench.tsx","887","ManualCollectionPanel","jsx-text","退款后重新收款","","完整候选索引；表达式内字面量可能是接口参数，是否实际展示以文案决策表与浏览器证据为准"
"src/normalized-ui/CashierAfterSalesWorkbench.tsx","887","ManualCollectionPanel","jsx-text","已完成退款不会自动恢复收款。需由收银确认客人仍要支付，再开启一次性收款。","","完整候选索引；表达式内字面量可能是接口参数，是否实际展示以文案决策表与浏览器证据为准"
"src/normalized-ui/CashierAfterSalesWorkbench.tsx","889","ManualCollectionPanel","jsx-text","重新收款原因","","完整候选索引；表达式内字面量可能是接口参数，是否实际展示以文案决策表与浏览器证据为准"
"src/normalized-ui/CashierAfterSalesWorkbench.tsx","889","ManualCollectionPanel","attribute:placeholder","至少4个字，例如：原渠道退款后，顾客确认改用实体POS付款","","完整候选索引；表达式内字面量可能是接口参数，是否实际展示以文案决策表与浏览器证据为准"
"src/normalized-ui/CashierAfterSalesWorkbench.tsx","892","ManualCollectionPanel","jsx-text","请再次确认：退款已完成，顾客明确同意重新支付 ¥","","完整候选索引；表达式内字面量可能是接口参数，是否实际展示以文案决策表与浏览器证据为准"
"src/normalized-ui/CashierAfterSalesWorkbench.tsx","892","ManualCollectionPanel","jsx-text","；本授权仅限本单、限时且只可使用一次。","","完整候选索引；表达式内字面量可能是接口参数，是否实际展示以文案决策表与浏览器证据为准"
"src/normalized-ui/CashierAfterSalesWorkbench.tsx","895","ManualCollectionPanel","jsx-expression-literal","确认授权重新收款","","完整候选索引；表达式内字面量可能是接口参数，是否实际展示以文案决策表与浏览器证据为准"
"src/normalized-ui/CashierAfterSalesWorkbench.tsx","895","ManualCollectionPanel","jsx-expression-literal","核对并继续","","完整候选索引；表达式内字面量可能是接口参数，是否实际展示以文案决策表与浏览器证据为准"
"src/normalized-ui/CashierAfterSalesWorkbench.tsx","896","ManualCollectionPanel","jsx-text","当前账号无“授权退款后重新收款”权限，请交给具备退款复核权限的收银处理。","","完整候选索引；表达式内字面量可能是接口参数，是否实际展示以文案决策表与浏览器证据为准"
"src/normalized-ui/CashierAfterSalesWorkbench.tsx","954","ManualCollectionPanel","jsx-text","现场收款","","完整候选索引；表达式内字面量可能是接口参数，是否实际展示以文案决策表与浏览器证据为准"
"src/normalized-ui/CashierAfterSalesWorkbench.tsx","954","ManualCollectionPanel","jsx-text","剩余应收 ¥","","完整候选索引；表达式内字面量可能是接口参数，是否实际展示以文案决策表与浏览器证据为准"
"src/normalized-ui/CashierAfterSalesWorkbench.tsx","954","ManualCollectionPanel","jsx-expression-literal","退款后重新收款授权已生效，请在到期前完成一次实际收款。","","完整候选索引；表达式内字面量可能是接口参数，是否实际展示以文案决策表与浏览器证据为准"
"src/normalized-ui/CashierAfterSalesWorkbench.tsx","954","ManualCollectionPanel","jsx-expression-literal","可让顾客扫二维码、扫顾客付款码，或登记已实际收到的现金/POS/其他款项。","","完整候选索引；表达式内字面量可能是接口参数，是否实际展示以文案决策表与浏览器证据为准"
"src/normalized-ui/CashierAfterSalesWorkbench.tsx","955","ManualCollectionPanel","jsx-expression-literal","failed","","完整候选索引；表达式内字面量可能是接口参数，是否实际展示以文案决策表与浏览器证据为准"
"src/normalized-ui/CashierAfterSalesWorkbench.tsx","956","ManualCollectionPanel","jsx-text","请顾客扫码付款","","完整候选索引；表达式内字面量可能是接口参数，是否实际展示以文案决策表与浏览器证据为准"
"src/normalized-ui/CashierAfterSalesWorkbench.tsx","956","ManualCollectionPanel","jsx-text","实际到账以渠道回传为准；长时间无结果时可保留本次待核对并重新收款。","","完整候选索引；表达式内字面量可能是接口参数，是否实际展示以文案决策表与浏览器证据为准"
"src/normalized-ui/CashierAfterSalesWorkbench.tsx","957","ManualCollectionPanel","jsx-text","顾客付款码已受理","","完整候选索引；表达式内字面量可能是接口参数，是否实际展示以文案决策表与浏览器证据为准"
"src/normalized-ui/CashierAfterSalesWorkbench.tsx","957","ManualCollectionPanel","jsx-text","实际到账以支付渠道回传为准；长时间无结果时可放开新的收款尝试。","","完整候选索引；表达式内字面量可能是接口参数，是否实际展示以文案决策表与浏览器证据为准"
"src/normalized-ui/CashierAfterSalesWorkbench.tsx","958","ManualCollectionPanel","jsx-text","暂时收起","","完整候选索引；表达式内字面量可能是接口参数，是否实际展示以文案决策表与浏览器证据为准"
"src/normalized-ui/CashierAfterSalesWorkbench.tsx","960","ManualCollectionPanel","jsx-text","原支付结果尚未确认，可直接继续收款；原记录保留在订单详情，后台继续核对。","","完整候选索引；表达式内字面量可能是接口参数，是否实际展示以文案决策表与浏览器证据为准"
"src/normalized-ui/CashierAfterSalesWorkbench.tsx","963","ManualCollectionPanel","jsx-text","出示付款二维码","","完整候选索引；表达式内字面量可能是接口参数，是否实际展示以文案决策表与浏览器证据为准"
"src/normalized-ui/CashierAfterSalesWorkbench.tsx","964","ManualCollectionPanel","jsx-text","扫顾客付款码","","完整候选索引；表达式内字面量可能是接口参数，是否实际展示以文案决策表与浏览器证据为准"
"src/normalized-ui/CashierAfterSalesWorkbench.tsx","965","ManualCollectionPanel","jsx-text","登记现金收款","","完整候选索引；表达式内字面量可能是接口参数，是否实际展示以文案决策表与浏览器证据为准"
"src/normalized-ui/CashierAfterSalesWorkbench.tsx","966","ManualCollectionPanel","jsx-text","登记实体POS收款","","完整候选索引；表达式内字面量可能是接口参数，是否实际展示以文案决策表与浏览器证据为准"
"src/normalized-ui/CashierAfterSalesWorkbench.tsx","967","ManualCollectionPanel","jsx-text","登记其他线下收款","","完整候选索引；表达式内字面量可能是接口参数，是否实际展示以文案决策表与浏览器证据为准"
"src/normalized-ui/CashierAfterSalesWorkbench.tsx","970","ManualCollectionPanel","jsx-text","只在款项已经实际收到后登记。系统将记录当前登录员工、时间和凭证，不允许代填他人身份。","","完整候选索引；表达式内字面量可能是接口参数，是否实际展示以文案决策表与浏览器证据为准"
"src/normalized-ui/CashierAfterSalesWorkbench.tsx","971","ManualCollectionPanel","jsx-expression-literal","external_manual","","完整候选索引；表达式内字面量可能是接口参数，是否实际展示以文案决策表与浏览器证据为准"
"src/normalized-ui/CashierAfterSalesWorkbench.tsx","971","ManualCollectionPanel","jsx-text","实际收款方式","","完整候选索引；表达式内字面量可能是接口参数，是否实际展示以文案决策表与浏览器证据为准"
"src/normalized-ui/CashierAfterSalesWorkbench.tsx","971","ManualCollectionPanel","jsx-text","银行转账","","完整候选索引；表达式内字面量可能是接口参数，是否实际展示以文案决策表与浏览器证据为准"
"src/normalized-ui/CashierAfterSalesWorkbench.tsx","971","ManualCollectionPanel","jsx-text","其他扫码或数字钱包","","完整候选索引；表达式内字面量可能是接口参数，是否实际展示以文案决策表与浏览器证据为准"
"src/normalized-ui/CashierAfterSalesWorkbench.tsx","971","ManualCollectionPanel","jsx-text","储值卡或代金凭证","","完整候选索引；表达式内字面量可能是接口参数，是否实际展示以文案决策表与浏览器证据为准"
"src/normalized-ui/CashierAfterSalesWorkbench.tsx","971","ManualCollectionPanel","jsx-text","公司账户结算","","完整候选索引；表达式内字面量可能是接口参数，是否实际展示以文案决策表与浏览器证据为准"
"src/normalized-ui/CashierAfterSalesWorkbench.tsx","971","ManualCollectionPanel","jsx-text","其他经批准方式","","完整候选索引；表达式内字面量可能是接口参数，是否实际展示以文案决策表与浏览器证据为准"
"src/normalized-ui/CashierAfterSalesWorkbench.tsx","972","ManualCollectionPanel","jsx-expression-literal","cash","","完整候选索引；表达式内字面量可能是接口参数，是否实际展示以文案决策表与浏览器证据为准"
"src/normalized-ui/CashierAfterSalesWorkbench.tsx","972","ManualCollectionPanel","jsx-text","现金记账编号由系统自动生成，无需填写。","","完整候选索引；表达式内字面量可能是接口参数，是否实际展示以文案决策表与浏览器证据为准"
"src/normalized-ui/CashierAfterSalesWorkbench.tsx","972","ManualCollectionPanel","jsx-expression-literal","physical_pos","","完整候选索引；表达式内字面量可能是接口参数，是否实际展示以文案决策表与浏览器证据为准"
"src/normalized-ui/CashierAfterSalesWorkbench.tsx","972","ManualCollectionPanel","jsx-expression-literal","POS小票/交易号","","完整候选索引；表达式内字面量可能是接口参数，是否实际展示以文案决策表与浏览器证据为准"
"src/normalized-ui/CashierAfterSalesWorkbench.tsx","972","ManualCollectionPanel","jsx-expression-literal","外部交易号或凭证号","","完整候选索引；表达式内字面量可能是接口参数，是否实际展示以文案决策表与浏览器证据为准"
"src/normalized-ui/CashierAfterSalesWorkbench.tsx","972","ManualCollectionPanel","jsx-expression-literal","physical_pos","","完整候选索引；表达式内字面量可能是接口参数，是否实际展示以文案决策表与浏览器证据为准"
"src/normalized-ui/CashierAfterSalesWorkbench.tsx","972","ManualCollectionPanel","jsx-expression-literal","例如 POS-20260824-0001","","完整候选索引；表达式内字面量可能是接口参数，是否实际展示以文案决策表与浏览器证据为准"
"src/normalized-ui/CashierAfterSalesWorkbench.tsx","972","ManualCollectionPanel","jsx-expression-literal","填写可供日结核对的真实凭证号","","完整候选索引；表达式内字面量可能是接口参数，是否实际展示以文案决策表与浏览器证据为准"
"src/normalized-ui/CashierAfterSalesWorkbench.tsx","973","ManualCollectionPanel","jsx-expression-literal","physical_pos","","完整候选索引；表达式内字面量可能是接口参数，是否实际展示以文案决策表与浏览器证据为准"
"src/normalized-ui/CashierAfterSalesWorkbench.tsx","973","ManualCollectionPanel","jsx-text","POS终端编号","","完整候选索引；表达式内字面量可能是接口参数，是否实际展示以文案决策表与浏览器证据为准"
"src/normalized-ui/CashierAfterSalesWorkbench.tsx","973","ManualCollectionPanel","attribute:placeholder","例如 POS-01","","完整候选索引；表达式内字面量可能是接口参数，是否实际展示以文案决策表与浏览器证据为准"
"src/normalized-ui/CashierAfterSalesWorkbench.tsx","974","ManualCollectionPanel","jsx-expression-literal","external_manual","","完整候选索引；表达式内字面量可能是接口参数，是否实际展示以文案决策表与浏览器证据为准"
"src/normalized-ui/CashierAfterSalesWorkbench.tsx","974","ManualCollectionPanel","jsx-text","收款说明","","完整候选索引；表达式内字面量可能是接口参数，是否实际展示以文案决策表与浏览器证据为准"
"src/normalized-ui/CashierAfterSalesWorkbench.tsx","974","ManualCollectionPanel","attribute:placeholder","说明收款平台、核对对象或其他可复核信息","","完整候选索引；表达式内字面量可能是接口参数，是否实际展示以文案决策表与浏览器证据为准"
"src/normalized-ui/CashierAfterSalesWorkbench.tsx","975","ManualCollectionPanel","jsx-text","请再次核对：已经实际收到","","完整候选索引；表达式内字面量可能是接口参数，是否实际展示以文案决策表与浏览器证据为准"
"src/normalized-ui/CashierAfterSalesWorkbench.tsx","975","ManualCollectionPanel","jsx-expression-literal","cash","","完整候选索引；表达式内字面量可能是接口参数，是否实际展示以文案决策表与浏览器证据为准"
"src/normalized-ui/CashierAfterSalesWorkbench.tsx","975","ManualCollectionPanel","jsx-expression-literal","记账编号将自动生成","","完整候选索引；表达式内字面量可能是接口参数，是否实际展示以文案决策表与浏览器证据为准"
"src/normalized-ui/CashierAfterSalesWorkbench.tsx","975","ManualCollectionPanel","jsx-template-text","凭证号为“","","完整候选索引；表达式内字面量可能是接口参数，是否实际展示以文案决策表与浏览器证据为准"
"src/normalized-ui/CashierAfterSalesWorkbench.tsx","975","ManualCollectionPanel","jsx-text","。确认后将计入收款和对账，并在订单收清后允许继续结台。","","完整候选索引；表达式内字面量可能是接口参数，是否实际展示以文案决策表与浏览器证据为准"
"src/normalized-ui/CashierAfterSalesWorkbench.tsx","977","ManualCollectionPanel","jsx-text","返回","","完整候选索引；表达式内字面量可能是接口参数，是否实际展示以文案决策表与浏览器证据为准"
"src/normalized-ui/CashierAfterSalesWorkbench.tsx","979","ManualCollectionPanel","jsx-template-text","确认已收到","","完整候选索引；表达式内字面量可能是接口参数，是否实际展示以文案决策表与浏览器证据为准"
"src/normalized-ui/CashierAfterSalesWorkbench.tsx","979","ManualCollectionPanel","jsx-expression-literal","核对并继续","","完整候选索引；表达式内字面量可能是接口参数，是否实际展示以文案决策表与浏览器证据为准"
"src/normalized-ui/CashierAfterSalesWorkbench.tsx","983","ManualCollectionPanel","jsx-expression-literal","failed","","完整候选索引；表达式内字面量可能是接口参数，是否实际展示以文案决策表与浏览器证据为准"
"src/normalized-ui/CashierAfterSalesWorkbench.tsx","983","ManualCollectionPanel","jsx-text","上一次线上收款未成功，可重新生成二维码、重新扫码或改用现场收款。","","完整候选索引；表达式内字面量可能是接口参数，是否实际展示以文案决策表与浏览器证据为准"
"src/normalized-ui/CashierAfterSalesWorkbench.tsx","1008","ActivityCashierPanel","attribute:aria-label","活动收银工作台","","完整候选索引；表达式内字面量可能是接口参数，是否实际展示以文案决策表与浏览器证据为准"
"src/normalized-ui/CashierAfterSalesWorkbench.tsx","1010","ActivityCashierPanel","jsx-text","活动收银","","完整候选索引；表达式内字面量可能是接口参数，是否实际展示以文案决策表与浏览器证据为准"
"src/normalized-ui/CashierAfterSalesWorkbench.tsx","1010","ActivityCashierPanel","jsx-text","仅显示报名、支付、退款和库存名额恢复状态；不显示顾客联系方式。","","完整候选索引；表达式内字面量可能是接口参数，是否实际展示以文案决策表与浏览器证据为准"
"src/normalized-ui/CashierAfterSalesWorkbench.tsx","1014","ActivityCashierPanel","jsx-text","本营业日没有待处理的活动收银事项。已完成的活动收款和退款会进入日结对账。","","完整候选索引；表达式内字面量可能是接口参数，是否实际展示以文案决策表与浏览器证据为准"
"src/normalized-ui/CashierAfterSalesWorkbench.tsx","1094","ActivityCashierRegistrationCard","jsx-text","人 ·","","完整候选索引；表达式内字面量可能是接口参数，是否实际展示以文案决策表与浏览器证据为准"
"src/normalized-ui/CashierAfterSalesWorkbench.tsx","1095","ActivityCashierRegistrationCard","jsx-template-text","旧款待退款","","完整候选索引；表达式内字面量可能是接口参数，是否实际展示以文案决策表与浏览器证据为准"
"src/normalized-ui/CashierAfterSalesWorkbench.tsx","1100","ActivityCashierRegistrationCard","jsx-text","活动报名记录","","完整候选索引；表达式内字面量可能是接口参数，是否实际展示以文案决策表与浏览器证据为准"
"src/normalized-ui/CashierAfterSalesWorkbench.tsx","1101","ActivityCashierRegistrationCard","jsx-text","活动编号","","完整候选索引；表达式内字面量可能是接口参数，是否实际展示以文案决策表与浏览器证据为准"
"src/normalized-ui/CashierAfterSalesWorkbench.tsx","1101","ActivityCashierRegistrationCard","jsx-text","· 报名状态：","","完整候选索引；表达式内字面量可能是接口参数，是否实际展示以文案决策表与浏览器证据为准"
"src/normalized-ui/CashierAfterSalesWorkbench.tsx","1102","ActivityCashierRegistrationCard","jsx-text","本页不显示或导出顾客联系方式。活动退款只能由店内收银处理，顾客端没有自助退款入口。","","完整候选索引；表达式内字面量可能是接口参数，是否实际展示以文案决策表与浏览器证据为准"
"src/normalized-ui/CashierAfterSalesWorkbench.tsx","1105","ActivityCashierRegistrationCard","jsx-text","收款、退款与再次收款","","完整候选索引；表达式内字面量可能是接口参数，是否实际展示以文案决策表与浏览器证据为准"
"src/normalized-ui/CashierAfterSalesWorkbench.tsx","1107","ActivityCashierRegistrationCard","jsx-text","旧报名付款晚到成功，需先退款处理","","完整候选索引；表达式内字面量可能是接口参数，是否实际展示以文案决策表与浏览器证据为准"
"src/normalized-ui/CashierAfterSalesWorkbench.tsx","1108","ActivityCashierRegistrationCard","jsx-text","以下旧周期收款不会记入当前报名，也不能被忽略。所有仍有可退余额的旧款完成退款前，系统会阻止当前报名继续收款。","","完整候选索引；表达式内字面量可能是接口参数，是否实际展示以文案决策表与浏览器证据为准"
"src/normalized-ui/CashierAfterSalesWorkbench.tsx","1109","ActivityCashierRegistrationCard","jsx-text","旧款退款原因","","完整候选索引；表达式内字面量可能是接口参数，是否实际展示以文案决策表与浏览器证据为准"
"src/normalized-ui/CashierAfterSalesWorkbench.tsx","1109","ActivityCashierRegistrationCard","attribute:placeholder","至少2个字；说明旧付款晚到成功，需要原路退款","","完整候选索引；表达式内字面量可能是接口参数，是否实际展示以文案决策表与浏览器证据为准"
"src/normalized-ui/CashierAfterSalesWorkbench.tsx","1116","ActivityCashierRegistrationCard","jsx-text","旧款","","完整候选索引；表达式内字面量可能是接口参数，是否实际展示以文案决策表与浏览器证据为准"
"src/normalized-ui/CashierAfterSalesWorkbench.tsx","1116","ActivityCashierRegistrationCard","jsx-text","到账 ¥","","完整候选索引；表达式内字面量可能是接口参数，是否实际展示以文案决策表与浏览器证据为准"
"src/normalized-ui/CashierAfterSalesWorkbench.tsx","1116","ActivityCashierRegistrationCard","jsx-text","· 仍需原路退 ¥","","完整候选索引；表达式内字面量可能是接口参数，是否实际展示以文案决策表与浏览器证据为准"
"src/normalized-ui/CashierAfterSalesWorkbench.tsx","1118","ActivityCashierRegistrationCard","jsx-text","最近退款：","","完整候选索引；表达式内字面量可能是接口参数，是否实际展示以文案决策表与浏览器证据为准"
"src/normalized-ui/CashierAfterSalesWorkbench.tsx","1128","ActivityCashierRegistrationCard","jsx-text","当前账号不能发起退款，请交给有退款申请权限的收银或管理人员。","","完整候选索引；表达式内字面量可能是接口参数，是否实际展示以文案决策表与浏览器证据为准"
"src/normalized-ui/CashierAfterSalesWorkbench.tsx","1130","ActivityCashierRegistrationCard","jsx-text","这笔活动付款已经向线上渠道发起，系统已锁定其他收款入口。请先等待或查询渠道结果，避免重复收款。","","完整候选索引；表达式内字面量可能是接口参数，是否实际展示以文案决策表与浏览器证据为准"
"src/normalized-ui/CashierAfterSalesWorkbench.tsx","1132","ActivityCashierRegistrationCard","jsx-text","退款后重新收款","","完整候选索引；表达式内字面量可能是接口参数，是否实际展示以文案决策表与浏览器证据为准"
"src/normalized-ui/CashierAfterSalesWorkbench.tsx","1132","ActivityCashierRegistrationCard","jsx-text","退款已释放活动名额和套餐库存；重新收款前会重新校验活动名额、套餐名额和物料库存。","","完整候选索引；表达式内字面量可能是接口参数，是否实际展示以文案决策表与浏览器证据为准"
"src/normalized-ui/CashierAfterSalesWorkbench.tsx","1134","ActivityCashierRegistrationCard","jsx-text","重新收款原因","","完整候选索引；表达式内字面量可能是接口参数，是否实际展示以文案决策表与浏览器证据为准"
"src/normalized-ui/CashierAfterSalesWorkbench.tsx","1134","ActivityCashierRegistrationCard","attribute:placeholder","至少4个字，例如：顾客确认改用实体POS付款","","完整候选索引；表达式内字面量可能是接口参数，是否实际展示以文案决策表与浏览器证据为准"
"src/normalized-ui/CashierAfterSalesWorkbench.tsx","1140","ActivityCashierRegistrationCard","jsx-text","授权重新收款","","完整候选索引；表达式内字面量可能是接口参数，是否实际展示以文案决策表与浏览器证据为准"
"src/normalized-ui/CashierAfterSalesWorkbench.tsx","1141","ActivityCashierRegistrationCard","jsx-text","当前账号不能授权退款后重新收款，请交给有该权限的收银或管理人员。","","完整候选索引；表达式内字面量可能是接口参数，是否实际展示以文案决策表与浏览器证据为准"
"src/normalized-ui/CashierAfterSalesWorkbench.tsx","1143","ActivityCashierRegistrationCard","jsx-text","已授权一次重新收款 ¥","","完整候选索引；表达式内字面量可能是接口参数，是否实际展示以文案决策表与浏览器证据为准"
"src/normalized-ui/CashierAfterSalesWorkbench.tsx","1143","ActivityCashierRegistrationCard","jsx-text","，到","","完整候选索引；表达式内字面量可能是接口参数，是否实际展示以文案决策表与浏览器证据为准"
"src/normalized-ui/CashierAfterSalesWorkbench.tsx","1143","ActivityCashierRegistrationCard","jsx-text","前有效；若名额或库存不足，收款会被安全拒绝。","","完整候选索引；表达式内字面量可能是接口参数，是否实际展示以文案决策表与浏览器证据为准"
"src/normalized-ui/CashierAfterSalesWorkbench.tsx","1145","ActivityCashierRegistrationCard","jsx-text","登记活动现场收款","","完整候选索引；表达式内字面量可能是接口参数，是否实际展示以文案决策表与浏览器证据为准"
"src/normalized-ui/CashierAfterSalesWorkbench.tsx","1145","ActivityCashierRegistrationCard","jsx-text","应收 ¥","","完整候选索引；表达式内字面量可能是接口参数，是否实际展示以文案决策表与浏览器证据为准"
"src/normalized-ui/CashierAfterSalesWorkbench.tsx","1145","ActivityCashierRegistrationCard","jsx-text","；仅在实际收到款项后登记，凭证会和当前员工、时间一起进入审计与日结。","","完整候选索引；表达式内字面量可能是接口参数，是否实际展示以文案决策表与浏览器证据为准"
"src/normalized-ui/CashierAfterSalesWorkbench.tsx","1147","ActivityCashierRegistrationCard","jsx-text","登记现金","","完整候选索引；表达式内字面量可能是接口参数，是否实际展示以文案决策表与浏览器证据为准"
"src/normalized-ui/CashierAfterSalesWorkbench.tsx","1148","ActivityCashierRegistrationCard","jsx-text","登记实体POS","","完整候选索引；表达式内字面量可能是接口参数，是否实际展示以文案决策表与浏览器证据为准"
"src/normalized-ui/CashierAfterSalesWorkbench.tsx","1149","ActivityCashierRegistrationCard","jsx-text","登记其他方式","","完整候选索引；表达式内字面量可能是接口参数，是否实际展示以文案决策表与浏览器证据为准"
"src/normalized-ui/CashierAfterSalesWorkbench.tsx","1151","ActivityCashierRegistrationCard","jsx-expression-literal","external_manual","","完整候选索引；表达式内字面量可能是接口参数，是否实际展示以文案决策表与浏览器证据为准"
"src/normalized-ui/CashierAfterSalesWorkbench.tsx","1151","ActivityCashierRegistrationCard","jsx-text","实际收款方式","","完整候选索引；表达式内字面量可能是接口参数，是否实际展示以文案决策表与浏览器证据为准"
"src/normalized-ui/CashierAfterSalesWorkbench.tsx","1151","ActivityCashierRegistrationCard","jsx-text","银行转账","","完整候选索引；表达式内字面量可能是接口参数，是否实际展示以文案决策表与浏览器证据为准"
"src/normalized-ui/CashierAfterSalesWorkbench.tsx","1151","ActivityCashierRegistrationCard","jsx-text","其他扫码或数字钱包","","完整候选索引；表达式内字面量可能是接口参数，是否实际展示以文案决策表与浏览器证据为准"
"src/normalized-ui/CashierAfterSalesWorkbench.tsx","1151","ActivityCashierRegistrationCard","jsx-text","储值卡或代金凭证","","完整候选索引；表达式内字面量可能是接口参数，是否实际展示以文案决策表与浏览器证据为准"
"src/normalized-ui/CashierAfterSalesWorkbench.tsx","1151","ActivityCashierRegistrationCard","jsx-text","公司账户结算","","完整候选索引；表达式内字面量可能是接口参数，是否实际展示以文案决策表与浏览器证据为准"
"src/normalized-ui/CashierAfterSalesWorkbench.tsx","1151","ActivityCashierRegistrationCard","jsx-text","其他经批准方式","","完整候选索引；表达式内字面量可能是接口参数，是否实际展示以文案决策表与浏览器证据为准"
"src/normalized-ui/CashierAfterSalesWorkbench.tsx","1152","ActivityCashierRegistrationCard","jsx-expression-literal","cash","","完整候选索引；表达式内字面量可能是接口参数，是否实际展示以文案决策表与浏览器证据为准"
"src/normalized-ui/CashierAfterSalesWorkbench.tsx","1152","ActivityCashierRegistrationCard","jsx-text","现金记账编号由系统自动生成，无需填写。","","完整候选索引；表达式内字面量可能是接口参数，是否实际展示以文案决策表与浏览器证据为准"
"src/normalized-ui/CashierAfterSalesWorkbench.tsx","1152","ActivityCashierRegistrationCard","jsx-expression-literal","physical_pos","","完整候选索引；表达式内字面量可能是接口参数，是否实际展示以文案决策表与浏览器证据为准"
"src/normalized-ui/CashierAfterSalesWorkbench.tsx","1152","ActivityCashierRegistrationCard","jsx-expression-literal","POS小票/交易号","","完整候选索引；表达式内字面量可能是接口参数，是否实际展示以文案决策表与浏览器证据为准"
"src/normalized-ui/CashierAfterSalesWorkbench.tsx","1152","ActivityCashierRegistrationCard","jsx-expression-literal","外部交易号或凭证号","","完整候选索引；表达式内字面量可能是接口参数，是否实际展示以文案决策表与浏览器证据为准"
"src/normalized-ui/CashierAfterSalesWorkbench.tsx","1153","ActivityCashierRegistrationCard","jsx-expression-literal","physical_pos","","完整候选索引；表达式内字面量可能是接口参数，是否实际展示以文案决策表与浏览器证据为准"
"src/normalized-ui/CashierAfterSalesWorkbench.tsx","1153","ActivityCashierRegistrationCard","jsx-text","POS终端编号","","完整候选索引；表达式内字面量可能是接口参数，是否实际展示以文案决策表与浏览器证据为准"
"src/normalized-ui/CashierAfterSalesWorkbench.tsx","1154","ActivityCashierRegistrationCard","jsx-expression-literal","external_manual","","完整候选索引；表达式内字面量可能是接口参数，是否实际展示以文案决策表与浏览器证据为准"
"src/normalized-ui/CashierAfterSalesWorkbench.tsx","1154","ActivityCashierRegistrationCard","jsx-text","收款说明","","完整候选索引；表达式内字面量可能是接口参数，是否实际展示以文案决策表与浏览器证据为准"
"src/normalized-ui/CashierAfterSalesWorkbench.tsx","1155","ActivityCashierRegistrationCard","jsx-text","请确认已实际收到 ¥","","完整候选索引；表达式内字面量可能是接口参数，是否实际展示以文案决策表与浏览器证据为准"
"src/normalized-ui/CashierAfterSalesWorkbench.tsx","1155","ActivityCashierRegistrationCard","jsx-text","，凭证“","","完整候选索引；表达式内字面量可能是接口参数，是否实际展示以文案决策表与浏览器证据为准"
"src/normalized-ui/CashierAfterSalesWorkbench.tsx","1155","ActivityCashierRegistrationCard","jsx-text","”真实可核对。提交后会计入收款与日结。","","完整候选索引；表达式内字面量可能是接口参数，是否实际展示以文案决策表与浏览器证据为准"
"src/normalized-ui/CashierAfterSalesWorkbench.tsx","1156","ActivityCashierRegistrationCard","jsx-text","返回","","完整候选索引；表达式内字面量可能是接口参数，是否实际展示以文案决策表与浏览器证据为准"
"src/normalized-ui/CashierAfterSalesWorkbench.tsx","1156","ActivityCashierRegistrationCard","jsx-expression-literal","确认已实际收款","","完整候选索引；表达式内字面量可能是接口参数，是否实际展示以文案决策表与浏览器证据为准"
"src/normalized-ui/CashierAfterSalesWorkbench.tsx","1156","ActivityCashierRegistrationCard","jsx-expression-literal","核对并继续","","完整候选索引；表达式内字面量可能是接口参数，是否实际展示以文案决策表与浏览器证据为准"
"src/normalized-ui/CashierAfterSalesWorkbench.tsx","1160","ActivityCashierRegistrationCard","jsx-text","发起活动退款","","完整候选索引；表达式内字面量可能是接口参数，是否实际展示以文案决策表与浏览器证据为准"
"src/normalized-ui/CashierAfterSalesWorkbench.tsx","1161","ActivityCashierRegistrationCard","jsx-text","退款金额为本次活动实际收款 ¥","","完整候选索引；表达式内字面量可能是接口参数，是否实际展示以文案决策表与浏览器证据为准"
"src/normalized-ui/CashierAfterSalesWorkbench.tsx","1161","ActivityCashierRegistrationCard","jsx-text","。顾客不能自助退款，申请后需由非申请人复核。","","完整候选索引；表达式内字面量可能是接口参数，是否实际展示以文案决策表与浏览器证据为准"
"src/normalized-ui/CashierAfterSalesWorkbench.tsx","1162","ActivityCashierRegistrationCard","jsx-text","退款原因","","完整候选索引；表达式内字面量可能是接口参数，是否实际展示以文案决策表与浏览器证据为准"
"src/normalized-ui/CashierAfterSalesWorkbench.tsx","1162","ActivityCashierRegistrationCard","attribute:placeholder","至少2个字；说明活动、原收款和退款原因","","完整候选索引；表达式内字面量可能是接口参数，是否实际展示以文案决策表与浏览器证据为准"
"src/normalized-ui/CashierAfterSalesWorkbench.tsx","1168","ActivityCashierRegistrationCard","jsx-text","发起全额退款","","完整候选索引；表达式内字面量可能是接口参数，是否实际展示以文案决策表与浏览器证据为准"
"src/normalized-ui/CashierAfterSalesWorkbench.tsx","1282","PaymentBlock","jsx-text","剩余可退 ¥","","完整候选索引；表达式内字面量可能是接口参数，是否实际展示以文案决策表与浏览器证据为准"
"src/normalized-ui/CashierAfterSalesWorkbench.tsx","1286","PaymentBlock","jsx-text","选择原商品发起退款","","完整候选索引；表达式内字面量可能是接口参数，是否实际展示以文案决策表与浏览器证据为准"
"src/normalized-ui/CashierAfterSalesWorkbench.tsx","1289","PaymentBlock","jsx-expression-literal","postar","","完整候选索引；表达式内字面量可能是接口参数，是否实际展示以文案决策表与浏览器证据为准"
"src/normalized-ui/CashierAfterSalesWorkbench.tsx","1290","PaymentBlock","jsx-expression-literal","created","","完整候选索引；表达式内字面量可能是接口参数，是否实际展示以文案决策表与浏览器证据为准"
"src/normalized-ui/CashierAfterSalesWorkbench.tsx","1290","PaymentBlock","jsx-expression-literal","pending","","完整候选索引；表达式内字面量可能是接口参数，是否实际展示以文案决策表与浏览器证据为准"
"src/normalized-ui/CashierAfterSalesWorkbench.tsx","1291","PaymentBlock","jsx-expression-literal","failed","","完整候选索引；表达式内字面量可能是接口参数，是否实际展示以文案决策表与浏览器证据为准"
"src/normalized-ui/CashierAfterSalesWorkbench.tsx","1293","PaymentBlock","jsx-text","这笔线上付款尚无明确结果。查询只读取支付渠道的签名结果，不会再次扣款。","","完整候选索引；表达式内字面量可能是接口参数，是否实际展示以文案决策表与浏览器证据为准"
"src/normalized-ui/CashierAfterSalesWorkbench.tsx","1304","PaymentBlock","jsx-template-text","payment-provider-query-","provider","完整候选索引；表达式内字面量可能是接口参数，是否实际展示以文案决策表与浏览器证据为准"
"src/normalized-ui/CashierAfterSalesWorkbench.tsx","1304","PaymentBlock","jsx-text","查询渠道结果","","完整候选索引；表达式内字面量可能是接口参数，是否实际展示以文案决策表与浏览器证据为准"
"src/normalized-ui/CashierAfterSalesWorkbench.tsx","1307","PaymentBlock","jsx-expression-literal","postar","","完整候选索引；表达式内字面量可能是接口参数，是否实际展示以文案决策表与浏览器证据为准"
"src/normalized-ui/CashierAfterSalesWorkbench.tsx","1308","PaymentBlock","jsx-expression-literal","processing","","完整候选索引；表达式内字面量可能是接口参数，是否实际展示以文案决策表与浏览器证据为准"
"src/normalized-ui/CashierAfterSalesWorkbench.tsx","1310","PaymentBlock","jsx-text","这笔线上退款正在等待渠道确认。查询只读取退款结果，不会再次提交退款。","","完整候选索引；表达式内字面量可能是接口参数，是否实际展示以文案决策表与浏览器证据为准"
"src/normalized-ui/CashierAfterSalesWorkbench.tsx","1321","PaymentBlock","jsx-template-text","refund-provider-query-","provider","完整候选索引；表达式内字面量可能是接口参数，是否实际展示以文案决策表与浏览器证据为准"
"src/normalized-ui/CashierAfterSalesWorkbench.tsx","1321","PaymentBlock","jsx-text","查询退款渠道结果","","完整候选索引；表达式内字面量可能是接口参数，是否实际展示以文案决策表与浏览器证据为准"
"src/normalized-ui/CashierAfterSalesWorkbench.tsx","1325","PaymentBlock","jsx-text","选择本次退款商品和金额","","完整候选索引；表达式内字面量可能是接口参数，是否实际展示以文案决策表与浏览器证据为准"
"src/normalized-ui/CashierAfterSalesWorkbench.tsx","1326","PaymentBlock","jsx-text","本次处理","","完整候选索引；表达式内字面量可能是接口参数，是否实际展示以文案决策表与浏览器证据为准"
"src/normalized-ui/CashierAfterSalesWorkbench.tsx","1327","PaymentBlock","jsx-text","退货或取消商品","","完整候选索引；表达式内字面量可能是接口参数，是否实际展示以文案决策表与浏览器证据为准"
"src/normalized-ui/CashierAfterSalesWorkbench.tsx","1327","PaymentBlock","jsx-text","退差价","","完整候选索引；表达式内字面量可能是接口参数，是否实际展示以文案决策表与浏览器证据为准"
"src/normalized-ui/CashierAfterSalesWorkbench.tsx","1328","PaymentBlock","jsx-text","服务补偿，商品继续供应","","完整候选索引；表达式内字面量可能是接口参数，是否实际展示以文案决策表与浏览器证据为准"
"src/normalized-ui/CashierAfterSalesWorkbench.tsx","1328","PaymentBlock","jsx-text","重复收款退回","","完整候选索引；表达式内字面量可能是接口参数，是否实际展示以文案决策表与浏览器证据为准"
"src/normalized-ui/CashierAfterSalesWorkbench.tsx","1330","PaymentBlock","jsx-expression-literal","return_goods","","完整候选索引；表达式内字面量可能是接口参数，是否实际展示以文案决策表与浏览器证据为准"
"src/normalized-ui/CashierAfterSalesWorkbench.tsx","1330","PaymentBlock","jsx-text","仅处理资金，商品保持原处理进度，不自动恢复制作或退库。","","完整候选索引；表达式内字面量可能是接口参数，是否实际展示以文案决策表与浏览器证据为准"
"src/normalized-ui/CashierAfterSalesWorkbench.tsx","1331","PaymentBlock","jsx-text","已停止商品的后到原款，可按“退差价”或“重复收款退回”处理。原减免和库存结果保留。","","完整候选索引；表达式内字面量可能是接口参数，是否实际展示以文案决策表与浏览器证据为准"
"src/normalized-ui/CashierAfterSalesWorkbench.tsx","1341","PaymentBlock","jsx-text","原成交 ¥","","完整候选索引；表达式内字面量可能是接口参数，是否实际展示以文案决策表与浏览器证据为准"
"src/normalized-ui/CashierAfterSalesWorkbench.tsx","1341","PaymentBlock","jsx-text","· 剩余可退 ¥","","完整候选索引；表达式内字面量可能是接口参数，是否实际展示以文案决策表与浏览器证据为准"
"src/normalized-ui/CashierAfterSalesWorkbench.tsx","1345","PaymentBlock","jsx-template-text","退款金额","","完整候选索引；表达式内字面量可能是接口参数，是否实际展示以文案决策表与浏览器证据为准"
"src/normalized-ui/CashierAfterSalesWorkbench.tsx","1351","PaymentBlock","jsx-text","退款原因","","完整候选索引；表达式内字面量可能是接口参数，是否实际展示以文案决策表与浏览器证据为准"
"src/normalized-ui/CashierAfterSalesWorkbench.tsx","1351","PaymentBlock","attribute:placeholder","例如：商品未出品，客人取消","","完整候选索引；表达式内字面量可能是接口参数，是否实际展示以文案决策表与浏览器证据为准"
"src/normalized-ui/CashierAfterSalesWorkbench.tsx","1352","PaymentBlock","jsx-text","本次发起","","完整候选索引；表达式内字面量可能是接口参数，是否实际展示以文案决策表与浏览器证据为准"
"src/normalized-ui/CashierAfterSalesWorkbench.tsx","1353","PaymentBlock","jsx-text","所选金额超过该支付单剩余可退额。","","完整候选索引；表达式内字面量可能是接口参数，是否实际展示以文案决策表与浏览器证据为准"
"src/normalized-ui/CashierAfterSalesWorkbench.tsx","1358","PaymentBlock","jsx-text","单项退款金额必须大于0，且不能超过该商品剩余可退额。","","完整候选索引；表达式内字面量可能是接口参数，是否实际展示以文案决策表与浏览器证据为准"
"src/normalized-ui/CashierAfterSalesWorkbench.tsx","1360","PaymentBlock","jsx-text","取消","","完整候选索引；表达式内字面量可能是接口参数，是否实际展示以文案决策表与浏览器证据为准"
"src/normalized-ui/CashierAfterSalesWorkbench.tsx","1362","PaymentBlock","jsx-template-text","refund-request-","","完整候选索引；表达式内字面量可能是接口参数，是否实际展示以文案决策表与浏览器证据为准"
"src/normalized-ui/CashierAfterSalesWorkbench.tsx","1362","PaymentBlock","jsx-text","提交退款","","完整候选索引；表达式内字面量可能是接口参数，是否实际展示以文案决策表与浏览器证据为准"
"src/normalized-ui/CashierAfterSalesWorkbench.tsx","1418","RefundBlock","attribute:aria-label","原商品售后","","完整候选索引；表达式内字面量可能是接口参数，是否实际展示以文案决策表与浏览器证据为准"
"src/normalized-ui/CashierAfterSalesWorkbench.tsx","1419","RefundBlock","jsx-text","商品售后退款 · 请通过原售后单统一处理。","","完整候选索引；表达式内字面量可能是接口参数，是否实际展示以文案决策表与浏览器证据为准"
"src/normalized-ui/CashierAfterSalesWorkbench.tsx","1420","RefundBlock","jsx-text","处理原售后单","","完整候选索引；表达式内字面量可能是接口参数，是否实际展示以文案决策表与浏览器证据为准"
"src/normalized-ui/CashierAfterSalesWorkbench.tsx","1421","RefundBlock","jsx-text","原售后商品关联待核对，请联系管理员。","","完整候选索引；表达式内字面量可能是接口参数，是否实际展示以文案决策表与浏览器证据为准"
"src/normalized-ui/CashierAfterSalesWorkbench.tsx","1426","RefundBlock","jsx-text","退款 ¥","","完整候选索引；表达式内字面量可能是接口参数，是否实际展示以文案决策表与浏览器证据为准"
"src/normalized-ui/CashierAfterSalesWorkbench.tsx","1426","RefundBlock","jsx-text","发起","","完整候选索引；表达式内字面量可能是接口参数，是否实际展示以文案决策表与浏览器证据为准"
"src/normalized-ui/CashierAfterSalesWorkbench.tsx","1431","RefundBlock","jsx-text","复核说明：","","完整候选索引；表达式内字面量可能是接口参数，是否实际展示以文案决策表与浏览器证据为准"
"src/normalized-ui/CashierAfterSalesWorkbench.tsx","1432","RefundBlock","jsx-text","退款凭证：","","完整候选索引；表达式内字面量可能是接口参数，是否实际展示以文案决策表与浏览器证据为准"
"src/normalized-ui/CashierAfterSalesWorkbench.tsx","1434","RefundBlock","jsx-expression-literal","requested","","完整候选索引；表达式内字面量可能是接口参数，是否实际展示以文案决策表与浏览器证据为准"
"src/normalized-ui/CashierAfterSalesWorkbench.tsx","1434","RefundBlock","jsx-text","发起人不能审核或驳回自己的退款，请交给另一名具备复核权限和额度的员工；无人可处理时，请联系管理员配置“退款复核”。","","完整候选索引；表达式内字面量可能是接口参数，是否实际展示以文案决策表与浏览器证据为准"
"src/normalized-ui/CashierAfterSalesWorkbench.tsx","1435","RefundBlock","jsx-expression-literal","requested","","完整候选索引；表达式内字面量可能是接口参数，是否实际展示以文案决策表与浏览器证据为准"
"src/normalized-ui/CashierAfterSalesWorkbench.tsx","1435","RefundBlock","jsx-text","当前员工没有退款复核权限，请交给有权限和额度的其他员工，或联系管理员配置“退款复核”。","","完整候选索引；表达式内字面量可能是接口参数，是否实际展示以文案决策表与浏览器证据为准"
"src/normalized-ui/CashierAfterSalesWorkbench.tsx","1437","RefundBlock","jsx-text","复核说明","","完整候选索引；表达式内字面量可能是接口参数，是否实际展示以文案决策表与浏览器证据为准"
"src/normalized-ui/CashierAfterSalesWorkbench.tsx","1437","RefundBlock","attribute:placeholder","核对原支付、商品、金额和原因","","完整候选索引；表达式内字面量可能是接口参数，是否实际展示以文案决策表与浏览器证据为准"
"src/normalized-ui/CashierAfterSalesWorkbench.tsx","1449","RefundBlock","jsx-text","复核驳回","","完整候选索引；表达式内字面量可能是接口参数，是否实际展示以文案决策表与浏览器证据为准"
"src/normalized-ui/CashierAfterSalesWorkbench.tsx","1460","RefundBlock","jsx-text","复核通过","","完整候选索引；表达式内字面量可能是接口参数，是否实际展示以文案决策表与浏览器证据为准"
"src/normalized-ui/CashierAfterSalesWorkbench.tsx","1476","RefundBlock","jsx-template-text","refund-execute-","","完整候选索引；表达式内字面量可能是接口参数，是否实际展示以文案决策表与浏览器证据为准"
"src/normalized-ui/CashierAfterSalesWorkbench.tsx","1476","RefundBlock","jsx-expression-literal","开始人工退款","","完整候选索引；表达式内字面量可能是接口参数，是否实际展示以文案决策表与浏览器证据为准"
"src/normalized-ui/CashierAfterSalesWorkbench.tsx","1476","RefundBlock","jsx-expression-literal","立即提交原路退款","","完整候选索引；表达式内字面量可能是接口参数，是否实际展示以文案决策表与浏览器证据为准"
"src/normalized-ui/CashierAfterSalesWorkbench.tsx","1478","RefundBlock","jsx-expression-literal","processing","","完整候选索引；表达式内字面量可能是接口参数，是否实际展示以文案决策表与浏览器证据为准"
"src/normalized-ui/CashierAfterSalesWorkbench.tsx","1478","RefundBlock","jsx-expression-literal","postar","","完整候选索引；表达式内字面量可能是接口参数，是否实际展示以文案决策表与浏览器证据为准"
"src/normalized-ui/CashierAfterSalesWorkbench.tsx","1479","RefundBlock","jsx-expression-literal","not_started","","完整候选索引；表达式内字面量可能是接口参数，是否实际展示以文案决策表与浏览器证据为准"
"src/normalized-ui/CashierAfterSalesWorkbench.tsx","1491","RefundBlock","jsx-template-text","refund-provider-query-","provider","完整候选索引；表达式内字面量可能是接口参数，是否实际展示以文案决策表与浏览器证据为准"
"src/normalized-ui/CashierAfterSalesWorkbench.tsx","1491","RefundBlock","jsx-text","查询渠道结果","","完整候选索引；表达式内字面量可能是接口参数，是否实际展示以文案决策表与浏览器证据为准"
"src/normalized-ui/CashierAfterSalesWorkbench.tsx","1493","RefundBlock","jsx-expression-literal","processing","","完整候选索引；表达式内字面量可能是接口参数，是否实际展示以文案决策表与浏览器证据为准"
"src/normalized-ui/CashierAfterSalesWorkbench.tsx","1493","RefundBlock","jsx-expression-literal","not_started","","完整候选索引；表达式内字面量可能是接口参数，是否实际展示以文案决策表与浏览器证据为准"
"src/normalized-ui/CashierAfterSalesWorkbench.tsx","1494","RefundBlock","jsx-text","待支付渠道回传结果。本页不能把线上退款手工改成成功。","","完整候选索引；表达式内字面量可能是接口参数，是否实际展示以文案决策表与浏览器证据为准"
"src/normalized-ui/CashierAfterSalesWorkbench.tsx","1495","RefundBlock","jsx-expression-literal","processing","","完整候选索引；表达式内字面量可能是接口参数，是否实际展示以文案决策表与浏览器证据为准"
"src/normalized-ui/CashierAfterSalesWorkbench.tsx","1495","RefundBlock","jsx-expression-literal","not_started","","完整候选索引；表达式内字面量可能是接口参数，是否实际展示以文案决策表与浏览器证据为准"
"src/normalized-ui/CashierAfterSalesWorkbench.tsx","1496","RefundBlock","jsx-text","已批准，等待系统提交原支付渠道；也可立即提交。请勿另开重复退款。","","完整候选索引；表达式内字面量可能是接口参数，是否实际展示以文案决策表与浏览器证据为准"
"src/normalized-ui/CashierAfterSalesWorkbench.tsx","1499","RefundBlock","jsx-expression-literal","cash","","完整候选索引；表达式内字面量可能是接口参数，是否实际展示以文案决策表与浏览器证据为准"
"src/normalized-ui/CashierAfterSalesWorkbench.tsx","1499","RefundBlock","jsx-expression-literal","请实际退还现金。本操作仅登记退款账和凭证，不调用微信或星驿，也不会自动退钱。","","完整候选索引；表达式内字面量可能是接口参数，是否实际展示以文案决策表与浏览器证据为准"
"src/normalized-ui/CashierAfterSalesWorkbench.tsx","1499","RefundBlock","jsx-expression-literal","请在原线下收款工具完成退款后登记凭证；本系统不会代为转账。","","完整候选索引；表达式内字面量可能是接口参数，是否实际展示以文案决策表与浏览器证据为准"
"src/normalized-ui/CashierAfterSalesWorkbench.tsx","1500","RefundBlock","jsx-expression-literal","cash","","完整候选索引；表达式内字面量可能是接口参数，是否实际展示以文案决策表与浏览器证据为准"
"src/normalized-ui/CashierAfterSalesWorkbench.tsx","1500","RefundBlock","jsx-text","确认实际退付后，系统自动生成现金退款编号。","","完整候选索引；表达式内字面量可能是接口参数，是否实际展示以文案决策表与浏览器证据为准"
"src/normalized-ui/CashierAfterSalesWorkbench.tsx","1500","RefundBlock","jsx-expression-literal","physical_pos","","完整候选索引；表达式内字面量可能是接口参数，是否实际展示以文案决策表与浏览器证据为准"
"src/normalized-ui/CashierAfterSalesWorkbench.tsx","1500","RefundBlock","jsx-expression-literal","POS退款小票/交易号","","完整候选索引；表达式内字面量可能是接口参数，是否实际展示以文案决策表与浏览器证据为准"
"src/normalized-ui/CashierAfterSalesWorkbench.tsx","1500","RefundBlock","jsx-expression-literal","线下退款凭证号","","完整候选索引；表达式内字面量可能是接口参数，是否实际展示以文案决策表与浏览器证据为准"
"src/normalized-ui/CashierAfterSalesWorkbench.tsx","1500","RefundBlock","attribute:placeholder","必须与原收款凭证分开","","完整候选索引；表达式内字面量可能是接口参数，是否实际展示以文案决策表与浏览器证据为准"
"src/normalized-ui/CashierAfterSalesWorkbench.tsx","1507","RefundBlock","jsx-text","登记失败","","完整候选索引；表达式内字面量可能是接口参数，是否实际展示以文案决策表与浏览器证据为准"
"src/normalized-ui/CashierAfterSalesWorkbench.tsx","1513","RefundBlock","jsx-text","登记已退","","完整候选索引；表达式内字面量可能是接口参数，是否实际展示以文案决策表与浏览器证据为准"
"src/normalized-ui/CashierAfterSalesWorkbench.tsx","1515","RefundBlock","attribute:aria-label","确认人工退款结果","","完整候选索引；表达式内字面量可能是接口参数，是否实际展示以文案决策表与浏览器证据为准"
"src/normalized-ui/CashierAfterSalesWorkbench.tsx","1516","RefundBlock","jsx-expression-literal","succeeded","","完整候选索引；表达式内字面量可能是接口参数，是否实际展示以文案决策表与浏览器证据为准"
"src/normalized-ui/CashierAfterSalesWorkbench.tsx","1516","RefundBlock","jsx-expression-literal","确认款项已经实际退给客人？","","完整候选索引；表达式内字面量可能是接口参数，是否实际展示以文案决策表与浏览器证据为准"
"src/normalized-ui/CashierAfterSalesWorkbench.tsx","1516","RefundBlock","jsx-expression-literal","确认本次人工退款没有完成？","","完整候选索引；表达式内字面量可能是接口参数，是否实际展示以文案决策表与浏览器证据为准"
"src/normalized-ui/CashierAfterSalesWorkbench.tsx","1517","RefundBlock","jsx-expression-literal","succeeded","","完整候选索引；表达式内字面量可能是接口参数，是否实际展示以文案决策表与浏览器证据为准"
"src/normalized-ui/CashierAfterSalesWorkbench.tsx","1518","RefundBlock","jsx-expression-literal","cash","","完整候选索引；表达式内字面量可能是接口参数，是否实际展示以文案决策表与浏览器证据为准"
"src/normalized-ui/CashierAfterSalesWorkbench.tsx","1518","RefundBlock","jsx-expression-literal","确认后将登记实际现金退付并自动生成编号。","","完整候选索引；表达式内字面量可能是接口参数，是否实际展示以文案决策表与浏览器证据为准"
"src/normalized-ui/CashierAfterSalesWorkbench.tsx","1518","RefundBlock","jsx-template-text","确认后将凭证“","","完整候选索引；表达式内字面量可能是接口参数，是否实际展示以文案决策表与浏览器证据为准"
"src/normalized-ui/CashierAfterSalesWorkbench.tsx","1518","RefundBlock","jsx-template-text","”写入退款账，不能只凭口头结果登记。","","完整候选索引；表达式内字面量可能是接口参数，是否实际展示以文案决策表与浏览器证据为准"
"src/normalized-ui/CashierAfterSalesWorkbench.tsx","1519","RefundBlock","jsx-expression-literal","确认后本次处理会标记失败，不会占用已退款金额。","","完整候选索引；表达式内字面量可能是接口参数，是否实际展示以文案决策表与浏览器证据为准"
"src/normalized-ui/CashierAfterSalesWorkbench.tsx","1521","RefundBlock","jsx-text","返回核对","","完整候选索引；表达式内字面量可能是接口参数，是否实际展示以文案决策表与浏览器证据为准"
"src/normalized-ui/CashierAfterSalesWorkbench.tsx","1536","RefundBlock","jsx-expression-literal","succeeded","","完整候选索引；表达式内字面量可能是接口参数，是否实际展示以文案决策表与浏览器证据为准"
"src/normalized-ui/CashierAfterSalesWorkbench.tsx","1536","RefundBlock","jsx-expression-literal","确认已实际退款","","完整候选索引；表达式内字面量可能是接口参数，是否实际展示以文案决策表与浏览器证据为准"
"src/normalized-ui/CashierAfterSalesWorkbench.tsx","1536","RefundBlock","jsx-expression-literal","确认退款失败","","完整候选索引；表达式内字面量可能是接口参数，是否实际展示以文案决策表与浏览器证据为准"
"src/normalized-ui/CashierDaySummary.tsx","16","CashierDaySummary","attribute:aria-label","本营业日金额","","完整候选索引；表达式内字面量可能是接口参数，是否实际展示以文案决策表与浏览器证据为准"
"src/normalized-ui/CashierDaySummary.tsx","16","CashierDaySummary","jsx-text","本营业日","","完整候选索引；表达式内字面量可能是接口参数，是否实际展示以文案决策表与浏览器证据为准"
"src/normalized-ui/CashierDaySummary.tsx","16","CashierDaySummary","jsx-template-text","更新","","完整候选索引；表达式内字面量可能是接口参数，是否实际展示以文案决策表与浏览器证据为准"
"src/normalized-ui/CashierDaySummary.tsx","16","CashierDaySummary","jsx-expression-literal","zh-CN","","完整候选索引；表达式内字面量可能是接口参数，是否实际展示以文案决策表与浏览器证据为准"
"src/normalized-ui/CashierDaySummary.tsx","16","CashierDaySummary","jsx-expression-literal","Asia/Shanghai","","完整候选索引；表达式内字面量可能是接口参数，是否实际展示以文案决策表与浏览器证据为准"
"src/normalized-ui/CashierDaySummary.tsx","16","CashierDaySummary","jsx-expression-literal","正在读取金额","","完整候选索引；表达式内字面量可能是接口参数，是否实际展示以文案决策表与浏览器证据为准"
"src/normalized-ui/CashierDaySummary.tsx","17","CashierDaySummary","jsx-text","净收","","完整候选索引；表达式内字面量可能是接口参数，是否实际展示以文案决策表与浏览器证据为准"
"src/normalized-ui/CashierDaySummary.tsx","18","CashierDaySummary","jsx-text","收款","","完整候选索引；表达式内字面量可能是接口参数，是否实际展示以文案决策表与浏览器证据为准"
"src/normalized-ui/CashierDaySummary.tsx","18","CashierDaySummary","jsx-text","退款","","完整候选索引；表达式内字面量可能是接口参数，是否实际展示以文案决策表与浏览器证据为准"
"src/normalized-ui/CashierDaySummary.tsx","18","CashierDaySummary","jsx-text","待收","","完整候选索引；表达式内字面量可能是接口参数，是否实际展示以文案决策表与浏览器证据为准"
"src/normalized-ui/CashierDaySummary.tsx","19","CashierDaySummary","jsx-text","销售与统计口径","","完整候选索引；表达式内字面量可能是接口参数，是否实际展示以文案决策表与浏览器证据为准"
"src/normalized-ui/CashierDaySummary.tsx","19","CashierDaySummary","jsx-text","销售额","","完整候选索引；表达式内字面量可能是接口参数，是否实际展示以文案决策表与浏览器证据为准"
"src/normalized-ui/CashierDaySummary.tsx","19","CashierDaySummary","jsx-text","；销售按订单营业日，收退款按资金入账营业日。旧支付结果未知不计入收款。","","完整候选索引；表达式内字面量可能是接口参数，是否实际展示以文案决策表与浏览器证据为准"
"src/normalized-ui/CashierDaySummary.tsx","21","CashierDaySummary","jsx-text","；显示的是上次读取结果。","","完整候选索引；表达式内字面量可能是接口参数，是否实际展示以文案决策表与浏览器证据为准"
"src/normalized-ui/CatalogManagementPanel.tsx","27","(module)","display-definition","演出前","","完整候选索引；表达式内字面量可能是接口参数，是否实际展示以文案决策表与浏览器证据为准"
"src/normalized-ui/CatalogManagementPanel.tsx","28","(module)","display-definition","不插电","","完整候选索引；表达式内字面量可能是接口参数，是否实际展示以文案决策表与浏览器证据为准"
"src/normalized-ui/CatalogManagementPanel.tsx","29","(module)","display-definition","乐队现场","","完整候选索引；表达式内字面量可能是接口参数，是否实际展示以文案决策表与浏览器证据为准"
"src/normalized-ui/CatalogManagementPanel.tsx","30","(module)","display-definition","中场","","完整候选索引；表达式内字面量可能是接口参数，是否实际展示以文案决策表与浏览器证据为准"
"src/normalized-ui/CatalogManagementPanel.tsx","31","(module)","display-definition","演出后","","完整候选索引；表达式内字面量可能是接口参数，是否实际展示以文案决策表与浏览器证据为准"
"src/normalized-ui/CatalogManagementPanel.tsx","35","(module)","display-definition","整瓶","","完整候选索引；表达式内字面量可能是接口参数，是否实际展示以文案决策表与浏览器证据为准"
"src/normalized-ui/CatalogManagementPanel.tsx","36","(module)","display-definition","单杯","","完整候选索引；表达式内字面量可能是接口参数，是否实际展示以文案决策表与浏览器证据为准"
"src/normalized-ui/CatalogManagementPanel.tsx","37","(module)","display-definition","Shot","","完整候选索引；表达式内字面量可能是接口参数，是否实际展示以文案决策表与浏览器证据为准"
"src/normalized-ui/CatalogManagementPanel.tsx","38","(module)","display-definition","鸡尾酒","","完整候选索引；表达式内字面量可能是接口参数，是否实际展示以文案决策表与浏览器证据为准"
"src/normalized-ui/CatalogManagementPanel.tsx","39","(module)","display-definition","自定义","","完整候选索引；表达式内字面量可能是接口参数，是否实际展示以文案决策表与浏览器证据为准"
"src/normalized-ui/CatalogManagementPanel.tsx","869","CatalogManagementPanel","jsx-expression-literal","酒水上架流程","","完整候选索引；表达式内字面量可能是接口参数，是否实际展示以文案决策表与浏览器证据为准"
"src/normalized-ui/CatalogManagementPanel.tsx","869","CatalogManagementPanel","jsx-expression-literal","商品与推荐配置","","完整候选索引；表达式内字面量可能是接口参数，是否实际展示以文案决策表与浏览器证据为准"
"src/normalized-ui/CatalogManagementPanel.tsx","871","CatalogManagementPanel","jsx-expression-literal","酒水上架流程","","完整候选索引；表达式内字面量可能是接口参数，是否实际展示以文案决策表与浏览器证据为准"
"src/normalized-ui/CatalogManagementPanel.tsx","871","CatalogManagementPanel","jsx-expression-literal","商品、售价与推荐","","完整候选索引；表达式内字面量可能是接口参数，是否实际展示以文案决策表与浏览器证据为准"
"src/normalized-ui/CatalogManagementPanel.tsx","871","CatalogManagementPanel","jsx-expression-literal","第 4–5 步：商品、售价、配方与可售校验","","完整候选索引；表达式内字面量可能是接口参数，是否实际展示以文案决策表与浏览器证据为准"
"src/normalized-ui/CatalogManagementPanel.tsx","871","CatalogManagementPanel","jsx-expression-literal","上架、搜索、人数范围、优先级、成本和组合","","完整候选索引；表达式内字面量可能是接口参数，是否实际展示以文案决策表与浏览器证据为准"
"src/normalized-ui/CatalogManagementPanel.tsx","872","CatalogManagementPanel","jsx-expression-literal","经营配置","","完整候选索引；表达式内字面量可能是接口参数，是否实际展示以文案决策表与浏览器证据为准"
"src/normalized-ui/CatalogManagementPanel.tsx","875","CatalogManagementPanel","jsx-expression-literal","loading","","完整候选索引；表达式内字面量可能是接口参数，是否实际展示以文案决策表与浏览器证据为准"
"src/normalized-ui/CatalogManagementPanel.tsx","875","CatalogManagementPanel","jsx-text","正在读取商品","","完整候选索引；表达式内字面量可能是接口参数，是否实际展示以文案决策表与浏览器证据为准"
"src/normalized-ui/CatalogManagementPanel.tsx","876","CatalogManagementPanel","jsx-expression-literal","success","","完整候选索引；表达式内字面量可能是接口参数，是否实际展示以文案决策表与浏览器证据为准"
"src/normalized-ui/CatalogManagementPanel.tsx","877","CatalogManagementPanel","jsx-expression-literal","error","","完整候选索引；表达式内字面量可能是接口参数，是否实际展示以文案决策表与浏览器证据为准"
"src/normalized-ui/CatalogManagementPanel.tsx","877","CatalogManagementPanel","jsx-text","重新读取商品","","完整候选索引；表达式内字面量可能是接口参数，是否实际展示以文案决策表与浏览器证据为准"
"src/normalized-ui/CatalogManagementPanel.tsx","878","CatalogManagementPanel","jsx-expression-literal","ready","","完整候选索引；表达式内字面量可能是接口参数，是否实际展示以文案决策表与浏览器证据为准"
"src/normalized-ui/CatalogManagementPanel.tsx","879","CatalogManagementPanel","attribute:aria-label","酒水上架步骤说明","","完整候选索引；表达式内字面量可能是接口参数，是否实际展示以文案决策表与浏览器证据为准"
"src/normalized-ui/CatalogManagementPanel.tsx","879","CatalogManagementPanel","jsx-text","第 2–4 步：销售规格、配方成本与发布","","完整候选索引；表达式内字面量可能是接口参数，是否实际展示以文案决策表与浏览器证据为准"
"src/normalized-ui/CatalogManagementPanel.tsx","879","CatalogManagementPanel","jsx-text","选择整瓶、单杯、Shot、鸡尾酒或自定义规格，保存售价与真实扣减配方，再回到入库卡生成发布预览。","","完整候选索引；表达式内字面量可能是接口参数，是否实际展示以文案决策表与浏览器证据为准"
"src/normalized-ui/CatalogManagementPanel.tsx","879","CatalogManagementPanel","jsx-text","销售规格","","完整候选索引；表达式内字面量可能是接口参数，是否实际展示以文案决策表与浏览器证据为准"
"src/normalized-ui/CatalogManagementPanel.tsx","879","CatalogManagementPanel","jsx-text","同一库存物料可被多个销售规格共同引用。","","完整候选索引；表达式内字面量可能是接口参数，是否实际展示以文案决策表与浏览器证据为准"
"src/normalized-ui/CatalogManagementPanel.tsx","879","CatalogManagementPanel","jsx-text","配方与预览","","完整候选索引；表达式内字面量可能是接口参数，是否实际展示以文案决策表与浏览器证据为准"
"src/normalized-ui/CatalogManagementPanel.tsx","879","CatalogManagementPanel","jsx-text","配置每份用量、损耗、售价和渠道。","","完整候选索引；表达式内字面量可能是接口参数，是否实际展示以文案决策表与浏览器证据为准"
"src/normalized-ui/CatalogManagementPanel.tsx","879","CatalogManagementPanel","jsx-text","确认发布","","完整候选索引；表达式内字面量可能是接口参数，是否实际展示以文案决策表与浏览器证据为准"
"src/normalized-ui/CatalogManagementPanel.tsx","879","CatalogManagementPanel","jsx-text","核对本次成本后，确认入库并上架","","完整候选索引；表达式内字面量可能是接口参数，是否实际展示以文案决策表与浏览器证据为准"
"src/normalized-ui/CatalogManagementPanel.tsx","879","CatalogManagementPanel","jsx-text","“在售”仅是商品状态；顾客可点还要通过配方和实时库存校验，系统不会因方便操作而跳过。","","完整候选索引；表达式内字面量可能是接口参数，是否实际展示以文案决策表与浏览器证据为准"
"src/normalized-ui/CatalogManagementPanel.tsx","880","CatalogManagementPanel","attribute:aria-label","顾客菜单分类","","完整候选索引；表达式内字面量可能是接口参数，是否实际展示以文案决策表与浏览器证据为准"
"src/normalized-ui/CatalogManagementPanel.tsx","881","CatalogManagementPanel","jsx-text","顾客菜单分类","","完整候选索引；表达式内字面量可能是接口参数，是否实际展示以文案决策表与浏览器证据为准"
"src/normalized-ui/CatalogManagementPanel.tsx","881","CatalogManagementPanel","jsx-text","一级入口和二级分类都在这里配置；小程序只显示名称、顺序和可见性，不再把内部分类编号给顾客看。","","完整候选索引；表达式内字面量可能是接口参数，是否实际展示以文案决策表与浏览器证据为准"
"src/normalized-ui/CatalogManagementPanel.tsx","881","CatalogManagementPanel","jsx-text","新增分类","","完整候选索引；表达式内字面量可能是接口参数，是否实际展示以文案决策表与浏览器证据为准"
"src/normalized-ui/CatalogManagementPanel.tsx","883","CatalogManagementPanel","jsx-expression-literal","新增菜单分类","","完整候选索引；表达式内字面量可能是接口参数，是否实际展示以文案决策表与浏览器证据为准"
"src/normalized-ui/CatalogManagementPanel.tsx","883","CatalogManagementPanel","jsx-template-text","编辑","","完整候选索引；表达式内字面量可能是接口参数，是否实际展示以文案决策表与浏览器证据为准"
"src/normalized-ui/CatalogManagementPanel.tsx","884","CatalogManagementPanel","jsx-text","分类编号","","完整候选索引；表达式内字面量可能是接口参数，是否实际展示以文案决策表与浏览器证据为准"
"src/normalized-ui/CatalogManagementPanel.tsx","884","CatalogManagementPanel","attribute:placeholder","例如 cocktail","","完整候选索引；表达式内字面量可能是接口参数，是否实际展示以文案决策表与浏览器证据为准"
"src/normalized-ui/CatalogManagementPanel.tsx","885","CatalogManagementPanel","jsx-text","顾客显示名称","","完整候选索引；表达式内字面量可能是接口参数，是否实际展示以文案决策表与浏览器证据为准"
"src/normalized-ui/CatalogManagementPanel.tsx","885","CatalogManagementPanel","attribute:placeholder","例如 鸡尾酒","","完整候选索引；表达式内字面量可能是接口参数，是否实际展示以文案决策表与浏览器证据为准"
"src/normalized-ui/CatalogManagementPanel.tsx","886","CatalogManagementPanel","jsx-text","上级分类","","完整候选索引；表达式内字面量可能是接口参数，是否实际展示以文案决策表与浏览器证据为准"
"src/normalized-ui/CatalogManagementPanel.tsx","886","CatalogManagementPanel","jsx-text","作为一级分类","","完整候选索引；表达式内字面量可能是接口参数，是否实际展示以文案决策表与浏览器证据为准"
"src/normalized-ui/CatalogManagementPanel.tsx","887","CatalogManagementPanel","jsx-text","菜单排序","","完整候选索引；表达式内字面量可能是接口参数，是否实际展示以文案决策表与浏览器证据为准"
"src/normalized-ui/CatalogManagementPanel.tsx","888","CatalogManagementPanel","jsx-text","顾客菜单可见","","完整候选索引；表达式内字面量可能是接口参数，是否实际展示以文案决策表与浏览器证据为准"
"src/normalized-ui/CatalogManagementPanel.tsx","889","CatalogManagementPanel","jsx-text","取消","","完整候选索引；表达式内字面量可能是接口参数，是否实际展示以文案决策表与浏览器证据为准"
"src/normalized-ui/CatalogManagementPanel.tsx","889","CatalogManagementPanel","jsx-expression-literal","保存中","","完整候选索引；表达式内字面量可能是接口参数，是否实际展示以文案决策表与浏览器证据为准"
"src/normalized-ui/CatalogManagementPanel.tsx","889","CatalogManagementPanel","jsx-expression-literal","保存分类","","完整候选索引；表达式内字面量可能是接口参数，是否实际展示以文案决策表与浏览器证据为准"
"src/normalized-ui/CatalogManagementPanel.tsx","892","CatalogManagementPanel","jsx-text","还没有菜单分类。请先创建一级分类，再为“酒水”等一级分类添加二级分类。","","完整候选索引；表达式内字面量可能是接口参数，是否实际展示以文案决策表与浏览器证据为准"
"src/normalized-ui/CatalogManagementPanel.tsx","893","CatalogManagementPanel","jsx-text","· 排序","","完整候选索引；表达式内字面量可能是接口参数，是否实际展示以文案决策表与浏览器证据为准"
"src/normalized-ui/CatalogManagementPanel.tsx","893","CatalogManagementPanel","jsx-text","个商品 ·","","完整候选索引；表达式内字面量可能是接口参数，是否实际展示以文案决策表与浏览器证据为准"
"src/normalized-ui/CatalogManagementPanel.tsx","893","CatalogManagementPanel","jsx-expression-literal","顾客可见","","完整候选索引；表达式内字面量可能是接口参数，是否实际展示以文案决策表与浏览器证据为准"
"src/normalized-ui/CatalogManagementPanel.tsx","893","CatalogManagementPanel","jsx-expression-literal","顾客隐藏","","完整候选索引；表达式内字面量可能是接口参数，是否实际展示以文案决策表与浏览器证据为准"
"src/normalized-ui/CatalogManagementPanel.tsx","893","CatalogManagementPanel","jsx-text","编辑","","完整候选索引；表达式内字面量可能是接口参数，是否实际展示以文案决策表与浏览器证据为准"
"src/normalized-ui/CatalogManagementPanel.tsx","895","CatalogManagementPanel","attribute:aria-label","搜索配置商品","","完整候选索引；表达式内字面量可能是接口参数，是否实际展示以文案决策表与浏览器证据为准"
"src/normalized-ui/CatalogManagementPanel.tsx","895","CatalogManagementPanel","attribute:placeholder","搜索商品名、编号或分类","","完整候选索引；表达式内字面量可能是接口参数，是否实际展示以文案决策表与浏览器证据为准"
"src/normalized-ui/CatalogManagementPanel.tsx","895","CatalogManagementPanel","jsx-text","新增商品","","完整候选索引；表达式内字面量可能是接口参数，是否实际展示以文案决策表与浏览器证据为准"
"src/normalized-ui/CatalogManagementPanel.tsx","895","CatalogManagementPanel","jsx-text","刷新可售状态","","完整候选索引；表达式内字面量可能是接口参数，是否实际展示以文案决策表与浏览器证据为准"
"src/normalized-ui/CatalogManagementPanel.tsx","897","CatalogManagementPanel","jsx-expression-literal","新增商品","","完整候选索引；表达式内字面量可能是接口参数，是否实际展示以文案决策表与浏览器证据为准"
"src/normalized-ui/CatalogManagementPanel.tsx","897","CatalogManagementPanel","jsx-template-text","编辑","","完整候选索引；表达式内字面量可能是接口参数，是否实际展示以文案决策表与浏览器证据为准"
"src/normalized-ui/CatalogManagementPanel.tsx","897","CatalogManagementPanel","jsx-expression-literal","bundle","","完整候选索引；表达式内字面量可能是接口参数，是否实际展示以文案决策表与浏览器证据为准"
"src/normalized-ui/CatalogManagementPanel.tsx","897","CatalogManagementPanel","jsx-expression-literal","inactive","","完整候选索引；表达式内字面量可能是接口参数，是否实际展示以文案决策表与浏览器证据为准"
"src/normalized-ui/CatalogManagementPanel.tsx","897","CatalogManagementPanel","jsx-text","标记停用（尚未保存）","","完整候选索引；表达式内字面量可能是接口参数，是否实际展示以文案决策表与浏览器证据为准"
"src/normalized-ui/CatalogManagementPanel.tsx","897","CatalogManagementPanel","jsx-text","取消","","完整候选索引；表达式内字面量可能是接口参数，是否实际展示以文案决策表与浏览器证据为准"
"src/normalized-ui/CatalogManagementPanel.tsx","899","CatalogManagementPanel","jsx-text","商品编号","","完整候选索引；表达式内字面量可能是接口参数，是否实际展示以文案决策表与浏览器证据为准"
"src/normalized-ui/CatalogManagementPanel.tsx","900","CatalogManagementPanel","jsx-text","商品名称","","完整候选索引；表达式内字面量可能是接口参数，是否实际展示以文案决策表与浏览器证据为准"
"src/normalized-ui/CatalogManagementPanel.tsx","901","CatalogManagementPanel","jsx-text","顾客菜单分类","","完整候选索引；表达式内字面量可能是接口参数，是否实际展示以文案决策表与浏览器证据为准"
"src/normalized-ui/CatalogManagementPanel.tsx","901","CatalogManagementPanel","jsx-text","当前分类（其他分类）","","完整候选索引；表达式内字面量可能是接口参数，是否实际展示以文案决策表与浏览器证据为准"
"src/normalized-ui/CatalogManagementPanel.tsx","901","CatalogManagementPanel","jsx-text","分类名称、层级、顺序和顾客可见性在上方统一配置。","","完整候选索引；表达式内字面量可能是接口参数，是否实际展示以文案决策表与浏览器证据为准"
"src/normalized-ui/CatalogManagementPanel.tsx","902","CatalogManagementPanel","jsx-text","商品类型","","完整候选索引；表达式内字面量可能是接口参数，是否实际展示以文案决策表与浏览器证据为准"
"src/normalized-ui/CatalogManagementPanel.tsx","902","CatalogManagementPanel","jsx-text","单品","","完整候选索引；表达式内字面量可能是接口参数，是否实际展示以文案决策表与浏览器证据为准"
"src/normalized-ui/CatalogManagementPanel.tsx","902","CatalogManagementPanel","jsx-text","组合商品","","完整候选索引；表达式内字面量可能是接口参数，是否实际展示以文案决策表与浏览器证据为准"
"src/normalized-ui/CatalogManagementPanel.tsx","903","CatalogManagementPanel","jsx-text","销售规格","","完整候选索引；表达式内字面量可能是接口参数，是否实际展示以文案决策表与浏览器证据为准"
"src/normalized-ui/CatalogManagementPanel.tsx","903","CatalogManagementPanel","jsx-text","规格只描述销售形态；真实库存始终由下方配方引用，不重复建立库存。","","完整候选索引；表达式内字面量可能是接口参数，是否实际展示以文案决策表与浏览器证据为准"
"src/normalized-ui/CatalogManagementPanel.tsx","904","CatalogManagementPanel","jsx-expression-literal","single","","完整候选索引；表达式内字面量可能是接口参数，是否实际展示以文案决策表与浏览器证据为准"
"src/normalized-ui/CatalogManagementPanel.tsx","904","CatalogManagementPanel","jsx-expression-literal","tracked","","完整候选索引；表达式内字面量可能是接口参数，是否实际展示以文案决策表与浏览器证据为准"
"src/normalized-ui/CatalogManagementPanel.tsx","904","CatalogManagementPanel","jsx-expression-literal","whole_bottle","","完整候选索引；表达式内字面量可能是接口参数，是否实际展示以文案决策表与浏览器证据为准"
"src/normalized-ui/CatalogManagementPanel.tsx","904","CatalogManagementPanel","jsx-expression-literal","glass","","完整候选索引；表达式内字面量可能是接口参数，是否实际展示以文案决策表与浏览器证据为准"
"src/normalized-ui/CatalogManagementPanel.tsx","904","CatalogManagementPanel","jsx-text","整瓶与单杯共用库存","","完整候选索引；表达式内字面量可能是接口参数，是否实际展示以文案决策表与浏览器证据为准"
"src/normalized-ui/CatalogManagementPanel.tsx","904","CatalogManagementPanel","jsx-text","两种销售形态必须各自有商品、售价和配方，才能按不同用量正确扣减同一物料。","","完整候选索引；表达式内字面量可能是接口参数，是否实际展示以文案决策表与浏览器证据为准"
"src/normalized-ui/CatalogManagementPanel.tsx","904","CatalogManagementPanel","jsx-text","新建","","完整候选索引；表达式内字面量可能是接口参数，是否实际展示以文案决策表与浏览器证据为准"
"src/normalized-ui/CatalogManagementPanel.tsx","904","CatalogManagementPanel","jsx-expression-literal","whole_bottle","","完整候选索引；表达式内字面量可能是接口参数，是否实际展示以文案决策表与浏览器证据为准"
"src/normalized-ui/CatalogManagementPanel.tsx","904","CatalogManagementPanel","jsx-expression-literal","单杯","","完整候选索引；表达式内字面量可能是接口参数，是否实际展示以文案决策表与浏览器证据为准"
"src/normalized-ui/CatalogManagementPanel.tsx","904","CatalogManagementPanel","jsx-expression-literal","整瓶","","完整候选索引；表达式内字面量可能是接口参数，是否实际展示以文案决策表与浏览器证据为准"
"src/normalized-ui/CatalogManagementPanel.tsx","904","CatalogManagementPanel","jsx-text","版本","","完整候选索引；表达式内字面量可能是接口参数，是否实际展示以文案决策表与浏览器证据为准"
"src/normalized-ui/CatalogManagementPanel.tsx","905","CatalogManagementPanel","jsx-text","出品岗位","","完整候选索引；表达式内字面量可能是接口参数，是否实际展示以文案决策表与浏览器证据为准"
"src/normalized-ui/CatalogManagementPanel.tsx","905","CatalogManagementPanel","jsx-text","吧台","","完整候选索引；表达式内字面量可能是接口参数，是否实际展示以文案决策表与浏览器证据为准"
"src/normalized-ui/CatalogManagementPanel.tsx","905","CatalogManagementPanel","jsx-text","后厨","","完整候选索引；表达式内字面量可能是接口参数，是否实际展示以文案决策表与浏览器证据为准"
"src/normalized-ui/CatalogManagementPanel.tsx","905","CatalogManagementPanel","jsx-text","收银","","完整候选索引；表达式内字面量可能是接口参数，是否实际展示以文案决策表与浏览器证据为准"
"src/normalized-ui/CatalogManagementPanel.tsx","905","CatalogManagementPanel","jsx-text","无需出品","","完整候选索引；表达式内字面量可能是接口参数，是否实际展示以文案决策表与浏览器证据为准"
"src/normalized-ui/CatalogManagementPanel.tsx","906","CatalogManagementPanel","jsx-text","销售状态","","完整候选索引；表达式内字面量可能是接口参数，是否实际展示以文案决策表与浏览器证据为准"
"src/normalized-ui/CatalogManagementPanel.tsx","906","CatalogManagementPanel","jsx-text","在售","","完整候选索引；表达式内字面量可能是接口参数，是否实际展示以文案决策表与浏览器证据为准"
"src/normalized-ui/CatalogManagementPanel.tsx","906","CatalogManagementPanel","jsx-text","售罄","","完整候选索引；表达式内字面量可能是接口参数，是否实际展示以文案决策表与浏览器证据为准"
"src/normalized-ui/CatalogManagementPanel.tsx","906","CatalogManagementPanel","jsx-text","停用","","完整候选索引；表达式内字面量可能是接口参数，是否实际展示以文案决策表与浏览器证据为准"
"src/normalized-ui/CatalogManagementPanel.tsx","906","CatalogManagementPanel","jsx-text","状态更改需点击底部“保存并读回验证”；保存成功后才会影响小程序菜单。","","完整候选索引；表达式内字面量可能是接口参数，是否实际展示以文案决策表与浏览器证据为准"
"src/normalized-ui/CatalogManagementPanel.tsx","907","CatalogManagementPanel","jsx-text","库存方式","","完整候选索引；表达式内字面量可能是接口参数，是否实际展示以文案决策表与浏览器证据为准"
"src/normalized-ui/CatalogManagementPanel.tsx","907","CatalogManagementPanel","jsx-text","跟踪库存（酒水等）","","完整候选索引；表达式内字面量可能是接口参数，是否实际展示以文案决策表与浏览器证据为准"
"src/normalized-ui/CatalogManagementPanel.tsx","907","CatalogManagementPanel","jsx-text","暂不管理数量（小吃水果）","","完整候选索引；表达式内字面量可能是接口参数，是否实际展示以文案决策表与浏览器证据为准"
"src/normalized-ui/CatalogManagementPanel.tsx","908","CatalogManagementPanel","jsx-text","搜索文本","","完整候选索引；表达式内字面量可能是接口参数，是否实际展示以文案决策表与浏览器证据为准"
"src/normalized-ui/CatalogManagementPanel.tsx","909","CatalogManagementPanel","jsx-text","标准售价","","完整候选索引；表达式内字面量可能是接口参数，是否实际展示以文案决策表与浏览器证据为准"
"src/normalized-ui/CatalogManagementPanel.tsx","909","CatalogManagementPanel","jsx-text","当前岗位不能定价；不会在保存后尝试补写售价。","","完整候选索引；表达式内字面量可能是接口参数，是否实际展示以文案决策表与浏览器证据为准"
"src/normalized-ui/CatalogManagementPanel.tsx","910","CatalogManagementPanel","jsx-expression-literal","tracked","","完整候选索引；表达式内字面量可能是接口参数，是否实际展示以文案决策表与浏览器证据为准"
"src/normalized-ui/CatalogManagementPanel.tsx","910","CatalogManagementPanel","jsx-expression-literal","bundle","","完整候选索引；表达式内字面量可能是接口参数，是否实际展示以文案决策表与浏览器证据为准"
"src/normalized-ui/CatalogManagementPanel.tsx","911","CatalogManagementPanel","jsx-expression-literal","bundle","","完整候选索引；表达式内字面量可能是接口参数，是否实际展示以文案决策表与浏览器证据为准"
"src/normalized-ui/CatalogManagementPanel.tsx","912","CatalogManagementPanel","jsx-expression-literal","套餐成本由固定组成和客人实际选择的单品成本计算，日常不在商品页手填；成交后按实际选择冻结成本。","","完整候选索引；表达式内字面量可能是接口参数，是否实际展示以文案决策表与浏览器证据为准"
"src/normalized-ui/CatalogManagementPanel.tsx","913","CatalogManagementPanel","jsx-template-text","库存成本由已确认收货、库存加权成本和正式配方自动计算；日常不在商品页手填。当前状态：","","完整候选索引；表达式内字面量可能是接口参数，是否实际展示以文案决策表与浏览器证据为准"
"src/normalized-ui/CatalogManagementPanel.tsx","913","CatalogManagementPanel","jsx-expression-literal","待补成本","","完整候选索引；表达式内字面量可能是接口参数，是否实际展示以文案决策表与浏览器证据为准"
"src/normalized-ui/CatalogManagementPanel.tsx","913","CatalogManagementPanel","jsx-template-text","/份","","完整候选索引；表达式内字面量可能是接口参数，是否实际展示以文案决策表与浏览器证据为准"
"src/normalized-ui/CatalogManagementPanel.tsx","915","CatalogManagementPanel","jsx-text","成本金额","","完整候选索引；表达式内字面量可能是接口参数，是否实际展示以文案决策表与浏览器证据为准"
"src/normalized-ui/CatalogManagementPanel.tsx","915","CatalogManagementPanel","jsx-text","非库存商品可由有权限人员更正成本；修改成本需单独填写原因。","","完整候选索引；表达式内字面量可能是接口参数，是否实际展示以文案决策表与浏览器证据为准"
"src/normalized-ui/CatalogManagementPanel.tsx","916","CatalogManagementPanel","jsx-text","成本已受权限保护。你可以保存商品资料，但系统不会读取、显示或改写成本。","","完整候选索引；表达式内字面量可能是接口参数，是否实际展示以文案决策表与浏览器证据为准"
"src/normalized-ui/CatalogManagementPanel.tsx","917","CatalogManagementPanel","attribute:aria-label","套餐成本与最低毛利预览","","完整候选索引；表达式内字面量可能是接口参数，是否实际展示以文案决策表与浏览器证据为准"
"src/normalized-ui/CatalogManagementPanel.tsx","918","CatalogManagementPanel","jsx-text","套餐成本与最低毛利","","完整候选索引；表达式内字面量可能是接口参数，是否实际展示以文案决策表与浏览器证据为准"
"src/normalized-ui/CatalogManagementPanel.tsx","918","CatalogManagementPanel","jsx-text","覆盖全部已配置候选项；临时售罄的选项恢复供应后仍可能被选择，因此也计入区间。","","完整候选索引；表达式内字面量可能是接口参数，是否实际展示以文案决策表与浏览器证据为准"
"src/normalized-ui/CatalogManagementPanel.tsx","918","CatalogManagementPanel","jsx-expression-literal","complete","","完整候选索引；表达式内字面量可能是接口参数，是否实际展示以文案决策表与浏览器证据为准"
"src/normalized-ui/CatalogManagementPanel.tsx","918","CatalogManagementPanel","jsx-expression-literal","已核算","","完整候选索引；表达式内字面量可能是接口参数，是否实际展示以文案决策表与浏览器证据为准"
"src/normalized-ui/CatalogManagementPanel.tsx","918","CatalogManagementPanel","jsx-expression-literal","待补数据","","完整候选索引；表达式内字面量可能是接口参数，是否实际展示以文案决策表与浏览器证据为准"
"src/normalized-ui/CatalogManagementPanel.tsx","919","CatalogManagementPanel","jsx-expression-literal","complete","","完整候选索引；表达式内字面量可能是接口参数，是否实际展示以文案决策表与浏览器证据为准"
"src/normalized-ui/CatalogManagementPanel.tsx","920","CatalogManagementPanel","jsx-text","每份成本","","完整候选索引；表达式内字面量可能是接口参数，是否实际展示以文案决策表与浏览器证据为准"
"src/normalized-ui/CatalogManagementPanel.tsx","920","CatalogManagementPanel","jsx-text","最低毛利","","完整候选索引；表达式内字面量可能是接口参数，是否实际展示以文案决策表与浏览器证据为准"
"src/normalized-ui/CatalogManagementPanel.tsx","920","CatalogManagementPanel","jsx-expression-literal","售价待填","","完整候选索引；表达式内字面量可能是接口参数，是否实际展示以文案决策表与浏览器证据为准"
"src/normalized-ui/CatalogManagementPanel.tsx","920","CatalogManagementPanel","jsx-text","最低毛利率","","完整候选索引；表达式内字面量可能是接口参数，是否实际展示以文案决策表与浏览器证据为准"
"src/normalized-ui/CatalogManagementPanel.tsx","920","CatalogManagementPanel","jsx-expression-literal","售价待填","","完整候选索引；表达式内字面量可能是接口参数，是否实际展示以文案决策表与浏览器证据为准"
"src/normalized-ui/CatalogManagementPanel.tsx","920","CatalogManagementPanel","jsx-text","最低毛利按成本最高的合法选择计算；实际订单会按客人逐份选择重新计算，不使用套餐平均成本。","","完整候选索引；表达式内字面量可能是接口参数，是否实际展示以文案决策表与浏览器证据为准"
"src/normalized-ui/CatalogManagementPanel.tsx","921","CatalogManagementPanel","jsx-expression-literal","cost_incomplete","","完整候选索引；表达式内字面量可能是接口参数，是否实际展示以文案决策表与浏览器证据为准"
"src/normalized-ui/CatalogManagementPanel.tsx","922","CatalogManagementPanel","jsx-template-text","以下候选或固定商品成本待补：","","完整候选索引；表达式内字面量可能是接口参数，是否实际展示以文案决策表与浏览器证据为准"
"src/normalized-ui/CatalogManagementPanel.tsx","922","CatalogManagementPanel","jsx-template-text","。系统不会用零成本推算毛利。","","完整候选索引；表达式内字面量可能是接口参数，是否实际展示以文案决策表与浏览器证据为准"
"src/normalized-ui/CatalogManagementPanel.tsx","923","CatalogManagementPanel","jsx-expression-literal","请补齐固定组成、必选数量和候选数量，完成后才会显示可信成本区间。","","完整候选索引；表达式内字面量可能是接口参数，是否实际展示以文案决策表与浏览器证据为准"
"src/normalized-ui/CatalogManagementPanel.tsx","925","CatalogManagementPanel","jsx-text","推荐最少人数","","完整候选索引；表达式内字面量可能是接口参数，是否实际展示以文案决策表与浏览器证据为准"
"src/normalized-ui/CatalogManagementPanel.tsx","926","CatalogManagementPanel","jsx-text","推荐最多人数","","完整候选索引；表达式内字面量可能是接口参数，是否实际展示以文案决策表与浏览器证据为准"
"src/normalized-ui/CatalogManagementPanel.tsx","927","CatalogManagementPanel","jsx-text","推荐优先级","","完整候选索引；表达式内字面量可能是接口参数，是否实际展示以文案决策表与浏览器证据为准"
"src/normalized-ui/CatalogManagementPanel.tsx","928","CatalogManagementPanel","jsx-text","顾客菜单可见","","完整候选索引；表达式内字面量可能是接口参数，是否实际展示以文案决策表与浏览器证据为准"
"src/normalized-ui/CatalogManagementPanel.tsx","929","CatalogManagementPanel","jsx-text","参与商品推荐","","完整候选索引；表达式内字面量可能是接口参数，是否实际展示以文案决策表与浏览器证据为准"
"src/normalized-ui/CatalogManagementPanel.tsx","930","CatalogManagementPanel","attribute:aria-label","酒水小程序可售检查","","完整候选索引；表达式内字面量可能是接口参数，是否实际展示以文案决策表与浏览器证据为准"
"src/normalized-ui/CatalogManagementPanel.tsx","930","CatalogManagementPanel","jsx-text","第 5 步：小程序可售检查","","完整候选索引；表达式内字面量可能是接口参数，是否实际展示以文案决策表与浏览器证据为准"
"src/normalized-ui/CatalogManagementPanel.tsx","930","CatalogManagementPanel","jsx-expression-literal","新酒水先保存为停用；保存后可配置配方并读取真实可售状态。","","完整候选索引；表达式内字面量可能是接口参数，是否实际展示以文案决策表与浏览器证据为准"
"src/normalized-ui/CatalogManagementPanel.tsx","930","CatalogManagementPanel","jsx-expression-literal","该商品已通过当前的售价、配方、库存和小程序菜单校验。","","完整候选索引；表达式内字面量可能是接口参数，是否实际展示以文案决策表与浏览器证据为准"
"src/normalized-ui/CatalogManagementPanel.tsx","930","CatalogManagementPanel","jsx-expression-literal","请按以下提示完成；保存商品状态不等于顾客已经可以下单。","","完整候选索引；表达式内字面量可能是接口参数，是否实际展示以文案决策表与浏览器证据为准"
"src/normalized-ui/CatalogManagementPanel.tsx","930","CatalogManagementPanel","jsx-expression-literal","待建档","","完整候选索引；表达式内字面量可能是接口参数，是否实际展示以文案决策表与浏览器证据为准"
"src/normalized-ui/CatalogManagementPanel.tsx","930","CatalogManagementPanel","jsx-expression-literal","小程序可售","","完整候选索引；表达式内字面量可能是接口参数，是否实际展示以文案决策表与浏览器证据为准"
"src/normalized-ui/CatalogManagementPanel.tsx","930","CatalogManagementPanel","jsx-expression-literal","待完成","","完整候选索引；表达式内字面量可能是接口参数，是否实际展示以文案决策表与浏览器证据为准"
"src/normalized-ui/CatalogManagementPanel.tsx","931","CatalogManagementPanel","jsx-text","调价原因","","完整候选索引；表达式内字面量可能是接口参数，是否实际展示以文案决策表与浏览器证据为准"
"src/normalized-ui/CatalogManagementPanel.tsx","932","CatalogManagementPanel","jsx-expression-literal","tracked","","完整候选索引；表达式内字面量可能是接口参数，是否实际展示以文案决策表与浏览器证据为准"
"src/normalized-ui/CatalogManagementPanel.tsx","932","CatalogManagementPanel","jsx-expression-literal","bundle","","完整候选索引；表达式内字面量可能是接口参数，是否实际展示以文案决策表与浏览器证据为准"
"src/normalized-ui/CatalogManagementPanel.tsx","934","CatalogManagementPanel","jsx-text","成本变更原因","","完整候选索引；表达式内字面量可能是接口参数，是否实际展示以文案决策表与浏览器证据为准"
"src/normalized-ui/CatalogManagementPanel.tsx","934","CatalogManagementPanel","attribute:placeholder","例如：供应商进价调整，按本次采购单更新","","完整候选索引；表达式内字面量可能是接口参数，是否实际展示以文案决策表与浏览器证据为准"
"src/normalized-ui/CatalogManagementPanel.tsx","935","CatalogManagementPanel","jsx-expression-literal","收起高级字段","字段","完整候选索引；表达式内字面量可能是接口参数，是否实际展示以文案决策表与浏览器证据为准"
"src/normalized-ui/CatalogManagementPanel.tsx","935","CatalogManagementPanel","jsx-expression-literal","显示高级字段（供应、标签与渠道）","字段","完整候选索引；表达式内字面量可能是接口参数，是否实际展示以文案决策表与浏览器证据为准"
"src/normalized-ui/CatalogManagementPanel.tsx","937","CatalogManagementPanel","jsx-text","菜单排序","","完整候选索引；表达式内字面量可能是接口参数，是否实际展示以文案决策表与浏览器证据为准"
"src/normalized-ui/CatalogManagementPanel.tsx","938","CatalogManagementPanel","jsx-text","单笔最大数量","","完整候选索引；表达式内字面量可能是接口参数，是否实际展示以文案决策表与浏览器证据为准"
"src/normalized-ui/CatalogManagementPanel.tsx","939","CatalogManagementPanel","jsx-text","供应开始","","完整候选索引；表达式内字面量可能是接口参数，是否实际展示以文案决策表与浏览器证据为准"
"src/normalized-ui/CatalogManagementPanel.tsx","940","CatalogManagementPanel","jsx-text","供应结束","","完整候选索引；表达式内字面量可能是接口参数，是否实际展示以文案决策表与浏览器证据为准"
"src/normalized-ui/CatalogManagementPanel.tsx","941","CatalogManagementPanel","jsx-text","KDS优先级","","完整候选索引；表达式内字面量可能是接口参数，是否实际展示以文案决策表与浏览器证据为准"
"src/normalized-ui/CatalogManagementPanel.tsx","942","CatalogManagementPanel","jsx-text","出品时限","","完整候选索引；表达式内字面量可能是接口参数，是否实际展示以文案决策表与浏览器证据为准"
"src/normalized-ui/CatalogManagementPanel.tsx","942","CatalogManagementPanel","attribute:placeholder","按岗位默认","","完整候选索引；表达式内字面量可能是接口参数，是否实际展示以文案决策表与浏览器证据为准"
"src/normalized-ui/CatalogManagementPanel.tsx","943","CatalogManagementPanel","jsx-text","预计准备","","完整候选索引；表达式内字面量可能是接口参数，是否实际展示以文案决策表与浏览器证据为准"
"src/normalized-ui/CatalogManagementPanel.tsx","944","CatalogManagementPanel","jsx-text","推荐保留","","完整候选索引；表达式内字面量可能是接口参数，是否实际展示以文案决策表与浏览器证据为准"
"src/normalized-ui/CatalogManagementPanel.tsx","945","CatalogManagementPanel","jsx-text","升级推荐商品","","完整候选索引；表达式内字面量可能是接口参数，是否实际展示以文案决策表与浏览器证据为准"
"src/normalized-ui/CatalogManagementPanel.tsx","946","CatalogManagementPanel","jsx-text","场景标签（英文逗号分隔）","","完整候选索引；表达式内字面量可能是接口参数，是否实际展示以文案决策表与浏览器证据为准"
"src/normalized-ui/CatalogManagementPanel.tsx","946","CatalogManagementPanel","attribute:placeholder","date,friends,celebration","","完整候选索引；表达式内字面量可能是接口参数，是否实际展示以文案决策表与浏览器证据为准"
"src/normalized-ui/CatalogManagementPanel.tsx","947","CatalogManagementPanel","jsx-text","意图标签","","完整候选索引；表达式内字面量可能是接口参数，是否实际展示以文案决策表与浏览器证据为准"
"src/normalized-ui/CatalogManagementPanel.tsx","947","CatalogManagementPanel","attribute:placeholder","relaxed,energetic","","完整候选索引；表达式内字面量可能是接口参数，是否实际展示以文案决策表与浏览器证据为准"
"src/normalized-ui/CatalogManagementPanel.tsx","948","CatalogManagementPanel","jsx-text","口味标签","","完整候选索引；表达式内字面量可能是接口参数，是否实际展示以文案决策表与浏览器证据为准"
"src/normalized-ui/CatalogManagementPanel.tsx","948","CatalogManagementPanel","attribute:placeholder","refreshing,layered","","完整候选索引；表达式内字面量可能是接口参数，是否实际展示以文案决策表与浏览器证据为准"
"src/normalized-ui/CatalogManagementPanel.tsx","949","CatalogManagementPanel","jsx-text","停留标签","","完整候选索引；表达式内字面量可能是接口参数，是否实际展示以文案决策表与浏览器证据为准"
"src/normalized-ui/CatalogManagementPanel.tsx","949","CatalogManagementPanel","attribute:placeholder","one_set,stay_longer","","完整候选索引；表达式内字面量可能是接口参数，是否实际展示以文案决策表与浏览器证据为准"
"src/normalized-ui/CatalogManagementPanel.tsx","950","CatalogManagementPanel","jsx-text","商品文案","","完整候选索引；表达式内字面量可能是接口参数，是否实际展示以文案决策表与浏览器证据为准"
"src/normalized-ui/CatalogManagementPanel.tsx","951","CatalogManagementPanel","jsx-text","酸度","","完整候选索引；表达式内字面量可能是接口参数，是否实际展示以文案决策表与浏览器证据为准"
"src/normalized-ui/CatalogManagementPanel.tsx","951","CatalogManagementPanel","jsx-text","未评价","","完整候选索引；表达式内字面量可能是接口参数，是否实际展示以文案决策表与浏览器证据为准"
"src/normalized-ui/CatalogManagementPanel.tsx","951","CatalogManagementPanel","jsx-text","/5","","完整候选索引；表达式内字面量可能是接口参数，是否实际展示以文案决策表与浏览器证据为准"
"src/normalized-ui/CatalogManagementPanel.tsx","952","CatalogManagementPanel","jsx-text","甜度","","完整候选索引；表达式内字面量可能是接口参数，是否实际展示以文案决策表与浏览器证据为准"
"src/normalized-ui/CatalogManagementPanel.tsx","952","CatalogManagementPanel","jsx-text","未评价","","完整候选索引；表达式内字面量可能是接口参数，是否实际展示以文案决策表与浏览器证据为准"
"src/normalized-ui/CatalogManagementPanel.tsx","952","CatalogManagementPanel","jsx-text","/5","","完整候选索引；表达式内字面量可能是接口参数，是否实际展示以文案决策表与浏览器证据为准"
"src/normalized-ui/CatalogManagementPanel.tsx","953","CatalogManagementPanel","jsx-text","门店感官评分：0最低、5最高；未评价留空，不代表零。不是糖含量或酸碱度检测值。","","完整候选索引；表达式内字面量可能是接口参数，是否实际展示以文案决策表与浏览器证据为准"
"src/normalized-ui/CatalogManagementPanel.tsx","954","CatalogManagementPanel","jsx-text","菜单图片","","完整候选索引；表达式内字面量可能是接口参数，是否实际展示以文案决策表与浏览器证据为准"
"src/normalized-ui/CatalogManagementPanel.tsx","954","CatalogManagementPanel","jsx-text","从下方图片库选择或暂不设置","","完整候选索引；表达式内字面量可能是接口参数，是否实际展示以文案决策表与浏览器证据为准"
"src/normalized-ui/CatalogManagementPanel.tsx","955","CatalogManagementPanel","jsx-text","已选图片","","完整候选索引；表达式内字面量可能是接口参数，是否实际展示以文案决策表与浏览器证据为准"
"src/normalized-ui/CatalogManagementPanel.tsx","955","CatalogManagementPanel","attribute:placeholder","请选择受控菜单素材，或从下方图片库上传（单张不超过 200KB）","","完整候选索引；表达式内字面量可能是接口参数，是否实际展示以文案决策表与浏览器证据为准"
"src/normalized-ui/CatalogManagementPanel.tsx","956","CatalogManagementPanel","jsx-expression-literal","media.asset.menu.manage","","完整候选索引；表达式内字面量可能是接口参数，是否实际展示以文案决策表与浏览器证据为准"
"src/normalized-ui/CatalogManagementPanel.tsx","956","CatalogManagementPanel","attribute:label","上传或选择菜单图片","","完整候选索引；表达式内字面量可能是接口参数，是否实际展示以文案决策表与浏览器证据为准"
"src/normalized-ui/CatalogManagementPanel.tsx","956","CatalogManagementPanel","jsx-text","可选择上方已有菜单图片；上传新图片需商品图片管理权限。","","完整候选索引；表达式内字面量可能是接口参数，是否实际展示以文案决策表与浏览器证据为准"
"src/normalized-ui/CatalogManagementPanel.tsx","957","CatalogManagementPanel","jsx-text","可一次出齐","","完整候选索引；表达式内字面量可能是接口参数，是否实际展示以文案决策表与浏览器证据为准"
"src/normalized-ui/CatalogManagementPanel.tsx","958","CatalogManagementPanel","jsx-text","允许下单渠道","","完整候选索引；表达式内字面量可能是接口参数，是否实际展示以文案决策表与浏览器证据为准"
"src/normalized-ui/CatalogManagementPanel.tsx","958","CatalogManagementPanel","jsx-expression-literal","guest_qr","","完整候选索引；表达式内字面量可能是接口参数，是否实际展示以文案决策表与浏览器证据为准"
"src/normalized-ui/CatalogManagementPanel.tsx","958","CatalogManagementPanel","jsx-expression-literal","顾客扫码","","完整候选索引；表达式内字面量可能是接口参数，是否实际展示以文案决策表与浏览器证据为准"
"src/normalized-ui/CatalogManagementPanel.tsx","958","CatalogManagementPanel","jsx-expression-literal","staff_assisted","","完整候选索引；表达式内字面量可能是接口参数，是否实际展示以文案决策表与浏览器证据为准"
"src/normalized-ui/CatalogManagementPanel.tsx","958","CatalogManagementPanel","jsx-expression-literal","员工协助","","完整候选索引；表达式内字面量可能是接口参数，是否实际展示以文案决策表与浏览器证据为准"
"src/normalized-ui/CatalogManagementPanel.tsx","958","CatalogManagementPanel","jsx-expression-literal","cashier","","完整候选索引；表达式内字面量可能是接口参数，是否实际展示以文案决策表与浏览器证据为准"
"src/normalized-ui/CatalogManagementPanel.tsx","958","CatalogManagementPanel","jsx-expression-literal","收银","","完整候选索引；表达式内字面量可能是接口参数，是否实际展示以文案决策表与浏览器证据为准"
"src/normalized-ui/CatalogManagementPanel.tsx","958","CatalogManagementPanel","jsx-expression-literal","reservation","","完整候选索引；表达式内字面量可能是接口参数，是否实际展示以文案决策表与浏览器证据为准"
"src/normalized-ui/CatalogManagementPanel.tsx","958","CatalogManagementPanel","jsx-expression-literal","预约","","完整候选索引；表达式内字面量可能是接口参数，是否实际展示以文案决策表与浏览器证据为准"
"src/normalized-ui/CatalogManagementPanel.tsx","958","CatalogManagementPanel","jsx-expression-literal","integration","","完整候选索引；表达式内字面量可能是接口参数，是否实际展示以文案决策表与浏览器证据为准"
"src/normalized-ui/CatalogManagementPanel.tsx","958","CatalogManagementPanel","jsx-expression-literal","系统接入","","完整候选索引；表达式内字面量可能是接口参数，是否实际展示以文案决策表与浏览器证据为准"
"src/normalized-ui/CatalogManagementPanel.tsx","960","CatalogManagementPanel","jsx-text","请先创建商品，再配置适用演出阶段；新商品默认不受阶段限制。","","完整候选索引；表达式内字面量可能是接口参数，是否实际展示以文案决策表与浏览器证据为准"
"src/normalized-ui/CatalogManagementPanel.tsx","961","CatalogManagementPanel","attribute:aria-label","商品适用演出阶段","","完整候选索引；表达式内字面量可能是接口参数，是否实际展示以文案决策表与浏览器证据为准"
"src/normalized-ui/CatalogManagementPanel.tsx","962","CatalogManagementPanel","jsx-text","适用演出阶段","","完整候选索引；表达式内字面量可能是接口参数，是否实际展示以文案决策表与浏览器证据为准"
"src/normalized-ui/CatalogManagementPanel.tsx","962","CatalogManagementPanel","jsx-text","强类型运行门禁；未选择任何阶段表示不受演出阶段限制。","强类型、门禁","完整候选索引；表达式内字面量可能是接口参数，是否实际展示以文案决策表与浏览器证据为准"
"src/normalized-ui/CatalogManagementPanel.tsx","962","CatalogManagementPanel","jsx-expression-literal","不限阶段","","完整候选索引；表达式内字面量可能是接口参数，是否实际展示以文案决策表与浏览器证据为准"
"src/normalized-ui/CatalogManagementPanel.tsx","962","CatalogManagementPanel","jsx-template-text","已选","","完整候选索引；表达式内字面量可能是接口参数，是否实际展示以文案决策表与浏览器证据为准"
"src/normalized-ui/CatalogManagementPanel.tsx","963","CatalogManagementPanel","jsx-expression-literal","loading","","完整候选索引；表达式内字面量可能是接口参数，是否实际展示以文案决策表与浏览器证据为准"
"src/normalized-ui/CatalogManagementPanel.tsx","963","CatalogManagementPanel","jsx-text","正在读取当前配置","","完整候选索引；表达式内字面量可能是接口参数，是否实际展示以文案决策表与浏览器证据为准"
"src/normalized-ui/CatalogManagementPanel.tsx","964","CatalogManagementPanel","jsx-expression-literal","error","","完整候选索引；表达式内字面量可能是接口参数，是否实际展示以文案决策表与浏览器证据为准"
"src/normalized-ui/CatalogManagementPanel.tsx","964","CatalogManagementPanel","jsx-text","重新读取阶段配置","","完整候选索引；表达式内字面量可能是接口参数，是否实际展示以文案决策表与浏览器证据为准"
"src/normalized-ui/CatalogManagementPanel.tsx","965","CatalogManagementPanel","jsx-expression-literal","ready","","完整候选索引；表达式内字面量可能是接口参数，是否实际展示以文案决策表与浏览器证据为准"
"src/normalized-ui/CatalogManagementPanel.tsx","967","CatalogManagementPanel","jsx-text","阶段选择有未保存修改，请先单独保存或恢复后再保存商品资料。","","完整候选索引；表达式内字面量可能是接口参数，是否实际展示以文案决策表与浏览器证据为准"
"src/normalized-ui/CatalogManagementPanel.tsx","968","CatalogManagementPanel","jsx-text","配置原因","","完整候选索引；表达式内字面量可能是接口参数，是否实际展示以文案决策表与浏览器证据为准"
"src/normalized-ui/CatalogManagementPanel.tsx","968","CatalogManagementPanel","jsx-expression-literal","例如：取消阶段限制，恢复全时段推荐","","完整候选索引；表达式内字面量可能是接口参数，是否实际展示以文案决策表与浏览器证据为准"
"src/normalized-ui/CatalogManagementPanel.tsx","968","CatalogManagementPanel","jsx-expression-literal","例如：仅在乐队现场与中场推荐","","完整候选索引；表达式内字面量可能是接口参数，是否实际展示以文案决策表与浏览器证据为准"
"src/normalized-ui/CatalogManagementPanel.tsx","969","CatalogManagementPanel","jsx-expression-literal","保存中","","完整候选索引；表达式内字面量可能是接口参数，是否实际展示以文案决策表与浏览器证据为准"
"src/normalized-ui/CatalogManagementPanel.tsx","969","CatalogManagementPanel","jsx-expression-literal","单独保存阶段配置","","完整候选索引；表达式内字面量可能是接口参数，是否实际展示以文案决策表与浏览器证据为准"
"src/normalized-ui/CatalogManagementPanel.tsx","972","CatalogManagementPanel","jsx-expression-literal","single","","完整候选索引；表达式内字面量可能是接口参数，是否实际展示以文案决策表与浏览器证据为准"
"src/normalized-ui/CatalogManagementPanel.tsx","972","CatalogManagementPanel","jsx-expression-literal","tracked","","完整候选索引；表达式内字面量可能是接口参数，是否实际展示以文案决策表与浏览器证据为准"
"src/normalized-ui/CatalogManagementPanel.tsx","972","CatalogManagementPanel","attribute:aria-label","商品库存配方","","完整候选索引；表达式内字面量可能是接口参数，是否实际展示以文案决策表与浏览器证据为准"
"src/normalized-ui/CatalogManagementPanel.tsx","973","CatalogManagementPanel","jsx-text","库存扣减配方","","完整候选索引；表达式内字面量可能是接口参数，是否实际展示以文案决策表与浏览器证据为准"
"src/normalized-ui/CatalogManagementPanel.tsx","973","CatalogManagementPanel","jsx-text","订单出品时按此配方扣减真实物料；小吃水果选择“暂不管理数量”即可跳过。","","完整候选索引；表达式内字面量可能是接口参数，是否实际展示以文案决策表与浏览器证据为准"
"src/normalized-ui/CatalogManagementPanel.tsx","973","CatalogManagementPanel","jsx-expression-literal","尚未配置","","完整候选索引；表达式内字面量可能是接口参数，是否实际展示以文案决策表与浏览器证据为准"
"src/normalized-ui/CatalogManagementPanel.tsx","974","CatalogManagementPanel","jsx-text","请先把商品保存为停用状态，再返回编辑并配置物料配方；配方和真实成本核对完成前不要上架。","","完整候选索引；表达式内字面量可能是接口参数，是否实际展示以文案决策表与浏览器证据为准"
"src/normalized-ui/CatalogManagementPanel.tsx","975","CatalogManagementPanel","jsx-expression-literal","loading","","完整候选索引；表达式内字面量可能是接口参数，是否实际展示以文案决策表与浏览器证据为准"
"src/normalized-ui/CatalogManagementPanel.tsx","975","CatalogManagementPanel","jsx-text","正在读取库存物料与当前配方","","完整候选索引；表达式内字面量可能是接口参数，是否实际展示以文案决策表与浏览器证据为准"
"src/normalized-ui/CatalogManagementPanel.tsx","976","CatalogManagementPanel","jsx-expression-literal","error","","完整候选索引；表达式内字面量可能是接口参数，是否实际展示以文案决策表与浏览器证据为准"
"src/normalized-ui/CatalogManagementPanel.tsx","976","CatalogManagementPanel","jsx-text","重新读取库存配方","","完整候选索引；表达式内字面量可能是接口参数，是否实际展示以文案决策表与浏览器证据为准"
"src/normalized-ui/CatalogManagementPanel.tsx","977","CatalogManagementPanel","jsx-expression-literal","ready","","完整候选索引；表达式内字面量可能是接口参数，是否实际展示以文案决策表与浏览器证据为准"
"src/normalized-ui/CatalogManagementPanel.tsx","978","CatalogManagementPanel","jsx-text","每份配方产出数量","","完整候选索引；表达式内字面量可能是接口参数，是否实际展示以文案决策表与浏览器证据为准"
"src/normalized-ui/CatalogManagementPanel.tsx","980","CatalogManagementPanel","jsx-text","当前还没有库存物料。请先在“库存与瓶存”中扫码或手工建立物料，再回来配置配方。","","完整候选索引；表达式内字面量可能是接口参数，是否实际展示以文案决策表与浏览器证据为准"
"src/normalized-ui/CatalogManagementPanel.tsx","981","CatalogManagementPanel","jsx-text","先按原料品类筛选","","完整候选索引；表达式内字面量可能是接口参数，是否实际展示以文案决策表与浏览器证据为准"
"src/normalized-ui/CatalogManagementPanel.tsx","981","CatalogManagementPanel","jsx-text","全部原料","","完整候选索引；表达式内字面量可能是接口参数，是否实际展示以文案决策表与浏览器证据为准"
"src/normalized-ui/CatalogManagementPanel.tsx","981","CatalogManagementPanel","jsx-text","已选原料不会因筛选而丢失；可切换品类继续添加。","","完整候选索引；表达式内字面量可能是接口参数，是否实际展示以文案决策表与浏览器证据为准"
"src/normalized-ui/CatalogManagementPanel.tsx","985","CatalogManagementPanel","jsx-text","· 员工录入","","完整候选索引；表达式内字面量可能是接口参数，是否实际展示以文案决策表与浏览器证据为准"
"src/normalized-ui/CatalogManagementPanel.tsx","985","CatalogManagementPanel","jsx-expression-literal","（历史瓶数自动换算）","","完整候选索引；表达式内字面量可能是接口参数，是否实际展示以文案决策表与浏览器证据为准"
"src/normalized-ui/CatalogManagementPanel.tsx","986","CatalogManagementPanel","jsx-text","每份用量","","完整候选索引；表达式内字面量可能是接口参数，是否实际展示以文案决策表与浏览器证据为准"
"src/normalized-ui/CatalogManagementPanel.tsx","986","CatalogManagementPanel","jsx-text","预计损耗","","完整候选索引；表达式内字面量可能是接口参数，是否实际展示以文案决策表与浏览器证据为准"
"src/normalized-ui/CatalogManagementPanel.tsx","988","CatalogManagementPanel","jsx-text","该品类暂未录入物料。可在“库存与瓶存”先建立或补齐分类。","","完整候选索引；表达式内字面量可能是接口参数，是否实际展示以文案决策表与浏览器证据为准"
"src/normalized-ui/CatalogManagementPanel.tsx","989","CatalogManagementPanel","jsx-expression-literal","保存中","","完整候选索引；表达式内字面量可能是接口参数，是否实际展示以文案决策表与浏览器证据为准"
"src/normalized-ui/CatalogManagementPanel.tsx","989","CatalogManagementPanel","jsx-expression-literal","保存配方并刷新可售检查","","完整候选索引；表达式内字面量可能是接口参数，是否实际展示以文案决策表与浏览器证据为准"
"src/normalized-ui/CatalogManagementPanel.tsx","990","CatalogManagementPanel","attribute:aria-label","配方成本核算","","完整候选索引；表达式内字面量可能是接口参数，是否实际展示以文案决策表与浏览器证据为准"
"src/normalized-ui/CatalogManagementPanel.tsx","991","CatalogManagementPanel","jsx-text","配方成本核算","","完整候选索引；表达式内字面量可能是接口参数，是否实际展示以文案决策表与浏览器证据为准"
"src/normalized-ui/CatalogManagementPanel.tsx","991","CatalogManagementPanel","jsx-text","只读取已确认收货形成的移动加权库存成本。保存配方或确认收货后，系统会自动更新当前成本；历史订单不会改写。","","完整候选索引；表达式内字面量可能是接口参数，是否实际展示以文案决策表与浏览器证据为准"
"src/normalized-ui/CatalogManagementPanel.tsx","991","CatalogManagementPanel","jsx-expression-literal","待补成本","","完整候选索引；表达式内字面量可能是接口参数，是否实际展示以文案决策表与浏览器证据为准"
"src/normalized-ui/CatalogManagementPanel.tsx","991","CatalogManagementPanel","jsx-template-text","/份","","完整候选索引；表达式内字面量可能是接口参数，是否实际展示以文案决策表与浏览器证据为准"
"src/normalized-ui/CatalogManagementPanel.tsx","993","CatalogManagementPanel","jsx-text","以下物料成本待补或待核对：","","完整候选索引；表达式内字面量可能是接口参数，是否实际展示以文案决策表与浏览器证据为准"
"src/normalized-ui/CatalogManagementPanel.tsx","993","CatalogManagementPanel","jsx-text","。请在库存页核对原料的收货数量与采购总额；历史成本更正需要独立授权。补齐后重新核算，套餐上架仍需通过成本校验。","","完整候选索引；表达式内字面量可能是接口参数，是否实际展示以文案决策表与浏览器证据为准"
"src/normalized-ui/CatalogManagementPanel.tsx","994","CatalogManagementPanel","jsx-expression-literal","待补成本","","完整候选索引；表达式内字面量可能是接口参数，是否实际展示以文案决策表与浏览器证据为准"
"src/normalized-ui/CatalogManagementPanel.tsx","995","CatalogManagementPanel","jsx-expression-literal","inventory.cost.correct","","完整候选索引；表达式内字面量可能是接口参数，是否实际展示以文案决策表与浏览器证据为准"
"src/normalized-ui/CatalogManagementPanel.tsx","995","CatalogManagementPanel","jsx-text","核对","","完整候选索引；表达式内字面量可能是接口参数，是否实际展示以文案决策表与浏览器证据为准"
"src/normalized-ui/CatalogManagementPanel.tsx","995","CatalogManagementPanel","jsx-text","的库存成本","","完整候选索引；表达式内字面量可能是接口参数，是否实际展示以文案决策表与浏览器证据为准"
"src/normalized-ui/CatalogManagementPanel.tsx","999","CatalogManagementPanel","jsx-expression-literal","single","","完整候选索引；表达式内字面量可能是接口参数，是否实际展示以文案决策表与浏览器证据为准"
"src/normalized-ui/CatalogManagementPanel.tsx","999","CatalogManagementPanel","jsx-expression-literal","tracked","","完整候选索引；表达式内字面量可能是接口参数，是否实际展示以文案决策表与浏览器证据为准"
"src/normalized-ui/CatalogManagementPanel.tsx","999","CatalogManagementPanel","attribute:aria-label","商品库存配方权限说明","","完整候选索引；表达式内字面量可能是接口参数，是否实际展示以文案决策表与浏览器证据为准"
"src/normalized-ui/CatalogManagementPanel.tsx","1000","CatalogManagementPanel","jsx-text","库存扣减配方","","完整候选索引；表达式内字面量可能是接口参数，是否实际展示以文案决策表与浏览器证据为准"
"src/normalized-ui/CatalogManagementPanel.tsx","1000","CatalogManagementPanel","jsx-text","该商品需要配方才能按真实物料扣减和通过小程序可售校验。","","完整候选索引；表达式内字面量可能是接口参数，是否实际展示以文案决策表与浏览器证据为准"
"src/normalized-ui/CatalogManagementPanel.tsx","1000","CatalogManagementPanel","jsx-text","需要授权","","完整候选索引；表达式内字面量可能是接口参数，是否实际展示以文案决策表与浏览器证据为准"
"src/normalized-ui/CatalogManagementPanel.tsx","1001","CatalogManagementPanel","jsx-text","当前账号没有“库存管理”权限，因此不能查看或调整配方。请由管理员分配库存管理权限，或请有该权限的同事完成配置；商品资料入口仍可正常使用。","","完整候选索引；表达式内字面量可能是接口参数，是否实际展示以文案决策表与浏览器证据为准"
"src/normalized-ui/CatalogManagementPanel.tsx","1004","CatalogManagementPanel","jsx-expression-literal","bundle","","完整候选索引；表达式内字面量可能是接口参数，是否实际展示以文案决策表与浏览器证据为准"
"src/normalized-ui/CatalogManagementPanel.tsx","1004","CatalogManagementPanel","jsx-text","组合内容","","完整候选索引；表达式内字面量可能是接口参数，是否实际展示以文案决策表与浏览器证据为准"
"src/normalized-ui/CatalogManagementPanel.tsx","1004","CatalogManagementPanel","jsx-template-text","数量","","完整候选索引；表达式内字面量可能是接口参数，是否实际展示以文案决策表与浏览器证据为准"
"src/normalized-ui/CatalogManagementPanel.tsx","1005","CatalogManagementPanel","jsx-expression-literal","bundle","","完整候选索引；表达式内字面量可能是接口参数，是否实际展示以文案决策表与浏览器证据为准"
"src/normalized-ui/CatalogManagementPanel.tsx","1005","CatalogManagementPanel","jsx-text","客人必选项","","完整候选索引；表达式内字面量可能是接口参数，是否实际展示以文案决策表与浏览器证据为准"
"src/normalized-ui/CatalogManagementPanel.tsx","1005","CatalogManagementPanel","jsx-text","例如“任选一款鸡尾酒”；客人未选完时不能加入购物车，所选具体菜品会进入出品。","","完整候选索引；表达式内字面量可能是接口参数，是否实际展示以文案决策表与浏览器证据为准"
"src/normalized-ui/CatalogManagementPanel.tsx","1005","CatalogManagementPanel","jsx-text","新增必选组","","完整候选索引；表达式内字面量可能是接口参数，是否实际展示以文案决策表与浏览器证据为准"
"src/normalized-ui/CatalogManagementPanel.tsx","1005","CatalogManagementPanel","attribute:placeholder","搜索菜品名、编号或分类","","完整候选索引；表达式内字面量可能是接口参数，是否实际展示以文案决策表与浏览器证据为准"
"src/normalized-ui/CatalogManagementPanel.tsx","1005","CatalogManagementPanel","attribute:aria-label","搜索套餐候选菜品","","完整候选索引；表达式内字面量可能是接口参数，是否实际展示以文案决策表与浏览器证据为准"
"src/normalized-ui/CatalogManagementPanel.tsx","1005","CatalogManagementPanel","attribute:aria-label","按分类筛选套餐候选菜品","","完整候选索引；表达式内字面量可能是接口参数，是否实际展示以文案决策表与浏览器证据为准"
"src/normalized-ui/CatalogManagementPanel.tsx","1005","CatalogManagementPanel","jsx-text","全部分类","","完整候选索引；表达式内字面量可能是接口参数，是否实际展示以文案决策表与浏览器证据为准"
"src/normalized-ui/CatalogManagementPanel.tsx","1005","CatalogManagementPanel","attribute:aria-label","按状态筛选套餐候选菜品","","完整候选索引；表达式内字面量可能是接口参数，是否实际展示以文案决策表与浏览器证据为准"
"src/normalized-ui/CatalogManagementPanel.tsx","1005","CatalogManagementPanel","jsx-text","全部状态","","完整候选索引；表达式内字面量可能是接口参数，是否实际展示以文案决策表与浏览器证据为准"
"src/normalized-ui/CatalogManagementPanel.tsx","1005","CatalogManagementPanel","jsx-text","仅已启用","","完整候选索引；表达式内字面量可能是接口参数，是否实际展示以文案决策表与浏览器证据为准"
"src/normalized-ui/CatalogManagementPanel.tsx","1005","CatalogManagementPanel","jsx-text","仅配方完整","","完整候选索引；表达式内字面量可能是接口参数，是否实际展示以文案决策表与浏览器证据为准"
"src/normalized-ui/CatalogManagementPanel.tsx","1005","CatalogManagementPanel","jsx-text","组编号","","完整候选索引；表达式内字面量可能是接口参数，是否实际展示以文案决策表与浏览器证据为准"
"src/normalized-ui/CatalogManagementPanel.tsx","1005","CatalogManagementPanel","jsx-text","客人看到的提示","","完整候选索引；表达式内字面量可能是接口参数，是否实际展示以文案决策表与浏览器证据为准"
"src/normalized-ui/CatalogManagementPanel.tsx","1005","CatalogManagementPanel","jsx-text","必须选择","","完整候选索引；表达式内字面量可能是接口参数，是否实际展示以文案决策表与浏览器证据为准"
"src/normalized-ui/CatalogManagementPanel.tsx","1005","CatalogManagementPanel","jsx-text","删除本组","","完整候选索引；表达式内字面量可能是接口参数，是否实际展示以文案决策表与浏览器证据为准"
"src/normalized-ui/CatalogManagementPanel.tsx","1005","CatalogManagementPanel","jsx-expression-literal","staff_assisted","","完整候选索引；表达式内字面量可能是接口参数，是否实际展示以文案决策表与浏览器证据为准"
"src/normalized-ui/CatalogManagementPanel.tsx","1005","CatalogManagementPanel","jsx-expression-literal","可协助点单","","完整候选索引；表达式内字面量可能是接口参数，是否实际展示以文案决策表与浏览器证据为准"
"src/normalized-ui/CatalogManagementPanel.tsx","1005","CatalogManagementPanel","jsx-expression-literal","不可协助点单","","完整候选索引；表达式内字面量可能是接口参数，是否实际展示以文案决策表与浏览器证据为准"
"src/normalized-ui/CatalogManagementPanel.tsx","1005","CatalogManagementPanel","jsx-expression-literal","guest_qr","","完整候选索引；表达式内字面量可能是接口参数，是否实际展示以文案决策表与浏览器证据为准"
"src/normalized-ui/CatalogManagementPanel.tsx","1005","CatalogManagementPanel","jsx-expression-literal","顾客可见","","完整候选索引；表达式内字面量可能是接口参数，是否实际展示以文案决策表与浏览器证据为准"
"src/normalized-ui/CatalogManagementPanel.tsx","1005","CatalogManagementPanel","jsx-expression-literal","顾客不可见","","完整候选索引；表达式内字面量可能是接口参数，是否实际展示以文案决策表与浏览器证据为准"
"src/normalized-ui/CatalogManagementPanel.tsx","1005","CatalogManagementPanel","jsx-expression-literal","配方完整","","完整候选索引；表达式内字面量可能是接口参数，是否实际展示以文案决策表与浏览器证据为准"
"src/normalized-ui/CatalogManagementPanel.tsx","1005","CatalogManagementPanel","jsx-expression-literal","配方待补","","完整候选索引；表达式内字面量可能是接口参数，是否实际展示以文案决策表与浏览器证据为准"
"src/normalized-ui/CatalogManagementPanel.tsx","1005","CatalogManagementPanel","jsx-expression-literal","当前有库存","","完整候选索引；表达式内字面量可能是接口参数，是否实际展示以文案决策表与浏览器证据为准"
"src/normalized-ui/CatalogManagementPanel.tsx","1005","CatalogManagementPanel","jsx-expression-literal","当前库存不足","","完整候选索引；表达式内字面量可能是接口参数，是否实际展示以文案决策表与浏览器证据为准"
"src/normalized-ui/CatalogManagementPanel.tsx","1005","CatalogManagementPanel","jsx-template-text","每次选择包含数量","","完整候选索引；表达式内字面量可能是接口参数，是否实际展示以文案决策表与浏览器证据为准"
"src/normalized-ui/CatalogManagementPanel.tsx","1006","CatalogManagementPanel","jsx-expression-literal","请先处理阶段配置","","完整候选索引；表达式内字面量可能是接口参数，是否实际展示以文案决策表与浏览器证据为准"
"src/normalized-ui/CatalogManagementPanel.tsx","1006","CatalogManagementPanel","jsx-expression-literal","保存并读回验证","","完整候选索引；表达式内字面量可能是接口参数，是否实际展示以文案决策表与浏览器证据为准"
"src/normalized-ui/CatalogManagementPanel.tsx","1010","CatalogManagementPanel","jsx-expression-literal","其他分类","","完整候选索引；表达式内字面量可能是接口参数，是否实际展示以文案决策表与浏览器证据为准"
"src/normalized-ui/CatalogManagementPanel.tsx","1011","CatalogManagementPanel","jsx-expression-literal","bundle","","完整候选索引；表达式内字面量可能是接口参数，是否实际展示以文案决策表与浏览器证据为准"
"src/normalized-ui/CatalogManagementPanel.tsx","1011","CatalogManagementPanel","jsx-expression-literal","组合","","完整候选索引；表达式内字面量可能是接口参数，是否实际展示以文案决策表与浏览器证据为准"
"src/normalized-ui/CatalogManagementPanel.tsx","1011","CatalogManagementPanel","jsx-expression-literal","tracked","","完整候选索引；表达式内字面量可能是接口参数，是否实际展示以文案决策表与浏览器证据为准"
"src/normalized-ui/CatalogManagementPanel.tsx","1011","CatalogManagementPanel","jsx-expression-literal","跟踪库存","","完整候选索引；表达式内字面量可能是接口参数，是否实际展示以文案决策表与浏览器证据为准"
"src/normalized-ui/CatalogManagementPanel.tsx","1011","CatalogManagementPanel","jsx-expression-literal","暂不管理数量","","完整候选索引；表达式内字面量可能是接口参数，是否实际展示以文案决策表与浏览器证据为准"
"src/normalized-ui/CatalogManagementPanel.tsx","1011","CatalogManagementPanel","jsx-expression-literal","顾客可见","","完整候选索引；表达式内字面量可能是接口参数，是否实际展示以文案决策表与浏览器证据为准"
"src/normalized-ui/CatalogManagementPanel.tsx","1011","CatalogManagementPanel","jsx-expression-literal","顾客隐藏","","完整候选索引；表达式内字面量可能是接口参数，是否实际展示以文案决策表与浏览器证据为准"
"src/normalized-ui/CatalogManagementPanel.tsx","1011","CatalogManagementPanel","jsx-expression-literal","未定价","","完整候选索引；表达式内字面量可能是接口参数，是否实际展示以文案决策表与浏览器证据为准"
"src/normalized-ui/CatalogManagementPanel.tsx","1011","CatalogManagementPanel","jsx-expression-literal","小程序可售","","完整候选索引；表达式内字面量可能是接口参数，是否实际展示以文案决策表与浏览器证据为准"
"src/normalized-ui/CatalogManagementPanel.tsx","1011","CatalogManagementPanel","jsx-template-text","待完成：","","完整候选索引；表达式内字面量可能是接口参数，是否实际展示以文案决策表与浏览器证据为准"
"src/normalized-ui/CatalogManagementPanel.tsx","1011","CatalogManagementPanel","jsx-template-text","（另有","","完整候选索引；表达式内字面量可能是接口参数，是否实际展示以文案决策表与浏览器证据为准"
"src/normalized-ui/CatalogManagementPanel.tsx","1011","CatalogManagementPanel","jsx-template-text","项）","","完整候选索引；表达式内字面量可能是接口参数，是否实际展示以文案决策表与浏览器证据为准"
"src/normalized-ui/CatalogManagementPanel.tsx","1011","CatalogManagementPanel","jsx-text","查看全部原因","","完整候选索引；表达式内字面量可能是接口参数，是否实际展示以文案决策表与浏览器证据为准"
"src/normalized-ui/CatalogManagementPanel.tsx","1011","CatalogManagementPanel","jsx-text","编辑","","完整候选索引；表达式内字面量可能是接口参数，是否实际展示以文案决策表与浏览器证据为准"
"src/normalized-ui/CheckoutUpgradeManagementPanel.tsx","112","saveRule","feedback","规则草稿已保存。须由另一人审批、第三人发布；保存草稿不会开启升级推荐。","","完整候选索引；表达式内字面量可能是接口参数，是否实际展示以文案决策表与浏览器证据为准"
"src/normalized-ui/CheckoutUpgradeManagementPanel.tsx","147","saveCapacity","feedback","产能草稿已保存。须由另一人审批、第三人发布后才成为运行事实。","事实","完整候选索引；表达式内字面量可能是接口参数，是否实际展示以文案决策表与浏览器证据为准"
"src/normalized-ui/CheckoutUpgradeManagementPanel.tsx","169","CheckoutUpgradeManagementPanel","attribute:aria-label","付款前升级与履约产能配置","","完整候选索引；表达式内字面量可能是接口参数，是否实际展示以文案决策表与浏览器证据为准"
"src/normalized-ui/CheckoutUpgradeManagementPanel.tsx","170","CheckoutUpgradeManagementPanel","jsx-text","付款前升级与产能","","完整候选索引；表达式内字面量可能是接口参数，是否实际展示以文案决策表与浏览器证据为准"
"src/normalized-ui/CheckoutUpgradeManagementPanel.tsx","170","CheckoutUpgradeManagementPanel","jsx-text","规则、报价、成交和出品上限统一管理；三人分离发布，功能默认关闭。","","完整候选索引；表达式内字面量可能是接口参数，是否实际展示以文案决策表与浏览器证据为准"
"src/normalized-ui/CheckoutUpgradeManagementPanel.tsx","170","CheckoutUpgradeManagementPanel","jsx-expression-literal","收起","","完整候选索引；表达式内字面量可能是接口参数，是否实际展示以文案决策表与浏览器证据为准"
"src/normalized-ui/CheckoutUpgradeManagementPanel.tsx","170","CheckoutUpgradeManagementPanel","jsx-expression-literal","配置","","完整候选索引；表达式内字面量可能是接口参数，是否实际展示以文案决策表与浏览器证据为准"
"src/normalized-ui/CheckoutUpgradeManagementPanel.tsx","173","CheckoutUpgradeManagementPanel","jsx-text","建议","","完整候选索引；表达式内字面量可能是接口参数，是否实际展示以文案决策表与浏览器证据为准"
"src/normalized-ui/CheckoutUpgradeManagementPanel.tsx","173","CheckoutUpgradeManagementPanel","jsx-text","· 已接受","","完整候选索引；表达式内字面量可能是接口参数，是否实际展示以文案决策表与浏览器证据为准"
"src/normalized-ui/CheckoutUpgradeManagementPanel.tsx","173","CheckoutUpgradeManagementPanel","jsx-text","· 已提交","","完整候选索引；表达式内字面量可能是接口参数，是否实际展示以文案决策表与浏览器证据为准"
"src/normalized-ui/CheckoutUpgradeManagementPanel.tsx","173","CheckoutUpgradeManagementPanel","jsx-text","· 已付款","","完整候选索引；表达式内字面量可能是接口参数，是否实际展示以文案决策表与浏览器证据为准"
"src/normalized-ui/CheckoutUpgradeManagementPanel.tsx","173","CheckoutUpgradeManagementPanel","jsx-text","· 投诉","","完整候选索引；表达式内字面量可能是接口参数，是否实际展示以文案决策表与浏览器证据为准"
"src/normalized-ui/CheckoutUpgradeManagementPanel.tsx","173","CheckoutUpgradeManagementPanel","jsx-text","刷新","","完整候选索引；表达式内字面量可能是接口参数，是否实际展示以文案决策表与浏览器证据为准"
"src/normalized-ui/CheckoutUpgradeManagementPanel.tsx","174","CheckoutUpgradeManagementPanel","jsx-text","统计最近300次建议，生成建议不等于顾客已看到；接受后删除该份套餐不计提交。付款与退款为关联订单口径，不代表升级带来的增量收入；已付款包含后来退款的订单。","","完整候选索引；表达式内字面量可能是接口参数，是否实际展示以文案决策表与浏览器证据为准"
"src/normalized-ui/CheckoutUpgradeManagementPanel.tsx","175","CheckoutUpgradeManagementPanel","jsx-text","新建规则草稿","","完整候选索引；表达式内字面量可能是接口参数，是否实际展示以文案决策表与浏览器证据为准"
"src/normalized-ui/CheckoutUpgradeManagementPanel.tsx","176","CheckoutUpgradeManagementPanel","jsx-text","规则代码","","完整候选索引；表达式内字面量可能是接口参数，是否实际展示以文案决策表与浏览器证据为准"
"src/normalized-ui/CheckoutUpgradeManagementPanel.tsx","177","CheckoutUpgradeManagementPanel","jsx-text","规则名称","","完整候选索引；表达式内字面量可能是接口参数，是否实际展示以文案决策表与浏览器证据为准"
"src/normalized-ui/CheckoutUpgradeManagementPanel.tsx","178","CheckoutUpgradeManagementPanel","jsx-text","原商品","","完整候选索引；表达式内字面量可能是接口参数，是否实际展示以文案决策表与浏览器证据为准"
"src/normalized-ui/CheckoutUpgradeManagementPanel.tsx","178","CheckoutUpgradeManagementPanel","attribute:aria-label","原商品","","完整候选索引；表达式内字面量可能是接口参数，是否实际展示以文案决策表与浏览器证据为准"
"src/normalized-ui/CheckoutUpgradeManagementPanel.tsx","178","CheckoutUpgradeManagementPanel","jsx-expression-literal","single","","完整候选索引；表达式内字面量可能是接口参数，是否实际展示以文案决策表与浏览器证据为准"
"src/normalized-ui/CheckoutUpgradeManagementPanel.tsx","178","CheckoutUpgradeManagementPanel","jsx-expression-literal","bundle","","完整候选索引；表达式内字面量可能是接口参数，是否实际展示以文案决策表与浏览器证据为准"
"src/normalized-ui/CheckoutUpgradeManagementPanel.tsx","179","CheckoutUpgradeManagementPanel","jsx-text","升级套餐","","完整候选索引；表达式内字面量可能是接口参数，是否实际展示以文案决策表与浏览器证据为准"
"src/normalized-ui/CheckoutUpgradeManagementPanel.tsx","179","CheckoutUpgradeManagementPanel","attribute:aria-label","升级套餐","","完整候选索引；表达式内字面量可能是接口参数，是否实际展示以文案决策表与浏览器证据为准"
"src/normalized-ui/CheckoutUpgradeManagementPanel.tsx","179","CheckoutUpgradeManagementPanel","jsx-expression-literal","bundle","","完整候选索引；表达式内字面量可能是接口参数，是否实际展示以文案决策表与浏览器证据为准"
"src/normalized-ui/CheckoutUpgradeManagementPanel.tsx","180","CheckoutUpgradeManagementPanel","jsx-text","人数范围","","完整候选索引；表达式内字面量可能是接口参数，是否实际展示以文案决策表与浏览器证据为准"
"src/normalized-ui/CheckoutUpgradeManagementPanel.tsx","181","CheckoutUpgradeManagementPanel","jsx-text","优先级","","完整候选索引；表达式内字面量可能是接口参数，是否实际展示以文案决策表与浏览器证据为准"
"src/normalized-ui/CheckoutUpgradeManagementPanel.tsx","182","CheckoutUpgradeManagementPanel","jsx-text","报价有效分钟","","完整候选索引；表达式内字面量可能是接口参数，是否实际展示以文案决策表与浏览器证据为准"
"src/normalized-ui/CheckoutUpgradeManagementPanel.tsx","183","CheckoutUpgradeManagementPanel","jsx-text","最低毛利（基点）","基点","完整候选索引；表达式内字面量可能是接口参数，是否实际展示以文案决策表与浏览器证据为准"
"src/normalized-ui/CheckoutUpgradeManagementPanel.tsx","184","CheckoutUpgradeManagementPanel","jsx-text","场景标签","","完整候选索引；表达式内字面量可能是接口参数，是否实际展示以文案决策表与浏览器证据为准"
"src/normalized-ui/CheckoutUpgradeManagementPanel.tsx","184","CheckoutUpgradeManagementPanel","attribute:placeholder","friends,birthday","","完整候选索引；表达式内字面量可能是接口参数，是否实际展示以文案决策表与浏览器证据为准"
"src/normalized-ui/CheckoutUpgradeManagementPanel.tsx","185","CheckoutUpgradeManagementPanel","jsx-text","酒水标签","","完整候选索引；表达式内字面量可能是接口参数，是否实际展示以文案决策表与浏览器证据为准"
"src/normalized-ui/CheckoutUpgradeManagementPanel.tsx","185","CheckoutUpgradeManagementPanel","attribute:placeholder","mixed,whisky","","完整候选索引；表达式内字面量可能是接口参数，是否实际展示以文案决策表与浏览器证据为准"
"src/normalized-ui/CheckoutUpgradeManagementPanel.tsx","186","CheckoutUpgradeManagementPanel","jsx-text","顾客标题","","完整候选索引；表达式内字面量可能是接口参数，是否实际展示以文案决策表与浏览器证据为准"
"src/normalized-ui/CheckoutUpgradeManagementPanel.tsx","187","CheckoutUpgradeManagementPanel","jsx-text","顾客说明","","完整候选索引；表达式内字面量可能是接口参数，是否实际展示以文案决策表与浏览器证据为准"
"src/normalized-ui/CheckoutUpgradeManagementPanel.tsx","188","CheckoutUpgradeManagementPanel","jsx-text","确认按钮","","完整候选索引；表达式内字面量可能是接口参数，是否实际展示以文案决策表与浏览器证据为准"
"src/normalized-ui/CheckoutUpgradeManagementPanel.tsx","189","CheckoutUpgradeManagementPanel","jsx-text","高度匹配准入条件","","完整候选索引；表达式内字面量可能是接口参数，是否实际展示以文案决策表与浏览器证据为准"
"src/normalized-ui/CheckoutUpgradeManagementPanel.tsx","190","CheckoutUpgradeManagementPanel","jsx-text","先满足全部条件，再按优先级排序。贡献额为成交额减商品成本，不是扣除房租工资后的净利润；未填写、成本未知或不适配时不能主动推荐。","","完整候选索引；表达式内字面量可能是接口参数，是否实际展示以文案决策表与浏览器证据为准"
"src/normalized-ui/CheckoutUpgradeManagementPanel.tsx","191","CheckoutUpgradeManagementPanel","jsx-text","最多加价","","完整候选索引；表达式内字面量可能是接口参数，是否实际展示以文案决策表与浏览器证据为准"
"src/normalized-ui/CheckoutUpgradeManagementPanel.tsx","192","CheckoutUpgradeManagementPanel","jsx-text","相对加价上限（可留空，仅用绝对上限）","","完整候选索引；表达式内字面量可能是接口参数，是否实际展示以文案决策表与浏览器证据为准"
"src/normalized-ui/CheckoutUpgradeManagementPanel.tsx","193","CheckoutUpgradeManagementPanel","jsx-text","升级后最低贡献额","","完整候选索引；表达式内字面量可能是接口参数，是否实际展示以文案决策表与浏览器证据为准"
"src/normalized-ui/CheckoutUpgradeManagementPanel.tsx","194","CheckoutUpgradeManagementPanel","jsx-text","最低新增贡献额","","完整候选索引；表达式内字面量可能是接口参数，是否实际展示以文案决策表与浏览器证据为准"
"src/normalized-ui/CheckoutUpgradeManagementPanel.tsx","195","CheckoutUpgradeManagementPanel","jsx-text","适配依据","","完整候选索引；表达式内字面量可能是接口参数，是否实际展示以文案决策表与浏览器证据为准"
"src/normalized-ui/CheckoutUpgradeManagementPanel.tsx","195","CheckoutUpgradeManagementPanel","attribute:placeholder","说明保留什么、增加什么，以及为什么适合此人数和场景","","完整候选索引；表达式内字面量可能是接口参数，是否实际展示以文案决策表与浏览器证据为准"
"src/normalized-ui/CheckoutUpgradeManagementPanel.tsx","196","CheckoutUpgradeManagementPanel","jsx-text","新增商品","","完整候选索引；表达式内字面量可能是接口参数，是否实际展示以文案决策表与浏览器证据为准"
"src/normalized-ui/CheckoutUpgradeManagementPanel.tsx","196","CheckoutUpgradeManagementPanel","attribute:aria-label","份量上限商品","","完整候选索引；表达式内字面量可能是接口参数，是否实际展示以文案决策表与浏览器证据为准"
"src/normalized-ui/CheckoutUpgradeManagementPanel.tsx","196","CheckoutUpgradeManagementPanel","jsx-text","选择需要限定份量的商品","","完整候选索引；表达式内字面量可能是接口参数，是否实际展示以文案决策表与浏览器证据为准"
"src/normalized-ui/CheckoutUpgradeManagementPanel.tsx","197","CheckoutUpgradeManagementPanel","jsx-text","该商品每人最多","","完整候选索引；表达式内字面量可能是接口参数，是否实际展示以文案决策表与浏览器证据为准"
"src/normalized-ui/CheckoutUpgradeManagementPanel.tsx","198","CheckoutUpgradeManagementPanel","jsx-text","保存此份量上限","","完整候选索引；表达式内字面量可能是接口参数，是否实际展示以文案决策表与浏览器证据为准"
"src/normalized-ui/CheckoutUpgradeManagementPanel.tsx","199","CheckoutUpgradeManagementPanel","jsx-text","份 / 人","","完整候选索引；表达式内字面量可能是接口参数，是否实际展示以文案决策表与浏览器证据为准"
"src/normalized-ui/CheckoutUpgradeManagementPanel.tsx","199","CheckoutUpgradeManagementPanel","jsx-text","移除","","完整候选索引；表达式内字面量可能是接口参数，是否实际展示以文案决策表与浏览器证据为准"
"src/normalized-ui/CheckoutUpgradeManagementPanel.tsx","200","CheckoutUpgradeManagementPanel","jsx-text","出现以下商品时不推荐","","完整候选索引；表达式内字面量可能是接口参数，是否实际展示以文案决策表与浏览器证据为准"
"src/normalized-ui/CheckoutUpgradeManagementPanel.tsx","200","CheckoutUpgradeManagementPanel","attribute:aria-label","排除商品","","完整候选索引；表达式内字面量可能是接口参数，是否实际展示以文案决策表与浏览器证据为准"
"src/normalized-ui/CheckoutUpgradeManagementPanel.tsx","200","CheckoutUpgradeManagementPanel","jsx-text","按需添加排除商品","","完整候选索引；表达式内字面量可能是接口参数，是否实际展示以文案决策表与浏览器证据为准"
"src/normalized-ui/CheckoutUpgradeManagementPanel.tsx","201","CheckoutUpgradeManagementPanel","jsx-text","移除排除商品","","完整候选索引；表达式内字面量可能是接口参数，是否实际展示以文案决策表与浏览器证据为准"
"src/normalized-ui/CheckoutUpgradeManagementPanel.tsx","203","CheckoutUpgradeManagementPanel","jsx-text","保存草稿","","完整候选索引；表达式内字面量可能是接口参数，是否实际展示以文案决策表与浏览器证据为准"
"src/normalized-ui/CheckoutUpgradeManagementPanel.tsx","206","CheckoutUpgradeManagementPanel","jsx-text","· V","","完整候选索引；表达式内字面量可能是接口参数，是否实际展示以文案决策表与浏览器证据为准"
"src/normalized-ui/CheckoutUpgradeManagementPanel.tsx","208","CheckoutUpgradeManagementPanel","jsx-text","核对高度匹配条件","","完整候选索引；表达式内字面量可能是接口参数，是否实际展示以文案决策表与浏览器证据为准"
"src/normalized-ui/CheckoutUpgradeManagementPanel.tsx","210","CheckoutUpgradeManagementPanel","jsx-text","最多加价 ¥","","完整候选索引；表达式内字面量可能是接口参数，是否实际展示以文案决策表与浏览器证据为准"
"src/normalized-ui/CheckoutUpgradeManagementPanel.tsx","210","CheckoutUpgradeManagementPanel","jsx-text","；相对上限","","完整候选索引；表达式内字面量可能是接口参数，是否实际展示以文案决策表与浏览器证据为准"
"src/normalized-ui/CheckoutUpgradeManagementPanel.tsx","210","CheckoutUpgradeManagementPanel","jsx-expression-literal","未另设","","完整候选索引；表达式内字面量可能是接口参数，是否实际展示以文案决策表与浏览器证据为准"
"src/normalized-ui/CheckoutUpgradeManagementPanel.tsx","211","CheckoutUpgradeManagementPanel","jsx-text","最低贡献额 ¥","","完整候选索引；表达式内字面量可能是接口参数，是否实际展示以文案决策表与浏览器证据为准"
"src/normalized-ui/CheckoutUpgradeManagementPanel.tsx","211","CheckoutUpgradeManagementPanel","jsx-text","；最低新增贡献额 ¥","","完整候选索引；表达式内字面量可能是接口参数，是否实际展示以文案决策表与浏览器证据为准"
"src/normalized-ui/CheckoutUpgradeManagementPanel.tsx","212","CheckoutUpgradeManagementPanel","jsx-text","人均上限：","","完整候选索引；表达式内字面量可能是接口参数，是否实际展示以文案决策表与浏览器证据为准"
"src/normalized-ui/CheckoutUpgradeManagementPanel.tsx","212","CheckoutUpgradeManagementPanel","jsx-template-text","份/人","","完整候选索引；表达式内字面量可能是接口参数，是否实际展示以文案决策表与浏览器证据为准"
"src/normalized-ui/CheckoutUpgradeManagementPanel.tsx","213","CheckoutUpgradeManagementPanel","jsx-text","排除商品：","","完整候选索引；表达式内字面量可能是接口参数，是否实际展示以文案决策表与浏览器证据为准"
"src/normalized-ui/CheckoutUpgradeManagementPanel.tsx","213","CheckoutUpgradeManagementPanel","jsx-expression-literal","未另设","","完整候选索引；表达式内字面量可能是接口参数，是否实际展示以文案决策表与浏览器证据为准"
"src/normalized-ui/CheckoutUpgradeManagementPanel.tsx","213","CheckoutUpgradeManagementPanel","jsx-text","。核心酒水和具体选择仍必须保留，不因没有排除商品而放宽。","","完整候选索引；表达式内字面量可能是接口参数，是否实际展示以文案决策表与浏览器证据为准"
"src/normalized-ui/CheckoutUpgradeManagementPanel.tsx","214","CheckoutUpgradeManagementPanel","jsx-text","旧版本未配置新准入条件，须建立完整新草稿再验收。","","完整候选索引；表达式内字面量可能是接口参数，是否实际展示以文案决策表与浏览器证据为准"
"src/normalized-ui/CheckoutUpgradeManagementPanel.tsx","216","CheckoutUpgradeManagementPanel","jsx-expression-literal","draft","","完整候选索引；表达式内字面量可能是接口参数，是否实际展示以文案决策表与浏览器证据为准"
"src/normalized-ui/CheckoutUpgradeManagementPanel.tsx","216","CheckoutUpgradeManagementPanel","jsx-text","审批","","完整候选索引；表达式内字面量可能是接口参数，是否实际展示以文案决策表与浏览器证据为准"
"src/normalized-ui/CheckoutUpgradeManagementPanel.tsx","216","CheckoutUpgradeManagementPanel","jsx-expression-literal","approved","","完整候选索引；表达式内字面量可能是接口参数，是否实际展示以文案决策表与浏览器证据为准"
"src/normalized-ui/CheckoutUpgradeManagementPanel.tsx","216","CheckoutUpgradeManagementPanel","jsx-text","发布","","完整候选索引；表达式内字面量可能是接口参数，是否实际展示以文案决策表与浏览器证据为准"
"src/normalized-ui/CheckoutUpgradeManagementPanel.tsx","216","CheckoutUpgradeManagementPanel","jsx-expression-literal","retired","","完整候选索引；表达式内字面量可能是接口参数，是否实际展示以文案决策表与浏览器证据为准"
"src/normalized-ui/CheckoutUpgradeManagementPanel.tsx","216","CheckoutUpgradeManagementPanel","jsx-text","复制为回滚草稿","","完整候选索引；表达式内字面量可能是接口参数，是否实际展示以文案决策表与浏览器证据为准"
"src/normalized-ui/CheckoutUpgradeManagementPanel.tsx","218","CheckoutUpgradeManagementPanel","jsx-text","新建产能版本","","完整候选索引；表达式内字面量可能是接口参数，是否实际展示以文案决策表与浏览器证据为准"
"src/normalized-ui/CheckoutUpgradeManagementPanel.tsx","219","CheckoutUpgradeManagementPanel","jsx-text","出品站点","","完整候选索引；表达式内字面量可能是接口参数，是否实际展示以文案决策表与浏览器证据为准"
"src/normalized-ui/CheckoutUpgradeManagementPanel.tsx","219","CheckoutUpgradeManagementPanel","jsx-text","吧台","","完整候选索引；表达式内字面量可能是接口参数，是否实际展示以文案决策表与浏览器证据为准"
"src/normalized-ui/CheckoutUpgradeManagementPanel.tsx","219","CheckoutUpgradeManagementPanel","jsx-text","厨房","","完整候选索引；表达式内字面量可能是接口参数，是否实际展示以文案决策表与浏览器证据为准"
"src/normalized-ui/CheckoutUpgradeManagementPanel.tsx","219","CheckoutUpgradeManagementPanel","jsx-text","收银","","完整候选索引；表达式内字面量可能是接口参数，是否实际展示以文案决策表与浏览器证据为准"
"src/normalized-ui/CheckoutUpgradeManagementPanel.tsx","220","CheckoutUpgradeManagementPanel","jsx-text","配置原因","","完整候选索引；表达式内字面量可能是接口参数，是否实际展示以文案决策表与浏览器证据为准"
"src/normalized-ui/CheckoutUpgradeManagementPanel.tsx","221","CheckoutUpgradeManagementPanel","jsx-text","开始","","完整候选索引；表达式内字面量可能是接口参数，是否实际展示以文案决策表与浏览器证据为准"
"src/normalized-ui/CheckoutUpgradeManagementPanel.tsx","221","CheckoutUpgradeManagementPanel","jsx-text","结束","","完整候选索引；表达式内字面量可能是接口参数，是否实际展示以文案决策表与浏览器证据为准"
"src/normalized-ui/CheckoutUpgradeManagementPanel.tsx","221","CheckoutUpgradeManagementPanel","jsx-text","上限单位","","完整候选索引；表达式内字面量可能是接口参数，是否实际展示以文案决策表与浏览器证据为准"
"src/normalized-ui/CheckoutUpgradeManagementPanel.tsx","221","CheckoutUpgradeManagementPanel","attribute:aria-label","删除时间窗","","完整候选索引；表达式内字面量可能是接口参数，是否实际展示以文案决策表与浏览器证据为准"
"src/normalized-ui/CheckoutUpgradeManagementPanel.tsx","222","CheckoutUpgradeManagementPanel","jsx-text","增加时间窗","","完整候选索引；表达式内字面量可能是接口参数，是否实际展示以文案决策表与浏览器证据为准"
"src/normalized-ui/CheckoutUpgradeManagementPanel.tsx","222","CheckoutUpgradeManagementPanel","jsx-text","保存产能草稿","","完整候选索引；表达式内字面量可能是接口参数，是否实际展示以文案决策表与浏览器证据为准"
"src/normalized-ui/CheckoutUpgradeManagementPanel.tsx","224","CheckoutUpgradeManagementPanel","jsx-text","· V","","完整候选索引；表达式内字面量可能是接口参数，是否实际展示以文案决策表与浏览器证据为准"
"src/normalized-ui/CheckoutUpgradeManagementPanel.tsx","224","CheckoutUpgradeManagementPanel","jsx-text","个时段 · 占用","","完整候选索引；表达式内字面量可能是接口参数，是否实际展示以文案决策表与浏览器证据为准"
"src/normalized-ui/CheckoutUpgradeManagementPanel.tsx","224","CheckoutUpgradeManagementPanel","jsx-text","单位","","完整候选索引；表达式内字面量可能是接口参数，是否实际展示以文案决策表与浏览器证据为准"
"src/normalized-ui/CheckoutUpgradeManagementPanel.tsx","224","CheckoutUpgradeManagementPanel","jsx-expression-literal","draft","","完整候选索引；表达式内字面量可能是接口参数，是否实际展示以文案决策表与浏览器证据为准"
"src/normalized-ui/CheckoutUpgradeManagementPanel.tsx","224","CheckoutUpgradeManagementPanel","jsx-text","审批","","完整候选索引；表达式内字面量可能是接口参数，是否实际展示以文案决策表与浏览器证据为准"
"src/normalized-ui/CheckoutUpgradeManagementPanel.tsx","224","CheckoutUpgradeManagementPanel","jsx-expression-literal","approved","","完整候选索引；表达式内字面量可能是接口参数，是否实际展示以文案决策表与浏览器证据为准"
"src/normalized-ui/CheckoutUpgradeManagementPanel.tsx","224","CheckoutUpgradeManagementPanel","jsx-text","发布","","完整候选索引；表达式内字面量可能是接口参数，是否实际展示以文案决策表与浏览器证据为准"
"src/normalized-ui/CheckoutUpgradeManagementPanel.tsx","225","CheckoutUpgradeManagementPanel","jsx-text","规则、出品产能、库存与整笔下单验收通过后才可启用付款前升级；保存或发布规则不会改变功能开关。","","完整候选索引；表达式内字面量可能是接口参数，是否实际展示以文案决策表与浏览器证据为准"
"src/normalized-ui/CouponCalendarPreviewPanel.tsx","69","CouponCalendarPreviewPanel","jsx-text","优惠券可用日历预览","","完整候选索引；表达式内字面量可能是接口参数，是否实际展示以文案决策表与浏览器证据为准"
"src/normalized-ui/CouponCalendarPreviewPanel.tsx","70","CouponCalendarPreviewPanel","jsx-text","日历预览不会发布或发券。时间统一为北京时间；可用星期不代表每周自动增加次数。区间含开始、不含截止时刻。","","完整候选索引；表达式内字面量可能是接口参数，是否实际展示以文案决策表与浏览器证据为准"
"src/normalized-ui/CouponCalendarPreviewPanel.tsx","71","CouponCalendarPreviewPanel","jsx-text","使用时间条件","","完整候选索引；表达式内字面量可能是接口参数，是否实际展示以文案决策表与浏览器证据为准"
"src/normalized-ui/CouponCalendarPreviewPanel.tsx","73","CouponCalendarPreviewPanel","jsx-text","可用日期起","","完整候选索引；表达式内字面量可能是接口参数，是否实际展示以文案决策表与浏览器证据为准"
"src/normalized-ui/CouponCalendarPreviewPanel.tsx","74","CouponCalendarPreviewPanel","jsx-text","可用日期止（含当天）","","完整候选索引；表达式内字面量可能是接口参数，是否实际展示以文案决策表与浏览器证据为准"
"src/normalized-ui/CouponCalendarPreviewPanel.tsx","75","CouponCalendarPreviewPanel","jsx-text","绝对开始时间（可留空，取起始日零点）","","完整候选索引；表达式内字面量可能是接口参数，是否实际展示以文案决策表与浏览器证据为准"
"src/normalized-ui/CouponCalendarPreviewPanel.tsx","76","CouponCalendarPreviewPanel","jsx-text","绝对截止时间（北京时间）","","完整候选索引；表达式内字面量可能是接口参数，是否实际展示以文案决策表与浏览器证据为准"
"src/normalized-ui/CouponCalendarPreviewPanel.tsx","77","CouponCalendarPreviewPanel","jsx-text","日期归属","","完整候选索引；表达式内字面量可能是接口参数，是否实际展示以文案决策表与浏览器证据为准"
"src/normalized-ui/CouponCalendarPreviewPanel.tsx","77","CouponCalendarPreviewPanel","attribute:aria-label","日期归属","","完整候选索引；表达式内字面量可能是接口参数，是否实际展示以文案决策表与浏览器证据为准"
"src/normalized-ui/CouponCalendarPreviewPanel.tsx","77","CouponCalendarPreviewPanel","jsx-text","自然日（零点换日）","","完整候选索引；表达式内字面量可能是接口参数，是否实际展示以文案决策表与浏览器证据为准"
"src/normalized-ui/CouponCalendarPreviewPanel.tsx","77","CouponCalendarPreviewPanel","jsx-text","营业日（按指定时刻换日）","","完整候选索引；表达式内字面量可能是接口参数，是否实际展示以文案决策表与浏览器证据为准"
"src/normalized-ui/CouponCalendarPreviewPanel.tsx","78","CouponCalendarPreviewPanel","jsx-text","发放后有效天数（留空仅按固定日期）","","完整候选索引；表达式内字面量可能是接口参数，是否实际展示以文案决策表与浏览器证据为准"
"src/normalized-ui/CouponCalendarPreviewPanel.tsx","79","CouponCalendarPreviewPanel","jsx-text","发放后有效期口径","","完整候选索引；表达式内字面量可能是接口参数，是否实际展示以文案决策表与浏览器证据为准"
"src/normalized-ui/CouponCalendarPreviewPanel.tsx","79","CouponCalendarPreviewPanel","jsx-text","每满24小时算一天","","完整候选索引；表达式内字面量可能是接口参数，是否实际展示以文案决策表与浏览器证据为准"
"src/normalized-ui/CouponCalendarPreviewPanel.tsx","79","CouponCalendarPreviewPanel","jsx-text","自然日结束（发放当日算第1天）","","完整候选索引；表达式内字面量可能是接口参数，是否实际展示以文案决策表与浏览器证据为准"
"src/normalized-ui/CouponCalendarPreviewPanel.tsx","79","CouponCalendarPreviewPanel","jsx-text","营业日结束（须先配置营业日）","","完整候选索引；表达式内字面量可能是接口参数，是否实际展示以文案决策表与浏览器证据为准"
"src/normalized-ui/CouponCalendarPreviewPanel.tsx","79","CouponCalendarPreviewPanel","jsx-text","模拟发放时间（北京时间）","","完整候选索引；表达式内字面量可能是接口参数，是否实际展示以文案决策表与浏览器证据为准"
"src/normalized-ui/CouponCalendarPreviewPanel.tsx","80","CouponCalendarPreviewPanel","jsx-expression-literal","business","","完整候选索引；表达式内字面量可能是接口参数，是否实际展示以文案决策表与浏览器证据为准"
"src/normalized-ui/CouponCalendarPreviewPanel.tsx","80","CouponCalendarPreviewPanel","jsx-text","营业日换日时刻","","完整候选索引；表达式内字面量可能是接口参数，是否实际展示以文案决策表与浏览器证据为准"
"src/normalized-ui/CouponCalendarPreviewPanel.tsx","81","CouponCalendarPreviewPanel","jsx-text","每周计数起点","","完整候选索引；表达式内字面量可能是接口参数，是否实际展示以文案决策表与浏览器证据为准"
"src/normalized-ui/CouponCalendarPreviewPanel.tsx","81","CouponCalendarPreviewPanel","jsx-text","星期","","完整候选索引；表达式内字面量可能是接口参数，是否实际展示以文案决策表与浏览器证据为准"
"src/normalized-ui/CouponCalendarPreviewPanel.tsx","83","CouponCalendarPreviewPanel","jsx-text","允许使用的星期","","完整候选索引；表达式内字面量可能是接口参数，是否实际展示以文案决策表与浏览器证据为准"
"src/normalized-ui/CouponCalendarPreviewPanel.tsx","84","CouponCalendarPreviewPanel","jsx-text","全天可用","","完整候选索引；表达式内字面量可能是接口参数，是否实际展示以文案决策表与浏览器证据为准"
"src/normalized-ui/CouponCalendarPreviewPanel.tsx","85","CouponCalendarPreviewPanel","jsx-text","每日时间段（最多12段，重叠自动合并）","","完整候选索引；表达式内字面量可能是接口参数，是否实际展示以文案决策表与浏览器证据为准"
"src/normalized-ui/CouponCalendarPreviewPanel.tsx","87","CouponCalendarPreviewPanel","jsx-text","时段","","完整候选索引；表达式内字面量可能是接口参数，是否实际展示以文案决策表与浏览器证据为准"
"src/normalized-ui/CouponCalendarPreviewPanel.tsx","87","CouponCalendarPreviewPanel","jsx-text","开始","","完整候选索引；表达式内字面量可能是接口参数，是否实际展示以文案决策表与浏览器证据为准"
"src/normalized-ui/CouponCalendarPreviewPanel.tsx","88","CouponCalendarPreviewPanel","jsx-text","时段","","完整候选索引；表达式内字面量可能是接口参数，是否实际展示以文案决策表与浏览器证据为准"
"src/normalized-ui/CouponCalendarPreviewPanel.tsx","88","CouponCalendarPreviewPanel","jsx-text","结束","","完整候选索引；表达式内字面量可能是接口参数，是否实际展示以文案决策表与浏览器证据为准"
"src/normalized-ui/CouponCalendarPreviewPanel.tsx","88","CouponCalendarPreviewPanel","attribute:placeholder","02:00 或 24:00","","完整候选索引；表达式内字面量可能是接口参数，是否实际展示以文案决策表与浏览器证据为准"
"src/normalized-ui/CouponCalendarPreviewPanel.tsx","89","CouponCalendarPreviewPanel","jsx-text","移除时段","","完整候选索引；表达式内字面量可能是接口参数，是否实际展示以文案决策表与浏览器证据为准"
"src/normalized-ui/CouponCalendarPreviewPanel.tsx","91","CouponCalendarPreviewPanel","jsx-text","添加时间段","","完整候选索引；表达式内字面量可能是接口参数，是否实际展示以文案决策表与浏览器证据为准"
"src/normalized-ui/CouponCalendarPreviewPanel.tsx","93","CouponCalendarPreviewPanel","jsx-text","结束早于开始代表跨午夜；营业日归属不会延长绝对截止时间。相对有效期从实际发放计算，与固定时间取交集；若期间没有可用时段则拒绝发券。模拟发放时间仅用于预览，不会被实际发券采用。","","完整候选索引；表达式内字面量可能是接口参数，是否实际展示以文案决策表与浏览器证据为准"
"src/normalized-ui/CouponCalendarPreviewPanel.tsx","94","CouponCalendarPreviewPanel","jsx-text","排除日期（完整年月日，逗号或换行分隔）","","完整候选索引；表达式内字面量可能是接口参数，是否实际展示以文案决策表与浏览器证据为准"
"src/normalized-ui/CouponCalendarPreviewPanel.tsx","95","CouponCalendarPreviewPanel","jsx-expression-literal","正在计算…","","完整候选索引；表达式内字面量可能是接口参数，是否实际展示以文案决策表与浏览器证据为准"
"src/normalized-ui/CouponCalendarPreviewPanel.tsx","95","CouponCalendarPreviewPanel","jsx-expression-literal","生成可用日历","","完整候选索引；表达式内字面量可能是接口参数，是否实际展示以文案决策表与浏览器证据为准"
"src/normalized-ui/CouponCalendarPreviewPanel.tsx","100","CouponCalendarPreviewPanel","jsx-text","没有任何可用时段，不能发布此规则。","","完整候选索引；表达式内字面量可能是接口参数，是否实际展示以文案决策表与浏览器证据为准"
"src/normalized-ui/CouponCalendarPreviewPanel.tsx","101","CouponCalendarPreviewPanel","jsx-text","下一次可用：","","完整候选索引；表达式内字面量可能是接口参数，是否实际展示以文案决策表与浏览器证据为准"
"src/normalized-ui/CouponCalendarPreviewPanel.tsx","101","CouponCalendarPreviewPanel","jsx-expression-literal","已无后续可用时段","","完整候选索引；表达式内字面量可能是接口参数，是否实际展示以文案决策表与浏览器证据为准"
"src/normalized-ui/CouponCalendarPreviewPanel.tsx","101","CouponCalendarPreviewPanel","jsx-text","；最后截止：","","完整候选索引；表达式内字面量可能是接口参数，是否实际展示以文案决策表与浏览器证据为准"
"src/normalized-ui/CouponCalendarPreviewPanel.tsx","102","CouponCalendarPreviewPanel","jsx-expression-literal","无可用时段，原预览未返回具体规则原因","","完整候选索引；表达式内字面量可能是接口参数，是否实际展示以文案决策表与浏览器证据为准"
"src/normalized-ui/CouponCalendarPreviewPanel.tsx","103","CouponCalendarPreviewPanel","jsx-text","查看后续日期","","完整候选索引；表达式内字面量可能是接口参数，是否实际展示以文案决策表与浏览器证据为准"
"src/normalized-ui/CouponCalendarVersionPanel.tsx","70","CouponCalendarVersionPanel","attribute:aria-label","券时间规则版本管理","","完整候选索引；表达式内字面量可能是接口参数，是否实际展示以文案决策表与浏览器证据为准"
"src/normalized-ui/CouponCalendarVersionPanel.tsx","71","CouponCalendarVersionPanel","jsx-text","保存日期规则和独立次数限制。编辑、审批、发布须分人完成；不会自动发券或改变旧券。使用新活动编号会开始新活动计数，不应用于绕过同一活动限额。","","完整候选索引；表达式内字面量可能是接口参数，是否实际展示以文案决策表与浏览器证据为准"
"src/normalized-ui/CouponCalendarVersionPanel.tsx","72","CouponCalendarVersionPanel","jsx-text","读取最近30个时间规则版本","","完整候选索引；表达式内字面量可能是接口参数，是否实际展示以文案决策表与浏览器证据为准"
"src/normalized-ui/CouponCalendarVersionPanel.tsx","73","CouponCalendarVersionPanel","jsx-text","选择时间规则版本","","完整候选索引；表达式内字面量可能是接口参数，是否实际展示以文案决策表与浏览器证据为准"
"src/normalized-ui/CouponCalendarVersionPanel.tsx","73","CouponCalendarVersionPanel","attribute:aria-label","选择时间规则版本","","完整候选索引；表达式内字面量可能是接口参数，是否实际展示以文案决策表与浏览器证据为准"
"src/normalized-ui/CouponCalendarVersionPanel.tsx","73","CouponCalendarVersionPanel","jsx-text","请选择","","完整候选索引；表达式内字面量可能是接口参数，是否实际展示以文案决策表与浏览器证据为准"
"src/normalized-ui/CouponCalendarVersionPanel.tsx","73","CouponCalendarVersionPanel","jsx-text","· 第","","完整候选索引；表达式内字面量可能是接口参数，是否实际展示以文案决策表与浏览器证据为准"
"src/normalized-ui/CouponCalendarVersionPanel.tsx","73","CouponCalendarVersionPanel","jsx-text","版 ·","","完整候选索引；表达式内字面量可能是接口参数，是否实际展示以文案决策表与浏览器证据为准"
"src/normalized-ui/CouponCalendarVersionPanel.tsx","74","CouponCalendarVersionPanel","jsx-text","版本及次数","","完整候选索引；表达式内字面量可能是接口参数，是否实际展示以文案决策表与浏览器证据为准"
"src/normalized-ui/CouponCalendarVersionPanel.tsx","75","CouponCalendarVersionPanel","jsx-text","活动规则编号","","完整候选索引；表达式内字面量可能是接口参数，是否实际展示以文案决策表与浏览器证据为准"
"src/normalized-ui/CouponCalendarVersionPanel.tsx","76","CouponCalendarVersionPanel","jsx-expression-literal","perCustomerDay","","完整候选索引；表达式内字面量可能是接口参数，是否实际展示以文案决策表与浏览器证据为准"
"src/normalized-ui/CouponCalendarVersionPanel.tsx","76","CouponCalendarVersionPanel","jsx-expression-literal","每人每日上限","","完整候选索引；表达式内字面量可能是接口参数，是否实际展示以文案决策表与浏览器证据为准"
"src/normalized-ui/CouponCalendarVersionPanel.tsx","76","CouponCalendarVersionPanel","jsx-expression-literal","perCustomerWeek","","完整候选索引；表达式内字面量可能是接口参数，是否实际展示以文案决策表与浏览器证据为准"
"src/normalized-ui/CouponCalendarVersionPanel.tsx","76","CouponCalendarVersionPanel","jsx-expression-literal","每人每周上限","","完整候选索引；表达式内字面量可能是接口参数，是否实际展示以文案决策表与浏览器证据为准"
"src/normalized-ui/CouponCalendarVersionPanel.tsx","76","CouponCalendarVersionPanel","jsx-expression-literal","perCustomerCampaign","","完整候选索引；表达式内字面量可能是接口参数，是否实际展示以文案决策表与浏览器证据为准"
"src/normalized-ui/CouponCalendarVersionPanel.tsx","76","CouponCalendarVersionPanel","jsx-expression-literal","每人活动期上限","","完整候选索引；表达式内字面量可能是接口参数，是否实际展示以文案决策表与浏览器证据为准"
"src/normalized-ui/CouponCalendarVersionPanel.tsx","77","CouponCalendarVersionPanel","jsx-text","本次版本操作原因","","完整候选索引；表达式内字面量可能是接口参数，是否实际展示以文案决策表与浏览器证据为准"
"src/normalized-ui/CouponCalendarVersionPanel.tsx","78","CouponCalendarVersionPanel","jsx-text","限额留空为不额外限制，单张券仍受其发放总次数限制；同活动多版本、多张券共用每人限额，占用中的次数也计入。","","完整候选索引；表达式内字面量可能是接口参数，是否实际展示以文案决策表与浏览器证据为准"
"src/normalized-ui/CouponCalendarVersionPanel.tsx","79","CouponCalendarVersionPanel","jsx-expression-literal","loyalty.configuration.edit","","完整候选索引；表达式内字面量可能是接口参数，是否实际展示以文案决策表与浏览器证据为准"
"src/normalized-ui/CouponCalendarVersionPanel.tsx","79","CouponCalendarVersionPanel","jsx-text","保存时间规则第","","完整候选索引；表达式内字面量可能是接口参数，是否实际展示以文案决策表与浏览器证据为准"
"src/normalized-ui/CouponCalendarVersionPanel.tsx","80","CouponCalendarVersionPanel","jsx-text","已选：","","完整候选索引；表达式内字面量可能是接口参数，是否实际展示以文案决策表与浏览器证据为准"
"src/normalized-ui/CouponCalendarVersionPanel.tsx","80","CouponCalendarVersionPanel","jsx-text","版 ·","","完整候选索引；表达式内字面量可能是接口参数，是否实际展示以文案决策表与浏览器证据为准"
"src/normalized-ui/CouponCalendarVersionPanel.tsx","81","CouponCalendarVersionPanel","jsx-expression-literal","draft","","完整候选索引；表达式内字面量可能是接口参数，是否实际展示以文案决策表与浏览器证据为准"
"src/normalized-ui/CouponCalendarVersionPanel.tsx","81","CouponCalendarVersionPanel","jsx-expression-literal","loyalty.configuration.approve","","完整候选索引；表达式内字面量可能是接口参数，是否实际展示以文案决策表与浏览器证据为准"
"src/normalized-ui/CouponCalendarVersionPanel.tsx","81","CouponCalendarVersionPanel","jsx-text","审批时间规则","","完整候选索引；表达式内字面量可能是接口参数，是否实际展示以文案决策表与浏览器证据为准"
"src/normalized-ui/CouponCalendarVersionPanel.tsx","82","CouponCalendarVersionPanel","jsx-expression-literal","approved","","完整候选索引；表达式内字面量可能是接口参数，是否实际展示以文案决策表与浏览器证据为准"
"src/normalized-ui/CouponCalendarVersionPanel.tsx","82","CouponCalendarVersionPanel","jsx-expression-literal","approve","","完整候选索引；表达式内字面量可能是接口参数，是否实际展示以文案决策表与浏览器证据为准"
"src/normalized-ui/CouponCalendarVersionPanel.tsx","82","CouponCalendarVersionPanel","jsx-expression-literal","loyalty.policy.publish","","完整候选索引；表达式内字面量可能是接口参数，是否实际展示以文案决策表与浏览器证据为准"
"src/normalized-ui/CouponCalendarVersionPanel.tsx","82","CouponCalendarVersionPanel","jsx-text","发布时间规则","","完整候选索引；表达式内字面量可能是接口参数，是否实际展示以文案决策表与浏览器证据为准"
"src/normalized-ui/CouponCalendarVersionPanel.tsx","83","CouponCalendarVersionPanel","jsx-expression-literal","published","","完整候选索引；表达式内字面量可能是接口参数，是否实际展示以文案决策表与浏览器证据为准"
"src/normalized-ui/CouponCalendarVersionPanel.tsx","83","CouponCalendarVersionPanel","jsx-expression-literal","loyalty.policy.publish","","完整候选索引；表达式内字面量可能是接口参数，是否实际展示以文案决策表与浏览器证据为准"
"src/normalized-ui/CouponCalendarVersionPanel.tsx","83","CouponCalendarVersionPanel","jsx-text","停止此版本新发券","","完整候选索引；表达式内字面量可能是接口参数，是否实际展示以文案决策表与浏览器证据为准"
"src/normalized-ui/CouponRefundReviewPanel.tsx","36","decide","display-definition","确认权益复核","","完整候选索引；表达式内字面量可能是接口参数，是否实际展示以文案决策表与浏览器证据为准"
"src/normalized-ui/CouponRefundReviewPanel.tsx","44","CouponRefundReviewPanel","jsx-text","退款后的权益复核","","完整候选索引；表达式内字面量可能是接口参数，是否实际展示以文案决策表与浏览器证据为准"
"src/normalized-ui/CouponRefundReviewPanel.tsx","45","CouponRefundReviewPanel","jsx-text","退款不自动返券。核对制作状态和原规则后记录结果；补发须先走已审批的发券活动，再关联本人新券，不能重复充作多笔补偿。","","完整候选索引；表达式内字面量可能是接口参数，是否实际展示以文案决策表与浏览器证据为准"
"src/normalized-ui/CouponRefundReviewPanel.tsx","46","CouponRefundReviewPanel","jsx-text","读取待复核权益","","完整候选索引；表达式内字面量可能是接口参数，是否实际展示以文案决策表与浏览器证据为准"
"src/normalized-ui/CouponRefundReviewPanel.tsx","46","CouponRefundReviewPanel","jsx-text","已处理记录","","完整候选索引；表达式内字面量可能是接口参数，是否实际展示以文案决策表与浏览器证据为准"
"src/normalized-ui/CouponRefundReviewPanel.tsx","47","CouponRefundReviewPanel","jsx-expression-literal","pending","","完整候选索引；表达式内字面量可能是接口参数，是否实际展示以文案决策表与浏览器证据为准"
"src/normalized-ui/CouponRefundReviewPanel.tsx","47","CouponRefundReviewPanel","jsx-expression-literal","当前没有待复核权益","","完整候选索引；表达式内字面量可能是接口参数，是否实际展示以文案决策表与浏览器证据为准"
"src/normalized-ui/CouponRefundReviewPanel.tsx","47","CouponRefundReviewPanel","jsx-expression-literal","当前没有已处理记录","","完整候选索引；表达式内字面量可能是接口参数，是否实际展示以文案决策表与浏览器证据为准"
"src/normalized-ui/CouponRefundReviewPanel.tsx","48","CouponRefundReviewPanel","jsx-text","订单","","完整候选索引；表达式内字面量可能是接口参数，是否实际展示以文案决策表与浏览器证据为准"
"src/normalized-ui/CouponRefundReviewPanel.tsx","48","CouponRefundReviewPanel","jsx-text","本笔退款 ¥","","完整候选索引；表达式内字面量可能是接口参数，是否实际展示以文案决策表与浏览器证据为准"
"src/normalized-ui/CouponRefundReviewPanel.tsx","48","CouponRefundReviewPanel","jsx-text","（订单退款金额，不是每张券的补偿金额）","","完整候选索引；表达式内字面量可能是接口参数，是否实际展示以文案决策表与浏览器证据为准"
"src/normalized-ui/CouponRefundReviewPanel.tsx","48","CouponRefundReviewPanel","jsx-text","券状态：","","完整候选索引；表达式内字面量可能是接口参数，是否实际展示以文案决策表与浏览器证据为准"
"src/normalized-ui/CouponRefundReviewPanel.tsx","48","CouponRefundReviewPanel","jsx-expression-literal","redeemed","","完整候选索引；表达式内字面量可能是接口参数，是否实际展示以文案决策表与浏览器证据为准"
"src/normalized-ui/CouponRefundReviewPanel.tsx","48","CouponRefundReviewPanel","jsx-expression-literal","已核销","","完整候选索引；表达式内字面量可能是接口参数，是否实际展示以文案决策表与浏览器证据为准"
"src/normalized-ui/CouponRefundReviewPanel.tsx","48","CouponRefundReviewPanel","jsx-expression-literal","reserved","","完整候选索引；表达式内字面量可能是接口参数，是否实际展示以文案决策表与浏览器证据为准"
"src/normalized-ui/CouponRefundReviewPanel.tsx","48","CouponRefundReviewPanel","jsx-expression-literal","订单占用中","","完整候选索引；表达式内字面量可能是接口参数，是否实际展示以文案决策表与浏览器证据为准"
"src/normalized-ui/CouponRefundReviewPanel.tsx","48","CouponRefundReviewPanel","jsx-expression-literal","已释放或过期","","完整候选索引；表达式内字面量可能是接口参数，是否实际展示以文案决策表与浏览器证据为准"
"src/normalized-ui/CouponRefundReviewPanel.tsx","49","CouponRefundReviewPanel","jsx-expression-literal","loyalty.policy.publish","","完整候选索引；表达式内字面量可能是接口参数，是否实际展示以文案决策表与浏览器证据为准"
"src/normalized-ui/CouponRefundReviewPanel.tsx","49","CouponRefundReviewPanel","jsx-text","权益结果：","","完整候选索引；表达式内字面量可能是接口参数，是否实际展示以文案决策表与浏览器证据为准"
"src/normalized-ui/CouponRefundReviewPanel.tsx","49","CouponRefundReviewPanel","jsx-expression-literal","no_return","","完整候选索引；表达式内字面量可能是接口参数，是否实际展示以文案决策表与浏览器证据为准"
"src/normalized-ui/CouponRefundReviewPanel.tsx","49","CouponRefundReviewPanel","jsx-expression-literal","按原规则不返券","","完整候选索引；表达式内字面量可能是接口参数，是否实际展示以文案决策表与浏览器证据为准"
"src/normalized-ui/CouponRefundReviewPanel.tsx","49","CouponRefundReviewPanel","jsx-expression-literal","replacement_coupon","","完整候选索引；表达式内字面量可能是接口参数，是否实际展示以文案决策表与浏览器证据为准"
"src/normalized-ui/CouponRefundReviewPanel.tsx","49","CouponRefundReviewPanel","jsx-template-text","已关联补偿券","","完整候选索引；表达式内字面量可能是接口参数，是否实际展示以文案决策表与浏览器证据为准"
"src/normalized-ui/CouponRefundReviewPanel.tsx","49","CouponRefundReviewPanel","jsx-expression-literal","线下补偿已登记","","完整候选索引；表达式内字面量可能是接口参数，是否实际展示以文案决策表与浏览器证据为准"
"src/normalized-ui/CouponRefundReviewPanel.tsx","49","CouponRefundReviewPanel","jsx-text","· 凭证：","","完整候选索引；表达式内字面量可能是接口参数，是否实际展示以文案决策表与浏览器证据为准"
"src/normalized-ui/CouponRefundReviewPanel.tsx","50","CouponRefundReviewPanel","jsx-text","复核此权益","","完整候选索引；表达式内字面量可能是接口参数，是否实际展示以文案决策表与浏览器证据为准"
"src/normalized-ui/CouponRefundReviewPanel.tsx","52","CouponRefundReviewPanel","jsx-text","权益处理结果","","完整候选索引；表达式内字面量可能是接口参数，是否实际展示以文案决策表与浏览器证据为准"
"src/normalized-ui/CouponRefundReviewPanel.tsx","53","CouponRefundReviewPanel","jsx-text","处理方式","","完整候选索引；表达式内字面量可能是接口参数，是否实际展示以文案决策表与浏览器证据为准"
"src/normalized-ui/CouponRefundReviewPanel.tsx","53","CouponRefundReviewPanel","attribute:aria-label","权益处理方式","","完整候选索引；表达式内字面量可能是接口参数，是否实际展示以文案决策表与浏览器证据为准"
"src/normalized-ui/CouponRefundReviewPanel.tsx","54","CouponRefundReviewPanel","jsx-text","请选择已确认的处理方式","","完整候选索引；表达式内字面量可能是接口参数，是否实际展示以文案决策表与浏览器证据为准"
"src/normalized-ui/CouponRefundReviewPanel.tsx","55","CouponRefundReviewPanel","jsx-text","按原规则不返券","","完整候选索引；表达式内字面量可能是接口参数，是否实际展示以文案决策表与浏览器证据为准"
"src/normalized-ui/CouponRefundReviewPanel.tsx","56","CouponRefundReviewPanel","jsx-text","已完成线下补偿","","完整候选索引；表达式内字面量可能是接口参数，是否实际展示以文案决策表与浏览器证据为准"
"src/normalized-ui/CouponRefundReviewPanel.tsx","57","CouponRefundReviewPanel","jsx-text","关联已发出的补偿券","","完整候选索引；表达式内字面量可能是接口参数，是否实际展示以文案决策表与浏览器证据为准"
"src/normalized-ui/CouponRefundReviewPanel.tsx","59","CouponRefundReviewPanel","jsx-expression-literal","replacement_coupon","","完整候选索引；表达式内字面量可能是接口参数，是否实际展示以文案决策表与浏览器证据为准"
"src/normalized-ui/CouponRefundReviewPanel.tsx","60","CouponRefundReviewPanel","jsx-text","仅显示这笔退款申请后，已发到同一会员且尚未使用、未关联补偿的券。请选择双方已确认的补偿，不会在这里另发一张券。","","完整候选索引；表达式内字面量可能是接口参数，是否实际展示以文案决策表与浏览器证据为准"
"src/normalized-ui/CouponRefundReviewPanel.tsx","61","CouponRefundReviewPanel","jsx-text","读取本人新券","","完整候选索引；表达式内字面量可能是接口参数，是否实际展示以文案决策表与浏览器证据为准"
"src/normalized-ui/CouponRefundReviewPanel.tsx","62","CouponRefundReviewPanel","jsx-text","已发补偿券","","完整候选索引；表达式内字面量可能是接口参数，是否实际展示以文案决策表与浏览器证据为准"
"src/normalized-ui/CouponRefundReviewPanel.tsx","62","CouponRefundReviewPanel","attribute:aria-label","已发补偿券","","完整候选索引；表达式内字面量可能是接口参数，是否实际展示以文案决策表与浏览器证据为准"
"src/normalized-ui/CouponRefundReviewPanel.tsx","62","CouponRefundReviewPanel","jsx-text","请读取并选择","","完整候选索引；表达式内字面量可能是接口参数，是否实际展示以文案决策表与浏览器证据为准"
"src/normalized-ui/CouponRefundReviewPanel.tsx","63","CouponRefundReviewPanel","jsx-text","更多本人新券","","完整候选索引；表达式内字面量可能是接口参数，是否实际展示以文案决策表与浏览器证据为准"
"src/normalized-ui/CouponRefundReviewPanel.tsx","65","CouponRefundReviewPanel","jsx-text","权益复核原因","","完整候选索引；表达式内字面量可能是接口参数，是否实际展示以文案决策表与浏览器证据为准"
"src/normalized-ui/CouponRefundReviewPanel.tsx","66","CouponRefundReviewPanel","jsx-text","规则或补偿凭证","","完整候选索引；表达式内字面量可能是接口参数，是否实际展示以文案决策表与浏览器证据为准"
"src/normalized-ui/CouponRefundReviewPanel.tsx","67","CouponRefundReviewPanel","jsx-text","记录权益处理","","完整候选索引；表达式内字面量可能是接口参数，是否实际展示以文案决策表与浏览器证据为准"
"src/normalized-ui/CouponRefundReviewPanel.tsx","70","CouponRefundReviewPanel","jsx-text","更多权益复核","","完整候选索引；表达式内字面量可能是接口参数，是否实际展示以文案决策表与浏览器证据为准"
"src/normalized-ui/CustodyDepositCapture.tsx","6","CustodyFractionSelect","jsx-text","瓶内剩余比例","","完整候选索引；表达式内字面量可能是接口参数，是否实际展示以文案决策表与浏览器证据为准"
"src/normalized-ui/CustodyDepositCapture.tsx","6","CustodyFractionSelect","attribute:aria-label","瓶内剩余比例","","完整候选索引；表达式内字面量可能是接口参数，是否实际展示以文案决策表与浏览器证据为准"
"src/normalized-ui/CustodyDepositCapture.tsx","6","CustodyFractionSelect","jsx-text","其他数量（手动填写）","","完整候选索引；表达式内字面量可能是接口参数，是否实际展示以文案决策表与浏览器证据为准"
"src/normalized-ui/CustodyDepositCapture.tsx","14","CustodyDepositCapture","feedback","无法播放摄像头，请关闭后重试","","完整候选索引；表达式内字面量可能是接口参数，是否实际展示以文案决策表与浏览器证据为准"
"src/normalized-ui/CustodyDepositCapture.tsx","18","CustodyDepositCapture","jsx-text","手机号与存入照片（必填）","","完整候选索引；表达式内字面量可能是接口参数，是否实际展示以文案决策表与浏览器证据为准"
"src/normalized-ui/CustodyDepositCapture.tsx","18","CustodyDepositCapture","jsx-text","会员登记手机号：","","完整候选索引；表达式内字面量可能是接口参数，是否实际展示以文案决策表与浏览器证据为准"
"src/normalized-ui/CustodyDepositCapture.tsx","18","CustodyDepositCapture","jsx-text","，保存时由系统自动关联。需要变更时请先更新会员联系信息。","","完整候选索引；表达式内字面量可能是接口参数，是否实际展示以文案决策表与浏览器证据为准"
"src/normalized-ui/CustodyDepositCapture.tsx","18","CustodyDepositCapture","jsx-text","存酒联系手机号","","完整候选索引；表达式内字面量可能是接口参数，是否实际展示以文案决策表与浏览器证据为准"
"src/normalized-ui/CustodyDepositCapture.tsx","18","CustodyDepositCapture","jsx-text","优先读取会员登记手机号；没有登记时在此补填，仅用于本次存酒联系，不视为已验证会员手机号。","","完整候选索引；表达式内字面量可能是接口参数，是否实际展示以文案决策表与浏览器证据为准"
"src/normalized-ui/CustodyDepositCapture.tsx","18","CustodyDepositCapture","jsx-text","使用会员登记手机号","","完整候选索引；表达式内字面量可能是接口参数，是否实际展示以文案决策表与浏览器证据为准"
"src/normalized-ui/CustodyDepositCapture.tsx","19","CustodyDepositCapture","jsx-text","请拍清酒瓶、瓶内余量和封口。保存后照片会添加服务器北京时间水印；每次再存都需重新拍摄。","","完整候选索引；表达式内字面量可能是接口参数，是否实际展示以文案决策表与浏览器证据为准"
"src/normalized-ui/CustodyDepositCapture.tsx","20","CustodyDepositCapture","jsx-text","拍摄并使用","","完整候选索引；表达式内字面量可能是接口参数，是否实际展示以文案决策表与浏览器证据为准"
"src/normalized-ui/CustodyDepositCapture.tsx","20","CustodyDepositCapture","jsx-text","关闭摄像头","","完整候选索引；表达式内字面量可能是接口参数，是否实际展示以文案决策表与浏览器证据为准"
"src/normalized-ui/CustodyDepositCapture.tsx","20","CustodyDepositCapture","jsx-expression-literal","正在打开摄像头…","","完整候选索引；表达式内字面量可能是接口参数，是否实际展示以文案决策表与浏览器证据为准"
"src/normalized-ui/CustodyDepositCapture.tsx","20","CustodyDepositCapture","jsx-expression-literal","重新拍照","","完整候选索引；表达式内字面量可能是接口参数，是否实际展示以文案决策表与浏览器证据为准"
"src/normalized-ui/CustodyDepositCapture.tsx","20","CustodyDepositCapture","jsx-expression-literal","打开摄像头拍照","","完整候选索引；表达式内字面量可能是接口参数，是否实际展示以文案决策表与浏览器证据为准"
"src/normalized-ui/CustodyDepositCapture.tsx","21","CustodyDepositCapture","jsx-text","照片已拍摄，待保存入单。","","完整候选索引；表达式内字面量可能是接口参数，是否实际展示以文案决策表与浏览器证据为准"
"src/normalized-ui/CustodyReportPanel.tsx","11","CustodyReportPanel","jsx-text","数据中心：选择统计范围","","完整候选索引；表达式内字面量可能是接口参数，是否实际展示以文案决策表与浏览器证据为准"
"src/normalized-ui/CustodyReportPanel.tsx","11","CustodyReportPanel","jsx-text","存酒登记价值与消费订单应付金额分别汇总；均不能作为实收收入。同一消费订单只计一次，筛选商品品类时计入符合条件的整笔订单金额。","","完整候选索引；表达式内字面量可能是接口参数，是否实际展示以文案决策表与浏览器证据为准"
"src/normalized-ui/CustodyReportPanel.tsx","12","CustodyReportPanel","jsx-text","统计范围","","完整候选索引；表达式内字面量可能是接口参数，是否实际展示以文案决策表与浏览器证据为准"
"src/normalized-ui/CustodyReportPanel.tsx","12","CustodyReportPanel","jsx-text","存酒单","","完整候选索引；表达式内字面量可能是接口参数，是否实际展示以文案决策表与浏览器证据为准"
"src/normalized-ui/CustodyReportPanel.tsx","12","CustodyReportPanel","jsx-text","消费订单","","完整候选索引；表达式内字面量可能是接口参数，是否实际展示以文案决策表与浏览器证据为准"
"src/normalized-ui/CustodyReportPanel.tsx","12","CustodyReportPanel","jsx-text","全部（分别统计）","","完整候选索引；表达式内字面量可能是接口参数，是否实际展示以文案决策表与浏览器证据为准"
"src/normalized-ui/CustodyReportPanel.tsx","13","CustodyReportPanel","jsx-text","报表会员号","","完整候选索引；表达式内字面量可能是接口参数，是否实际展示以文案决策表与浏览器证据为准"
"src/normalized-ui/CustodyReportPanel.tsx","13","CustodyReportPanel","jsx-text","报表品类名称或代码","","完整候选索引；表达式内字面量可能是接口参数，是否实际展示以文案决策表与浏览器证据为准"
"src/normalized-ui/CustodyReportPanel.tsx","13","CustodyReportPanel","jsx-text","报表开始日期","","完整候选索引；表达式内字面量可能是接口参数，是否实际展示以文案决策表与浏览器证据为准"
"src/normalized-ui/CustodyReportPanel.tsx","13","CustodyReportPanel","jsx-text","报表结束日期","","完整候选索引；表达式内字面量可能是接口参数，是否实际展示以文案决策表与浏览器证据为准"
"src/normalized-ui/CustodyReportPanel.tsx","14","CustodyReportPanel","jsx-text","查询统计","","完整候选索引；表达式内字面量可能是接口参数，是否实际展示以文案决策表与浏览器证据为准"
"src/normalized-ui/CustodyReportPanel.tsx","14","CustodyReportPanel","feedback","报表已导出","","完整候选索引；表达式内字面量可能是接口参数，是否实际展示以文案决策表与浏览器证据为准"
"src/normalized-ui/CustodyReportPanel.tsx","14","CustodyReportPanel","jsx-text","导出所选范围","","完整候选索引；表达式内字面量可能是接口参数，是否实际展示以文案决策表与浏览器证据为准"
"src/normalized-ui/CustodyReportPanel.tsx","15","CustodyReportPanel","jsx-expression-literal","custody","","完整候选索引；表达式内字面量可能是接口参数，是否实际展示以文案决策表与浏览器证据为准"
"src/normalized-ui/CustodyReportPanel.tsx","15","CustodyReportPanel","jsx-expression-literal","存酒","","完整候选索引；表达式内字面量可能是接口参数，是否实际展示以文案决策表与浏览器证据为准"
"src/normalized-ui/CustodyReportPanel.tsx","15","CustodyReportPanel","jsx-expression-literal","消费","","完整候选索引；表达式内字面量可能是接口参数，是否实际展示以文案决策表与浏览器证据为准"
"src/normalized-ui/CustodyReportPanel.tsx","15","CustodyReportPanel","jsx-text","单 ·","","完整候选索引；表达式内字面量可能是接口参数，是否实际展示以文案决策表与浏览器证据为准"
"src/normalized-ui/CustodyReportPanel.tsx","15","CustodyReportPanel","jsx-expression-literal","custody","","完整候选索引；表达式内字面量可能是接口参数，是否实际展示以文案决策表与浏览器证据为准"
"src/normalized-ui/CustodyReportPanel.tsx","15","CustodyReportPanel","jsx-expression-literal","登记价值","","完整候选索引；表达式内字面量可能是接口参数，是否实际展示以文案决策表与浏览器证据为准"
"src/normalized-ui/CustodyReportPanel.tsx","15","CustodyReportPanel","jsx-expression-literal","应付金额","","完整候选索引；表达式内字面量可能是接口参数，是否实际展示以文案决策表与浏览器证据为准"
"src/normalized-ui/CustodyReportPanel.tsx","15","CustodyReportPanel","jsx-text","· 未登记金额","","完整候选索引；表达式内字面量可能是接口参数，是否实际展示以文案决策表与浏览器证据为准"
"src/normalized-ui/CustodyReportPanel.tsx","16","CustodyReportPanel","jsx-expression-literal","custody","","完整候选索引；表达式内字面量可能是接口参数，是否实际展示以文案决策表与浏览器证据为准"
"src/normalized-ui/CustodyReportPanel.tsx","16","CustodyReportPanel","jsx-expression-literal","存酒","","完整候选索引；表达式内字面量可能是接口参数，是否实际展示以文案决策表与浏览器证据为准"
"src/normalized-ui/CustodyReportPanel.tsx","16","CustodyReportPanel","jsx-expression-literal","消费","","完整候选索引；表达式内字面量可能是接口参数，是否实际展示以文案决策表与浏览器证据为准"
"src/normalized-ui/CustodyReportPanel.tsx","16","CustodyReportPanel","jsx-text","会员","","完整候选索引；表达式内字面量可能是接口参数，是否实际展示以文案决策表与浏览器证据为准"
"src/normalized-ui/CustodyReportPanel.tsx","16","CustodyReportPanel","jsx-expression-literal","未关联","","完整候选索引；表达式内字面量可能是接口参数，是否实际展示以文案决策表与浏览器证据为准"
"src/normalized-ui/CustodyReportPanel.tsx","16","CustodyReportPanel","jsx-expression-literal","未登记","","完整候选索引；表达式内字面量可能是接口参数，是否实际展示以文案决策表与浏览器证据为准"
"src/normalized-ui/CustodyReportPanel.tsx","16","CustodyReportPanel","jsx-text","下一页报表","","完整候选索引；表达式内字面量可能是接口参数，是否实际展示以文案决策表与浏览器证据为准"
"src/normalized-ui/CustomerExperienceAnalyticsPanel.tsx","133","CustomerExperienceAnalyticsPanel","jsx-text","客户体验与商品观察","","完整候选索引；表达式内字面量可能是接口参数，是否实际展示以文案决策表与浏览器证据为准"
"src/normalized-ui/CustomerExperienceAnalyticsPanel.tsx","134","CustomerExperienceAnalyticsPanel","jsx-text","经营分析","","完整候选索引；表达式内字面量可能是接口参数，是否实际展示以文案决策表与浏览器证据为准"
"src/normalized-ui/CustomerExperienceAnalyticsPanel.tsx","135","CustomerExperienceAnalyticsPanel","jsx-text","按权威订单、退款、冻结成本和已确认观察计算，不用展示快照推断金额。","快照","完整候选索引；表达式内字面量可能是接口参数，是否实际展示以文案决策表与浏览器证据为准"
"src/normalized-ui/CustomerExperienceAnalyticsPanel.tsx","138","CustomerExperienceAnalyticsPanel","jsx-text","观察周期","","完整候选索引；表达式内字面量可能是接口参数，是否实际展示以文案决策表与浏览器证据为准"
"src/normalized-ui/CustomerExperienceAnalyticsPanel.tsx","140","CustomerExperienceAnalyticsPanel","jsx-text","最近7天","","完整候选索引；表达式内字面量可能是接口参数，是否实际展示以文案决策表与浏览器证据为准"
"src/normalized-ui/CustomerExperienceAnalyticsPanel.tsx","140","CustomerExperienceAnalyticsPanel","jsx-text","最近28天","","完整候选索引；表达式内字面量可能是接口参数，是否实际展示以文案决策表与浏览器证据为准"
"src/normalized-ui/CustomerExperienceAnalyticsPanel.tsx","140","CustomerExperienceAnalyticsPanel","jsx-text","最近84天","","完整候选索引；表达式内字面量可能是接口参数，是否实际展示以文案决策表与浏览器证据为准"
"src/normalized-ui/CustomerExperienceAnalyticsPanel.tsx","143","CustomerExperienceAnalyticsPanel","jsx-expression-literal","读取中","","完整候选索引；表达式内字面量可能是接口参数，是否实际展示以文案决策表与浏览器证据为准"
"src/normalized-ui/CustomerExperienceAnalyticsPanel.tsx","143","CustomerExperienceAnalyticsPanel","jsx-expression-literal","刷新","","完整候选索引；表达式内字面量可能是接口参数，是否实际展示以文案决策表与浏览器证据为准"
"src/normalized-ui/CustomerExperienceAnalyticsPanel.tsx","149","CustomerExperienceAnalyticsPanel","jsx-text","商品","","完整候选索引；表达式内字面量可能是接口参数，是否实际展示以文案决策表与浏览器证据为准"
"src/normalized-ui/CustomerExperienceAnalyticsPanel.tsx","151","CustomerExperienceAnalyticsPanel","jsx-text","全部商品","","完整候选索引；表达式内字面量可能是接口参数，是否实际展示以文案决策表与浏览器证据为准"
"src/normalized-ui/CustomerExperienceAnalyticsPanel.tsx","155","CustomerExperienceAnalyticsPanel","jsx-text","套餐（强订单行）","","完整候选索引；表达式内字面量可能是接口参数，是否实际展示以文案决策表与浏览器证据为准"
"src/normalized-ui/CustomerExperienceAnalyticsPanel.tsx","159","CustomerExperienceAnalyticsPanel","jsx-text","全部套餐","","完整候选索引；表达式内字面量可能是接口参数，是否实际展示以文案决策表与浏览器证据为准"
"src/normalized-ui/CustomerExperienceAnalyticsPanel.tsx","165","CustomerExperienceAnalyticsPanel","jsx-text","记录员工（仅观察）","","完整候选索引；表达式内字面量可能是接口参数，是否实际展示以文案决策表与浏览器证据为准"
"src/normalized-ui/CustomerExperienceAnalyticsPanel.tsx","167","CustomerExperienceAnalyticsPanel","jsx-text","全部员工","","完整候选索引；表达式内字面量可能是接口参数，是否实际展示以文案决策表与浏览器证据为准"
"src/normalized-ui/CustomerExperienceAnalyticsPanel.tsx","171","CustomerExperienceAnalyticsPanel","jsx-text","桌号","","完整候选索引；表达式内字面量可能是接口参数，是否实际展示以文案决策表与浏览器证据为准"
"src/normalized-ui/CustomerExperienceAnalyticsPanel.tsx","172","CustomerExperienceAnalyticsPanel","attribute:placeholder","如 A08","","完整候选索引；表达式内字面量可能是接口参数，是否实际展示以文案决策表与浏览器证据为准"
"src/normalized-ui/CustomerExperienceAnalyticsPanel.tsx","175","CustomerExperienceAnalyticsPanel","jsx-text","人数","","完整候选索引；表达式内字面量可能是接口参数，是否实际展示以文案决策表与浏览器证据为准"
"src/normalized-ui/CustomerExperienceAnalyticsPanel.tsx","176","CustomerExperienceAnalyticsPanel","attribute:placeholder","全部","","完整候选索引；表达式内字面量可能是接口参数，是否实际展示以文案决策表与浏览器证据为准"
"src/normalized-ui/CustomerExperienceAnalyticsPanel.tsx","179","CustomerExperienceAnalyticsPanel","jsx-text","来店场景（同桌事实）","事实","完整候选索引；表达式内字面量可能是接口参数，是否实际展示以文案决策表与浏览器证据为准"
"src/normalized-ui/CustomerExperienceAnalyticsPanel.tsx","182","CustomerExperienceAnalyticsPanel","jsx-text","全部场景","","完整候选索引；表达式内字面量可能是接口参数，是否实际展示以文案决策表与浏览器证据为准"
"src/normalized-ui/CustomerExperienceAnalyticsPanel.tsx","182","CustomerExperienceAnalyticsPanel","jsx-text","商务","","完整候选索引；表达式内字面量可能是接口参数，是否实际展示以文案决策表与浏览器证据为准"
"src/normalized-ui/CustomerExperienceAnalyticsPanel.tsx","182","CustomerExperienceAnalyticsPanel","jsx-text","朋友聚会","","完整候选索引；表达式内字面量可能是接口参数，是否实际展示以文案决策表与浏览器证据为准"
"src/normalized-ui/CustomerExperienceAnalyticsPanel.tsx","183","CustomerExperienceAnalyticsPanel","jsx-text","约会","","完整候选索引；表达式内字面量可能是接口参数，是否实际展示以文案决策表与浏览器证据为准"
"src/normalized-ui/CustomerExperienceAnalyticsPanel.tsx","183","CustomerExperienceAnalyticsPanel","jsx-text","生日","","完整候选索引；表达式内字面量可能是接口参数，是否实际展示以文案决策表与浏览器证据为准"
"src/normalized-ui/CustomerExperienceAnalyticsPanel.tsx","183","CustomerExperienceAnalyticsPanel","jsx-text","音乐","","完整候选索引；表达式内字面量可能是接口参数，是否实际展示以文案决策表与浏览器证据为准"
"src/normalized-ui/CustomerExperienceAnalyticsPanel.tsx","184","CustomerExperienceAnalyticsPanel","jsx-text","放松","","完整候选索引；表达式内字面量可能是接口参数，是否实际展示以文案决策表与浏览器证据为准"
"src/normalized-ui/CustomerExperienceAnalyticsPanel.tsx","184","CustomerExperienceAnalyticsPanel","jsx-text","其他","","完整候选索引；表达式内字面量可能是接口参数，是否实际展示以文案决策表与浏览器证据为准"
"src/normalized-ui/CustomerExperienceAnalyticsPanel.tsx","187","CustomerExperienceAnalyticsPanel","jsx-text","客群（暂不可用）","","完整候选索引；表达式内字面量可能是接口参数，是否实际展示以文案决策表与浏览器证据为准"
"src/normalized-ui/CustomerExperienceAnalyticsPanel.tsx","189","CustomerExperienceAnalyticsPanel","jsx-text","缺事件时点分群事实","事实","完整候选索引；表达式内字面量可能是接口参数，是否实际展示以文案决策表与浏览器证据为准"
"src/normalized-ui/CustomerExperienceAnalyticsPanel.tsx","192","CustomerExperienceAnalyticsPanel","jsx-text","演出阶段","","完整候选索引；表达式内字面量可能是接口参数，是否实际展示以文案决策表与浏览器证据为准"
"src/normalized-ui/CustomerExperienceAnalyticsPanel.tsx","194","CustomerExperienceAnalyticsPanel","jsx-text","全部阶段","","完整候选索引；表达式内字面量可能是接口参数，是否实际展示以文案决策表与浏览器证据为准"
"src/normalized-ui/CustomerExperienceAnalyticsPanel.tsx","194","CustomerExperienceAnalyticsPanel","jsx-text","演出前","","完整候选索引；表达式内字面量可能是接口参数，是否实际展示以文案决策表与浏览器证据为准"
"src/normalized-ui/CustomerExperienceAnalyticsPanel.tsx","194","CustomerExperienceAnalyticsPanel","jsx-text","弹唱","","完整候选索引；表达式内字面量可能是接口参数，是否实际展示以文案决策表与浏览器证据为准"
"src/normalized-ui/CustomerExperienceAnalyticsPanel.tsx","195","CustomerExperienceAnalyticsPanel","jsx-text","乐队现场","","完整候选索引；表达式内字面量可能是接口参数，是否实际展示以文案决策表与浏览器证据为准"
"src/normalized-ui/CustomerExperienceAnalyticsPanel.tsx","195","CustomerExperienceAnalyticsPanel","jsx-text","中场","","完整候选索引；表达式内字面量可能是接口参数，是否实际展示以文案决策表与浏览器证据为准"
"src/normalized-ui/CustomerExperienceAnalyticsPanel.tsx","195","CustomerExperienceAnalyticsPanel","jsx-text","演出后","","完整候选索引；表达式内字面量可能是接口参数，是否实际展示以文案决策表与浏览器证据为准"
"src/normalized-ui/CustomerExperienceAnalyticsPanel.tsx","198","CustomerExperienceAnalyticsPanel","jsx-text","推荐结果（仅推荐）","","完整候选索引；表达式内字面量可能是接口参数，是否实际展示以文案决策表与浏览器证据为准"
"src/normalized-ui/CustomerExperienceAnalyticsPanel.tsx","202","CustomerExperienceAnalyticsPanel","jsx-text","全部结果","","完整候选索引；表达式内字面量可能是接口参数，是否实际展示以文案决策表与浏览器证据为准"
"src/normalized-ui/CustomerExperienceAnalyticsPanel.tsx","202","CustomerExperienceAnalyticsPanel","jsx-text","已付款","","完整候选索引；表达式内字面量可能是接口参数，是否实际展示以文案决策表与浏览器证据为准"
"src/normalized-ui/CustomerExperienceAnalyticsPanel.tsx","203","CustomerExperienceAnalyticsPanel","jsx-text","已退款","","完整候选索引；表达式内字面量可能是接口参数，是否实际展示以文案决策表与浏览器证据为准"
"src/normalized-ui/CustomerExperienceAnalyticsPanel.tsx","203","CustomerExperienceAnalyticsPanel","jsx-text","有订单投诉","","完整候选索引；表达式内字面量可能是接口参数，是否实际展示以文案决策表与浏览器证据为准"
"src/normalized-ui/CustomerExperienceAnalyticsPanel.tsx","204","CustomerExperienceAnalyticsPanel","jsx-text","同桌后续付款","","完整候选索引；表达式内字面量可能是接口参数，是否实际展示以文案决策表与浏览器证据为准"
"src/normalized-ui/CustomerExperienceAnalyticsPanel.tsx","204","CustomerExperienceAnalyticsPanel","jsx-text","后续同品复购","","完整候选索引；表达式内字面量可能是接口参数，是否实际展示以文案决策表与浏览器证据为准"
"src/normalized-ui/CustomerExperienceAnalyticsPanel.tsx","205","CustomerExperienceAnalyticsPanel","jsx-text","贡献金额缺成本","","完整候选索引；表达式内字面量可能是接口参数，是否实际展示以文案决策表与浏览器证据为准"
"src/normalized-ui/CustomerExperienceAnalyticsPanel.tsx","209","CustomerExperienceAnalyticsPanel","jsx-text","应用筛选","","完整候选索引；表达式内字面量可能是接口参数，是否实际展示以文案决策表与浏览器证据为准"
"src/normalized-ui/CustomerExperienceAnalyticsPanel.tsx","212","CustomerExperienceAnalyticsPanel","jsx-text","清除","","完整候选索引；表达式内字面量可能是接口参数，是否实际展示以文案决策表与浏览器证据为准"
"src/normalized-ui/CustomerExperienceAnalyticsPanel.tsx","219","CustomerExperienceAnalyticsPanel","jsx-text","场景口径：","","完整候选索引；表达式内字面量可能是接口参数，是否实际展示以文案决策表与浏览器证据为准"
"src/normalized-ui/CustomerExperienceAnalyticsPanel.tsx","220","CustomerExperienceAnalyticsPanel","jsx-text","套餐口径：","","完整候选索引；表达式内字面量可能是接口参数，是否实际展示以文案决策表与浏览器证据为准"
"src/normalized-ui/CustomerExperienceAnalyticsPanel.tsx","221","CustomerExperienceAnalyticsPanel","jsx-text","客群暂不可筛：","","完整候选索引；表达式内字面量可能是接口参数，是否实际展示以文案决策表与浏览器证据为准"
"src/normalized-ui/CustomerExperienceAnalyticsPanel.tsx","223","CustomerExperienceAnalyticsPanel","attribute:aria-label","数据质量摘要","","完整候选索引；表达式内字面量可能是接口参数，是否实际展示以文案决策表与浏览器证据为准"
"src/normalized-ui/CustomerExperienceAnalyticsPanel.tsx","224","CustomerExperienceAnalyticsPanel","attribute:label","已确认记录","","完整候选索引；表达式内字面量可能是接口参数，是否实际展示以文案决策表与浏览器证据为准"
"src/normalized-ui/CustomerExperienceAnalyticsPanel.tsx","225","CustomerExperienceAnalyticsPanel","attribute:label","未匹配比例","","完整候选索引；表达式内字面量可能是接口参数，是否实际展示以文案决策表与浏览器证据为准"
"src/normalized-ui/CustomerExperienceAnalyticsPanel.tsx","226","CustomerExperienceAnalyticsPanel","attribute:label","员工修订比例","","完整候选索引；表达式内字面量可能是接口参数，是否实际展示以文案决策表与浏览器证据为准"
"src/normalized-ui/CustomerExperienceAnalyticsPanel.tsx","228","CustomerExperienceAnalyticsPanel","attribute:aria-label","推荐归因数据缺口","","完整候选索引；表达式内字面量可能是接口参数，是否实际展示以文案决策表与浏览器证据为准"
"src/normalized-ui/CustomerExperienceAnalyticsPanel.tsx","229","CustomerExperienceAnalyticsPanel","attribute:label","推荐未记录展示","","完整候选索引；表达式内字面量可能是接口参数，是否实际展示以文案决策表与浏览器证据为准"
"src/normalized-ui/CustomerExperienceAnalyticsPanel.tsx","231","CustomerExperienceAnalyticsPanel","attribute:label","实付推荐缺冻结成本","","完整候选索引；表达式内字面量可能是接口参数，是否实际展示以文案决策表与浏览器证据为准"
"src/normalized-ui/CustomerExperienceAnalyticsPanel.tsx","233","CustomerExperienceAnalyticsPanel","attribute:label","投诉未关联本人订单","","完整候选索引；表达式内字面量可能是接口参数，是否实际展示以文案决策表与浏览器证据为准"
"src/normalized-ui/CustomerExperienceAnalyticsPanel.tsx","236","CustomerExperienceAnalyticsPanel","attribute:title","本周建议","","完整候选索引；表达式内字面量可能是接口参数，是否实际展示以文案决策表与浏览器证据为准"
"src/normalized-ui/CustomerExperienceAnalyticsPanel.tsx","241","CustomerExperienceAnalyticsPanel","jsx-text","样本","","完整候选索引；表达式内字面量可能是接口参数，是否实际展示以文案决策表与浏览器证据为准"
"src/normalized-ui/CustomerExperienceAnalyticsPanel.tsx","241","CustomerExperienceAnalyticsPanel","jsx-text","· 支持","","完整候选索引；表达式内字面量可能是接口参数，是否实际展示以文案决策表与浏览器证据为准"
"src/normalized-ui/CustomerExperienceAnalyticsPanel.tsx","241","CustomerExperienceAnalyticsPanel","jsx-text","· 相反","","完整候选索引；表达式内字面量可能是接口参数，是否实际展示以文案决策表与浏览器证据为准"
"src/normalized-ui/CustomerExperienceAnalyticsPanel.tsx","241","CustomerExperienceAnalyticsPanel","jsx-text","· 置信度","","完整候选索引；表达式内字面量可能是接口参数，是否实际展示以文案决策表与浏览器证据为准"
"src/normalized-ui/CustomerExperienceAnalyticsPanel.tsx","245","CustomerExperienceAnalyticsPanel","attribute:title","推荐效果","","完整候选索引；表达式内字面量可能是接口参数，是否实际展示以文案决策表与浏览器证据为准"
"src/normalized-ui/CustomerExperienceAnalyticsPanel.tsx","247","CustomerExperienceAnalyticsPanel","jsx-text","“同桌后续付款”和“后续同品复购”只是订单事实，不代表由本次推荐造成；只有明确关联本人订单的投诉才计入。","事实","完整候选索引；表达式内字面量可能是接口参数，是否实际展示以文案决策表与浏览器证据为准"
"src/normalized-ui/CustomerExperienceAnalyticsPanel.tsx","250","CustomerExperienceAnalyticsPanel","jsx-text","方案","","完整候选索引；表达式内字面量可能是接口参数，是否实际展示以文案决策表与浏览器证据为准"
"src/normalized-ui/CustomerExperienceAnalyticsPanel.tsx","250","CustomerExperienceAnalyticsPanel","jsx-text","展示","","完整候选索引；表达式内字面量可能是接口参数，是否实际展示以文案决策表与浏览器证据为准"
"src/normalized-ui/CustomerExperienceAnalyticsPanel.tsx","250","CustomerExperienceAnalyticsPanel","jsx-text","选择率","","完整候选索引；表达式内字面量可能是接口参数，是否实际展示以文案决策表与浏览器证据为准"
"src/normalized-ui/CustomerExperienceAnalyticsPanel.tsx","250","CustomerExperienceAnalyticsPanel","jsx-text","移除/拒绝","","完整候选索引；表达式内字面量可能是接口参数，是否实际展示以文案决策表与浏览器证据为准"
"src/normalized-ui/CustomerExperienceAnalyticsPanel.tsx","250","CustomerExperienceAnalyticsPanel","jsx-text","员工调整","","完整候选索引；表达式内字面量可能是接口参数，是否实际展示以文案决策表与浏览器证据为准"
"src/normalized-ui/CustomerExperienceAnalyticsPanel.tsx","250","CustomerExperienceAnalyticsPanel","jsx-text","成交率","","完整候选索引；表达式内字面量可能是接口参数，是否实际展示以文案决策表与浏览器证据为准"
"src/normalized-ui/CustomerExperienceAnalyticsPanel.tsx","251","CustomerExperienceAnalyticsPanel","jsx-text","实付","","完整候选索引；表达式内字面量可能是接口参数，是否实际展示以文案决策表与浏览器证据为准"
"src/normalized-ui/CustomerExperienceAnalyticsPanel.tsx","251","CustomerExperienceAnalyticsPanel","jsx-text","销售后贡献","","完整候选索引；表达式内字面量可能是接口参数，是否实际展示以文案决策表与浏览器证据为准"
"src/normalized-ui/CustomerExperienceAnalyticsPanel.tsx","251","CustomerExperienceAnalyticsPanel","jsx-text","退款","","完整候选索引；表达式内字面量可能是接口参数，是否实际展示以文案决策表与浏览器证据为准"
"src/normalized-ui/CustomerExperienceAnalyticsPanel.tsx","251","CustomerExperienceAnalyticsPanel","jsx-text","订单投诉","","完整候选索引；表达式内字面量可能是接口参数，是否实际展示以文案决策表与浏览器证据为准"
"src/normalized-ui/CustomerExperienceAnalyticsPanel.tsx","251","CustomerExperienceAnalyticsPanel","jsx-text","同桌后续付款","","完整候选索引；表达式内字面量可能是接口参数，是否实际展示以文案决策表与浏览器证据为准"
"src/normalized-ui/CustomerExperienceAnalyticsPanel.tsx","251","CustomerExperienceAnalyticsPanel","jsx-text","后续同品复购","","完整候选索引；表达式内字面量可能是接口参数，是否实际展示以文案决策表与浏览器证据为准"
"src/normalized-ui/CustomerExperienceAnalyticsPanel.tsx","257","CustomerExperienceAnalyticsPanel","jsx-expression-literal","数据不足","","完整候选索引；表达式内字面量可能是接口参数，是否实际展示以文案决策表与浏览器证据为准"
"src/normalized-ui/CustomerExperienceAnalyticsPanel.tsx","262","CustomerExperienceAnalyticsPanel","attribute:title","商品体验","","完整候选索引；表达式内字面量可能是接口参数，是否实际展示以文案决策表与浏览器证据为准"
"src/normalized-ui/CustomerExperienceAnalyticsPanel.tsx","265","CustomerExperienceAnalyticsPanel","jsx-text","实付销售","","完整候选索引；表达式内字面量可能是接口参数，是否实际展示以文案决策表与浏览器证据为准"
"src/normalized-ui/CustomerExperienceAnalyticsPanel.tsx","265","CustomerExperienceAnalyticsPanel","jsx-expression-literal","CNY","CNY","完整候选索引；表达式内字面量可能是接口参数，是否实际展示以文案决策表与浏览器证据为准"
"src/normalized-ui/CustomerExperienceAnalyticsPanel.tsx","266","CustomerExperienceAnalyticsPanel","jsx-text","冻结成本","","完整候选索引；表达式内字面量可能是接口参数，是否实际展示以文案决策表与浏览器证据为准"
"src/normalized-ui/CustomerExperienceAnalyticsPanel.tsx","266","CustomerExperienceAnalyticsPanel","jsx-expression-literal","数据不足","","完整候选索引；表达式内字面量可能是接口参数，是否实际展示以文案决策表与浏览器证据为准"
"src/normalized-ui/CustomerExperienceAnalyticsPanel.tsx","266","CustomerExperienceAnalyticsPanel","jsx-expression-literal","CNY","CNY","完整候选索引；表达式内字面量可能是接口参数，是否实际展示以文案决策表与浏览器证据为准"
"src/normalized-ui/CustomerExperienceAnalyticsPanel.tsx","267","CustomerExperienceAnalyticsPanel","jsx-text","销售后贡献","","完整候选索引；表达式内字面量可能是接口参数，是否实际展示以文案决策表与浏览器证据为准"
"src/normalized-ui/CustomerExperienceAnalyticsPanel.tsx","267","CustomerExperienceAnalyticsPanel","jsx-expression-literal","数据不足","","完整候选索引；表达式内字面量可能是接口参数，是否实际展示以文案决策表与浏览器证据为准"
"src/normalized-ui/CustomerExperienceAnalyticsPanel.tsx","267","CustomerExperienceAnalyticsPanel","jsx-expression-literal","CNY","CNY","完整候选索引；表达式内字面量可能是接口参数，是否实际展示以文案决策表与浏览器证据为准"
"src/normalized-ui/CustomerExperienceAnalyticsPanel.tsx","268","CustomerExperienceAnalyticsPanel","jsx-text","成功退款","","完整候选索引；表达式内字面量可能是接口参数，是否实际展示以文案决策表与浏览器证据为准"
"src/normalized-ui/CustomerExperienceAnalyticsPanel.tsx","268","CustomerExperienceAnalyticsPanel","jsx-expression-literal","CNY","CNY","完整候选索引；表达式内字面量可能是接口参数，是否实际展示以文案决策表与浏览器证据为准"
"src/normalized-ui/CustomerExperienceAnalyticsPanel.tsx","269","CustomerExperienceAnalyticsPanel","jsx-text","观察","","完整候选索引；表达式内字面量可能是接口参数，是否实际展示以文案决策表与浏览器证据为准"
"src/normalized-ui/CustomerExperienceAnalyticsPanel.tsx","269","CustomerExperienceAnalyticsPanel","jsx-text","称赞/投诉","","完整候选索引；表达式内字面量可能是接口参数，是否实际展示以文案决策表与浏览器证据为准"
"src/normalized-ui/CustomerExperienceAnalyticsPanel.tsx","270","CustomerExperienceAnalyticsPanel","jsx-text","剩余","","完整候选索引；表达式内字面量可能是接口参数，是否实际展示以文案决策表与浏览器证据为准"
"src/normalized-ui/CustomerExperienceAnalyticsPanel.tsx","270","CustomerExperienceAnalyticsPanel","jsx-text","上桌晚","","完整候选索引；表达式内字面量可能是接口参数，是否实际展示以文案决策表与浏览器证据为准"
"src/normalized-ui/CustomerExperienceAnalyticsPanel.tsx","273","CustomerExperienceAnalyticsPanel","attribute:title","记录质量","","完整候选索引；表达式内字面量可能是接口参数，是否实际展示以文案决策表与浏览器证据为准"
"src/normalized-ui/CustomerExperienceAnalyticsPanel.tsx","275","CustomerExperienceAnalyticsPanel","jsx-text","员工","","完整候选索引；表达式内字面量可能是接口参数，是否实际展示以文案决策表与浏览器证据为准"
"src/normalized-ui/CustomerExperienceAnalyticsPanel.tsx","275","CustomerExperienceAnalyticsPanel","jsx-text","记录","","完整候选索引；表达式内字面量可能是接口参数，是否实际展示以文案决策表与浏览器证据为准"
"src/normalized-ui/CustomerExperienceAnalyticsPanel.tsx","275","CustomerExperienceAnalyticsPanel","jsx-text","未匹配","","完整候选索引；表达式内字面量可能是接口参数，是否实际展示以文案决策表与浏览器证据为准"
"src/normalized-ui/CustomerExperienceAnalyticsPanel.tsx","275","CustomerExperienceAnalyticsPanel","jsx-text","修订","","完整候选索引；表达式内字面量可能是接口参数，是否实际展示以文案决策表与浏览器证据为准"
"src/normalized-ui/CustomerExperienceAnalyticsPanel.tsx","275","CustomerExperienceAnalyticsPanel","jsx-text","正/中/负","","完整候选索引；表达式内字面量可能是接口参数，是否实际展示以文案决策表与浏览器证据为准"
"src/normalized-ui/CustomerExperienceAnalyticsPanel.tsx","281","CustomerExperienceAnalyticsPanel","attribute:title","已确认原始记录","","完整候选索引；表达式内字面量可能是接口参数，是否实际展示以文案决策表与浏览器证据为准"
"src/normalized-ui/CustomerExperienceAnalyticsPanel.tsx","283","CustomerExperienceAnalyticsPanel","jsx-expression-literal","未确认商品","","完整候选索引；表达式内字面量可能是接口参数，是否实际展示以文案决策表与浏览器证据为准"
"src/normalized-ui/CustomerExperienceAnalyticsPanel.tsx","283","CustomerExperienceAnalyticsPanel","jsx-expression-literal","zh-CN","","完整候选索引；表达式内字面量可能是接口参数，是否实际展示以文案决策表与浏览器证据为准"
"src/normalized-ui/CustomerExperienceAnalyticsPanel.tsx","285","CustomerExperienceAnalyticsPanel","jsx-text","· 置信度","","完整候选索引；表达式内字面量可能是接口参数，是否实际展示以文案决策表与浏览器证据为准"
"src/normalized-ui/CustomerExperienceAnalyticsPanel.tsx","285","CustomerExperienceAnalyticsPanel","jsx-template-text","· 已追加修订至第","","完整候选索引；表达式内字面量可能是接口参数，是否实际展示以文案决策表与浏览器证据为准"
"src/normalized-ui/CustomerExperienceAnalyticsPanel.tsx","288","CustomerExperienceAnalyticsPanel","jsx-text","正在读取经营事实…","事实","完整候选索引；表达式内字面量可能是接口参数，是否实际展示以文案决策表与浏览器证据为准"
"src/normalized-ui/CustomerExperienceManagementPanel.tsx","208","CustomerExperienceManagementPanel","jsx-text","当前桌次会员权益待办","","完整候选索引；表达式内字面量可能是接口参数，是否实际展示以文案决策表与浏览器证据为准"
"src/normalized-ui/CustomerExperienceManagementPanel.tsx","208","CustomerExperienceManagementPanel","jsx-text","只显示当前岗位可确认的赠送、核销与出品事项；每次操作记录当前员工并执行防重复校验。","","完整候选索引；表达式内字面量可能是接口参数，是否实际展示以文案决策表与浏览器证据为准"
"src/normalized-ui/CustomerExperienceManagementPanel.tsx","213","CustomerExperienceManagementPanel","jsx-text","会员权益异常","","完整候选索引；表达式内字面量可能是接口参数，是否实际展示以文案决策表与浏览器证据为准"
"src/normalized-ui/CustomerExperienceManagementPanel.tsx","213","CustomerExperienceManagementPanel","jsx-text","处理过期、缺货、结果未知和已制作后的补偿；终态记录不能直接改回可用。","终态","完整候选索引；表达式内字面量可能是接口参数，是否实际展示以文案决策表与浏览器证据为准"
"src/normalized-ui/CustomerExperienceManagementPanel.tsx","218","CustomerExperienceManagementPanel","jsx-text","会员等级与权益","","完整候选索引；表达式内字面量可能是接口参数，是否实际展示以文案决策表与浏览器证据为准"
"src/normalized-ui/CustomerExperienceManagementPanel.tsx","218","CustomerExperienceManagementPanel","jsx-text","只读查看当前已发布的积分、成长值、等级与等级权益规则；本入口不能起草、审批或发布。","","完整候选索引；表达式内字面量可能是接口参数，是否实际展示以文案决策表与浏览器证据为准"
"src/normalized-ui/CustomerExperienceManagementPanel.tsx","235","CustomerExperienceManagementPanel","jsx-text","会员账户查询","","完整候选索引；表达式内字面量可能是接口参数，是否实际展示以文案决策表与浏览器证据为准"
"src/normalized-ui/CustomerExperienceManagementPanel.tsx","235","CustomerExperienceManagementPanel","jsx-text","按会员号读取积分、成长值和流水；不显示手机号、微信身份或其他无关个人资料。","","完整候选索引；表达式内字面量可能是接口参数，是否实际展示以文案决策表与浏览器证据为准"
"src/normalized-ui/CustomerExperienceManagementPanel.tsx","238","CustomerExperienceManagementPanel","attribute:label","会员办理与管理","","完整候选索引；表达式内字面量可能是接口参数，是否实际展示以文案决策表与浏览器证据为准"
"src/normalized-ui/CustomerExperienceManagementPanel.tsx","239","CustomerExperienceManagementPanel","display-definition","存酒办理","","完整候选索引；表达式内字面量可能是接口参数，是否实际展示以文案决策表与浏览器证据为准"
"src/normalized-ui/CustomerExperienceManagementPanel.tsx","240","CustomerExperienceManagementPanel","display-definition","会员卡","","完整候选索引；表达式内字面量可能是接口参数，是否实际展示以文案决策表与浏览器证据为准"
"src/normalized-ui/CustomerExperienceManagementPanel.tsx","241","CustomerExperienceManagementPanel","display-definition","权益与兑换","","完整候选索引；表达式内字面量可能是接口参数，是否实际展示以文案决策表与浏览器证据为准"
"src/normalized-ui/CustomerExperienceManagementPanel.tsx","242","CustomerExperienceManagementPanel","display-definition","会员通知","","完整候选索引；表达式内字面量可能是接口参数，是否实际展示以文案决策表与浏览器证据为准"
"src/normalized-ui/CustomerExperienceManagementPanel.tsx","243","CustomerExperienceManagementPanel","display-definition","规则与条款","","完整候选索引；表达式内字面量可能是接口参数，是否实际展示以文案决策表与浏览器证据为准"
"src/normalized-ui/CustomerExperienceManagementPanel.tsx","244","CustomerExperienceManagementPanel","display-definition","账户恢复","","完整候选索引；表达式内字面量可能是接口参数，是否实际展示以文案决策表与浏览器证据为准"
"src/normalized-ui/CustomerExperienceManagementPanel.tsx","248","CustomerExperienceManagementPanel","jsx-text","进行中的桌台体验","","完整候选索引；表达式内字面量可能是接口参数，是否实际展示以文案决策表与浏览器证据为准"
"src/normalized-ui/CustomerExperienceManagementPanel.tsx","249","CustomerExperienceManagementPanel","jsx-text","待执行体验节点","","完整候选索引；表达式内字面量可能是接口参数，是否实际展示以文案决策表与浏览器证据为准"
"src/normalized-ui/CustomerExperienceManagementPanel.tsx","250","CustomerExperienceManagementPanel","jsx-text","待跟进客户","","完整候选索引；表达式内字面量可能是接口参数，是否实际展示以文案决策表与浏览器证据为准"
"src/normalized-ui/CustomerExperienceManagementPanel.tsx","251","CustomerExperienceManagementPanel","jsx-text","待办/已发布活动","","完整候选索引；表达式内字面量可能是接口参数，是否实际展示以文案决策表与浏览器证据为准"
"src/normalized-ui/CustomerExperienceManagementPanel.tsx","253","CustomerExperienceManagementPanel","attribute:label","客户运营工作","","完整候选索引；表达式内字面量可能是接口参数，是否实际展示以文案决策表与浏览器证据为准"
"src/normalized-ui/CustomerExperienceManagementPanel.tsx","254","CustomerExperienceManagementPanel","display-definition","活动报名","","完整候选索引；表达式内字面量可能是接口参数，是否实际展示以文案决策表与浏览器证据为准"
"src/normalized-ui/CustomerExperienceManagementPanel.tsx","255","CustomerExperienceManagementPanel","display-definition","首页内容","","完整候选索引；表达式内字面量可能是接口参数，是否实际展示以文案决策表与浏览器证据为准"
"src/normalized-ui/CustomerExperienceManagementPanel.tsx","256","CustomerExperienceManagementPanel","display-definition","体验分析","","完整候选索引；表达式内字面量可能是接口参数，是否实际展示以文案决策表与浏览器证据为准"
"src/normalized-ui/CustomerExperienceManagementPanel.tsx","257","CustomerExperienceManagementPanel","display-definition","推荐与升级规则","","完整候选索引；表达式内字面量可能是接口参数，是否实际展示以文案决策表与浏览器证据为准"
"src/normalized-ui/CustomerExperienceManagementPanel.tsx","258","CustomerExperienceManagementPanel","display-definition","联系方式管理","","完整候选索引；表达式内字面量可能是接口参数，是否实际展示以文案决策表与浏览器证据为准"
"src/normalized-ui/CustomerExperienceManagementPanel.tsx","299","MemberAccountLookupPanel","jsx-text","会员账户查询","","完整候选索引；表达式内字面量可能是接口参数，是否实际展示以文案决策表与浏览器证据为准"
"src/normalized-ui/CustomerExperienceManagementPanel.tsx","299","MemberAccountLookupPanel","jsx-text","按完整会员号查询积分、三种成长值口径和最近流水；本入口不显示手机号或微信身份。","","完整候选索引；表达式内字面量可能是接口参数，是否实际展示以文案决策表与浏览器证据为准"
"src/normalized-ui/CustomerExperienceManagementPanel.tsx","301","MemberAccountLookupPanel","jsx-text","会员号","","完整候选索引；表达式内字面量可能是接口参数，是否实际展示以文案决策表与浏览器证据为准"
"src/normalized-ui/CustomerExperienceManagementPanel.tsx","301","MemberAccountLookupPanel","attribute:placeholder","请输入完整会员号","","完整候选索引；表达式内字面量可能是接口参数，是否实际展示以文案决策表与浏览器证据为准"
"src/normalized-ui/CustomerExperienceManagementPanel.tsx","302","MemberAccountLookupPanel","jsx-expression-literal","正在查询","","完整候选索引；表达式内字面量可能是接口参数，是否实际展示以文案决策表与浏览器证据为准"
"src/normalized-ui/CustomerExperienceManagementPanel.tsx","302","MemberAccountLookupPanel","jsx-expression-literal","查询账户","","完整候选索引；表达式内字面量可能是接口参数，是否实际展示以文案决策表与浏览器证据为准"
"src/normalized-ui/CustomerExperienceManagementPanel.tsx","307","MemberAccountLookupPanel","jsx-text","当前等级","","完整候选索引；表达式内字面量可能是接口参数，是否实际展示以文案决策表与浏览器证据为准"
"src/normalized-ui/CustomerExperienceManagementPanel.tsx","307","MemberAccountLookupPanel","jsx-expression-literal","普卡","","完整候选索引；表达式内字面量可能是接口参数，是否实际展示以文案决策表与浏览器证据为准"
"src/normalized-ui/CustomerExperienceManagementPanel.tsx","307","MemberAccountLookupPanel","jsx-expression-literal","银卡","","完整候选索引；表达式内字面量可能是接口参数，是否实际展示以文案决策表与浏览器证据为准"
"src/normalized-ui/CustomerExperienceManagementPanel.tsx","307","MemberAccountLookupPanel","jsx-expression-literal","金卡","","完整候选索引；表达式内字面量可能是接口参数，是否实际展示以文案决策表与浏览器证据为准"
"src/normalized-ui/CustomerExperienceManagementPanel.tsx","308","MemberAccountLookupPanel","jsx-text","可用积分","","完整候选索引；表达式内字面量可能是接口参数，是否实际展示以文案决策表与浏览器证据为准"
"src/normalized-ui/CustomerExperienceManagementPanel.tsx","309","MemberAccountLookupPanel","jsx-text","资格成长值","","完整候选索引；表达式内字面量可能是接口参数，是否实际展示以文案决策表与浏览器证据为准"
"src/normalized-ui/CustomerExperienceManagementPanel.tsx","310","MemberAccountLookupPanel","jsx-text","累计成长值","","完整候选索引；表达式内字面量可能是接口参数，是否实际展示以文案决策表与浏览器证据为准"
"src/normalized-ui/CustomerExperienceManagementPanel.tsx","311","MemberAccountLookupPanel","jsx-text","本等级周期评定时的成长值","","完整候选索引；表达式内字面量可能是接口参数，是否实际展示以文案决策表与浏览器证据为准"
"src/normalized-ui/CustomerExperienceManagementPanel.tsx","311","MemberAccountLookupPanel","jsx-expression-literal","暂无","","完整候选索引；表达式内字面量可能是接口参数，是否实际展示以文案决策表与浏览器证据为准"
"src/normalized-ui/CustomerExperienceManagementPanel.tsx","312","MemberAccountLookupPanel","jsx-text","待追回积分","","完整候选索引；表达式内字面量可能是接口参数，是否实际展示以文案决策表与浏览器证据为准"
"src/normalized-ui/CustomerExperienceManagementPanel.tsx","314","MemberAccountLookupPanel","jsx-text","会员号","","完整候选索引；表达式内字面量可能是接口参数，是否实际展示以文案决策表与浏览器证据为准"
"src/normalized-ui/CustomerExperienceManagementPanel.tsx","314","MemberAccountLookupPanel","jsx-expression-literal","有效会员","","完整候选索引；表达式内字面量可能是接口参数，是否实际展示以文案决策表与浏览器证据为准"
"src/normalized-ui/CustomerExperienceManagementPanel.tsx","314","MemberAccountLookupPanel","jsx-expression-literal","会员已暂停","","完整候选索引；表达式内字面量可能是接口参数，是否实际展示以文案决策表与浏览器证据为准"
"src/normalized-ui/CustomerExperienceManagementPanel.tsx","314","MemberAccountLookupPanel","jsx-expression-literal","会员已过期","","完整候选索引；表达式内字面量可能是接口参数，是否实际展示以文案决策表与浏览器证据为准"
"src/normalized-ui/CustomerExperienceManagementPanel.tsx","314","MemberAccountLookupPanel","jsx-expression-literal","会员已注销","","完整候选索引；表达式内字面量可能是接口参数，是否实际展示以文案决策表与浏览器证据为准"
"src/normalized-ui/CustomerExperienceManagementPanel.tsx","314","MemberAccountLookupPanel","jsx-expression-literal","会员未启用","","完整候选索引；表达式内字面量可能是接口参数，是否实际展示以文案决策表与浏览器证据为准"
"src/normalized-ui/CustomerExperienceManagementPanel.tsx","314","MemberAccountLookupPanel","jsx-expression-literal","会员状态待确认","","完整候选索引；表达式内字面量可能是接口参数，是否实际展示以文案决策表与浏览器证据为准"
"src/normalized-ui/CustomerExperienceManagementPanel.tsx","314","MemberAccountLookupPanel","jsx-text","· 数据更新","","完整候选索引；表达式内字面量可能是接口参数，是否实际展示以文案决策表与浏览器证据为准"
"src/normalized-ui/CustomerExperienceManagementPanel.tsx","314","MemberAccountLookupPanel","jsx-expression-literal","zh-CN","","完整候选索引；表达式内字面量可能是接口参数，是否实际展示以文案决策表与浏览器证据为准"
"src/normalized-ui/CustomerExperienceManagementPanel.tsx","315","MemberAccountLookupPanel","jsx-text","最近积分流水","","完整候选索引；表达式内字面量可能是接口参数，是否实际展示以文案决策表与浏览器证据为准"
"src/normalized-ui/CustomerExperienceManagementPanel.tsx","315","MemberAccountLookupPanel","jsx-text","最多20条","","完整候选索引；表达式内字面量可能是接口参数，是否实际展示以文案决策表与浏览器证据为准"
"src/normalized-ui/CustomerExperienceManagementPanel.tsx","315","MemberAccountLookupPanel","jsx-text","暂无积分流水。","","完整候选索引；表达式内字面量可能是接口参数，是否实际展示以文案决策表与浏览器证据为准"
"src/normalized-ui/CustomerExperienceManagementPanel.tsx","315","MemberAccountLookupPanel","jsx-text","积分 · 余额","","完整候选索引；表达式内字面量可能是接口参数，是否实际展示以文案决策表与浏览器证据为准"
"src/normalized-ui/CustomerExperienceManagementPanel.tsx","315","MemberAccountLookupPanel","jsx-expression-literal","zh-CN","","完整候选索引；表达式内字面量可能是接口参数，是否实际展示以文案决策表与浏览器证据为准"
"src/normalized-ui/CustomerExperienceManagementPanel.tsx","316","MemberAccountLookupPanel","jsx-text","最近成长值流水","","完整候选索引；表达式内字面量可能是接口参数，是否实际展示以文案决策表与浏览器证据为准"
"src/normalized-ui/CustomerExperienceManagementPanel.tsx","316","MemberAccountLookupPanel","jsx-text","最多20条","","完整候选索引；表达式内字面量可能是接口参数，是否实际展示以文案决策表与浏览器证据为准"
"src/normalized-ui/CustomerExperienceManagementPanel.tsx","316","MemberAccountLookupPanel","jsx-text","暂无成长值流水。","","完整候选索引；表达式内字面量可能是接口参数，是否实际展示以文案决策表与浏览器证据为准"
"src/normalized-ui/CustomerExperienceManagementPanel.tsx","316","MemberAccountLookupPanel","jsx-text","成长值 · 累计","","完整候选索引；表达式内字面量可能是接口参数，是否实际展示以文案决策表与浏览器证据为准"
"src/normalized-ui/CustomerExperienceManagementPanel.tsx","316","MemberAccountLookupPanel","jsx-expression-literal","zh-CN","","完整候选索引；表达式内字面量可能是接口参数，是否实际展示以文案决策表与浏览器证据为准"
"src/normalized-ui/CustomerExperienceManagementPanel.tsx","358","addRule","feedback","规则代码需为3至64位大写字母、数字或下划线。","","完整候选索引；表达式内字面量可能是接口参数，是否实际展示以文案决策表与浏览器证据为准"
"src/normalized-ui/CustomerExperienceManagementPanel.tsx","359","addRule","feedback","请选择权益定义。","","完整候选索引；表达式内字面量可能是接口参数，是否实际展示以文案决策表与浏览器证据为准"
"src/normalized-ui/CustomerExperienceManagementPanel.tsx","360","addRule","feedback","请至少选择“进入等级发放”或“保级发放”。","","完整候选索引；表达式内字面量可能是接口参数，是否实际展示以文案决策表与浏览器证据为准"
"src/normalized-ui/CustomerExperienceManagementPanel.tsx","361","addRule","feedback","规则代码不能重复。","","完整候选索引；表达式内字面量可能是接口参数，是否实际展示以文案决策表与浏览器证据为准"
"src/normalized-ui/CustomerExperienceManagementPanel.tsx","364","addRule","feedback","发放数量不能超过100，有效期不能超过366天。","","完整候选索引；表达式内字面量可能是接口参数，是否实际展示以文案决策表与浏览器证据为准"
"src/normalized-ui/CustomerExperienceManagementPanel.tsx","373","addRule","feedback","已加入待保存规则。","","完整候选索引；表达式内字面量可能是接口参数，是否实际展示以文案决策表与浏览器证据为准"
"src/normalized-ui/CustomerExperienceManagementPanel.tsx","380","saveDraft","feedback","请选择已发布等级规则、加入至少一条权益规则并填写起草原因。","","完整候选索引；表达式内字面量可能是接口参数，是否实际展示以文案决策表与浏览器证据为准"
"src/normalized-ui/CustomerExperienceManagementPanel.tsx","388","saveDraft","feedback","等级权益政策已保存为草稿，必须独立审批后再发布。","","完整候选索引；表达式内字面量可能是接口参数，是否实际展示以文案决策表与浏览器证据为准"
"src/normalized-ui/CustomerExperienceManagementPanel.tsx","395","approve","feedback","审批已移至上方“会员经营配置中心”：先生成服务端影响预览，再由未参与编辑的人审批。","服务端","完整候选索引；表达式内字面量可能是接口参数，是否实际展示以文案决策表与浏览器证据为准"
"src/normalized-ui/CustomerExperienceManagementPanel.tsx","401","publish","display-definition","排期发布等级权益","","完整候选索引；表达式内字面量可能是接口参数，是否实际展示以文案决策表与浏览器证据为准"
"src/normalized-ui/CustomerExperienceManagementPanel.tsx","402","publish","display-definition","请输入 ISO 格式的生效时间。","ISO","完整候选索引；表达式内字面量可能是接口参数，是否实际展示以文案决策表与浏览器证据为准"
"src/normalized-ui/CustomerExperienceManagementPanel.tsx","403","publish","display-definition","生效时间","","完整候选索引；表达式内字面量可能是接口参数，是否实际展示以文案决策表与浏览器证据为准"
"src/normalized-ui/CustomerExperienceManagementPanel.tsx","407","publish","feedback","生效时间格式不正确，未发布。","","完整候选索引；表达式内字面量可能是接口参数，是否实际展示以文案决策表与浏览器证据为准"
"src/normalized-ui/CustomerExperienceManagementPanel.tsx","409","publish","display-definition","填写发布说明","","完整候选索引；表达式内字面量可能是接口参数，是否实际展示以文案决策表与浏览器证据为准"
"src/normalized-ui/CustomerExperienceManagementPanel.tsx","410","publish","display-definition","至少填写 2 个字，便于后续审计。","","完整候选索引；表达式内字面量可能是接口参数，是否实际展示以文案决策表与浏览器证据为准"
"src/normalized-ui/CustomerExperienceManagementPanel.tsx","411","publish","display-definition","发布说明","","完整候选索引；表达式内字面量可能是接口参数，是否实际展示以文案决策表与浏览器证据为准"
"src/normalized-ui/CustomerExperienceManagementPanel.tsx","414","publish","feedback","发布说明不足，未发布。","","完整候选索引；表达式内字面量可能是接口参数，是否实际展示以文案决策表与浏览器证据为准"
"src/normalized-ui/CustomerExperienceManagementPanel.tsx","420","publish","feedback","等级权益政策已排期发布，到期回收由后台定时任务独立处理。","","完整候选索引；表达式内字面量可能是接口参数，是否实际展示以文案决策表与浏览器证据为准"
"src/normalized-ui/CustomerExperienceManagementPanel.tsx","426","TierBenefitPolicyPanel","jsx-text","等级自动权益","","完整候选索引；表达式内字面量可能是接口参数，是否实际展示以文案决策表与浏览器证据为准"
"src/normalized-ui/CustomerExperienceManagementPanel.tsx","426","TierBenefitPolicyPanel","jsx-text","店长配置发放时机、数量、有效期与降级处理；运营审批，最高授权人员发布。","","完整候选索引；表达式内字面量可能是接口参数，是否实际展示以文案决策表与浏览器证据为准"
"src/normalized-ui/CustomerExperienceManagementPanel.tsx","429","TierBenefitPolicyPanel","jsx-text","关联已发布等级规则","","完整候选索引；表达式内字面量可能是接口参数，是否实际展示以文案决策表与浏览器证据为准"
"src/normalized-ui/CustomerExperienceManagementPanel.tsx","429","TierBenefitPolicyPanel","jsx-text","请选择","","完整候选索引；表达式内字面量可能是接口参数，是否实际展示以文案决策表与浏览器证据为准"
"src/normalized-ui/CustomerExperienceManagementPanel.tsx","430","TierBenefitPolicyPanel","jsx-text","规则代码","","完整候选索引；表达式内字面量可能是接口参数，是否实际展示以文案决策表与浏览器证据为准"
"src/normalized-ui/CustomerExperienceManagementPanel.tsx","430","TierBenefitPolicyPanel","attribute:placeholder","SILVER_WELCOME","SILVER_WELCOME","完整候选索引；表达式内字面量可能是接口参数，是否实际展示以文案决策表与浏览器证据为准"
"src/normalized-ui/CustomerExperienceManagementPanel.tsx","431","TierBenefitPolicyPanel","jsx-text","适用等级","","完整候选索引；表达式内字面量可能是接口参数，是否实际展示以文案决策表与浏览器证据为准"
"src/normalized-ui/CustomerExperienceManagementPanel.tsx","431","TierBenefitPolicyPanel","jsx-text","普通会员","","完整候选索引；表达式内字面量可能是接口参数，是否实际展示以文案决策表与浏览器证据为准"
"src/normalized-ui/CustomerExperienceManagementPanel.tsx","431","TierBenefitPolicyPanel","jsx-text","银卡","","完整候选索引；表达式内字面量可能是接口参数，是否实际展示以文案决策表与浏览器证据为准"
"src/normalized-ui/CustomerExperienceManagementPanel.tsx","431","TierBenefitPolicyPanel","jsx-text","金卡","","完整候选索引；表达式内字面量可能是接口参数，是否实际展示以文案决策表与浏览器证据为准"
"src/normalized-ui/CustomerExperienceManagementPanel.tsx","432","TierBenefitPolicyPanel","jsx-text","权益定义","","完整候选索引；表达式内字面量可能是接口参数，是否实际展示以文案决策表与浏览器证据为准"
"src/normalized-ui/CustomerExperienceManagementPanel.tsx","432","TierBenefitPolicyPanel","jsx-text","请选择","","完整候选索引；表达式内字面量可能是接口参数，是否实际展示以文案决策表与浏览器证据为准"
"src/normalized-ui/CustomerExperienceManagementPanel.tsx","432","TierBenefitPolicyPanel","jsx-expression-literal","active","","完整候选索引；表达式内字面量可能是接口参数，是否实际展示以文案决策表与浏览器证据为准"
"src/normalized-ui/CustomerExperienceManagementPanel.tsx","433","TierBenefitPolicyPanel","jsx-text","发放数量","","完整候选索引；表达式内字面量可能是接口参数，是否实际展示以文案决策表与浏览器证据为准"
"src/normalized-ui/CustomerExperienceManagementPanel.tsx","434","TierBenefitPolicyPanel","jsx-text","有效天数","","完整候选索引；表达式内字面量可能是接口参数，是否实际展示以文案决策表与浏览器证据为准"
"src/normalized-ui/CustomerExperienceManagementPanel.tsx","435","TierBenefitPolicyPanel","jsx-text","降级处理","","完整候选索引；表达式内字面量可能是接口参数，是否实际展示以文案决策表与浏览器证据为准"
"src/normalized-ui/CustomerExperienceManagementPanel.tsx","435","TierBenefitPolicyPanel","jsx-text","撤回未预留权益","","完整候选索引；表达式内字面量可能是接口参数，是否实际展示以文案决策表与浏览器证据为准"
"src/normalized-ui/CustomerExperienceManagementPanel.tsx","435","TierBenefitPolicyPanel","jsx-text","保留至自然到期","","完整候选索引；表达式内字面量可能是接口参数，是否实际展示以文案决策表与浏览器证据为准"
"src/normalized-ui/CustomerExperienceManagementPanel.tsx","436","TierBenefitPolicyPanel","jsx-text","高等级继承","","完整候选索引；表达式内字面量可能是接口参数，是否实际展示以文案决策表与浏览器证据为准"
"src/normalized-ui/CustomerExperienceManagementPanel.tsx","437","TierBenefitPolicyPanel","jsx-text","进入等级时发放","","完整候选索引；表达式内字面量可能是接口参数，是否实际展示以文案决策表与浏览器证据为准"
"src/normalized-ui/CustomerExperienceManagementPanel.tsx","438","TierBenefitPolicyPanel","jsx-text","保级时发放","","完整候选索引；表达式内字面量可能是接口参数，是否实际展示以文案决策表与浏览器证据为准"
"src/normalized-ui/CustomerExperienceManagementPanel.tsx","439","TierBenefitPolicyPanel","jsx-text","加入当前规则","","完整候选索引；表达式内字面量可能是接口参数，是否实际展示以文案决策表与浏览器证据为准"
"src/normalized-ui/CustomerExperienceManagementPanel.tsx","440","TierBenefitPolicyPanel","jsx-text","起草原因","","完整候选索引；表达式内字面量可能是接口参数，是否实际展示以文案决策表与浏览器证据为准"
"src/normalized-ui/CustomerExperienceManagementPanel.tsx","441","TierBenefitPolicyPanel","jsx-text","还没有待保存规则","","完整候选索引；表达式内字面量可能是接口参数，是否实际展示以文案决策表与浏览器证据为准"
"src/normalized-ui/CustomerExperienceManagementPanel.tsx","441","TierBenefitPolicyPanel","jsx-text","份/","","完整候选索引；表达式内字面量可能是接口参数，是否实际展示以文案决策表与浏览器证据为准"
"src/normalized-ui/CustomerExperienceManagementPanel.tsx","441","TierBenefitPolicyPanel","jsx-text","移除","","完整候选索引；表达式内字面量可能是接口参数，是否实际展示以文案决策表与浏览器证据为准"
"src/normalized-ui/CustomerExperienceManagementPanel.tsx","442","TierBenefitPolicyPanel","jsx-text","保存政策草稿","","完整候选索引；表达式内字面量可能是接口参数，是否实际展示以文案决策表与浏览器证据为准"
"src/normalized-ui/CustomerExperienceManagementPanel.tsx","444","TierBenefitPolicyPanel","jsx-text","政策版本","","完整候选索引；表达式内字面量可能是接口参数，是否实际展示以文案决策表与浏览器证据为准"
"src/normalized-ui/CustomerExperienceManagementPanel.tsx","444","TierBenefitPolicyPanel","jsx-text","生效运行完全使用强类型规则","强类型","完整候选索引；表达式内字面量可能是接口参数，是否实际展示以文案决策表与浏览器证据为准"
"src/normalized-ui/CustomerExperienceManagementPanel.tsx","445","TierBenefitPolicyPanel","jsx-text","尚未配置等级自动权益。","","完整候选索引；表达式内字面量可能是接口参数，是否实际展示以文案决策表与浏览器证据为准"
"src/normalized-ui/CustomerExperienceManagementPanel.tsx","446","TierBenefitPolicyPanel","jsx-text","等级策略","","完整候选索引；表达式内字面量可能是接口参数，是否实际展示以文案决策表与浏览器证据为准"
"src/normalized-ui/CustomerExperienceManagementPanel.tsx","446","TierBenefitPolicyPanel","jsx-text","·权益版本","","完整候选索引；表达式内字面量可能是接口参数，是否实际展示以文案决策表与浏览器证据为准"
"src/normalized-ui/CustomerExperienceManagementPanel.tsx","446","TierBenefitPolicyPanel","jsx-expression-literal","draft","","完整候选索引；表达式内字面量可能是接口参数，是否实际展示以文案决策表与浏览器证据为准"
"src/normalized-ui/CustomerExperienceManagementPanel.tsx","446","TierBenefitPolicyPanel","jsx-text","前往配置中心审批","","完整候选索引；表达式内字面量可能是接口参数，是否实际展示以文案决策表与浏览器证据为准"
"src/normalized-ui/CustomerExperienceManagementPanel.tsx","446","TierBenefitPolicyPanel","jsx-expression-literal","approved","","完整候选索引；表达式内字面量可能是接口参数，是否实际展示以文案决策表与浏览器证据为准"
"src/normalized-ui/CustomerExperienceManagementPanel.tsx","446","TierBenefitPolicyPanel","jsx-text","排期发布","","完整候选索引；表达式内字面量可能是接口参数，是否实际展示以文案决策表与浏览器证据为准"
"src/normalized-ui/CustomerExperienceManagementPanel.tsx","483","createDraft","feedback","条款草稿已保存，须由其他授权人员审批，再由第三人发布。","","完整候选索引；表达式内字面量可能是接口参数，是否实际展示以文案决策表与浏览器证据为准"
"src/normalized-ui/CustomerExperienceManagementPanel.tsx","490","approve","feedback","审批已移至上方“会员经营配置中心”：服务端会核对条款影响和全部编辑者。","服务端","完整候选索引；表达式内字面量可能是接口参数，是否实际展示以文案决策表与浏览器证据为准"
"src/normalized-ui/CustomerExperienceManagementPanel.tsx","496","publish","display-definition","发布入会条款","","完整候选索引；表达式内字面量可能是接口参数，是否实际展示以文案决策表与浏览器证据为准"
"src/normalized-ui/CustomerExperienceManagementPanel.tsx","497","publish","display-definition","填写 ISO 格式生效时间；留空表示立即生效。","ISO","完整候选索引；表达式内字面量可能是接口参数，是否实际展示以文案决策表与浏览器证据为准"
"src/normalized-ui/CustomerExperienceManagementPanel.tsx","498","publish","display-definition","生效时间（可留空）","","完整候选索引；表达式内字面量可能是接口参数，是否实际展示以文案决策表与浏览器证据为准"
"src/normalized-ui/CustomerExperienceManagementPanel.tsx","504","publish","feedback","生效时间格式不正确，未发布。","","完整候选索引；表达式内字面量可能是接口参数，是否实际展示以文案决策表与浏览器证据为准"
"src/normalized-ui/CustomerExperienceManagementPanel.tsx","506","publish","display-definition","填写发布说明","","完整候选索引；表达式内字面量可能是接口参数，是否实际展示以文案决策表与浏览器证据为准"
"src/normalized-ui/CustomerExperienceManagementPanel.tsx","507","publish","display-definition","至少填写 2 个字，便于后续审计。","","完整候选索引；表达式内字面量可能是接口参数，是否实际展示以文案决策表与浏览器证据为准"
"src/normalized-ui/CustomerExperienceManagementPanel.tsx","508","publish","display-definition","发布说明","","完整候选索引；表达式内字面量可能是接口参数，是否实际展示以文案决策表与浏览器证据为准"
"src/normalized-ui/CustomerExperienceManagementPanel.tsx","511","publish","feedback","发布说明不足，未发布。","","完整候选索引；表达式内字面量可能是接口参数，是否实际展示以文案决策表与浏览器证据为准"
"src/normalized-ui/CustomerExperienceManagementPanel.tsx","517","publish","feedback","条款已发布；未到生效时间前，当前版本依然有效。","","完整候选索引；表达式内字面量可能是接口参数，是否实际展示以文案决策表与浏览器证据为准"
"src/normalized-ui/CustomerExperienceManagementPanel.tsx","524","MembershipTermsManagementPanel","jsx-text","入会条款与顾客确认","","完整候选索引；表达式内字面量可能是接口参数，是否实际展示以文案决策表与浏览器证据为准"
"src/normalized-ui/CustomerExperienceManagementPanel.tsx","525","MembershipTermsManagementPanel","jsx-text","李艳/店长可起草，运营独立审批，最高授权人员发布；已有会员不因条款换版被停用。","","完整候选索引；表达式内字面量可能是接口参数，是否实际展示以文案决策表与浏览器证据为准"
"src/normalized-ui/CustomerExperienceManagementPanel.tsx","528","MembershipTermsManagementPanel","jsx-text","条款标题","","完整候选索引；表达式内字面量可能是接口参数，是否实际展示以文案决策表与浏览器证据为准"
"src/normalized-ui/CustomerExperienceManagementPanel.tsx","529","MembershipTermsManagementPanel","jsx-text","顾客摘要","","完整候选索引；表达式内字面量可能是接口参数，是否实际展示以文案决策表与浏览器证据为准"
"src/normalized-ui/CustomerExperienceManagementPanel.tsx","530","MembershipTermsManagementPanel","jsx-text","条款全文","","完整候选索引；表达式内字面量可能是接口参数，是否实际展示以文案决策表与浏览器证据为准"
"src/normalized-ui/CustomerExperienceManagementPanel.tsx","531","MembershipTermsManagementPanel","jsx-text","起草说明","","完整候选索引；表达式内字面量可能是接口参数，是否实际展示以文案决策表与浏览器证据为准"
"src/normalized-ui/CustomerExperienceManagementPanel.tsx","532","MembershipTermsManagementPanel","jsx-expression-literal","draft","","完整候选索引；表达式内字面量可能是接口参数，是否实际展示以文案决策表与浏览器证据为准"
"src/normalized-ui/CustomerExperienceManagementPanel.tsx","532","MembershipTermsManagementPanel","jsx-expression-literal","正在保存","","完整候选索引；表达式内字面量可能是接口参数，是否实际展示以文案决策表与浏览器证据为准"
"src/normalized-ui/CustomerExperienceManagementPanel.tsx","532","MembershipTermsManagementPanel","jsx-expression-literal","保存新版本草稿","","完整候选索引；表达式内字面量可能是接口参数，是否实际展示以文案决策表与浏览器证据为准"
"src/normalized-ui/CustomerExperienceManagementPanel.tsx","535","MembershipTermsManagementPanel","jsx-text","条款版本","","完整候选索引；表达式内字面量可能是接口参数，是否实际展示以文案决策表与浏览器证据为准"
"src/normalized-ui/CustomerExperienceManagementPanel.tsx","535","MembershipTermsManagementPanel","jsx-text","顾客只能确认当前生效的完整版本","","完整候选索引；表达式内字面量可能是接口参数，是否实际展示以文案决策表与浏览器证据为准"
"src/normalized-ui/CustomerExperienceManagementPanel.tsx","536","MembershipTermsManagementPanel","jsx-text","尚未建立入会条款，新入会将安全关闭，点单不受影响。","","完整候选索引；表达式内字面量可能是接口参数，是否实际展示以文案决策表与浏览器证据为准"
"src/normalized-ui/CustomerExperienceManagementPanel.tsx","538","MembershipTermsManagementPanel","jsx-text","版 ·","","完整候选索引；表达式内字面量可能是接口参数，是否实际展示以文案决策表与浏览器证据为准"
"src/normalized-ui/CustomerExperienceManagementPanel.tsx","538","MembershipTermsManagementPanel","jsx-template-text","生效","","完整候选索引；表达式内字面量可能是接口参数，是否实际展示以文案决策表与浏览器证据为准"
"src/normalized-ui/CustomerExperienceManagementPanel.tsx","538","MembershipTermsManagementPanel","jsx-expression-literal","zh-CN","","完整候选索引；表达式内字面量可能是接口参数，是否实际展示以文案决策表与浏览器证据为准"
"src/normalized-ui/CustomerExperienceManagementPanel.tsx","538","MembershipTermsManagementPanel","jsx-expression-literal","尚未生效","","完整候选索引；表达式内字面量可能是接口参数，是否实际展示以文案决策表与浏览器证据为准"
"src/normalized-ui/CustomerExperienceManagementPanel.tsx","538","MembershipTermsManagementPanel","jsx-text","查看全文","","完整候选索引；表达式内字面量可能是接口参数，是否实际展示以文案决策表与浏览器证据为准"
"src/normalized-ui/CustomerExperienceManagementPanel.tsx","540","MembershipTermsManagementPanel","jsx-expression-literal","draft","","完整候选索引；表达式内字面量可能是接口参数，是否实际展示以文案决策表与浏览器证据为准"
"src/normalized-ui/CustomerExperienceManagementPanel.tsx","540","MembershipTermsManagementPanel","jsx-text","前往配置中心审批","","完整候选索引；表达式内字面量可能是接口参数，是否实际展示以文案决策表与浏览器证据为准"
"src/normalized-ui/CustomerExperienceManagementPanel.tsx","541","MembershipTermsManagementPanel","jsx-expression-literal","approved","","完整候选索引；表达式内字面量可能是接口参数，是否实际展示以文案决策表与浏览器证据为准"
"src/normalized-ui/CustomerExperienceManagementPanel.tsx","541","MembershipTermsManagementPanel","jsx-text","排期发布","","完整候选索引；表达式内字面量可能是接口参数，是否实际展示以文案决策表与浏览器证据为准"
"src/normalized-ui/CustomerExperienceManagementPanel.tsx","578","saveVerifiedContact","feedback","历史会员联系方式已按受控流程核验；不会因此开启营销通知。","","完整候选索引；表达式内字面量可能是接口参数，是否实际展示以文案决策表与浏览器证据为准"
"src/normalized-ui/CustomerExperienceManagementPanel.tsx","596","selectCandidate","display-definition","选择核验候选","","完整候选索引；表达式内字面量可能是接口参数，是否实际展示以文案决策表与浏览器证据为准"
"src/normalized-ui/CustomerExperienceManagementPanel.tsx","598","selectCandidate","display-definition","核验依据","","完整候选索引；表达式内字面量可能是接口参数，是否实际展示以文案决策表与浏览器证据为准"
"src/normalized-ui/CustomerExperienceManagementPanel.tsx","601","selectCandidate","feedback","核验依据不足，未选择候选。","","完整候选索引；表达式内字面量可能是接口参数，是否实际展示以文案决策表与浏览器证据为准"
"src/normalized-ui/CustomerExperienceManagementPanel.tsx","607","selectCandidate","feedback","候选已核验，须由另一名有合并复核权限的员工处理。","","完整候选索引；表达式内字面量可能是接口参数，是否实际展示以文案决策表与浏览器证据为准"
"src/normalized-ui/CustomerExperienceManagementPanel.tsx","635","MembershipRecoveryPanel","jsx-text","历史会员找回与合并","","完整候选索引；表达式内字面量可能是接口参数，是否实际展示以文案决策表与浏览器证据为准"
"src/normalized-ui/CustomerExperienceManagementPanel.tsx","636","MembershipRecoveryPanel","jsx-text","顾客手机号仅用于本次核验；多候选必须人工选择，核验人与复核人不能是同一人。","","完整候选索引；表达式内字面量可能是接口参数，是否实际展示以文案决策表与浏览器证据为准"
"src/normalized-ui/CustomerExperienceManagementPanel.tsx","639","MembershipRecoveryPanel","jsx-text","历史会员号","","完整候选索引；表达式内字面量可能是接口参数，是否实际展示以文案决策表与浏览器证据为准"
"src/normalized-ui/CustomerExperienceManagementPanel.tsx","640","MembershipRecoveryPanel","jsx-text","已现场核验手机号","","完整候选索引；表达式内字面量可能是接口参数，是否实际展示以文案决策表与浏览器证据为准"
"src/normalized-ui/CustomerExperienceManagementPanel.tsx","640","MembershipRecoveryPanel","attribute:placeholder","例如 +8613800138000","","完整候选索引；表达式内字面量可能是接口参数，是否实际展示以文案决策表与浏览器证据为准"
"src/normalized-ui/CustomerExperienceManagementPanel.tsx","641","MembershipRecoveryPanel","jsx-text","核验依据","","完整候选索引；表达式内字面量可能是接口参数，是否实际展示以文案决策表与浏览器证据为准"
"src/normalized-ui/CustomerExperienceManagementPanel.tsx","642","MembershipRecoveryPanel","jsx-expression-literal","contact","","完整候选索引；表达式内字面量可能是接口参数，是否实际展示以文案决策表与浏览器证据为准"
"src/normalized-ui/CustomerExperienceManagementPanel.tsx","642","MembershipRecoveryPanel","jsx-expression-literal","正在保存","","完整候选索引；表达式内字面量可能是接口参数，是否实际展示以文案决策表与浏览器证据为准"
"src/normalized-ui/CustomerExperienceManagementPanel.tsx","642","MembershipRecoveryPanel","jsx-expression-literal","保存受控核验","","完整候选索引；表达式内字面量可能是接口参数，是否实际展示以文案决策表与浏览器证据为准"
"src/normalized-ui/CustomerExperienceManagementPanel.tsx","645","MembershipRecoveryPanel","jsx-text","待处理找回申请","","完整候选索引；表达式内字面量可能是接口参数，是否实际展示以文案决策表与浏览器证据为准"
"src/normalized-ui/CustomerExperienceManagementPanel.tsx","645","MembershipRecoveryPanel","jsx-text","只显示掩码信息，不展示候选账户的订单或完整手机号","","完整候选索引；表达式内字面量可能是接口参数，是否实际展示以文案决策表与浏览器证据为准"
"src/normalized-ui/CustomerExperienceManagementPanel.tsx","646","MembershipRecoveryPanel","jsx-text","当前没有待处理的会员找回申请。","","完整候选索引；表达式内字面量可能是接口参数，是否实际展示以文案决策表与浏览器证据为准"
"src/normalized-ui/CustomerExperienceManagementPanel.tsx","648","MembershipRecoveryPanel","jsx-expression-literal","manual_review","","完整候选索引；表达式内字面量可能是接口参数，是否实际展示以文案决策表与浏览器证据为准"
"src/normalized-ui/CustomerExperienceManagementPanel.tsx","648","MembershipRecoveryPanel","jsx-expression-literal","待核验候选","","完整候选索引；表达式内字面量可能是接口参数，是否实际展示以文案决策表与浏览器证据为准"
"src/normalized-ui/CustomerExperienceManagementPanel.tsx","648","MembershipRecoveryPanel","jsx-expression-literal","待独立复核","","完整候选索引；表达式内字面量可能是接口参数，是否实际展示以文案决策表与浏览器证据为准"
"src/normalized-ui/CustomerExperienceManagementPanel.tsx","648","MembershipRecoveryPanel","jsx-text","个匹配 ·","","完整候选索引；表达式内字面量可能是接口参数，是否实际展示以文案决策表与浏览器证据为准"
"src/normalized-ui/CustomerExperienceManagementPanel.tsx","648","MembershipRecoveryPanel","jsx-expression-literal","尚未选择会员","","完整候选索引；表达式内字面量可能是接口参数，是否实际展示以文案决策表与浏览器证据为准"
"src/normalized-ui/CustomerExperienceManagementPanel.tsx","648","MembershipRecoveryPanel","jsx-expression-literal","zh-CN","","完整候选索引；表达式内字面量可能是接口参数，是否实际展示以文案决策表与浏览器证据为准"
"src/normalized-ui/CustomerExperienceManagementPanel.tsx","650","MembershipRecoveryPanel","jsx-expression-literal","manual_review","","完整候选索引；表达式内字面量可能是接口参数，是否实际展示以文案决策表与浏览器证据为准"
"src/normalized-ui/CustomerExperienceManagementPanel.tsx","650","MembershipRecoveryPanel","jsx-text","查看候选","","完整候选索引；表达式内字面量可能是接口参数，是否实际展示以文案决策表与浏览器证据为准"
"src/normalized-ui/CustomerExperienceManagementPanel.tsx","651","MembershipRecoveryPanel","jsx-expression-literal","pending_review","","完整候选索引；表达式内字面量可能是接口参数，是否实际展示以文案决策表与浏览器证据为准"
"src/normalized-ui/CustomerExperienceManagementPanel.tsx","651","MembershipRecoveryPanel","jsx-text","复核合并","","完整候选索引；表达式内字面量可能是接口参数，是否实际展示以文案决策表与浏览器证据为准"
"src/normalized-ui/CustomerExperienceManagementPanel.tsx","652","MembershipRecoveryPanel","jsx-text","驳回","","完整候选索引；表达式内字面量可能是接口参数，是否实际展示以文案决策表与浏览器证据为准"
"src/normalized-ui/CustomerExperienceManagementPanel.tsx","654","MembershipRecoveryPanel","jsx-text","入会日期","","完整候选索引；表达式内字面量可能是接口参数，是否实际展示以文案决策表与浏览器证据为准"
"src/normalized-ui/CustomerExperienceManagementPanel.tsx","654","MembershipRecoveryPanel","jsx-text","选择此会员","","完整候选索引；表达式内字面量可能是接口参数，是否实际展示以文案决策表与浏览器证据为准"
"src/normalized-ui/CustomerExperienceManagementPanel.tsx","740","draftTier","feedback","等级规则已保存为草稿，需另一名授权人员复核。","","完整候选索引；表达式内字面量可能是接口参数，是否实际展示以文案决策表与浏览器证据为准"
"src/normalized-ui/CustomerExperienceManagementPanel.tsx","746","approveTier","feedback","审批已移至上方“会员经营配置中心”：客户端勾选“已看影响”不再具有审批效力。","客户端","完整候选索引；表达式内字面量可能是接口参数，是否实际展示以文案决策表与浏览器证据为准"
"src/normalized-ui/CustomerExperienceManagementPanel.tsx","752","publishTier","display-definition","排期发布等级规则","","完整候选索引；表达式内字面量可能是接口参数，是否实际展示以文案决策表与浏览器证据为准"
"src/normalized-ui/CustomerExperienceManagementPanel.tsx","753","publishTier","display-definition","请输入 ISO 格式的生效时间。","ISO","完整候选索引；表达式内字面量可能是接口参数，是否实际展示以文案决策表与浏览器证据为准"
"src/normalized-ui/CustomerExperienceManagementPanel.tsx","754","publishTier","display-definition","生效时间","","完整候选索引；表达式内字面量可能是接口参数，是否实际展示以文案决策表与浏览器证据为准"
"src/normalized-ui/CustomerExperienceManagementPanel.tsx","759","publishTier","display-definition","填写复核说明","","完整候选索引；表达式内字面量可能是接口参数，是否实际展示以文案决策表与浏览器证据为准"
"src/normalized-ui/CustomerExperienceManagementPanel.tsx","760","publishTier","display-definition","至少填写 2 个字，便于后续审计。","","完整候选索引；表达式内字面量可能是接口参数，是否实际展示以文案决策表与浏览器证据为准"
"src/normalized-ui/CustomerExperienceManagementPanel.tsx","761","publishTier","display-definition","复核说明","","完整候选索引；表达式内字面量可能是接口参数，是否实际展示以文案决策表与浏览器证据为准"
"src/normalized-ui/CustomerExperienceManagementPanel.tsx","764","publishTier","feedback","生效时间或复核说明不正确。","","完整候选索引；表达式内字面量可能是接口参数，是否实际展示以文案决策表与浏览器证据为准"
"src/normalized-ui/CustomerExperienceManagementPanel.tsx","771","publishTier","feedback","等级规则已由第三名发布人排期；生效前旧规则继续运行。","","完整候选索引；表达式内字面量可能是接口参数，是否实际展示以文案决策表与浏览器证据为准"
"src/normalized-ui/CustomerExperienceManagementPanel.tsx","779","draftCatalog","feedback","请选择有效商品。","","完整候选索引；表达式内字面量可能是接口参数，是否实际展示以文案决策表与浏览器证据为准"
"src/normalized-ui/CustomerExperienceManagementPanel.tsx","806","draftCatalog","feedback","已生成包含现有兑换项的新目录草稿，旧发布版本未改变。","","完整候选索引；表达式内字面量可能是接口参数，是否实际展示以文案决策表与浏览器证据为准"
"src/normalized-ui/CustomerExperienceManagementPanel.tsx","812","approveCatalog","feedback","审批已移至上方“会员经营配置中心”：系统会重新计算成本、库存和履约影响。","","完整候选索引；表达式内字面量可能是接口参数，是否实际展示以文案决策表与浏览器证据为准"
"src/normalized-ui/CustomerExperienceManagementPanel.tsx","818","publishCatalog","display-definition","排期发布兑换目录","","完整候选索引；表达式内字面量可能是接口参数，是否实际展示以文案决策表与浏览器证据为准"
"src/normalized-ui/CustomerExperienceManagementPanel.tsx","819","publishCatalog","display-definition","请输入 ISO 格式的目录生效时间。","ISO","完整候选索引；表达式内字面量可能是接口参数，是否实际展示以文案决策表与浏览器证据为准"
"src/normalized-ui/CustomerExperienceManagementPanel.tsx","820","publishCatalog","display-definition","生效时间","","完整候选索引；表达式内字面量可能是接口参数，是否实际展示以文案决策表与浏览器证据为准"
"src/normalized-ui/CustomerExperienceManagementPanel.tsx","825","publishCatalog","display-definition","填写复核说明","","完整候选索引；表达式内字面量可能是接口参数，是否实际展示以文案决策表与浏览器证据为准"
"src/normalized-ui/CustomerExperienceManagementPanel.tsx","826","publishCatalog","display-definition","请确认已复核积分、成本、库存和履约，并填写说明。","","完整候选索引；表达式内字面量可能是接口参数，是否实际展示以文案决策表与浏览器证据为准"
"src/normalized-ui/CustomerExperienceManagementPanel.tsx","827","publishCatalog","display-definition","复核说明","","完整候选索引；表达式内字面量可能是接口参数，是否实际展示以文案决策表与浏览器证据为准"
"src/normalized-ui/CustomerExperienceManagementPanel.tsx","830","publishCatalog","feedback","生效时间或复核说明不正确。","","完整候选索引；表达式内字面量可能是接口参数，是否实际展示以文案决策表与浏览器证据为准"
"src/normalized-ui/CustomerExperienceManagementPanel.tsx","837","publishCatalog","feedback","兑换目录已由第三名发布人排期，仍需单独开放运行开关。","","完整候选索引；表达式内字面量可能是接口参数，是否实际展示以文案决策表与浏览器证据为准"
"src/normalized-ui/CustomerExperienceManagementPanel.tsx","846","setControl","display-definition","请填写变更原因，至少 2 个字。","","完整候选索引；表达式内字面量可能是接口参数，是否实际展示以文案决策表与浏览器证据为准"
"src/normalized-ui/CustomerExperienceManagementPanel.tsx","847","setControl","display-definition","变更原因","","完整候选索引；表达式内字面量可能是接口参数，是否实际展示以文案决策表与浏览器证据为准"
"src/normalized-ui/CustomerExperienceManagementPanel.tsx","850","setControl","feedback","变更原因不足。","","完整候选索引；表达式内字面量可能是接口参数，是否实际展示以文案决策表与浏览器证据为准"
"src/normalized-ui/CustomerExperienceManagementPanel.tsx","852","setControl","display-definition","设置试点开始时间","","完整候选索引；表达式内字面量可能是接口参数，是否实际展示以文案决策表与浏览器证据为准"
"src/normalized-ui/CustomerExperienceManagementPanel.tsx","852","setControl","display-definition","请输入 ISO 格式的时间。","ISO","完整候选索引；表达式内字面量可能是接口参数，是否实际展示以文案决策表与浏览器证据为准"
"src/normalized-ui/CustomerExperienceManagementPanel.tsx","852","setControl","display-definition","开始时间","","完整候选索引；表达式内字面量可能是接口参数，是否实际展示以文案决策表与浏览器证据为准"
"src/normalized-ui/CustomerExperienceManagementPanel.tsx","855","setControl","display-definition","设置试点结束时间","","完整候选索引；表达式内字面量可能是接口参数，是否实际展示以文案决策表与浏览器证据为准"
"src/normalized-ui/CustomerExperienceManagementPanel.tsx","855","setControl","display-definition","请输入 ISO 格式的时间。","ISO","完整候选索引；表达式内字面量可能是接口参数，是否实际展示以文案决策表与浏览器证据为准"
"src/normalized-ui/CustomerExperienceManagementPanel.tsx","855","setControl","display-definition","结束时间","","完整候选索引；表达式内字面量可能是接口参数，是否实际展示以文案决策表与浏览器证据为准"
"src/normalized-ui/CustomerExperienceManagementPanel.tsx","857","setControl","feedback","试点时间不正确。","","完整候选索引；表达式内字面量可能是接口参数，是否实际展示以文案决策表与浏览器证据为准"
"src/normalized-ui/CustomerExperienceManagementPanel.tsx","864","setControl","feedback","兑换运行状态已更新，历史兑换记录不受影响。","","完整候选索引；表达式内字面量可能是接口参数，是否实际展示以文案决策表与浏览器证据为准"
"src/normalized-ui/CustomerExperienceManagementPanel.tsx","871","fulfill","display-definition","确认实际交付","","完整候选索引；表达式内字面量可能是接口参数，是否实际展示以文案决策表与浏览器证据为准"
"src/normalized-ui/CustomerExperienceManagementPanel.tsx","872","fulfill","display-definition","请填写实际交付说明，至少 2 个字。","","完整候选索引；表达式内字面量可能是接口参数，是否实际展示以文案决策表与浏览器证据为准"
"src/normalized-ui/CustomerExperienceManagementPanel.tsx","873","fulfill","display-definition","交付说明","","完整候选索引；表达式内字面量可能是接口参数，是否实际展示以文案决策表与浏览器证据为准"
"src/normalized-ui/CustomerExperienceManagementPanel.tsx","876","fulfill","feedback","交付说明不足。","","完整候选索引；表达式内字面量可能是接口参数，是否实际展示以文案决策表与浏览器证据为准"
"src/normalized-ui/CustomerExperienceManagementPanel.tsx","882","fulfill","feedback","已记录实际交付及对应商品、活动、服务或权益事实。","事实","完整候选索引；表达式内字面量可能是接口参数，是否实际展示以文案决策表与浏览器证据为准"
"src/normalized-ui/CustomerExperienceManagementPanel.tsx","894","failRedemption","display-definition","处理未履约兑换","","完整候选索引；表达式内字面量可能是接口参数，是否实际展示以文案决策表与浏览器证据为准"
"src/normalized-ui/CustomerExperienceManagementPanel.tsx","896","failRedemption","display-definition","无法履约的具体原因","","完整候选索引；表达式内字面量可能是接口参数，是否实际展示以文案决策表与浏览器证据为准"
"src/normalized-ui/CustomerExperienceManagementPanel.tsx","899","failRedemption","feedback","失败说明不足，未处理。","","完整候选索引；表达式内字面量可能是接口参数，是否实际展示以文案决策表与浏览器证据为准"
"src/normalized-ui/CustomerExperienceManagementPanel.tsx","900","failRedemption","display-definition","确认按原批次返还积分","","完整候选索引；表达式内字面量可能是接口参数，是否实际展示以文案决策表与浏览器证据为准"
"src/normalized-ui/CustomerExperienceManagementPanel.tsx","906","failRedemption","feedback","已记录门店无法履约；只有确认尚未履约的兑换会按原批次返还。","","完整候选索引；表达式内字面量可能是接口参数，是否实际展示以文案决策表与浏览器证据为准"
"src/normalized-ui/CustomerExperienceManagementPanel.tsx","912","LoyaltyTierAndRedemptionPanel","jsx-text","等级与积分兑换","","完整候选索引；表达式内字面量可能是接口参数，是否实际展示以文案决策表与浏览器证据为准"
"src/normalized-ui/CustomerExperienceManagementPanel.tsx","913","LoyaltyTierAndRedemptionPanel","jsx-text","店长起草、运营复核、老板发布；未来版本生效前旧规则继续运行。兑换开关和实际交付另行控制。","","完整候选索引；表达式内字面量可能是接口参数，是否实际展示以文案决策表与浏览器证据为准"
"src/normalized-ui/CustomerExperienceManagementPanel.tsx","916","LoyaltyTierAndRedemptionPanel","jsx-text","银卡升级成长值","","完整候选索引；表达式内字面量可能是接口参数，是否实际展示以文案决策表与浏览器证据为准"
"src/normalized-ui/CustomerExperienceManagementPanel.tsx","917","LoyaltyTierAndRedemptionPanel","jsx-text","银卡保级成长值","","完整候选索引；表达式内字面量可能是接口参数，是否实际展示以文案决策表与浏览器证据为准"
"src/normalized-ui/CustomerExperienceManagementPanel.tsx","918","LoyaltyTierAndRedemptionPanel","jsx-text","金卡升级成长值","","完整候选索引；表达式内字面量可能是接口参数，是否实际展示以文案决策表与浏览器证据为准"
"src/normalized-ui/CustomerExperienceManagementPanel.tsx","919","LoyaltyTierAndRedemptionPanel","jsx-text","金卡保级成长值","","完整候选索引；表达式内字面量可能是接口参数，是否实际展示以文案决策表与浏览器证据为准"
"src/normalized-ui/CustomerExperienceManagementPanel.tsx","920","LoyaltyTierAndRedemptionPanel","jsx-text","银卡积分倍率","","完整候选索引；表达式内字面量可能是接口参数，是否实际展示以文案决策表与浏览器证据为准"
"src/normalized-ui/CustomerExperienceManagementPanel.tsx","921","LoyaltyTierAndRedemptionPanel","jsx-text","金卡积分倍率","","完整候选索引；表达式内字面量可能是接口参数，是否实际展示以文案决策表与浏览器证据为准"
"src/normalized-ui/CustomerExperienceManagementPanel.tsx","922","LoyaltyTierAndRedemptionPanel","jsx-text","评估窗口（月）","","完整候选索引；表达式内字面量可能是接口参数，是否实际展示以文案决策表与浏览器证据为准"
"src/normalized-ui/CustomerExperienceManagementPanel.tsx","923","LoyaltyTierAndRedemptionPanel","jsx-text","等级周期（月）","","完整候选索引；表达式内字面量可能是接口参数，是否实际展示以文案决策表与浏览器证据为准"
"src/normalized-ui/CustomerExperienceManagementPanel.tsx","924","LoyaltyTierAndRedemptionPanel","jsx-text","降级宽限（天）","","完整候选索引；表达式内字面量可能是接口参数，是否实际展示以文案决策表与浏览器证据为准"
"src/normalized-ui/CustomerExperienceManagementPanel.tsx","925","LoyaltyTierAndRedemptionPanel","jsx-text","配置原因","","完整候选索引；表达式内字面量可能是接口参数，是否实际展示以文案决策表与浏览器证据为准"
"src/normalized-ui/CustomerExperienceManagementPanel.tsx","926","LoyaltyTierAndRedemptionPanel","jsx-text","保存等级草稿","","完整候选索引；表达式内字面量可能是接口参数，是否实际展示以文案决策表与浏览器证据为准"
"src/normalized-ui/CustomerExperienceManagementPanel.tsx","928","LoyaltyTierAndRedemptionPanel","jsx-text","等级版本","","完整候选索引；表达式内字面量可能是接口参数，是否实际展示以文案决策表与浏览器证据为准"
"src/normalized-ui/CustomerExperienceManagementPanel.tsx","928","LoyaltyTierAndRedemptionPanel","jsx-text","银卡","","完整候选索引；表达式内字面量可能是接口参数，是否实际展示以文案决策表与浏览器证据为准"
"src/normalized-ui/CustomerExperienceManagementPanel.tsx","928","LoyaltyTierAndRedemptionPanel","jsx-text","；金卡","","完整候选索引；表达式内字面量可能是接口参数，是否实际展示以文案决策表与浏览器证据为准"
"src/normalized-ui/CustomerExperienceManagementPanel.tsx","928","LoyaltyTierAndRedemptionPanel","jsx-text","；宽限","","完整候选索引；表达式内字面量可能是接口参数，是否实际展示以文案决策表与浏览器证据为准"
"src/normalized-ui/CustomerExperienceManagementPanel.tsx","928","LoyaltyTierAndRedemptionPanel","jsx-template-text","生效","","完整候选索引；表达式内字面量可能是接口参数，是否实际展示以文案决策表与浏览器证据为准"
"src/normalized-ui/CustomerExperienceManagementPanel.tsx","928","LoyaltyTierAndRedemptionPanel","jsx-expression-literal","zh-CN","","完整候选索引；表达式内字面量可能是接口参数，是否实际展示以文案决策表与浏览器证据为准"
"src/normalized-ui/CustomerExperienceManagementPanel.tsx","928","LoyaltyTierAndRedemptionPanel","jsx-expression-literal","draft","","完整候选索引；表达式内字面量可能是接口参数，是否实际展示以文案决策表与浏览器证据为准"
"src/normalized-ui/CustomerExperienceManagementPanel.tsx","928","LoyaltyTierAndRedemptionPanel","jsx-text","前往配置中心审批","","完整候选索引；表达式内字面量可能是接口参数，是否实际展示以文案决策表与浏览器证据为准"
"src/normalized-ui/CustomerExperienceManagementPanel.tsx","928","LoyaltyTierAndRedemptionPanel","jsx-expression-literal","approved","","完整候选索引；表达式内字面量可能是接口参数，是否实际展示以文案决策表与浏览器证据为准"
"src/normalized-ui/CustomerExperienceManagementPanel.tsx","928","LoyaltyTierAndRedemptionPanel","jsx-text","排期发布","","完整候选索引；表达式内字面量可能是接口参数，是否实际展示以文案决策表与浏览器证据为准"
"src/normalized-ui/CustomerExperienceManagementPanel.tsx","930","LoyaltyTierAndRedemptionPanel","jsx-text","兑换商品","","完整候选索引；表达式内字面量可能是接口参数，是否实际展示以文案决策表与浏览器证据为准"
"src/normalized-ui/CustomerExperienceManagementPanel.tsx","930","LoyaltyTierAndRedemptionPanel","jsx-text","请选择","","完整候选索引；表达式内字面量可能是接口参数，是否实际展示以文案决策表与浏览器证据为准"
"src/normalized-ui/CustomerExperienceManagementPanel.tsx","930","LoyaltyTierAndRedemptionPanel","jsx-text","· 成本","","完整候选索引；表达式内字面量可能是接口参数，是否实际展示以文案决策表与浏览器证据为准"
"src/normalized-ui/CustomerExperienceManagementPanel.tsx","931","LoyaltyTierAndRedemptionPanel","jsx-text","所需积分","","完整候选索引；表达式内字面量可能是接口参数，是否实际展示以文案决策表与浏览器证据为准"
"src/normalized-ui/CustomerExperienceManagementPanel.tsx","932","LoyaltyTierAndRedemptionPanel","jsx-text","总库存（留空不限）","","完整候选索引；表达式内字面量可能是接口参数，是否实际展示以文案决策表与浏览器证据为准"
"src/normalized-ui/CustomerExperienceManagementPanel.tsx","933","LoyaltyTierAndRedemptionPanel","jsx-text","每日库存（留空不限）","","完整候选索引；表达式内字面量可能是接口参数，是否实际展示以文案决策表与浏览器证据为准"
"src/normalized-ui/CustomerExperienceManagementPanel.tsx","934","LoyaltyTierAndRedemptionPanel","jsx-text","每日个人上限","","完整候选索引；表达式内字面量可能是接口参数，是否实际展示以文案决策表与浏览器证据为准"
"src/normalized-ui/CustomerExperienceManagementPanel.tsx","935","LoyaltyTierAndRedemptionPanel","jsx-text","30天个人上限","","完整候选索引；表达式内字面量可能是接口参数，是否实际展示以文案决策表与浏览器证据为准"
"src/normalized-ui/CustomerExperienceManagementPanel.tsx","936","LoyaltyTierAndRedemptionPanel","jsx-text","最低等级","","完整候选索引；表达式内字面量可能是接口参数，是否实际展示以文案决策表与浏览器证据为准"
"src/normalized-ui/CustomerExperienceManagementPanel.tsx","936","LoyaltyTierAndRedemptionPanel","jsx-text","普通会员","","完整候选索引；表达式内字面量可能是接口参数，是否实际展示以文案决策表与浏览器证据为准"
"src/normalized-ui/CustomerExperienceManagementPanel.tsx","936","LoyaltyTierAndRedemptionPanel","jsx-text","银卡","","完整候选索引；表达式内字面量可能是接口参数，是否实际展示以文案决策表与浏览器证据为准"
"src/normalized-ui/CustomerExperienceManagementPanel.tsx","936","LoyaltyTierAndRedemptionPanel","jsx-text","金卡","","完整候选索引；表达式内字面量可能是接口参数，是否实际展示以文案决策表与浏览器证据为准"
"src/normalized-ui/CustomerExperienceManagementPanel.tsx","937","LoyaltyTierAndRedemptionPanel","jsx-text","开始时间","","完整候选索引；表达式内字面量可能是接口参数，是否实际展示以文案决策表与浏览器证据为准"
"src/normalized-ui/CustomerExperienceManagementPanel.tsx","938","LoyaltyTierAndRedemptionPanel","jsx-text","结束时间（可选）","","完整候选索引；表达式内字面量可能是接口参数，是否实际展示以文案决策表与浏览器证据为准"
"src/normalized-ui/CustomerExperienceManagementPanel.tsx","939","LoyaltyTierAndRedemptionPanel","jsx-text","客户说明","","完整候选索引；表达式内字面量可能是接口参数，是否实际展示以文案决策表与浏览器证据为准"
"src/normalized-ui/CustomerExperienceManagementPanel.tsx","940","LoyaltyTierAndRedemptionPanel","jsx-text","配置原因","","完整候选索引；表达式内字面量可能是接口参数，是否实际展示以文案决策表与浏览器证据为准"
"src/normalized-ui/CustomerExperienceManagementPanel.tsx","941","LoyaltyTierAndRedemptionPanel","jsx-text","保存完整目录草稿","","完整候选索引；表达式内字面量可能是接口参数，是否实际展示以文案决策表与浏览器证据为准"
"src/normalized-ui/CustomerExperienceManagementPanel.tsx","943","LoyaltyTierAndRedemptionPanel","jsx-text","兑换目录与开关","","完整候选索引；表达式内字面量可能是接口参数，是否实际展示以文案决策表与浏览器证据为准"
"src/normalized-ui/CustomerExperienceManagementPanel.tsx","943","LoyaltyTierAndRedemptionPanel","jsx-text","当前状态：","","完整候选索引；表达式内字面量可能是接口参数，是否实际展示以文案决策表与浏览器证据为准"
"src/normalized-ui/CustomerExperienceManagementPanel.tsx","943","LoyaltyTierAndRedemptionPanel","jsx-expression-literal","disabled","","完整候选索引；表达式内字面量可能是接口参数，是否实际展示以文案决策表与浏览器证据为准"
"src/normalized-ui/CustomerExperienceManagementPanel.tsx","943","LoyaltyTierAndRedemptionPanel","jsx-expression-literal","尚未配置","","完整候选索引；表达式内字面量可能是接口参数，是否实际展示以文案决策表与浏览器证据为准"
"src/normalized-ui/CustomerExperienceManagementPanel.tsx","944","LoyaltyTierAndRedemptionPanel","jsx-text","目录版本","","完整候选索引；表达式内字面量可能是接口参数，是否实际展示以文案决策表与浏览器证据为准"
"src/normalized-ui/CustomerExperienceManagementPanel.tsx","944","LoyaltyTierAndRedemptionPanel","jsx-text","项 ·","","完整候选索引；表达式内字面量可能是接口参数，是否实际展示以文案决策表与浏览器证据为准"
"src/normalized-ui/CustomerExperienceManagementPanel.tsx","944","LoyaltyTierAndRedemptionPanel","jsx-expression-literal","draft","","完整候选索引；表达式内字面量可能是接口参数，是否实际展示以文案决策表与浏览器证据为准"
"src/normalized-ui/CustomerExperienceManagementPanel.tsx","944","LoyaltyTierAndRedemptionPanel","jsx-text","前往配置中心审批","","完整候选索引；表达式内字面量可能是接口参数，是否实际展示以文案决策表与浏览器证据为准"
"src/normalized-ui/CustomerExperienceManagementPanel.tsx","944","LoyaltyTierAndRedemptionPanel","jsx-expression-literal","approved","","完整候选索引；表达式内字面量可能是接口参数，是否实际展示以文案决策表与浏览器证据为准"
"src/normalized-ui/CustomerExperienceManagementPanel.tsx","944","LoyaltyTierAndRedemptionPanel","jsx-text","排期发布","","完整候选索引；表达式内字面量可能是接口参数，是否实际展示以文案决策表与浏览器证据为准"
"src/normalized-ui/CustomerExperienceManagementPanel.tsx","945","LoyaltyTierAndRedemptionPanel","jsx-text","试点开放","","完整候选索引；表达式内字面量可能是接口参数，是否实际展示以文案决策表与浏览器证据为准"
"src/normalized-ui/CustomerExperienceManagementPanel.tsx","945","LoyaltyTierAndRedemptionPanel","jsx-text","正式开放","","完整候选索引；表达式内字面量可能是接口参数，是否实际展示以文案决策表与浏览器证据为准"
"src/normalized-ui/CustomerExperienceManagementPanel.tsx","945","LoyaltyTierAndRedemptionPanel","jsx-text","暂停","","完整候选索引；表达式内字面量可能是接口参数，是否实际展示以文案决策表与浏览器证据为准"
"src/normalized-ui/CustomerExperienceManagementPanel.tsx","945","LoyaltyTierAndRedemptionPanel","jsx-text","关闭","","完整候选索引；表达式内字面量可能是接口参数，是否实际展示以文案决策表与浏览器证据为准"
"src/normalized-ui/CustomerExperienceManagementPanel.tsx","947","LoyaltyTierAndRedemptionPanel","jsx-text","待实际交付","","完整候选索引；表达式内字面量可能是接口参数，是否实际展示以文案决策表与浏览器证据为准"
"src/normalized-ui/CustomerExperienceManagementPanel.tsx","947","LoyaltyTierAndRedemptionPanel","jsx-text","商品需在制作与送达页面完成交付；确认尚未履约的门店失败才允许按原积分批次返还","","完整候选索引；表达式内字面量可能是接口参数，是否实际展示以文案决策表与浏览器证据为准"
"src/normalized-ui/CustomerExperienceManagementPanel.tsx","947","LoyaltyTierAndRedemptionPanel","jsx-text","当前没有待交付兑换。","","完整候选索引；表达式内字面量可能是接口参数，是否实际展示以文案决策表与浏览器证据为准"
"src/normalized-ui/CustomerExperienceManagementPanel.tsx","947","LoyaltyTierAndRedemptionPanel","jsx-text","积分 ·","","完整候选索引；表达式内字面量可能是接口参数，是否实际展示以文案决策表与浏览器证据为准"
"src/normalized-ui/CustomerExperienceManagementPanel.tsx","947","LoyaltyTierAndRedemptionPanel","jsx-expression-literal","商品","","完整候选索引；表达式内字面量可能是接口参数，是否实际展示以文案决策表与浏览器证据为准"
"src/normalized-ui/CustomerExperienceManagementPanel.tsx","947","LoyaltyTierAndRedemptionPanel","jsx-expression-literal","会员权益","","完整候选索引；表达式内字面量可能是接口参数，是否实际展示以文案决策表与浏览器证据为准"
"src/normalized-ui/CustomerExperienceManagementPanel.tsx","947","LoyaltyTierAndRedemptionPanel","jsx-expression-literal","活动名额","","完整候选索引；表达式内字面量可能是接口参数，是否实际展示以文案决策表与浏览器证据为准"
"src/normalized-ui/CustomerExperienceManagementPanel.tsx","947","LoyaltyTierAndRedemptionPanel","jsx-expression-literal","现场服务","","完整候选索引；表达式内字面量可能是接口参数，是否实际展示以文案决策表与浏览器证据为准"
"src/normalized-ui/CustomerExperienceManagementPanel.tsx","947","LoyaltyTierAndRedemptionPanel","jsx-expression-literal","交付方式待确认","","完整候选索引；表达式内字面量可能是接口参数，是否实际展示以文案决策表与浏览器证据为准"
"src/normalized-ui/CustomerExperienceManagementPanel.tsx","947","LoyaltyTierAndRedemptionPanel","jsx-text","· 截止","","完整候选索引；表达式内字面量可能是接口参数，是否实际展示以文案决策表与浏览器证据为准"
"src/normalized-ui/CustomerExperienceManagementPanel.tsx","947","LoyaltyTierAndRedemptionPanel","jsx-expression-literal","zh-CN","","完整候选索引；表达式内字面量可能是接口参数，是否实际展示以文案决策表与浏览器证据为准"
"src/normalized-ui/CustomerExperienceManagementPanel.tsx","947","LoyaltyTierAndRedemptionPanel","jsx-text","确认已交付","","完整候选索引；表达式内字面量可能是接口参数，是否实际展示以文案决策表与浏览器证据为准"
"src/normalized-ui/CustomerExperienceManagementPanel.tsx","947","LoyaltyTierAndRedemptionPanel","jsx-text","确认尚未交付，退回积分","","完整候选索引；表达式内字面量可能是接口参数，是否实际展示以文案决策表与浏览器证据为准"
"src/normalized-ui/CustomerExperienceManagementPanel.tsx","1009","draft","feedback","新规则已保存为草稿，必须由另一名授权人员复核后才会生效。","","完整候选索引；表达式内字面量可能是接口参数，是否实际展示以文案决策表与浏览器证据为准"
"src/normalized-ui/CustomerExperienceManagementPanel.tsx","1016","approve","feedback","审批已移至上方“会员经营配置中心”：必须使用服务端持久化的限时影响预览。","服务端","完整候选索引；表达式内字面量可能是接口参数，是否实际展示以文案决策表与浏览器证据为准"
"src/normalized-ui/CustomerExperienceManagementPanel.tsx","1022","publish","display-definition","排期发布积分规则","","完整候选索引；表达式内字面量可能是接口参数，是否实际展示以文案决策表与浏览器证据为准"
"src/normalized-ui/CustomerExperienceManagementPanel.tsx","1023","publish","display-definition","请输入 ISO 格式的生效时间，例如 2026-08-20T12:00:00+08:00。","ISO","完整候选索引；表达式内字面量可能是接口参数，是否实际展示以文案决策表与浏览器证据为准"
"src/normalized-ui/CustomerExperienceManagementPanel.tsx","1024","publish","display-definition","生效时间","","完整候选索引；表达式内字面量可能是接口参数，是否实际展示以文案决策表与浏览器证据为准"
"src/normalized-ui/CustomerExperienceManagementPanel.tsx","1028","publish","feedback","生效时间格式不正确，未发布。","","完整候选索引；表达式内字面量可能是接口参数，是否实际展示以文案决策表与浏览器证据为准"
"src/normalized-ui/CustomerExperienceManagementPanel.tsx","1030","publish","display-definition","填写发布说明","","完整候选索引；表达式内字面量可能是接口参数，是否实际展示以文案决策表与浏览器证据为准"
"src/normalized-ui/CustomerExperienceManagementPanel.tsx","1031","publish","display-definition","至少填写 2 个字，便于后续审计。","","完整候选索引；表达式内字面量可能是接口参数，是否实际展示以文案决策表与浏览器证据为准"
"src/normalized-ui/CustomerExperienceManagementPanel.tsx","1032","publish","display-definition","发布说明","","完整候选索引；表达式内字面量可能是接口参数，是否实际展示以文案决策表与浏览器证据为准"
"src/normalized-ui/CustomerExperienceManagementPanel.tsx","1035","publish","feedback","发布说明不足，未发布。","","完整候选索引；表达式内字面量可能是接口参数，是否实际展示以文案决策表与浏览器证据为准"
"src/normalized-ui/CustomerExperienceManagementPanel.tsx","1041","publish","feedback","规则已由第三名发布人排期；生效前旧规则继续运行，历史订单仍使用原规则版本。","","完整候选索引；表达式内字面量可能是接口参数，是否实际展示以文案决策表与浏览器证据为准"
"src/normalized-ui/CustomerExperienceManagementPanel.tsx","1049","requestSupplement","display-definition","申请积分补发","","完整候选索引；表达式内字面量可能是接口参数，是否实际展示以文案决策表与浏览器证据为准"
"src/normalized-ui/CustomerExperienceManagementPanel.tsx","1051","requestSupplement","display-definition","申请原因","","完整候选索引；表达式内字面量可能是接口参数，是否实际展示以文案决策表与浏览器证据为准"
"src/normalized-ui/CustomerExperienceManagementPanel.tsx","1054","requestSupplement","feedback","申请原因不足，未提交。","","完整候选索引；表达式内字面量可能是接口参数，是否实际展示以文案决策表与浏览器证据为准"
"src/normalized-ui/CustomerExperienceManagementPanel.tsx","1060","requestSupplement","feedback","补发申请已提交，必须由另一名授权人员复核。","","完整候选索引；表达式内字面量可能是接口参数，是否实际展示以文案决策表与浏览器证据为准"
"src/normalized-ui/CustomerExperienceManagementPanel.tsx","1088","LoyaltyPolicyPanel","jsx-text","积分与成长值规则","","完整候选索引；表达式内字面量可能是接口参数，是否实际展示以文案决策表与浏览器证据为准"
"src/normalized-ui/CustomerExperienceManagementPanel.tsx","1089","LoyaltyPolicyPanel","jsx-text","积分与成长值分账；起草、审批、发布由不同人员完成，未来排期不会让当前规则提前失效。","","完整候选索引；表达式内字面量可能是接口参数，是否实际展示以文案决策表与浏览器证据为准"
"src/normalized-ui/CustomerExperienceManagementPanel.tsx","1092","LoyaltyPolicyPanel","jsx-text","每多少分消费","","完整候选索引；表达式内字面量可能是接口参数，是否实际展示以文案决策表与浏览器证据为准"
"src/normalized-ui/CustomerExperienceManagementPanel.tsx","1093","LoyaltyPolicyPanel","jsx-text","获得积分","","完整候选索引；表达式内字面量可能是接口参数，是否实际展示以文案决策表与浏览器证据为准"
"src/normalized-ui/CustomerExperienceManagementPanel.tsx","1094","LoyaltyPolicyPanel","jsx-text","每多少分消费获得成长值","","完整候选索引；表达式内字面量可能是接口参数，是否实际展示以文案决策表与浏览器证据为准"
"src/normalized-ui/CustomerExperienceManagementPanel.tsx","1095","LoyaltyPolicyPanel","jsx-text","成长值","","完整候选索引；表达式内字面量可能是接口参数，是否实际展示以文案决策表与浏览器证据为准"
"src/normalized-ui/CustomerExperienceManagementPanel.tsx","1096","LoyaltyPolicyPanel","jsx-text","取整方式","","完整候选索引；表达式内字面量可能是接口参数，是否实际展示以文案决策表与浏览器证据为准"
"src/normalized-ui/CustomerExperienceManagementPanel.tsx","1096","LoyaltyPolicyPanel","jsx-text","向下取整","","完整候选索引；表达式内字面量可能是接口参数，是否实际展示以文案决策表与浏览器证据为准"
"src/normalized-ui/CustomerExperienceManagementPanel.tsx","1096","LoyaltyPolicyPanel","jsx-text","四舍五入","","完整候选索引；表达式内字面量可能是接口参数，是否实际展示以文案决策表与浏览器证据为准"
"src/normalized-ui/CustomerExperienceManagementPanel.tsx","1097","LoyaltyPolicyPanel","jsx-text","积分有效期（月）","","完整候选索引；表达式内字面量可能是接口参数，是否实际展示以文案决策表与浏览器证据为准"
"src/normalized-ui/CustomerExperienceManagementPanel.tsx","1098","LoyaltyPolicyPanel","jsx-text","配置原因","","完整候选索引；表达式内字面量可能是接口参数，是否实际展示以文案决策表与浏览器证据为准"
"src/normalized-ui/CustomerExperienceManagementPanel.tsx","1099","LoyaltyPolicyPanel","jsx-expression-literal","draft","","完整候选索引；表达式内字面量可能是接口参数，是否实际展示以文案决策表与浏览器证据为准"
"src/normalized-ui/CustomerExperienceManagementPanel.tsx","1099","LoyaltyPolicyPanel","jsx-expression-literal","正在保存","","完整候选索引；表达式内字面量可能是接口参数，是否实际展示以文案决策表与浏览器证据为准"
"src/normalized-ui/CustomerExperienceManagementPanel.tsx","1099","LoyaltyPolicyPanel","jsx-expression-literal","保存新版本草稿","","完整候选索引；表达式内字面量可能是接口参数，是否实际展示以文案决策表与浏览器证据为准"
"src/normalized-ui/CustomerExperienceManagementPanel.tsx","1103","LoyaltyPolicyPanel","jsx-text","版本","","完整候选索引；表达式内字面量可能是接口参数，是否实际展示以文案决策表与浏览器证据为准"
"src/normalized-ui/CustomerExperienceManagementPanel.tsx","1103","LoyaltyPolicyPanel","jsx-text","分消费得","","完整候选索引；表达式内字面量可能是接口参数，是否实际展示以文案决策表与浏览器证据为准"
"src/normalized-ui/CustomerExperienceManagementPanel.tsx","1103","LoyaltyPolicyPanel","jsx-text","积分；","","完整候选索引；表达式内字面量可能是接口参数，是否实际展示以文案决策表与浏览器证据为准"
"src/normalized-ui/CustomerExperienceManagementPanel.tsx","1103","LoyaltyPolicyPanel","jsx-text","分消费得","","完整候选索引；表达式内字面量可能是接口参数，是否实际展示以文案决策表与浏览器证据为准"
"src/normalized-ui/CustomerExperienceManagementPanel.tsx","1103","LoyaltyPolicyPanel","jsx-text","成长值；有效","","完整候选索引；表达式内字面量可能是接口参数，是否实际展示以文案决策表与浏览器证据为准"
"src/normalized-ui/CustomerExperienceManagementPanel.tsx","1103","LoyaltyPolicyPanel","jsx-text","个月","","完整候选索引；表达式内字面量可能是接口参数，是否实际展示以文案决策表与浏览器证据为准"
"src/normalized-ui/CustomerExperienceManagementPanel.tsx","1103","LoyaltyPolicyPanel","jsx-template-text","生效","","完整候选索引；表达式内字面量可能是接口参数，是否实际展示以文案决策表与浏览器证据为准"
"src/normalized-ui/CustomerExperienceManagementPanel.tsx","1103","LoyaltyPolicyPanel","jsx-expression-literal","zh-CN","","完整候选索引；表达式内字面量可能是接口参数，是否实际展示以文案决策表与浏览器证据为准"
"src/normalized-ui/CustomerExperienceManagementPanel.tsx","1104","LoyaltyPolicyPanel","jsx-expression-literal","draft","","完整候选索引；表达式内字面量可能是接口参数，是否实际展示以文案决策表与浏览器证据为准"
"src/normalized-ui/CustomerExperienceManagementPanel.tsx","1104","LoyaltyPolicyPanel","jsx-text","前往配置中心审批","","完整候选索引；表达式内字面量可能是接口参数，是否实际展示以文案决策表与浏览器证据为准"
"src/normalized-ui/CustomerExperienceManagementPanel.tsx","1104","LoyaltyPolicyPanel","jsx-expression-literal","approved","","完整候选索引；表达式内字面量可能是接口参数，是否实际展示以文案决策表与浏览器证据为准"
"src/normalized-ui/CustomerExperienceManagementPanel.tsx","1104","LoyaltyPolicyPanel","jsx-text","排期发布","","完整候选索引；表达式内字面量可能是接口参数，是否实际展示以文案决策表与浏览器证据为准"
"src/normalized-ui/CustomerExperienceManagementPanel.tsx","1108","LoyaltyPolicyPanel","jsx-text","自动积分对账","","完整候选索引；表达式内字面量可能是接口参数，是否实际展示以文案决策表与浏览器证据为准"
"src/normalized-ui/CustomerExperienceManagementPanel.tsx","1108","LoyaltyPolicyPanel","jsx-text","只按已付款订单、冻结计分资格和原规则版本计算","","完整候选索引；表达式内字面量可能是接口参数，是否实际展示以文案决策表与浏览器证据为准"
"src/normalized-ui/CustomerExperienceManagementPanel.tsx","1109","LoyaltyPolicyPanel","jsx-expression-literal","matched","","完整候选索引；表达式内字面量可能是接口参数，是否实际展示以文案决策表与浏览器证据为准"
"src/normalized-ui/CustomerExperienceManagementPanel.tsx","1109","LoyaltyPolicyPanel","jsx-text","当前没有待补发差异。","","完整候选索引；表达式内字面量可能是接口参数，是否实际展示以文案决策表与浏览器证据为准"
"src/normalized-ui/CustomerExperienceManagementPanel.tsx","1110","LoyaltyPolicyPanel","jsx-expression-literal","matched","","完整候选索引；表达式内字面量可能是接口参数，是否实际展示以文案决策表与浏览器证据为准"
"src/normalized-ui/CustomerExperienceManagementPanel.tsx","1111","LoyaltyPolicyPanel","jsx-text","应发","","完整候选索引；表达式内字面量可能是接口参数，是否实际展示以文案决策表与浏览器证据为准"
"src/normalized-ui/CustomerExperienceManagementPanel.tsx","1111","LoyaltyPolicyPanel","jsx-text","积分 /","","完整候选索引；表达式内字面量可能是接口参数，是否实际展示以文案决策表与浏览器证据为准"
"src/normalized-ui/CustomerExperienceManagementPanel.tsx","1111","LoyaltyPolicyPanel","jsx-text","成长值；已发","","完整候选索引；表达式内字面量可能是接口参数，是否实际展示以文案决策表与浏览器证据为准"
"src/normalized-ui/CustomerExperienceManagementPanel.tsx","1112","LoyaltyPolicyPanel","jsx-text","申请补发","","完整候选索引；表达式内字面量可能是接口参数，是否实际展示以文案决策表与浏览器证据为准"
"src/normalized-ui/CustomerExperienceManagementPanel.tsx","1116","LoyaltyPolicyPanel","jsx-text","补发审批","","完整候选索引；表达式内字面量可能是接口参数，是否实际展示以文案决策表与浏览器证据为准"
"src/normalized-ui/CustomerExperienceManagementPanel.tsx","1116","LoyaltyPolicyPanel","jsx-text","申请人与复核人必须是不同员工","","完整候选索引；表达式内字面量可能是接口参数，是否实际展示以文案决策表与浏览器证据为准"
"src/normalized-ui/CustomerExperienceManagementPanel.tsx","1117","LoyaltyPolicyPanel","jsx-text","还没有补发申请。","","完整候选索引；表达式内字面量可能是接口参数，是否实际展示以文案决策表与浏览器证据为准"
"src/normalized-ui/CustomerExperienceManagementPanel.tsx","1119","LoyaltyPolicyPanel","jsx-expression-literal","requested","","完整候选索引；表达式内字面量可能是接口参数，是否实际展示以文案决策表与浏览器证据为准"
"src/normalized-ui/CustomerExperienceManagementPanel.tsx","1119","LoyaltyPolicyPanel","jsx-expression-literal","待复核","","完整候选索引；表达式内字面量可能是接口参数，是否实际展示以文案决策表与浏览器证据为准"
"src/normalized-ui/CustomerExperienceManagementPanel.tsx","1119","LoyaltyPolicyPanel","jsx-expression-literal","executed","","完整候选索引；表达式内字面量可能是接口参数，是否实际展示以文案决策表与浏览器证据为准"
"src/normalized-ui/CustomerExperienceManagementPanel.tsx","1119","LoyaltyPolicyPanel","jsx-expression-literal","已入账","","完整候选索引；表达式内字面量可能是接口参数，是否实际展示以文案决策表与浏览器证据为准"
"src/normalized-ui/CustomerExperienceManagementPanel.tsx","1119","LoyaltyPolicyPanel","jsx-expression-literal","rejected","","完整候选索引；表达式内字面量可能是接口参数，是否实际展示以文案决策表与浏览器证据为准"
"src/normalized-ui/CustomerExperienceManagementPanel.tsx","1119","LoyaltyPolicyPanel","jsx-expression-literal","已驳回","","完整候选索引；表达式内字面量可能是接口参数，是否实际展示以文案决策表与浏览器证据为准"
"src/normalized-ui/CustomerExperienceManagementPanel.tsx","1119","LoyaltyPolicyPanel","jsx-text","申请：","","完整候选索引；表达式内字面量可能是接口参数，是否实际展示以文案决策表与浏览器证据为准"
"src/normalized-ui/CustomerExperienceManagementPanel.tsx","1119","LoyaltyPolicyPanel","jsx-text","积分 /","","完整候选索引；表达式内字面量可能是接口参数，是否实际展示以文案决策表与浏览器证据为准"
"src/normalized-ui/CustomerExperienceManagementPanel.tsx","1119","LoyaltyPolicyPanel","jsx-text","成长值","","完整候选索引；表达式内字面量可能是接口参数，是否实际展示以文案决策表与浏览器证据为准"
"src/normalized-ui/CustomerExperienceManagementPanel.tsx","1120","LoyaltyPolicyPanel","jsx-expression-literal","requested","","完整候选索引；表达式内字面量可能是接口参数，是否实际展示以文案决策表与浏览器证据为准"
"src/normalized-ui/CustomerExperienceManagementPanel.tsx","1120","LoyaltyPolicyPanel","jsx-text","复核通过","","完整候选索引；表达式内字面量可能是接口参数，是否实际展示以文案决策表与浏览器证据为准"
"src/normalized-ui/CustomerExperienceManagementPanel.tsx","1120","LoyaltyPolicyPanel","jsx-text","驳回","","完整候选索引；表达式内字面量可能是接口参数，是否实际展示以文案决策表与浏览器证据为准"
"src/normalized-ui/CustomerPublicationPanel.tsx","137","publishProfile","display-definition","确认发布顾客服务名","","完整候选索引；表达式内字面量可能是接口参数，是否实际展示以文案决策表与浏览器证据为准"
"src/normalized-ui/CustomerPublicationPanel.tsx","149","withdrawProfile","display-definition","填写撤下原因","","完整候选索引；表达式内字面量可能是接口参数，是否实际展示以文案决策表与浏览器证据为准"
"src/normalized-ui/CustomerPublicationPanel.tsx","149","withdrawProfile","display-definition","至少2个字；会保留在审计记录中。","","完整候选索引；表达式内字面量可能是接口参数，是否实际展示以文案决策表与浏览器证据为准"
"src/normalized-ui/CustomerPublicationPanel.tsx","149","withdrawProfile","display-definition","撤下原因","","完整候选索引；表达式内字面量可能是接口参数，是否实际展示以文案决策表与浏览器证据为准"
"src/normalized-ui/CustomerPublicationPanel.tsx","152","withdrawProfile","display-definition","确认撤下顾客服务名","","完整候选索引；表达式内字面量可能是接口参数，是否实际展示以文案决策表与浏览器证据为准"
"src/normalized-ui/CustomerPublicationPanel.tsx","188","publishPolicy","display-definition","确认发布隐私政策","","完整候选索引；表达式内字面量可能是接口参数，是否实际展示以文案决策表与浏览器证据为准"
"src/normalized-ui/CustomerPublicationPanel.tsx","201","withdrawPolicy","display-definition","填写撤下原因","","完整候选索引；表达式内字面量可能是接口参数，是否实际展示以文案决策表与浏览器证据为准"
"src/normalized-ui/CustomerPublicationPanel.tsx","201","withdrawPolicy","display-definition","至少2个字；会保留在审计记录中。","","完整候选索引；表达式内字面量可能是接口参数，是否实际展示以文案决策表与浏览器证据为准"
"src/normalized-ui/CustomerPublicationPanel.tsx","201","withdrawPolicy","display-definition","撤下原因","","完整候选索引；表达式内字面量可能是接口参数，是否实际展示以文案决策表与浏览器证据为准"
"src/normalized-ui/CustomerPublicationPanel.tsx","204","withdrawPolicy","display-definition","确认撤下隐私政策","","完整候选索引；表达式内字面量可能是接口参数，是否实际展示以文案决策表与浏览器证据为准"
"src/normalized-ui/CustomerPublicationPanel.tsx","223","CustomerPublicationPanel","jsx-text","正在读取顾客公开内容","","完整候选索引；表达式内字面量可能是接口参数，是否实际展示以文案决策表与浏览器证据为准"
"src/normalized-ui/CustomerPublicationPanel.tsx","224","CustomerPublicationPanel","jsx-expression-literal","顾客公开内容没有读取成功","","完整候选索引；表达式内字面量可能是接口参数，是否实际展示以文案决策表与浏览器证据为准"
"src/normalized-ui/CustomerPublicationPanel.tsx","224","CustomerPublicationPanel","jsx-text","重新读取","","完整候选索引；表达式内字面量可能是接口参数，是否实际展示以文案决策表与浏览器证据为准"
"src/normalized-ui/CustomerPublicationPanel.tsx","227","CustomerPublicationPanel","jsx-text","顾客可见内容必须经独立复核、版本化留痕","","完整候选索引；表达式内字面量可能是接口参数，是否实际展示以文案决策表与浏览器证据为准"
"src/normalized-ui/CustomerPublicationPanel.tsx","227","CustomerPublicationPanel","jsx-text","顾客公开资料与隐私政策","","完整候选索引；表达式内字面量可能是接口参数，是否实际展示以文案决策表与浏览器证据为准"
"src/normalized-ui/CustomerPublicationPanel.tsx","227","CustomerPublicationPanel","jsx-text","刷新","","完整候选索引；表达式内字面量可能是接口参数，是否实际展示以文案决策表与浏览器证据为准"
"src/normalized-ui/CustomerPublicationPanel.tsx","228","CustomerPublicationPanel","jsx-expression-literal","success","","完整候选索引；表达式内字面量可能是接口参数，是否实际展示以文案决策表与浏览器证据为准"
"src/normalized-ui/CustomerPublicationPanel.tsx","231","CustomerPublicationPanel","jsx-text","顾客公开服务名草稿","","完整候选索引；表达式内字面量可能是接口参数，是否实际展示以文案决策表与浏览器证据为准"
"src/normalized-ui/CustomerPublicationPanel.tsx","231","CustomerPublicationPanel","jsx-text","员工内部姓名不会自动对顾客展示；请仅录入已获员工确认的服务名。","","完整候选索引；表达式内字面量可能是接口参数，是否实际展示以文案决策表与浏览器证据为准"
"src/normalized-ui/CustomerPublicationPanel.tsx","232","CustomerPublicationPanel","jsx-text","员工","","完整候选索引；表达式内字面量可能是接口参数，是否实际展示以文案决策表与浏览器证据为准"
"src/normalized-ui/CustomerPublicationPanel.tsx","232","CustomerPublicationPanel","jsx-text","请选择","","完整候选索引；表达式内字面量可能是接口参数，是否实际展示以文案决策表与浏览器证据为准"
"src/normalized-ui/CustomerPublicationPanel.tsx","233","CustomerPublicationPanel","jsx-text","顾客公开服务名","","完整候选索引；表达式内字面量可能是接口参数，是否实际展示以文案决策表与浏览器证据为准"
"src/normalized-ui/CustomerPublicationPanel.tsx","233","CustomerPublicationPanel","attribute:placeholder","例如：小林","","完整候选索引；表达式内字面量可能是接口参数，是否实际展示以文案决策表与浏览器证据为准"
"src/normalized-ui/CustomerPublicationPanel.tsx","234","CustomerPublicationPanel","jsx-text","草拟说明","","完整候选索引；表达式内字面量可能是接口参数，是否实际展示以文案决策表与浏览器证据为准"
"src/normalized-ui/CustomerPublicationPanel.tsx","235","CustomerPublicationPanel","jsx-expression-literal","正在保存","","完整候选索引；表达式内字面量可能是接口参数，是否实际展示以文案决策表与浏览器证据为准"
"src/normalized-ui/CustomerPublicationPanel.tsx","235","CustomerPublicationPanel","jsx-expression-literal","保存草稿","","完整候选索引；表达式内字面量可能是接口参数，是否实际展示以文案决策表与浏览器证据为准"
"src/normalized-ui/CustomerPublicationPanel.tsx","238","CustomerPublicationPanel","jsx-text","门店或人事确认编号","","完整候选索引；表达式内字面量可能是接口参数，是否实际展示以文案决策表与浏览器证据为准"
"src/normalized-ui/CustomerPublicationPanel.tsx","238","CustomerPublicationPanel","attribute:placeholder","例如：HR-2026-0824-001","","完整候选索引；表达式内字面量可能是接口参数，是否实际展示以文案决策表与浏览器证据为准"
"src/normalized-ui/CustomerPublicationPanel.tsx","239","CustomerPublicationPanel","jsx-text","员工顾客公开服务名","","完整候选索引；表达式内字面量可能是接口参数，是否实际展示以文案决策表与浏览器证据为准"
"src/normalized-ui/CustomerPublicationPanel.tsx","239","CustomerPublicationPanel","jsx-text","发布后的内容只能撤下；如需更正，请新建草稿后重新独立发布。","","完整候选索引；表达式内字面量可能是接口参数，是否实际展示以文案决策表与浏览器证据为准"
"src/normalized-ui/CustomerPublicationPanel.tsx","239","CustomerPublicationPanel","jsx-text","暂无顾客公开服务名。","","完整候选索引；表达式内字面量可能是接口参数，是否实际展示以文案决策表与浏览器证据为准"
"src/normalized-ui/CustomerPublicationPanel.tsx","239","CustomerPublicationPanel","jsx-text","对应员工：","","完整候选索引；表达式内字面量可能是接口参数，是否实际展示以文案决策表与浏览器证据为准"
"src/normalized-ui/CustomerPublicationPanel.tsx","239","CustomerPublicationPanel","jsx-template-text","· 生效","","完整候选索引；表达式内字面量可能是接口参数，是否实际展示以文案决策表与浏览器证据为准"
"src/normalized-ui/CustomerPublicationPanel.tsx","239","CustomerPublicationPanel","jsx-expression-literal","draft","","完整候选索引；表达式内字面量可能是接口参数，是否实际展示以文案决策表与浏览器证据为准"
"src/normalized-ui/CustomerPublicationPanel.tsx","239","CustomerPublicationPanel","jsx-text","独立发布","","完整候选索引；表达式内字面量可能是接口参数，是否实际展示以文案决策表与浏览器证据为准"
"src/normalized-ui/CustomerPublicationPanel.tsx","239","CustomerPublicationPanel","jsx-expression-literal","published","","完整候选索引；表达式内字面量可能是接口参数，是否实际展示以文案决策表与浏览器证据为准"
"src/normalized-ui/CustomerPublicationPanel.tsx","239","CustomerPublicationPanel","jsx-text","撤下","","完整候选索引；表达式内字面量可能是接口参数，是否实际展示以文案决策表与浏览器证据为准"
"src/normalized-ui/CustomerPublicationPanel.tsx","242","CustomerPublicationPanel","jsx-text","隐私政策草稿","","完整候选索引；表达式内字面量可能是接口参数，是否实际展示以文案决策表与浏览器证据为准"
"src/normalized-ui/CustomerPublicationPanel.tsx","242","CustomerPublicationPanel","jsx-text","只可录入已经完成法务审核的正式内容；系统会自动计算正文摘要，草稿不会向顾客展示。","","完整候选索引；表达式内字面量可能是接口参数，是否实际展示以文案决策表与浏览器证据为准"
"src/normalized-ui/CustomerPublicationPanel.tsx","243","CustomerPublicationPanel","jsx-text","版本号","","完整候选索引；表达式内字面量可能是接口参数，是否实际展示以文案决策表与浏览器证据为准"
"src/normalized-ui/CustomerPublicationPanel.tsx","243","CustomerPublicationPanel","attribute:placeholder","例如：PIPL.2026.08","","完整候选索引；表达式内字面量可能是接口参数，是否实际展示以文案决策表与浏览器证据为准"
"src/normalized-ui/CustomerPublicationPanel.tsx","244","CustomerPublicationPanel","jsx-text","运营主体","","完整候选索引；表达式内字面量可能是接口参数，是否实际展示以文案决策表与浏览器证据为准"
"src/normalized-ui/CustomerPublicationPanel.tsx","245","CustomerPublicationPanel","jsx-text","联系渠道","","完整候选索引；表达式内字面量可能是接口参数，是否实际展示以文案决策表与浏览器证据为准"
"src/normalized-ui/CustomerPublicationPanel.tsx","245","CustomerPublicationPanel","attribute:placeholder","例如：privacy@example.com","","完整候选索引；表达式内字面量可能是接口参数，是否实际展示以文案决策表与浏览器证据为准"
"src/normalized-ui/CustomerPublicationPanel.tsx","246","CustomerPublicationPanel","jsx-text","数据保留规则版本","","完整候选索引；表达式内字面量可能是接口参数，是否实际展示以文案决策表与浏览器证据为准"
"src/normalized-ui/CustomerPublicationPanel.tsx","246","CustomerPublicationPanel","attribute:placeholder","例如：retention-v1","","完整候选索引；表达式内字面量可能是接口参数，是否实际展示以文案决策表与浏览器证据为准"
"src/normalized-ui/CustomerPublicationPanel.tsx","247","CustomerPublicationPanel","jsx-text","第三方服务清单版本","","完整候选索引；表达式内字面量可能是接口参数，是否实际展示以文案决策表与浏览器证据为准"
"src/normalized-ui/CustomerPublicationPanel.tsx","247","CustomerPublicationPanel","attribute:placeholder","例如：third-party-v1","","完整候选索引；表达式内字面量可能是接口参数，是否实际展示以文案决策表与浏览器证据为准"
"src/normalized-ui/CustomerPublicationPanel.tsx","248","CustomerPublicationPanel","jsx-text","隐私政策正文","","完整候选索引；表达式内字面量可能是接口参数，是否实际展示以文案决策表与浏览器证据为准"
"src/normalized-ui/CustomerPublicationPanel.tsx","248","CustomerPublicationPanel","attribute:placeholder","粘贴已获批准的正式隐私政策全文","","完整候选索引；表达式内字面量可能是接口参数，是否实际展示以文案决策表与浏览器证据为准"
"src/normalized-ui/CustomerPublicationPanel.tsx","249","CustomerPublicationPanel","jsx-text","草拟说明","","完整候选索引；表达式内字面量可能是接口参数，是否实际展示以文案决策表与浏览器证据为准"
"src/normalized-ui/CustomerPublicationPanel.tsx","250","CustomerPublicationPanel","jsx-expression-literal","正在保存","","完整候选索引；表达式内字面量可能是接口参数，是否实际展示以文案决策表与浏览器证据为准"
"src/normalized-ui/CustomerPublicationPanel.tsx","250","CustomerPublicationPanel","jsx-expression-literal","保存政策草稿","","完整候选索引；表达式内字面量可能是接口参数，是否实际展示以文案决策表与浏览器证据为准"
"src/normalized-ui/CustomerPublicationPanel.tsx","253","CustomerPublicationPanel","jsx-text","法务或运营批准人","","完整候选索引；表达式内字面量可能是接口参数，是否实际展示以文案决策表与浏览器证据为准"
"src/normalized-ui/CustomerPublicationPanel.tsx","253","CustomerPublicationPanel","attribute:placeholder","已实际复核的姓名或主体","","完整候选索引；表达式内字面量可能是接口参数，是否实际展示以文案决策表与浏览器证据为准"
"src/normalized-ui/CustomerPublicationPanel.tsx","253","CustomerPublicationPanel","jsx-text","批准材料编号","","完整候选索引；表达式内字面量可能是接口参数，是否实际展示以文案决策表与浏览器证据为准"
"src/normalized-ui/CustomerPublicationPanel.tsx","253","CustomerPublicationPanel","attribute:placeholder","例如：LEGAL-2026-0824-001","","完整候选索引；表达式内字面量可能是接口参数，是否实际展示以文案决策表与浏览器证据为准"
"src/normalized-ui/CustomerPublicationPanel.tsx","254","CustomerPublicationPanel","jsx-text","隐私政策版本","","完整候选索引；表达式内字面量可能是接口参数，是否实际展示以文案决策表与浏览器证据为准"
"src/normalized-ui/CustomerPublicationPanel.tsx","254","CustomerPublicationPanel","jsx-text","未发布版本不对顾客显示；撤下当前版本会触发生产发布门禁。","门禁","完整候选索引；表达式内字面量可能是接口参数，是否实际展示以文案决策表与浏览器证据为准"
"src/normalized-ui/CustomerPublicationPanel.tsx","254","CustomerPublicationPanel","jsx-text","暂无隐私政策版本，顾客端会保持不展示。","","完整候选索引；表达式内字面量可能是接口参数，是否实际展示以文案决策表与浏览器证据为准"
"src/normalized-ui/CustomerPublicationPanel.tsx","254","CustomerPublicationPanel","jsx-text","· 摘要","","完整候选索引；表达式内字面量可能是接口参数，是否实际展示以文案决策表与浏览器证据为准"
"src/normalized-ui/CustomerPublicationPanel.tsx","254","CustomerPublicationPanel","jsx-template-text","· 生效","","完整候选索引；表达式内字面量可能是接口参数，是否实际展示以文案决策表与浏览器证据为准"
"src/normalized-ui/CustomerPublicationPanel.tsx","254","CustomerPublicationPanel","jsx-expression-literal","draft","","完整候选索引；表达式内字面量可能是接口参数，是否实际展示以文案决策表与浏览器证据为准"
"src/normalized-ui/CustomerPublicationPanel.tsx","254","CustomerPublicationPanel","jsx-text","独立发布","","完整候选索引；表达式内字面量可能是接口参数，是否实际展示以文案决策表与浏览器证据为准"
"src/normalized-ui/CustomerPublicationPanel.tsx","254","CustomerPublicationPanel","jsx-expression-literal","published","","完整候选索引；表达式内字面量可能是接口参数，是否实际展示以文案决策表与浏览器证据为准"
"src/normalized-ui/CustomerPublicationPanel.tsx","254","CustomerPublicationPanel","jsx-text","撤下","","完整候选索引；表达式内字面量可能是接口参数，是否实际展示以文案决策表与浏览器证据为准"
"src/normalized-ui/CustomerPublicationPanel.tsx","255","CustomerPublicationPanel","jsx-text","这里记录的是发布链和材料编号，不替代真实员工确认、法务批准、微信平台审核或现场验收。尚未提交这些材料时，生产发布门禁仍会阻止部署。","门禁","完整候选索引；表达式内字面量可能是接口参数，是否实际展示以文案决策表与浏览器证据为准"
"src/normalized-ui/GroupVoucherRedemptionPanel.tsx","94","consume","display-definition","确认核销团购券","","完整候选索引；表达式内字面量可能是接口参数，是否实际展示以文案决策表与浏览器证据为准"
"src/normalized-ui/GroupVoucherRedemptionPanel.tsx","122","GroupVoucherRedemptionPanel","attribute:aria-label","团购核销","","完整候选索引；表达式内字面量可能是接口参数，是否实际展示以文案决策表与浏览器证据为准"
"src/normalized-ui/GroupVoucherRedemptionPanel.tsx","126","GroupVoucherRedemptionPanel","jsx-text","团购券核销","","完整候选索引；表达式内字面量可能是接口参数，是否实际展示以文案决策表与浏览器证据为准"
"src/normalized-ui/GroupVoucherRedemptionPanel.tsx","127","GroupVoucherRedemptionPanel","jsx-text","仅支持大众点评、美团、抖音、快手。先查询再确认，避免未核对就消耗券码。","","完整候选索引；表达式内字面量可能是接口参数，是否实际展示以文案决策表与浏览器证据为准"
"src/normalized-ui/GroupVoucherRedemptionPanel.tsx","131","GroupVoucherRedemptionPanel","jsx-expression-literal","success","","完整候选索引；表达式内字面量可能是接口参数，是否实际展示以文案决策表与浏览器证据为准"
"src/normalized-ui/GroupVoucherRedemptionPanel.tsx","136","GroupVoucherRedemptionPanel","jsx-text","查询待核销券","","完整候选索引；表达式内字面量可能是接口参数，是否实际展示以文案决策表与浏览器证据为准"
"src/normalized-ui/GroupVoucherRedemptionPanel.tsx","137","GroupVoucherRedemptionPanel","jsx-template-text","当前可核销","","完整候选索引；表达式内字面量可能是接口参数，是否实际展示以文案决策表与浏览器证据为准"
"src/normalized-ui/GroupVoucherRedemptionPanel.tsx","137","GroupVoucherRedemptionPanel","jsx-template-text","尚未开通，请联系管理者。","","完整候选索引；表达式内字面量可能是接口参数，是否实际展示以文案决策表与浏览器证据为准"
"src/normalized-ui/GroupVoucherRedemptionPanel.tsx","139","GroupVoucherRedemptionPanel","jsx-text","平台","","完整候选索引；表达式内字面量可能是接口参数，是否实际展示以文案决策表与浏览器证据为准"
"src/normalized-ui/GroupVoucherRedemptionPanel.tsx","148","GroupVoucherRedemptionPanel","jsx-expression-literal","（未配置）","","完整候选索引；表达式内字面量可能是接口参数，是否实际展示以文案决策表与浏览器证据为准"
"src/normalized-ui/GroupVoucherRedemptionPanel.tsx","153","GroupVoucherRedemptionPanel","jsx-text","券码或付款码","","完整候选索引；表达式内字面量可能是接口参数，是否实际展示以文案决策表与浏览器证据为准"
"src/normalized-ui/GroupVoucherRedemptionPanel.tsx","155","GroupVoucherRedemptionPanel","attribute:placeholder","输入或扫描顾客出示的券码","","完整候选索引；表达式内字面量可能是接口参数，是否实际展示以文案决策表与浏览器证据为准"
"src/normalized-ui/GroupVoucherRedemptionPanel.tsx","158","GroupVoucherRedemptionPanel","jsx-text","扫码","","完整候选索引；表达式内字面量可能是接口参数，是否实际展示以文案决策表与浏览器证据为准"
"src/normalized-ui/GroupVoucherRedemptionPanel.tsx","162","GroupVoucherRedemptionPanel","jsx-expression-literal","prepare","","完整候选索引；表达式内字面量可能是接口参数，是否实际展示以文案决策表与浏览器证据为准"
"src/normalized-ui/GroupVoucherRedemptionPanel.tsx","162","GroupVoucherRedemptionPanel","jsx-expression-literal","查询券状态","","完整候选索引；表达式内字面量可能是接口参数，是否实际展示以文案决策表与浏览器证据为准"
"src/normalized-ui/GroupVoucherRedemptionPanel.tsx","162","GroupVoucherRedemptionPanel","jsx-text","正在查询","","完整候选索引；表达式内字面量可能是接口参数，是否实际展示以文案决策表与浏览器证据为准"
"src/normalized-ui/GroupVoucherRedemptionPanel.tsx","170","GroupVoucherRedemptionPanel","jsx-text","面额 ¥","","完整候选索引；表达式内字面量可能是接口参数，是否实际展示以文案决策表与浏览器证据为准"
"src/normalized-ui/GroupVoucherRedemptionPanel.tsx","170","GroupVoucherRedemptionPanel","jsx-text","· 平台结算 ¥","","完整候选索引；表达式内字面量可能是接口参数，是否实际展示以文案决策表与浏览器证据为准"
"src/normalized-ui/GroupVoucherRedemptionPanel.tsx","172","GroupVoucherRedemptionPanel","jsx-expression-literal","consume","","完整候选索引；表达式内字面量可能是接口参数，是否实际展示以文案决策表与浏览器证据为准"
"src/normalized-ui/GroupVoucherRedemptionPanel.tsx","172","GroupVoucherRedemptionPanel","jsx-expression-literal","正在核销","","完整候选索引；表达式内字面量可能是接口参数，是否实际展示以文案决策表与浏览器证据为准"
"src/normalized-ui/GroupVoucherRedemptionPanel.tsx","172","GroupVoucherRedemptionPanel","jsx-expression-literal","确认核销","","完整候选索引；表达式内字面量可能是接口参数，是否实际展示以文案决策表与浏览器证据为准"
"src/normalized-ui/GroupVoucherRedemptionPanel.tsx","175","GroupVoucherRedemptionPanel","attribute:aria-label","最近核销","","完整候选索引；表达式内字面量可能是接口参数，是否实际展示以文案决策表与浏览器证据为准"
"src/normalized-ui/GroupVoucherRedemptionPanel.tsx","176","GroupVoucherRedemptionPanel","jsx-text","核销记录更新失败。已确认的核销结果仍然有效，请勿重复办理。","","完整候选索引；表达式内字面量可能是接口参数，是否实际展示以文案决策表与浏览器证据为准"
"src/normalized-ui/GroupVoucherRedemptionPanel.tsx","176","GroupVoucherRedemptionPanel","jsx-text","重新读取核销记录","","完整候选索引；表达式内字面量可能是接口参数，是否实际展示以文案决策表与浏览器证据为准"
"src/normalized-ui/GroupVoucherRedemptionPanel.tsx","177","GroupVoucherRedemptionPanel","jsx-expression-literal","正在读取核销记录","","完整候选索引；表达式内字面量可能是接口参数，是否实际展示以文案决策表与浏览器证据为准"
"src/normalized-ui/GroupVoucherRedemptionPanel.tsx","177","GroupVoucherRedemptionPanel","jsx-expression-literal","核销记录尚未读到","","完整候选索引；表达式内字面量可能是接口参数，是否实际展示以文案决策表与浏览器证据为准"
"src/normalized-ui/GroupVoucherRedemptionPanel.tsx","178","GroupVoucherRedemptionPanel","jsx-text","本营业日还没有团购核销记录","","完整候选索引；表达式内字面量可能是接口参数，是否实际展示以文案决策表与浏览器证据为准"
"src/normalized-ui/GroupVoucherRedemptionPanel.tsx","182","GroupVoucherRedemptionPanel","jsx-expression-literal","团购平台","","完整候选索引；表达式内字面量可能是接口参数，是否实际展示以文案决策表与浏览器证据为准"
"src/normalized-ui/GroupVoucherRedemptionPanel.tsx","187","GroupVoucherRedemptionPanel","attribute:title","扫描团购券码或二维码","","完整候选索引；表达式内字面量可能是接口参数，是否实际展示以文案决策表与浏览器证据为准"
"src/normalized-ui/HomeContentManagementPanel.tsx","54","create","feedback","正在建立首页精选内容草稿。未发布前顾客端不可见。","","完整候选索引；表达式内字面量可能是接口参数，是否实际展示以文案决策表与浏览器证据为准"
"src/normalized-ui/HomeContentManagementPanel.tsx","66","save","feedback","草稿已保存，发布前不会出现在小程序首页。","","完整候选索引；表达式内字面量可能是接口参数，是否实际展示以文案决策表与浏览器证据为准"
"src/normalized-ui/HomeContentManagementPanel.tsx","99","HomeContentManagementPanel","attribute:aria-label","小程序内容与门店联系管理","","完整候选索引；表达式内字面量可能是接口参数，是否实际展示以文案决策表与浏览器证据为准"
"src/normalized-ui/HomeContentManagementPanel.tsx","100","HomeContentManagementPanel","jsx-text","小程序内容与门店联系","","完整候选索引；表达式内字面量可能是接口参数，是否实际展示以文案决策表与浏览器证据为准"
"src/normalized-ui/HomeContentManagementPanel.tsx","100","HomeContentManagementPanel","jsx-text","品牌故事、推广和活动内容统一以品牌绿横向图文卡展示；有联系配置权限时可单独维护电话和企业微信。","","完整候选索引；表达式内字面量可能是接口参数，是否实际展示以文案决策表与浏览器证据为准"
"src/normalized-ui/HomeContentManagementPanel.tsx","100","HomeContentManagementPanel","jsx-expression-literal","收起","","完整候选索引；表达式内字面量可能是接口参数，是否实际展示以文案决策表与浏览器证据为准"
"src/normalized-ui/HomeContentManagementPanel.tsx","100","HomeContentManagementPanel","jsx-expression-literal","打开管理","","完整候选索引；表达式内字面量可能是接口参数，是否实际展示以文案决策表与浏览器证据为准"
"src/normalized-ui/HomeContentManagementPanel.tsx","104","HomeContentManagementPanel","jsx-text","条内容","","完整候选索引；表达式内字面量可能是接口参数，是否实际展示以文案决策表与浏览器证据为准"
"src/normalized-ui/HomeContentManagementPanel.tsx","104","HomeContentManagementPanel","jsx-text","新建内容草稿","","完整候选索引；表达式内字面量可能是接口参数，是否实际展示以文案决策表与浏览器证据为准"
"src/normalized-ui/HomeContentManagementPanel.tsx","104","HomeContentManagementPanel","jsx-text","刷新","","完整候选索引；表达式内字面量可能是接口参数，是否实际展示以文案决策表与浏览器证据为准"
"src/normalized-ui/HomeContentManagementPanel.tsx","105","HomeContentManagementPanel","jsx-text","· 顺序","","完整候选索引；表达式内字面量可能是接口参数，是否实际展示以文案决策表与浏览器证据为准"
"src/normalized-ui/HomeContentManagementPanel.tsx","106","HomeContentManagementPanel","jsx-expression-literal","编辑首页内容草稿","","完整候选索引；表达式内字面量可能是接口参数，是否实际展示以文案决策表与浏览器证据为准"
"src/normalized-ui/HomeContentManagementPanel.tsx","106","HomeContentManagementPanel","jsx-expression-literal","填写新内容","","完整候选索引；表达式内字面量可能是接口参数，是否实际展示以文案决策表与浏览器证据为准"
"src/normalized-ui/HomeContentManagementPanel.tsx","107","HomeContentManagementPanel","jsx-text","展示内容","","完整候选索引；表达式内字面量可能是接口参数，是否实际展示以文案决策表与浏览器证据为准"
"src/normalized-ui/HomeContentManagementPanel.tsx","108","HomeContentManagementPanel","jsx-text","内容编号","","完整候选索引；表达式内字面量可能是接口参数，是否实际展示以文案决策表与浏览器证据为准"
"src/normalized-ui/HomeContentManagementPanel.tsx","108","HomeContentManagementPanel","attribute:placeholder","mbox-story-1999","","完整候选索引；表达式内字面量可能是接口参数，是否实际展示以文案决策表与浏览器证据为准"
"src/normalized-ui/HomeContentManagementPanel.tsx","109","HomeContentManagementPanel","jsx-text","内容类型","","完整候选索引；表达式内字面量可能是接口参数，是否实际展示以文案决策表与浏览器证据为准"
"src/normalized-ui/HomeContentManagementPanel.tsx","109","HomeContentManagementPanel","jsx-text","品牌故事","","完整候选索引；表达式内字面量可能是接口参数，是否实际展示以文案决策表与浏览器证据为准"
"src/normalized-ui/HomeContentManagementPanel.tsx","109","HomeContentManagementPanel","jsx-text","演出内容","","完整候选索引；表达式内字面量可能是接口参数，是否实际展示以文案决策表与浏览器证据为准"
"src/normalized-ui/HomeContentManagementPanel.tsx","109","HomeContentManagementPanel","jsx-text","活动内容","","完整候选索引；表达式内字面量可能是接口参数，是否实际展示以文案决策表与浏览器证据为准"
"src/normalized-ui/HomeContentManagementPanel.tsx","109","HomeContentManagementPanel","jsx-text","会员内容","","完整候选索引；表达式内字面量可能是接口参数，是否实际展示以文案决策表与浏览器证据为准"
"src/normalized-ui/HomeContentManagementPanel.tsx","109","HomeContentManagementPanel","jsx-text","推广 / 预售内容","","完整候选索引；表达式内字面量可能是接口参数，是否实际展示以文案决策表与浏览器证据为准"
"src/normalized-ui/HomeContentManagementPanel.tsx","109","HomeContentManagementPanel","jsx-text","回访内容","","完整候选索引；表达式内字面量可能是接口参数，是否实际展示以文案决策表与浏览器证据为准"
"src/normalized-ui/HomeContentManagementPanel.tsx","109","HomeContentManagementPanel","jsx-text","各类型发布后统一使用品牌绿横向图文卡；图片为空时使用 M-BOX 品牌图。","","完整候选索引；表达式内字面量可能是接口参数，是否实际展示以文案决策表与浏览器证据为准"
"src/normalized-ui/HomeContentManagementPanel.tsx","110","HomeContentManagementPanel","jsx-text","标题","","完整候选索引；表达式内字面量可能是接口参数，是否实际展示以文案决策表与浏览器证据为准"
"src/normalized-ui/HomeContentManagementPanel.tsx","111","HomeContentManagementPanel","jsx-text","摘要","","完整候选索引；表达式内字面量可能是接口参数，是否实际展示以文案决策表与浏览器证据为准"
"src/normalized-ui/HomeContentManagementPanel.tsx","112","HomeContentManagementPanel","jsx-text","图片（可选）","","完整候选索引；表达式内字面量可能是接口参数，是否实际展示以文案决策表与浏览器证据为准"
"src/normalized-ui/HomeContentManagementPanel.tsx","112","HomeContentManagementPanel","attribute:placeholder","请通过下方图片库上传或选择（单张不超过 200KB）","","完整候选索引；表达式内字面量可能是接口参数，是否实际展示以文案决策表与浏览器证据为准"
"src/normalized-ui/HomeContentManagementPanel.tsx","113","HomeContentManagementPanel","attribute:label","上传首页图片","","完整候选索引；表达式内字面量可能是接口参数，是否实际展示以文案决策表与浏览器证据为准"
"src/normalized-ui/HomeContentManagementPanel.tsx","115","HomeContentManagementPanel","jsx-text","操作与排期","","完整候选索引；表达式内字面量可能是接口参数，是否实际展示以文案决策表与浏览器证据为准"
"src/normalized-ui/HomeContentManagementPanel.tsx","116","HomeContentManagementPanel","jsx-text","操作文案","","完整候选索引；表达式内字面量可能是接口参数，是否实际展示以文案决策表与浏览器证据为准"
"src/normalized-ui/HomeContentManagementPanel.tsx","117","HomeContentManagementPanel","jsx-text","打开页面","","完整候选索引；表达式内字面量可能是接口参数，是否实际展示以文案决策表与浏览器证据为准"
"src/normalized-ui/HomeContentManagementPanel.tsx","117","HomeContentManagementPanel","jsx-text","仅在首页阅读","","完整候选索引；表达式内字面量可能是接口参数，是否实际展示以文案决策表与浏览器证据为准"
"src/normalized-ui/HomeContentManagementPanel.tsx","117","HomeContentManagementPanel","jsx-text","超嗨活动","","完整候选索引；表达式内字面量可能是接口参数，是否实际展示以文案决策表与浏览器证据为准"
"src/normalized-ui/HomeContentManagementPanel.tsx","117","HomeContentManagementPanel","jsx-text","预约","","完整候选索引；表达式内字面量可能是接口参数，是否实际展示以文案决策表与浏览器证据为准"
"src/normalized-ui/HomeContentManagementPanel.tsx","117","HomeContentManagementPanel","jsx-text","菜单","","完整候选索引；表达式内字面量可能是接口参数，是否实际展示以文案决策表与浏览器证据为准"
"src/normalized-ui/HomeContentManagementPanel.tsx","117","HomeContentManagementPanel","jsx-text","我的会员","","完整候选索引；表达式内字面量可能是接口参数，是否实际展示以文案决策表与浏览器证据为准"
"src/normalized-ui/HomeContentManagementPanel.tsx","118","HomeContentManagementPanel","jsx-text","首页展示方式","","完整候选索引；表达式内字面量可能是接口参数，是否实际展示以文案决策表与浏览器证据为准"
"src/normalized-ui/HomeContentManagementPanel.tsx","118","HomeContentManagementPanel","jsx-text","常驻首页","","完整候选索引；表达式内字面量可能是接口参数，是否实际展示以文案决策表与浏览器证据为准"
"src/normalized-ui/HomeContentManagementPanel.tsx","118","HomeContentManagementPanel","jsx-text","轮换展示","","完整候选索引；表达式内字面量可能是接口参数，是否实际展示以文案决策表与浏览器证据为准"
"src/normalized-ui/HomeContentManagementPanel.tsx","118","HomeContentManagementPanel","jsx-text","常驻内容始终保留；轮换内容每 6 小时选出一条。暂停展示可立即撤下。","","完整候选索引；表达式内字面量可能是接口参数，是否实际展示以文案决策表与浏览器证据为准"
"src/normalized-ui/HomeContentManagementPanel.tsx","119","HomeContentManagementPanel","jsx-text","展示对象","","完整候选索引；表达式内字面量可能是接口参数，是否实际展示以文案决策表与浏览器证据为准"
"src/normalized-ui/HomeContentManagementPanel.tsx","119","HomeContentManagementPanel","jsx-text","所有顾客","","完整候选索引；表达式内字面量可能是接口参数，是否实际展示以文案决策表与浏览器证据为准"
"src/normalized-ui/HomeContentManagementPanel.tsx","119","HomeContentManagementPanel","jsx-text","仅会员","","完整候选索引；表达式内字面量可能是接口参数，是否实际展示以文案决策表与浏览器证据为准"
"src/normalized-ui/HomeContentManagementPanel.tsx","120","HomeContentManagementPanel","jsx-text","展示顺序","","完整候选索引；表达式内字面量可能是接口参数，是否实际展示以文案决策表与浏览器证据为准"
"src/normalized-ui/HomeContentManagementPanel.tsx","121","HomeContentManagementPanel","jsx-text","开始展示","","完整候选索引；表达式内字面量可能是接口参数，是否实际展示以文案决策表与浏览器证据为准"
"src/normalized-ui/HomeContentManagementPanel.tsx","122","HomeContentManagementPanel","jsx-text","结束展示","","完整候选索引；表达式内字面量可能是接口参数，是否实际展示以文案决策表与浏览器证据为准"
"src/normalized-ui/HomeContentManagementPanel.tsx","123","HomeContentManagementPanel","jsx-text","编辑原因","","完整候选索引；表达式内字面量可能是接口参数，是否实际展示以文案决策表与浏览器证据为准"
"src/normalized-ui/HomeContentManagementPanel.tsx","123","HomeContentManagementPanel","attribute:placeholder","说明本次内容与排期","","完整候选索引；表达式内字面量可能是接口参数，是否实际展示以文案决策表与浏览器证据为准"
"src/normalized-ui/HomeContentManagementPanel.tsx","125","HomeContentManagementPanel","jsx-expression-literal","保存草稿","","完整候选索引；表达式内字面量可能是接口参数，是否实际展示以文案决策表与浏览器证据为准"
"src/normalized-ui/HomeContentManagementPanel.tsx","125","HomeContentManagementPanel","jsx-expression-literal","建立草稿","","完整候选索引；表达式内字面量可能是接口参数，是否实际展示以文案决策表与浏览器证据为准"
"src/normalized-ui/HomeContentManagementPanel.tsx","127","HomeContentManagementPanel","jsx-expression-literal","member","","完整候选索引；表达式内字面量可能是接口参数，是否实际展示以文案决策表与浏览器证据为准"
"src/normalized-ui/HomeContentManagementPanel.tsx","127","HomeContentManagementPanel","jsx-expression-literal","仅会员","","完整候选索引；表达式内字面量可能是接口参数，是否实际展示以文案决策表与浏览器证据为准"
"src/normalized-ui/HomeContentManagementPanel.tsx","127","HomeContentManagementPanel","jsx-expression-literal","所有顾客","","完整候选索引；表达式内字面量可能是接口参数，是否实际展示以文案决策表与浏览器证据为准"
"src/normalized-ui/HomeContentManagementPanel.tsx","127","HomeContentManagementPanel","jsx-expression-literal","published","","完整候选索引；表达式内字面量可能是接口参数，是否实际展示以文案决策表与浏览器证据为准"
"src/normalized-ui/HomeContentManagementPanel.tsx","127","HomeContentManagementPanel","jsx-text","撤下首页","","完整候选索引；表达式内字面量可能是接口参数，是否实际展示以文案决策表与浏览器证据为准"
"src/normalized-ui/HomeContentManagementPanel.tsx","127","HomeContentManagementPanel","jsx-expression-literal","draft","","完整候选索引；表达式内字面量可能是接口参数，是否实际展示以文案决策表与浏览器证据为准"
"src/normalized-ui/HomeContentManagementPanel.tsx","127","HomeContentManagementPanel","jsx-expression-literal","paused","","完整候选索引；表达式内字面量可能是接口参数，是否实际展示以文案决策表与浏览器证据为准"
"src/normalized-ui/HomeContentManagementPanel.tsx","127","HomeContentManagementPanel","jsx-text","发布","","完整候选索引；表达式内字面量可能是接口参数，是否实际展示以文案决策表与浏览器证据为准"
"src/normalized-ui/HomeContentManagementPanel.tsx","129","HomeContentManagementPanel","jsx-text","顾客联系门店","","完整候选索引；表达式内字面量可能是接口参数，是否实际展示以文案决策表与浏览器证据为准"
"src/normalized-ui/HomeContentManagementPanel.tsx","129","HomeContentManagementPanel","jsx-text","电话与企业微信","","完整候选索引；表达式内字面量可能是接口参数，是否实际展示以文案决策表与浏览器证据为准"
"src/normalized-ui/HomeContentManagementPanel.tsx","129","HomeContentManagementPanel","jsx-text","顾客端状态","","完整候选索引；表达式内字面量可能是接口参数，是否实际展示以文案决策表与浏览器证据为准"
"src/normalized-ui/HomeContentManagementPanel.tsx","129","HomeContentManagementPanel","jsx-text","暂不展示","","完整候选索引；表达式内字面量可能是接口参数，是否实际展示以文案决策表与浏览器证据为准"
"src/normalized-ui/HomeContentManagementPanel.tsx","129","HomeContentManagementPanel","jsx-text","试运行展示","","完整候选索引；表达式内字面量可能是接口参数，是否实际展示以文案决策表与浏览器证据为准"
"src/normalized-ui/HomeContentManagementPanel.tsx","129","HomeContentManagementPanel","jsx-text","正式展示","","完整候选索引；表达式内字面量可能是接口参数，是否实际展示以文案决策表与浏览器证据为准"
"src/normalized-ui/HomeContentManagementPanel.tsx","129","HomeContentManagementPanel","jsx-text","启用后，“我的”页面显示门店电话和企业微信二维码；不填二维码时仅显示电话。","","完整候选索引；表达式内字面量可能是接口参数，是否实际展示以文案决策表与浏览器证据为准"
"src/normalized-ui/HomeContentManagementPanel.tsx","129","HomeContentManagementPanel","jsx-text","电话名称","","完整候选索引；表达式内字面量可能是接口参数，是否实际展示以文案决策表与浏览器证据为准"
"src/normalized-ui/HomeContentManagementPanel.tsx","129","HomeContentManagementPanel","attribute:placeholder","门店电话","","完整候选索引；表达式内字面量可能是接口参数，是否实际展示以文案决策表与浏览器证据为准"
"src/normalized-ui/HomeContentManagementPanel.tsx","129","HomeContentManagementPanel","jsx-text","门店联系电话","","完整候选索引；表达式内字面量可能是接口参数，是否实际展示以文案决策表与浏览器证据为准"
"src/normalized-ui/HomeContentManagementPanel.tsx","129","HomeContentManagementPanel","attribute:placeholder","如：021-12345678","","完整候选索引；表达式内字面量可能是接口参数，是否实际展示以文案决策表与浏览器证据为准"
"src/normalized-ui/HomeContentManagementPanel.tsx","129","HomeContentManagementPanel","jsx-text","企业微信名称","","完整候选索引；表达式内字面量可能是接口参数，是否实际展示以文案决策表与浏览器证据为准"
"src/normalized-ui/HomeContentManagementPanel.tsx","129","HomeContentManagementPanel","attribute:placeholder","M-BOX 企业微信","","完整候选索引；表达式内字面量可能是接口参数，是否实际展示以文案决策表与浏览器证据为准"
"src/normalized-ui/HomeContentManagementPanel.tsx","129","HomeContentManagementPanel","jsx-text","企业微信二维码（可选）","","完整候选索引；表达式内字面量可能是接口参数，是否实际展示以文案决策表与浏览器证据为准"
"src/normalized-ui/HomeContentManagementPanel.tsx","129","HomeContentManagementPanel","attribute:placeholder","请通过下方图片库上传或选择（单张不超过 200KB）","","完整候选索引；表达式内字面量可能是接口参数，是否实际展示以文案决策表与浏览器证据为准"
"src/normalized-ui/HomeContentManagementPanel.tsx","129","HomeContentManagementPanel","attribute:label","上传企业微信二维码","","完整候选索引；表达式内字面量可能是接口参数，是否实际展示以文案决策表与浏览器证据为准"
"src/normalized-ui/HomeContentManagementPanel.tsx","129","HomeContentManagementPanel","jsx-text","修改原因","","完整候选索引；表达式内字面量可能是接口参数，是否实际展示以文案决策表与浏览器证据为准"
"src/normalized-ui/HomeContentManagementPanel.tsx","129","HomeContentManagementPanel","attribute:placeholder","例如：更新值班联系电话和企业微信二维码","","完整候选索引；表达式内字面量可能是接口参数，是否实际展示以文案决策表与浏览器证据为准"
"src/normalized-ui/HomeContentManagementPanel.tsx","129","HomeContentManagementPanel","jsx-text","小程序会调用原生电话能力；企业微信二维码必须从站内图片库上传。直接聊天入口需在微信官方能力完成配置后再接入。","","完整候选索引；表达式内字面量可能是接口参数，是否实际展示以文案决策表与浏览器证据为准"
"src/normalized-ui/HomeContentManagementPanel.tsx","129","HomeContentManagementPanel","jsx-text","保存门店联系信息","","完整候选索引；表达式内字面量可能是接口参数，是否实际展示以文案决策表与浏览器证据为准"
"src/normalized-ui/InventoryBarcodeScanner.tsx","157","InventoryBarcodeScanner","jsx-text","手机摄像头","","完整候选索引；表达式内字面量可能是接口参数，是否实际展示以文案决策表与浏览器证据为准"
"src/normalized-ui/InventoryBarcodeScanner.tsx","157","InventoryBarcodeScanner","attribute:aria-label","关闭扫码","","完整候选索引；表达式内字面量可能是接口参数，是否实际展示以文案决策表与浏览器证据为准"
"src/normalized-ui/InventoryBarcodeScanner.tsx","161","InventoryBarcodeScanner","jsx-expression-literal","detected","","完整候选索引；表达式内字面量可能是接口参数，是否实际展示以文案决策表与浏览器证据为准"
"src/normalized-ui/InventoryBarcodeScanner.tsx","161","InventoryBarcodeScanner","jsx-expression-literal","unavailable","","完整候选索引；表达式内字面量可能是接口参数，是否实际展示以文案决策表与浏览器证据为准"
"src/normalized-ui/InventoryBarcodeScanner.tsx","161","InventoryBarcodeScanner","jsx-expression-literal","ready","","完整候选索引；表达式内字面量可能是接口参数，是否实际展示以文案决策表与浏览器证据为准"
"src/normalized-ui/InventoryBarcodeScanner.tsx","161","InventoryBarcodeScanner","jsx-expression-literal","将条码放入框内","","完整候选索引；表达式内字面量可能是接口参数，是否实际展示以文案决策表与浏览器证据为准"
"src/normalized-ui/InventoryBarcodeScanner.tsx","161","InventoryBarcodeScanner","jsx-expression-literal","正在打开后置摄像头","","完整候选索引；表达式内字面量可能是接口参数，是否实际展示以文案决策表与浏览器证据为准"
"src/normalized-ui/InventoryBarcodeScanner.tsx","161","InventoryBarcodeScanner","jsx-text","识别成功","","完整候选索引；表达式内字面量可能是接口参数，是否实际展示以文案决策表与浏览器证据为准"
"src/normalized-ui/InventoryBarcodeScanner.tsx","161","InventoryBarcodeScanner","jsx-text","无法打开摄像头","","完整候选索引；表达式内字面量可能是接口参数，是否实际展示以文案决策表与浏览器证据为准"
"src/normalized-ui/InventoryBarcodeScanner.tsx","161","InventoryBarcodeScanner","jsx-expression-literal","ready","","完整候选索引；表达式内字面量可能是接口参数，是否实际展示以文案决策表与浏览器证据为准"
"src/normalized-ui/InventoryBarcodeScanner.tsx","161","InventoryBarcodeScanner","jsx-expression-literal","将条码放入框内","","完整候选索引；表达式内字面量可能是接口参数，是否实际展示以文案决策表与浏览器证据为准"
"src/normalized-ui/InventoryBarcodeScanner.tsx","161","InventoryBarcodeScanner","jsx-expression-literal","正在打开后置摄像头","","完整候选索引；表达式内字面量可能是接口参数，是否实际展示以文案决策表与浏览器证据为准"
"src/normalized-ui/InventoryBarcodeScanner.tsx","164","InventoryBarcodeScanner","jsx-expression-literal","detected","","完整候选索引；表达式内字面量可能是接口参数，是否实际展示以文案决策表与浏览器证据为准"
"src/normalized-ui/InventoryBarcodeScanner.tsx","164","InventoryBarcodeScanner","jsx-text","使用识别结果","","完整候选索引；表达式内字面量可能是接口参数，是否实际展示以文案决策表与浏览器证据为准"
"src/normalized-ui/InventoryStockCountPanel.tsx","45","decideBatch","feedback","请填写至少2字的批量退回原因","","完整候选索引；表达式内字面量可能是接口参数，是否实际展示以文案决策表与浏览器证据为准"
"src/normalized-ui/InventoryStockCountPanel.tsx","81","decide","feedback","请填写至少2字的退回原因","","完整候选索引；表达式内字面量可能是接口参数，是否实际展示以文案决策表与浏览器证据为准"
"src/normalized-ui/InventoryStockCountPanel.tsx","84","decide","display-definition","确认盘点差异","","完整候选索引；表达式内字面量可能是接口参数，是否实际展示以文案决策表与浏览器证据为准"
"src/normalized-ui/InventoryStockCountPanel.tsx","98","InventoryStockCountPanel","attribute:aria-label","盘点复核","","完整候选索引；表达式内字面量可能是接口参数，是否实际展示以文案决策表与浏览器证据为准"
"src/normalized-ui/InventoryStockCountPanel.tsx","99","InventoryStockCountPanel","jsx-text","盘点复核","","完整候选索引；表达式内字面量可能是接口参数，是否实际展示以文案决策表与浏览器证据为准"
"src/normalized-ui/InventoryStockCountPanel.tsx","99","InventoryStockCountPanel","jsx-text","刷新盘点","","完整候选索引；表达式内字面量可能是接口参数，是否实际展示以文案决策表与浏览器证据为准"
"src/normalized-ui/InventoryStockCountPanel.tsx","100","InventoryStockCountPanel","jsx-expression-literal","核对实盘数量后，可勾选批量通过或退回；本人提交的盘点须由另一名有审批权限的同事复核。","","完整候选索引；表达式内字面量可能是接口参数，是否实际展示以文案决策表与浏览器证据为准"
"src/normalized-ui/InventoryStockCountPanel.tsx","100","InventoryStockCountPanel","jsx-expression-literal","这里显示本人提交的盘点。请由有盘点审批权限的同事在“库存 → 盘点复核”处理。","","完整候选索引；表达式内字面量可能是接口参数，是否实际展示以文案决策表与浏览器证据为准"
"src/normalized-ui/InventoryStockCountPanel.tsx","101","InventoryStockCountPanel","attribute:aria-label","盘点状态","","完整候选索引；表达式内字面量可能是接口参数，是否实际展示以文案决策表与浏览器证据为准"
"src/normalized-ui/InventoryStockCountPanel.tsx","102","InventoryStockCountPanel","jsx-text","待复核","","完整候选索引；表达式内字面量可能是接口参数，是否实际展示以文案决策表与浏览器证据为准"
"src/normalized-ui/InventoryStockCountPanel.tsx","103","InventoryStockCountPanel","jsx-text","已处理","","完整候选索引；表达式内字面量可能是接口参数，是否实际展示以文案决策表与浏览器证据为准"
"src/normalized-ui/InventoryStockCountPanel.tsx","105","InventoryStockCountPanel","jsx-text","正在读取盘点记录","","完整候选索引；表达式内字面量可能是接口参数，是否实际展示以文案决策表与浏览器证据为准"
"src/normalized-ui/InventoryStockCountPanel.tsx","106","InventoryStockCountPanel","jsx-text","，请点“刷新盘点”重试。","","完整候选索引；表达式内字面量可能是接口参数，是否实际展示以文案决策表与浏览器证据为准"
"src/normalized-ui/InventoryStockCountPanel.tsx","108","InventoryStockCountPanel","attribute:aria-label","本批审核结果","","完整候选索引；表达式内字面量可能是接口参数，是否实际展示以文案决策表与浏览器证据为准"
"src/normalized-ui/InventoryStockCountPanel.tsx","108","InventoryStockCountPanel","jsx-text","本批审核结果","","完整候选索引；表达式内字面量可能是接口参数，是否实际展示以文案决策表与浏览器证据为准"
"src/normalized-ui/InventoryStockCountPanel.tsx","109","InventoryStockCountPanel","jsx-expression-literal","submitted","","完整候选索引；表达式内字面量可能是接口参数，是否实际展示以文案决策表与浏览器证据为准"
"src/normalized-ui/InventoryStockCountPanel.tsx","109","InventoryStockCountPanel","attribute:aria-label","批量盘点复核","","完整候选索引；表达式内字面量可能是接口参数，是否实际展示以文案决策表与浏览器证据为准"
"src/normalized-ui/InventoryStockCountPanel.tsx","111","InventoryStockCountPanel","jsx-text","全选当前页可复核单据","","完整候选索引；表达式内字面量可能是接口参数，是否实际展示以文案决策表与浏览器证据为准"
"src/normalized-ui/InventoryStockCountPanel.tsx","112","InventoryStockCountPanel","jsx-text","已选","","完整候选索引；表达式内字面量可能是接口参数，是否实际展示以文案决策表与浏览器证据为准"
"src/normalized-ui/InventoryStockCountPanel.tsx","112","InventoryStockCountPanel","jsx-text","张，仅处理当前页","","完整候选索引；表达式内字面量可能是接口参数，是否实际展示以文案决策表与浏览器证据为准"
"src/normalized-ui/InventoryStockCountPanel.tsx","114","InventoryStockCountPanel","jsx-text","选中可通过","","完整候选索引；表达式内字面量可能是接口参数，是否实际展示以文案决策表与浏览器证据为准"
"src/normalized-ui/InventoryStockCountPanel.tsx","115","InventoryStockCountPanel","jsx-text","选中需重盘","","完整候选索引；表达式内字面量可能是接口参数，是否实际展示以文案决策表与浏览器证据为准"
"src/normalized-ui/InventoryStockCountPanel.tsx","116","InventoryStockCountPanel","jsx-text","批量通过","","完整候选索引；表达式内字面量可能是接口参数，是否实际展示以文案决策表与浏览器证据为准"
"src/normalized-ui/InventoryStockCountPanel.tsx","118","InventoryStockCountPanel","jsx-text","所选含库存已变化的盘点，只能退回重盘；“选中可通过”可排除这些单据。","","完整候选索引；表达式内字面量可能是接口参数，是否实际展示以文案决策表与浏览器证据为准"
"src/normalized-ui/InventoryStockCountPanel.tsx","120","InventoryStockCountPanel","jsx-text","批量退回原因","","完整候选索引；表达式内字面量可能是接口参数，是否实际展示以文案决策表与浏览器证据为准"
"src/normalized-ui/InventoryStockCountPanel.tsx","121","InventoryStockCountPanel","jsx-text","批量退回","","完整候选索引；表达式内字面量可能是接口参数，是否实际展示以文案决策表与浏览器证据为准"
"src/normalized-ui/InventoryStockCountPanel.tsx","124","InventoryStockCountPanel","jsx-expression-literal","submitted","","完整候选索引；表达式内字面量可能是接口参数，是否实际展示以文案决策表与浏览器证据为准"
"src/normalized-ui/InventoryStockCountPanel.tsx","124","InventoryStockCountPanel","jsx-expression-literal","当前没有待复核盘点","","完整候选索引；表达式内字面量可能是接口参数，是否实际展示以文案决策表与浏览器证据为准"
"src/normalized-ui/InventoryStockCountPanel.tsx","124","InventoryStockCountPanel","jsx-expression-literal","当前没有已处理盘点","","完整候选索引；表达式内字面量可能是接口参数，是否实际展示以文案决策表与浏览器证据为准"
"src/normalized-ui/InventoryStockCountPanel.tsx","125","InventoryStockCountPanel","jsx-template-text","盘点","","完整候选索引；表达式内字面量可能是接口参数，是否实际展示以文案决策表与浏览器证据为准"
"src/normalized-ui/InventoryStockCountPanel.tsx","126","InventoryStockCountPanel","jsx-text","的盘点","","完整候选索引；表达式内字面量可能是接口参数，是否实际展示以文案决策表与浏览器证据为准"
"src/normalized-ui/InventoryStockCountPanel.tsx","126","InventoryStockCountPanel","jsx-expression-literal","submitted","","完整候选索引；表达式内字面量可能是接口参数，是否实际展示以文案决策表与浏览器证据为准"
"src/normalized-ui/InventoryStockCountPanel.tsx","126","InventoryStockCountPanel","jsx-expression-literal","待复核","","完整候选索引；表达式内字面量可能是接口参数，是否实际展示以文案决策表与浏览器证据为准"
"src/normalized-ui/InventoryStockCountPanel.tsx","126","InventoryStockCountPanel","jsx-expression-literal","approved","","完整候选索引；表达式内字面量可能是接口参数，是否实际展示以文案决策表与浏览器证据为准"
"src/normalized-ui/InventoryStockCountPanel.tsx","126","InventoryStockCountPanel","jsx-expression-literal","已通过","","完整候选索引；表达式内字面量可能是接口参数，是否实际展示以文案决策表与浏览器证据为准"
"src/normalized-ui/InventoryStockCountPanel.tsx","126","InventoryStockCountPanel","jsx-expression-literal","已退回","","完整候选索引；表达式内字面量可能是接口参数，是否实际展示以文案决策表与浏览器证据为准"
"src/normalized-ui/InventoryStockCountPanel.tsx","127","InventoryStockCountPanel","jsx-expression-literal","submitted","","完整候选索引；表达式内字面量可能是接口参数，是否实际展示以文案决策表与浏览器证据为准"
"src/normalized-ui/InventoryStockCountPanel.tsx","128","InventoryStockCountPanel","jsx-text","选择此盘点","","完整候选索引；表达式内字面量可能是接口参数，是否实际展示以文案决策表与浏览器证据为准"
"src/normalized-ui/InventoryStockCountPanel.tsx","129","InventoryStockCountPanel","jsx-text","· 提交于","","完整候选索引；表达式内字面量可能是接口参数，是否实际展示以文案决策表与浏览器证据为准"
"src/normalized-ui/InventoryStockCountPanel.tsx","133","InventoryStockCountPanel","jsx-text","盘点时账面","","完整候选索引；表达式内字面量可能是接口参数，是否实际展示以文案决策表与浏览器证据为准"
"src/normalized-ui/InventoryStockCountPanel.tsx","133","InventoryStockCountPanel","jsx-text","· 实盘","","完整候选索引；表达式内字面量可能是接口参数，是否实际展示以文案决策表与浏览器证据为准"
"src/normalized-ui/InventoryStockCountPanel.tsx","134","InventoryStockCountPanel","jsx-text","差异","","完整候选索引；表达式内字面量可能是接口参数，是否实际展示以文案决策表与浏览器证据为准"
"src/normalized-ui/InventoryStockCountPanel.tsx","134","InventoryStockCountPanel","jsx-text","· 当前账面","","完整候选索引；表达式内字面量可能是接口参数，是否实际展示以文案决策表与浏览器证据为准"
"src/normalized-ui/InventoryStockCountPanel.tsx","135","InventoryStockCountPanel","jsx-text","说明：","","完整候选索引；表达式内字面量可能是接口参数，是否实际展示以文案决策表与浏览器证据为准"
"src/normalized-ui/InventoryStockCountPanel.tsx","136","InventoryStockCountPanel","jsx-text","盘点后库存已变动，不能直接通过；","","完整候选索引；表达式内字面量可能是接口参数，是否实际展示以文案决策表与浏览器证据为准"
"src/normalized-ui/InventoryStockCountPanel.tsx","136","InventoryStockCountPanel","jsx-expression-literal","请退回后由盘点人重新清点提交。","","完整候选索引；表达式内字面量可能是接口参数，是否实际展示以文案决策表与浏览器证据为准"
"src/normalized-ui/InventoryStockCountPanel.tsx","136","InventoryStockCountPanel","jsx-expression-literal","请联系其他有审批权限的同事退回，再重新清点提交。","","完整候选索引；表达式内字面量可能是接口参数，是否实际展示以文案决策表与浏览器证据为准"
"src/normalized-ui/InventoryStockCountPanel.tsx","137","InventoryStockCountPanel","jsx-expression-literal","rejected","","完整候选索引；表达式内字面量可能是接口参数，是否实际展示以文案决策表与浏览器证据为准"
"src/normalized-ui/InventoryStockCountPanel.tsx","137","InventoryStockCountPanel","jsx-text","重新盘点：","","完整候选索引；表达式内字面量可能是接口参数，是否实际展示以文案决策表与浏览器证据为准"
"src/normalized-ui/InventoryStockCountPanel.tsx","139","InventoryStockCountPanel","jsx-expression-literal","submitted","","完整候选索引；表达式内字面量可能是接口参数，是否实际展示以文案决策表与浏览器证据为准"
"src/normalized-ui/InventoryStockCountPanel.tsx","139","InventoryStockCountPanel","jsx-expression-literal","本人提交，等待其他有审批权限的同事复核。","","完整候选索引；表达式内字面量可能是接口参数，是否实际展示以文案决策表与浏览器证据为准"
"src/normalized-ui/InventoryStockCountPanel.tsx","139","InventoryStockCountPanel","jsx-expression-literal","当前账号没有此盘点的审批权限。","","完整候选索引；表达式内字面量可能是接口参数，是否实际展示以文案决策表与浏览器证据为准"
"src/normalized-ui/InventoryStockCountPanel.tsx","141","InventoryStockCountPanel","jsx-text","审核通过","","完整候选索引；表达式内字面量可能是接口参数，是否实际展示以文案决策表与浏览器证据为准"
"src/normalized-ui/InventoryStockCountPanel.tsx","142","InventoryStockCountPanel","jsx-text","退回原因","","完整候选索引；表达式内字面量可能是接口参数，是否实际展示以文案决策表与浏览器证据为准"
"src/normalized-ui/InventoryStockCountPanel.tsx","143","InventoryStockCountPanel","jsx-text","退回盘点","","完整候选索引；表达式内字面量可能是接口参数，是否实际展示以文案决策表与浏览器证据为准"
"src/normalized-ui/InventoryStockCountPanel.tsx","147","InventoryStockCountPanel","attribute:aria-label","盘点分页","","完整候选索引；表达式内字面量可能是接口参数，是否实际展示以文案决策表与浏览器证据为准"
"src/normalized-ui/InventoryStockCountPanel.tsx","147","InventoryStockCountPanel","jsx-text","上一页","","完整候选索引；表达式内字面量可能是接口参数，是否实际展示以文案决策表与浏览器证据为准"
"src/normalized-ui/InventoryStockCountPanel.tsx","147","InventoryStockCountPanel","jsx-text","下一页","","完整候选索引；表达式内字面量可能是接口参数，是否实际展示以文案决策表与浏览器证据为准"
"src/normalized-ui/ItemAfterSalesPanel.tsx","56","run","feedback","处理结果已确认，正在更新商品","","完整候选索引；表达式内字面量可能是接口参数，是否实际展示以文案决策表与浏览器证据为准"
"src/normalized-ui/ItemAfterSalesPanel.tsx","56","run","feedback","商品处理进度已更新","","完整候选索引；表达式内字面量可能是接口参数，是否实际展示以文案决策表与浏览器证据为准"
"src/normalized-ui/ItemAfterSalesPanel.tsx","70","ItemAfterSalesPanel","attribute:aria-label","商品停止与退款","","完整候选索引；表达式内字面量可能是接口参数，是否实际展示以文案决策表与浏览器证据为准"
"src/normalized-ui/ItemAfterSalesPanel.tsx","71","ItemAfterSalesPanel","jsx-expression-literal","商品处理","","完整候选索引；表达式内字面量可能是接口参数，是否实际展示以文案决策表与浏览器证据为准"
"src/normalized-ui/ItemAfterSalesPanel.tsx","71","ItemAfterSalesPanel","jsx-text","关闭商品处理","","完整候选索引；表达式内字面量可能是接口参数，是否实际展示以文案决策表与浏览器证据为准"
"src/normalized-ui/ItemAfterSalesPanel.tsx","74","ItemAfterSalesPanel","jsx-text","状态更新暂时延迟，可刷新查看；原处理结果保留。","","完整候选索引；表达式内字面量可能是接口参数，是否实际展示以文案决策表与浏览器证据为准"
"src/normalized-ui/ItemAfterSalesPanel.tsx","75","ItemAfterSalesPanel","feedback","商品状态已更新","","完整候选索引；表达式内字面量可能是接口参数，是否实际展示以文案决策表与浏览器证据为准"
"src/normalized-ui/ItemAfterSalesPanel.tsx","75","ItemAfterSalesPanel","feedback","最新商品状态暂未读回，请稍后再刷新","","完整候选索引；表达式内字面量可能是接口参数，是否实际展示以文案决策表与浏览器证据为准"
"src/normalized-ui/ItemAfterSalesPanel.tsx","75","ItemAfterSalesPanel","jsx-text","刷新商品状态","","完整候选索引；表达式内字面量可能是接口参数，是否实际展示以文案决策表与浏览器证据为准"
"src/normalized-ui/ItemAfterSalesPanel.tsx","76","ItemAfterSalesPanel","jsx-text","上次处理结果待确认。","","完整候选索引；表达式内字面量可能是接口参数，是否实际展示以文案决策表与浏览器证据为准"
"src/normalized-ui/ItemAfterSalesPanel.tsx","76","ItemAfterSalesPanel","jsx-text","恢复上次商品处理","","完整候选索引；表达式内字面量可能是接口参数，是否实际展示以文案决策表与浏览器证据为准"
"src/normalized-ui/ItemAfterSalesPanel.tsx","111","ItemAfterSalesPanel","jsx-expression-literal","pending","","完整候选索引；表达式内字面量可能是接口参数，是否实际展示以文案决策表与浏览器证据为准"
"src/normalized-ui/ItemAfterSalesPanel.tsx","111","ItemAfterSalesPanel","jsx-expression-literal","acknowledged","","完整候选索引；表达式内字面量可能是接口参数，是否实际展示以文案决策表与浏览器证据为准"
"src/normalized-ui/ItemAfterSalesPanel.tsx","111","ItemAfterSalesPanel","jsx-expression-literal","in_progress","","完整候选索引；表达式内字面量可能是接口参数，是否实际展示以文案决策表与浏览器证据为准"
"src/normalized-ui/ItemAfterSalesPanel.tsx","124","ItemAfterSalesPanel","jsx-expression-literal","unmade","","完整候选索引；表达式内字面量可能是接口参数，是否实际展示以文案决策表与浏览器证据为准"
"src/normalized-ui/ItemAfterSalesPanel.tsx","77","ItemAfterSalesPanel","jsx-text","正在读取原订单…","","完整候选索引；表达式内字面量可能是接口参数，是否实际展示以文案决策表与浏览器证据为准"
"src/normalized-ui/ItemAfterSalesPanel.tsx","78","ItemAfterSalesPanel","jsx-text","原订单","","完整候选索引；表达式内字面量可能是接口参数，是否实际展示以文案决策表与浏览器证据为准"
"src/normalized-ui/ItemAfterSalesPanel.tsx","78","ItemAfterSalesPanel","jsx-text","份 ·","","完整候选索引；表达式内字面量可能是接口参数，是否实际展示以文案决策表与浏览器证据为准"
"src/normalized-ui/ItemAfterSalesPanel.tsx","78","ItemAfterSalesPanel","jsx-expression-literal","计费包含在原套餐内，不另收费","","完整候选索引；表达式内字面量可能是接口参数，是否实际展示以文案决策表与浏览器证据为准"
"src/normalized-ui/ItemAfterSalesPanel.tsx","78","ItemAfterSalesPanel","jsx-text","单价 ¥","","完整候选索引；表达式内字面量可能是接口参数，是否实际展示以文案决策表与浏览器证据为准"
"src/normalized-ui/ItemAfterSalesPanel.tsx","78","ItemAfterSalesPanel","jsx-text","· 原成交 ¥","","完整候选索引；表达式内字面量可能是接口参数，是否实际展示以文案决策表与浏览器证据为准"
"src/normalized-ui/ItemAfterSalesPanel.tsx","79","ItemAfterSalesPanel","jsx-text","处理原因","","完整候选索引；表达式内字面量可能是接口参数，是否实际展示以文案决策表与浏览器证据为准"
"src/normalized-ui/ItemAfterSalesPanel.tsx","80","ItemAfterSalesPanel","jsx-text","客人临时不要了","","完整候选索引；表达式内字面量可能是接口参数，是否实际展示以文案决策表与浏览器证据为准"
"src/normalized-ui/ItemAfterSalesPanel.tsx","80","ItemAfterSalesPanel","jsx-text","重复点单","","完整候选索引；表达式内字面量可能是接口参数，是否实际展示以文案决策表与浏览器证据为准"
"src/normalized-ui/ItemAfterSalesPanel.tsx","80","ItemAfterSalesPanel","jsx-text","商品售罄无法提供","","完整候选索引；表达式内字面量可能是接口参数，是否实际展示以文案决策表与浏览器证据为准"
"src/normalized-ui/ItemAfterSalesPanel.tsx","80","ItemAfterSalesPanel","jsx-text","出品问题协商处理","","完整候选索引；表达式内字面量可能是接口参数，是否实际展示以文案决策表与浏览器证据为准"
"src/normalized-ui/ItemAfterSalesPanel.tsx","80","ItemAfterSalesPanel","jsx-text","客人确认继续保留商品","","完整候选索引；表达式内字面量可能是接口参数，是否实际展示以文案决策表与浏览器证据为准"
"src/normalized-ui/ItemAfterSalesPanel.tsx","80","ItemAfterSalesPanel","jsx-text","实物已收回并核对","","完整候选索引；表达式内字面量可能是接口参数，是否实际展示以文案决策表与浏览器证据为准"
"src/normalized-ui/ItemAfterSalesPanel.tsx","84","ItemAfterSalesPanel","jsx-text","本次停止份数","","完整候选索引；表达式内字面量可能是接口参数，是否实际展示以文案决策表与浏览器证据为准"
"src/normalized-ui/ItemAfterSalesPanel.tsx","85","ItemAfterSalesPanel","jsx-expression-literal","停止所选套餐商品","","完整候选索引；表达式内字面量可能是接口参数，是否实际展示以文案决策表与浏览器证据为准"
"src/normalized-ui/ItemAfterSalesPanel.tsx","85","ItemAfterSalesPanel","jsx-expression-literal","停止 / 申请退款","","完整候选索引；表达式内字面量可能是接口参数，是否实际展示以文案决策表与浏览器证据为准"
"src/normalized-ui/ItemAfterSalesPanel.tsx","86","ItemAfterSalesPanel","jsx-expression-literal","处理所选份数，套餐其余商品继续。保留商品按下单时单点原价重算；未付未制作直接停止，已付由另一位有权人员审核一次。原单价缺失时先暂停待核对。","","完整候选索引；表达式内字面量可能是接口参数，是否实际展示以文案决策表与浏览器证据为准"
"src/normalized-ui/ItemAfterSalesPanel.tsx","86","ItemAfterSalesPanel","jsx-expression-literal","仅处理所选份数。未付且未制作直接停止减账；未付已制作先暂停，按原免收权限确认。已付款由另一位有权人员审核一次。","","完整候选索引；表达式内字面量可能是接口参数，是否实际展示以文案决策表与浏览器证据为准"
"src/normalized-ui/ItemAfterSalesPanel.tsx","88","ItemAfterSalesPanel","jsx-text","套餐组成行不另收费；退菜后按保留商品的原单点价计算差额，不按组成行的零元计算退款。","","完整候选索引；表达式内字面量可能是接口参数，是否实际展示以文案决策表与浏览器证据为准"
"src/normalized-ui/ItemAfterSalesPanel.tsx","89","ItemAfterSalesPanel","jsx-text","按份重新制作","","完整候选索引；表达式内字面量可能是接口参数，是否实际展示以文案决策表与浏览器证据为准"
"src/normalized-ui/ItemAfterSalesPanel.tsx","90","ItemAfterSalesPanel","attribute:aria-label","重做批次","","完整候选索引；表达式内字面量可能是接口参数，是否实际展示以文案决策表与浏览器证据为准"
"src/normalized-ui/ItemAfterSalesPanel.tsx","90","ItemAfterSalesPanel","jsx-text","重做第","","完整候选索引；表达式内字面量可能是接口参数，是否实际展示以文案决策表与浏览器证据为准"
"src/normalized-ui/ItemAfterSalesPanel.tsx","90","ItemAfterSalesPanel","jsx-text","批 ·","","完整候选索引；表达式内字面量可能是接口参数，是否实际展示以文案决策表与浏览器证据为准"
"src/normalized-ui/ItemAfterSalesPanel.tsx","91","ItemAfterSalesPanel","jsx-text","未制作","","完整候选索引；表达式内字面量可能是接口参数，是否实际展示以文案决策表与浏览器证据为准"
"src/normalized-ui/ItemAfterSalesPanel.tsx","91","ItemAfterSalesPanel","jsx-text","· 制作中","","完整候选索引；表达式内字面量可能是接口参数，是否实际展示以文案决策表与浏览器证据为准"
"src/normalized-ui/ItemAfterSalesPanel.tsx","91","ItemAfterSalesPanel","jsx-text","· 待送","","完整候选索引；表达式内字面量可能是接口参数，是否实际展示以文案决策表与浏览器证据为准"
"src/normalized-ui/ItemAfterSalesPanel.tsx","91","ItemAfterSalesPanel","jsx-text","· 已送","","完整候选索引；表达式内字面量可能是接口参数，是否实际展示以文案决策表与浏览器证据为准"
"src/normalized-ui/ItemAfterSalesPanel.tsx","91","ItemAfterSalesPanel","jsx-text","· 已结束","","完整候选索引；表达式内字面量可能是接口参数，是否实际展示以文案决策表与浏览器证据为准"
"src/normalized-ui/ItemAfterSalesPanel.tsx","91","ItemAfterSalesPanel","jsx-template-text","；其中暂停","","完整候选索引；表达式内字面量可能是接口参数，是否实际展示以文案决策表与浏览器证据为准"
"src/normalized-ui/ItemAfterSalesPanel.tsx","92","ItemAfterSalesPanel","jsx-text","本批按份再次制作","","完整候选索引；表达式内字面量可能是接口参数，是否实际展示以文案决策表与浏览器证据为准"
"src/normalized-ui/ItemAfterSalesPanel.tsx","94","ItemAfterSalesPanel","attribute:aria-label","按份重做","","完整候选索引；表达式内字面量可能是接口参数，是否实际展示以文案决策表与浏览器证据为准"
"src/normalized-ui/ItemAfterSalesPanel.tsx","95","ItemAfterSalesPanel","jsx-text","本次重做份数","","完整候选索引；表达式内字面量可能是接口参数，是否实际展示以文案决策表与浏览器证据为准"
"src/normalized-ui/ItemAfterSalesPanel.tsx","96","ItemAfterSalesPanel","jsx-text","重做原因","","完整候选索引；表达式内字面量可能是接口参数，是否实际展示以文案决策表与浏览器证据为准"
"src/normalized-ui/ItemAfterSalesPanel.tsx","97","ItemAfterSalesPanel","jsx-text","需要重新制作，无法直接补送这批原实物","","完整候选索引；表达式内字面量可能是接口参数，是否实际展示以文案决策表与浏览器证据为准"
"src/normalized-ui/ItemAfterSalesPanel.tsx","98","ItemAfterSalesPanel","jsx-text","原单不再收费；只安排本次份数，新用材料单独记录。其余商品继续。","","完整候选索引；表达式内字面量可能是接口参数，是否实际展示以文案决策表与浏览器证据为准"
"src/normalized-ui/ItemAfterSalesPanel.tsx","99","ItemAfterSalesPanel","jsx-text","确认本次重做","","完整候选索引；表达式内字面量可能是接口参数，是否实际展示以文案决策表与浏览器证据为准"
"src/normalized-ui/ItemAfterSalesPanel.tsx","99","ItemAfterSalesPanel","jsx-text","收起重做","","完整候选索引；表达式内字面量可能是接口参数，是否实际展示以文案决策表与浏览器证据为准"
"src/normalized-ui/ItemAfterSalesPanel.tsx","101","ItemAfterSalesPanel","jsx-text","原实物补送","","完整候选索引；表达式内字面量可能是接口参数，是否实际展示以文案决策表与浏览器证据为准"
"src/normalized-ui/ItemAfterSalesPanel.tsx","103","ItemAfterSalesPanel","jsx-text","补送份数","","完整候选索引；表达式内字面量可能是接口参数，是否实际展示以文案决策表与浏览器证据为准"
"src/normalized-ui/ItemAfterSalesPanel.tsx","104","ItemAfterSalesPanel","jsx-text","补送原因","","完整候选索引；表达式内字面量可能是接口参数，是否实际展示以文案决策表与浏览器证据为准"
"src/normalized-ui/ItemAfterSalesPanel.tsx","105","ItemAfterSalesPanel","jsx-text","原实物仍在且可交付，无需重新制作","","完整候选索引；表达式内字面量可能是接口参数，是否实际展示以文案决策表与浏览器证据为准"
"src/normalized-ui/ItemAfterSalesPanel.tsx","106","ItemAfterSalesPanel","jsx-text","重新安排服务员送达，原金额和库存不变。","","完整候选索引；表达式内字面量可能是接口参数，是否实际展示以文案决策表与浏览器证据为准"
"src/normalized-ui/ItemAfterSalesPanel.tsx","107","ItemAfterSalesPanel","jsx-text","安排原实物补送","","完整候选索引；表达式内字面量可能是接口参数，是否实际展示以文案决策表与浏览器证据为准"
"src/normalized-ui/ItemAfterSalesPanel.tsx","111","ItemAfterSalesPanel","jsx-expression-literal","pending","","完整候选索引；表达式内字面量可能是接口参数，是否实际展示以文案决策表与浏览器证据为准"
"src/normalized-ui/ItemAfterSalesPanel.tsx","111","ItemAfterSalesPanel","jsx-expression-literal","acknowledged","","完整候选索引；表达式内字面量可能是接口参数，是否实际展示以文案决策表与浏览器证据为准"
"src/normalized-ui/ItemAfterSalesPanel.tsx","111","ItemAfterSalesPanel","jsx-expression-literal","in_progress","","完整候选索引；表达式内字面量可能是接口参数，是否实际展示以文案决策表与浏览器证据为准"
"src/normalized-ui/ItemAfterSalesPanel.tsx","112","ItemAfterSalesPanel","attribute:aria-label","原实物补送任务","","完整候选索引；表达式内字面量可能是接口参数，是否实际展示以文案决策表与浏览器证据为准"
"src/normalized-ui/ItemAfterSalesPanel.tsx","112","ItemAfterSalesPanel","jsx-text","原实物补送 ·","","完整候选索引；表达式内字面量可能是接口参数，是否实际展示以文案决策表与浏览器证据为准"
"src/normalized-ui/ItemAfterSalesPanel.tsx","112","ItemAfterSalesPanel","jsx-text","份 ·","","完整候选索引；表达式内字面量可能是接口参数，是否实际展示以文案决策表与浏览器证据为准"
"src/normalized-ui/ItemAfterSalesPanel.tsx","112","ItemAfterSalesPanel","jsx-expression-literal","completed","","完整候选索引；表达式内字面量可能是接口参数，是否实际展示以文案决策表与浏览器证据为准"
"src/normalized-ui/ItemAfterSalesPanel.tsx","112","ItemAfterSalesPanel","jsx-expression-literal","已完成","","完整候选索引；表达式内字面量可能是接口参数，是否实际展示以文案决策表与浏览器证据为准"
"src/normalized-ui/ItemAfterSalesPanel.tsx","112","ItemAfterSalesPanel","jsx-expression-literal","cancelled","","完整候选索引；表达式内字面量可能是接口参数，是否实际展示以文案决策表与浏览器证据为准"
"src/normalized-ui/ItemAfterSalesPanel.tsx","112","ItemAfterSalesPanel","jsx-expression-literal","expired","","完整候选索引；表达式内字面量可能是接口参数，是否实际展示以文案决策表与浏览器证据为准"
"src/normalized-ui/ItemAfterSalesPanel.tsx","112","ItemAfterSalesPanel","jsx-expression-literal","已结束","","完整候选索引；表达式内字面量可能是接口参数，是否实际展示以文案决策表与浏览器证据为准"
"src/normalized-ui/ItemAfterSalesPanel.tsx","112","ItemAfterSalesPanel","jsx-expression-literal","待送达","","完整候选索引；表达式内字面量可能是接口参数，是否实际展示以文案决策表与浏览器证据为准"
"src/normalized-ui/ItemAfterSalesPanel.tsx","113","ItemAfterSalesPanel","jsx-text","；待补送","","完整候选索引；表达式内字面量可能是接口参数，是否实际展示以文案决策表与浏览器证据为准"
"src/normalized-ui/ItemAfterSalesPanel.tsx","113","ItemAfterSalesPanel","jsx-text","· 其中暂停","","完整候选索引；表达式内字面量可能是接口参数，是否实际展示以文案决策表与浏览器证据为准"
"src/normalized-ui/ItemAfterSalesPanel.tsx","113","ItemAfterSalesPanel","jsx-text","· 已补送","","完整候选索引；表达式内字面量可能是接口参数，是否实际展示以文案决策表与浏览器证据为准"
"src/normalized-ui/ItemAfterSalesPanel.tsx","113","ItemAfterSalesPanel","jsx-text","· 已取消","","完整候选索引；表达式内字面量可能是接口参数，是否实际展示以文案决策表与浏览器证据为准"
"src/normalized-ui/ItemAfterSalesPanel.tsx","113","ItemAfterSalesPanel","jsx-text","份。","","完整候选索引；表达式内字面量可能是接口参数，是否实际展示以文案决策表与浏览器证据为准"
"src/normalized-ui/ItemAfterSalesPanel.tsx","115","ItemAfterSalesPanel","jsx-text","本次实际补送份数","","完整候选索引；表达式内字面量可能是接口参数，是否实际展示以文案决策表与浏览器证据为准"
"src/normalized-ui/ItemAfterSalesPanel.tsx","116","ItemAfterSalesPanel","jsx-text","确认原实物已补送","","完整候选索引；表达式内字面量可能是接口参数，是否实际展示以文案决策表与浏览器证据为准"
"src/normalized-ui/ItemAfterSalesPanel.tsx","118","ItemAfterSalesPanel","jsx-text","请由负责取送的同事在待办中核对实际补送份数。","","完整候选索引；表达式内字面量可能是接口参数，是否实际展示以文案决策表与浏览器证据为准"
"src/normalized-ui/ItemAfterSalesPanel.tsx","119","ItemAfterSalesPanel","jsx-text","取消本次补送","","完整候选索引；表达式内字面量可能是接口参数，是否实际展示以文案决策表与浏览器证据为准"
"src/normalized-ui/ItemAfterSalesPanel.tsx","120","ItemAfterSalesPanel","jsx-text","暂停份数先处理原申请，确认继续原商品后才可补送。","","完整候选索引；表达式内字面量可能是接口参数，是否实际展示以文案决策表与浏览器证据为准"
"src/normalized-ui/ItemAfterSalesPanel.tsx","124","ItemAfterSalesPanel","jsx-expression-literal","unmade","","完整候选索引；表达式内字面量可能是接口参数，是否实际展示以文案决策表与浏览器证据为准"
"src/normalized-ui/ItemAfterSalesPanel.tsx","134","ItemAfterSalesPanel","jsx-expression-literal","所选原售后单","","完整候选索引；表达式内字面量可能是接口参数，是否实际展示以文案决策表与浏览器证据为准"
"src/normalized-ui/ItemAfterSalesPanel.tsx","135","ItemAfterSalesPanel","jsx-text","份 ·","","完整候选索引；表达式内字面量可能是接口参数，是否实际展示以文案决策表与浏览器证据为准"
"src/normalized-ui/ItemAfterSalesPanel.tsx","135","ItemAfterSalesPanel","jsx-expression-literal","已修改，原记录保留","","完整候选索引；表达式内字面量可能是接口参数，是否实际展示以文案决策表与浏览器证据为准"
"src/normalized-ui/ItemAfterSalesPanel.tsx","135","ItemAfterSalesPanel","jsx-expression-literal","原整单已取消","","完整候选索引；表达式内字面量可能是接口参数，是否实际展示以文案决策表与浏览器证据为准"
"src/normalized-ui/ItemAfterSalesPanel.tsx","136","ItemAfterSalesPanel","jsx-text","换品新单：","","完整候选索引；表达式内字面量可能是接口参数，是否实际展示以文案决策表与浏览器证据为准"
"src/normalized-ui/ItemAfterSalesPanel.tsx","136","ItemAfterSalesPanel","jsx-expression-literal","cancelled","","完整候选索引；表达式内字面量可能是接口参数，是否实际展示以文案决策表与浏览器证据为准"
"src/normalized-ui/ItemAfterSalesPanel.tsx","136","ItemAfterSalesPanel","jsx-expression-literal","已取消","","完整候选索引；表达式内字面量可能是接口参数，是否实际展示以文案决策表与浏览器证据为准"
"src/normalized-ui/ItemAfterSalesPanel.tsx","136","ItemAfterSalesPanel","jsx-expression-literal","已建立，请在本桌订单处理","","完整候选索引；表达式内字面量可能是接口参数，是否实际展示以文案决策表与浏览器证据为准"
"src/normalized-ui/ItemAfterSalesPanel.tsx","136","ItemAfterSalesPanel","jsx-text","）。旧申请与新单分别结算；修改或撤回旧申请不会更改新单。","","完整候选索引；表达式内字面量可能是接口参数，是否实际展示以文案决策表与浏览器证据为准"
"src/normalized-ui/ItemAfterSalesPanel.tsx","137","ItemAfterSalesPanel","jsx-expression-literal","重新换品，另开新单","","完整候选索引；表达式内字面量可能是接口参数，是否实际展示以文案决策表与浏览器证据为准"
"src/normalized-ui/ItemAfterSalesPanel.tsx","137","ItemAfterSalesPanel","jsx-expression-literal","换商品，另开新单","","完整候选索引；表达式内字面量可能是接口参数，是否实际展示以文案决策表与浏览器证据为准"
"src/normalized-ui/ItemAfterSalesPanel.tsx","138","ItemAfterSalesPanel","jsx-text","修改后的申请，按本次商品份数和原成交金额重新审核一次。","","完整候选索引；表达式内字面量可能是接口参数，是否实际展示以文案决策表与浏览器证据为准"
"src/normalized-ui/ItemAfterSalesPanel.tsx","139","ItemAfterSalesPanel","jsx-text","新申请已接续处理。","","完整候选索引；表达式内字面量可能是接口参数，是否实际展示以文案决策表与浏览器证据为准"
"src/normalized-ui/ItemAfterSalesPanel.tsx","139","ItemAfterSalesPanel","jsx-template-text","另有","","完整候选索引；表达式内字面量可能是接口参数，是否实际展示以文案决策表与浏览器证据为准"
"src/normalized-ui/ItemAfterSalesPanel.tsx","139","ItemAfterSalesPanel","jsx-template-text","份仍暂停，确认客人保留后可继续原商品。","","完整候选索引；表达式内字面量可能是接口参数，是否实际展示以文案决策表与浏览器证据为准"
"src/normalized-ui/ItemAfterSalesPanel.tsx","139","ItemAfterSalesPanel","jsx-expression-literal","本记录不再接受审核，也未自动恢复商品。","","完整候选索引；表达式内字面量可能是接口参数，是否实际展示以文案决策表与浏览器证据为准"
"src/normalized-ui/ItemAfterSalesPanel.tsx","140","ItemAfterSalesPanel","jsx-expression-literal","已随原整单取消，不另计算单品退款","","完整候选索引；表达式内字面量可能是接口参数，是否实际展示以文案决策表与浏览器证据为准"
"src/normalized-ui/ItemAfterSalesPanel.tsx","140","ItemAfterSalesPanel","jsx-expression-literal","本次退款","","完整候选索引；表达式内字面量可能是接口参数，是否实际展示以文案决策表与浏览器证据为准"
"src/normalized-ui/ItemAfterSalesPanel.tsx","140","ItemAfterSalesPanel","jsx-expression-literal","原成交金额","","完整候选索引；表达式内字面量可能是接口参数，是否实际展示以文案决策表与浏览器证据为准"
"src/normalized-ui/ItemAfterSalesPanel.tsx","140","ItemAfterSalesPanel","jsx-expression-literal","待核对","","完整候选索引；表达式内字面量可能是接口参数，是否实际展示以文案决策表与浏览器证据为准"
"src/normalized-ui/ItemAfterSalesPanel.tsx","140","ItemAfterSalesPanel","jsx-expression-literal","本次退款","","完整候选索引；表达式内字面量可能是接口参数，是否实际展示以文案决策表与浏览器证据为准"
"src/normalized-ui/ItemAfterSalesPanel.tsx","140","ItemAfterSalesPanel","jsx-expression-literal","原成交金额","","完整候选索引；表达式内字面量可能是接口参数，是否实际展示以文案决策表与浏览器证据为准"
"src/normalized-ui/ItemAfterSalesPanel.tsx","140","ItemAfterSalesPanel","jsx-expression-literal","待核对","","完整候选索引；表达式内字面量可能是接口参数，是否实际展示以文案决策表与浏览器证据为准"
"src/normalized-ui/ItemAfterSalesPanel.tsx","141","ItemAfterSalesPanel","jsx-expression-literal","broken_bundle","","完整候选索引；表达式内字面量可能是接口参数，是否实际展示以文案决策表与浏览器证据为准"
"src/normalized-ui/ItemAfterSalesPanel.tsx","141","ItemAfterSalesPanel","jsx-expression-literal","套餐已按保留商品的下单时单点原价重算","","完整候选索引；表达式内字面量可能是接口参数，是否实际展示以文案决策表与浏览器证据为准"
"src/normalized-ui/ItemAfterSalesPanel.tsx","141","ItemAfterSalesPanel","jsx-expression-literal","按实际可退余额处理","","完整候选索引；表达式内字面量可能是接口参数，是否实际展示以文案决策表与浏览器证据为准"
"src/normalized-ui/ItemAfterSalesPanel.tsx","141","ItemAfterSalesPanel","jsx-text","；本次退款 ¥","","完整候选索引；表达式内字面量可能是接口参数，是否实际展示以文案决策表与浏览器证据为准"
"src/normalized-ui/ItemAfterSalesPanel.tsx","141","ItemAfterSalesPanel","jsx-text","，处理后订单应收 ¥","","完整候选索引；表达式内字面量可能是接口参数，是否实际展示以文案决策表与浏览器证据为准"
"src/normalized-ui/ItemAfterSalesPanel.tsx","141","ItemAfterSalesPanel","jsx-text","。退回金额不超过实际付款扣除已退和处理中退款的余额；不自动收取补款。","","完整候选索引；表达式内字面量可能是接口参数，是否实际展示以文案决策表与浏览器证据为准"
"src/normalized-ui/ItemAfterSalesPanel.tsx","142","ItemAfterSalesPanel","jsx-text","实物：暂停","","完整候选索引；表达式内字面量可能是接口参数，是否实际展示以文案决策表与浏览器证据为准"
"src/normalized-ui/ItemAfterSalesPanel.tsx","142","ItemAfterSalesPanel","jsx-text","· 已停止","","完整候选索引；表达式内字面量可能是接口参数，是否实际展示以文案决策表与浏览器证据为准"
"src/normalized-ui/ItemAfterSalesPanel.tsx","142","ItemAfterSalesPanel","jsx-text","份；资金：","","完整候选索引；表达式内字面量可能是接口参数，是否实际展示以文案决策表与浏览器证据为准"
"src/normalized-ui/ItemAfterSalesPanel.tsx","142","ItemAfterSalesPanel","jsx-expression-literal","rejected","","完整候选索引；表达式内字面量可能是接口参数，是否实际展示以文案决策表与浏览器证据为准"
"src/normalized-ui/ItemAfterSalesPanel.tsx","142","ItemAfterSalesPanel","jsx-expression-literal","unpaid_stop","","完整候选索引；表达式内字面量可能是接口参数，是否实际展示以文案决策表与浏览器证据为准"
"src/normalized-ui/ItemAfterSalesPanel.tsx","142","ItemAfterSalesPanel","jsx-expression-literal","停止未获同意，未免收","","完整候选索引；表达式内字面量可能是接口参数，是否实际展示以文案决策表与浏览器证据为准"
"src/normalized-ui/ItemAfterSalesPanel.tsx","142","ItemAfterSalesPanel","jsx-expression-literal","退款已拒绝，未退钱","","完整候选索引；表达式内字面量可能是接口参数，是否实际展示以文案决策表与浏览器证据为准"
"src/normalized-ui/ItemAfterSalesPanel.tsx","142","ItemAfterSalesPanel","jsx-expression-literal","withdrawn","","完整候选索引；表达式内字面量可能是接口参数，是否实际展示以文案决策表与浏览器证据为准"
"src/normalized-ui/ItemAfterSalesPanel.tsx","142","ItemAfterSalesPanel","jsx-expression-literal","unpaid_stop","","完整候选索引；表达式内字面量可能是接口参数，是否实际展示以文案决策表与浏览器证据为准"
"src/normalized-ui/ItemAfterSalesPanel.tsx","142","ItemAfterSalesPanel","jsx-expression-literal","申请已撤回，未免收","","完整候选索引；表达式内字面量可能是接口参数，是否实际展示以文案决策表与浏览器证据为准"
"src/normalized-ui/ItemAfterSalesPanel.tsx","142","ItemAfterSalesPanel","jsx-expression-literal","申请已撤回，未退钱","","完整候选索引；表达式内字面量可能是接口参数，是否实际展示以文案决策表与浏览器证据为准"
"src/normalized-ui/ItemAfterSalesPanel.tsx","142","ItemAfterSalesPanel","jsx-expression-literal","unpaid_stop","","完整候选索引；表达式内字面量可能是接口参数，是否实际展示以文案决策表与浏览器证据为准"
"src/normalized-ui/ItemAfterSalesPanel.tsx","142","ItemAfterSalesPanel","jsx-expression-literal","已免收所选原款，无退款","","完整候选索引；表达式内字面量可能是接口参数，是否实际展示以文案决策表与浏览器证据为准"
"src/normalized-ui/ItemAfterSalesPanel.tsx","142","ItemAfterSalesPanel","jsx-expression-literal","已处理完成","","完整候选索引；表达式内字面量可能是接口参数，是否实际展示以文案决策表与浏览器证据为准"
"src/normalized-ui/ItemAfterSalesPanel.tsx","142","ItemAfterSalesPanel","jsx-expression-literal","原付款已有新记录，待核对","","完整候选索引；表达式内字面量可能是接口参数，是否实际展示以文案决策表与浏览器证据为准"
"src/normalized-ui/ItemAfterSalesPanel.tsx","142","ItemAfterSalesPanel","jsx-expression-literal","unpaid_stop","","完整候选索引；表达式内字面量可能是接口参数，是否实际展示以文案决策表与浏览器证据为准"
"src/normalized-ui/ItemAfterSalesPanel.tsx","142","ItemAfterSalesPanel","jsx-expression-literal","未付款，待停止核对","","完整候选索引；表达式内字面量可能是接口参数，是否实际展示以文案决策表与浏览器证据为准"
"src/normalized-ui/ItemAfterSalesPanel.tsx","142","ItemAfterSalesPanel","jsx-expression-literal","待确认现金实际退付","","完整候选索引；表达式内字面量可能是接口参数，是否实际展示以文案决策表与浏览器证据为准"
"src/normalized-ui/ItemAfterSalesPanel.tsx","142","ItemAfterSalesPanel","jsx-expression-literal","退款失败，待处理","","完整候选索引；表达式内字面量可能是接口参数，是否实际展示以文案决策表与浏览器证据为准"
"src/normalized-ui/ItemAfterSalesPanel.tsx","142","ItemAfterSalesPanel","jsx-expression-literal","渠道结果待核对","","完整候选索引；表达式内字面量可能是接口参数，是否实际展示以文案决策表与浏览器证据为准"
"src/normalized-ui/ItemAfterSalesPanel.tsx","142","ItemAfterSalesPanel","jsx-expression-literal","处理中 / 待审核","","完整候选索引；表达式内字面量可能是接口参数，是否实际展示以文案决策表与浏览器证据为准"
"src/normalized-ui/ItemAfterSalesPanel.tsx","143","ItemAfterSalesPanel","attribute:aria-label","岗位通知待确认","","完整候选索引；表达式内字面量可能是接口参数，是否实际展示以文案决策表与浏览器证据为准"
"src/normalized-ui/ItemAfterSalesPanel.tsx","144","ItemAfterSalesPanel","jsx-text","还有","","完整候选索引；表达式内字面量可能是接口参数，是否实际展示以文案决策表与浏览器证据为准"
"src/normalized-ui/ItemAfterSalesPanel.tsx","144","ItemAfterSalesPanel","jsx-text","条岗位通知待知悉；出纸不代表岗位已看到，必要时直接联系岗位。","","完整候选索引；表达式内字面量可能是接口参数，是否实际展示以文案决策表与浏览器证据为准"
"src/normalized-ui/ItemAfterSalesPanel.tsx","145","ItemAfterSalesPanel","jsx-expression-literal","kitchen","","完整候选索引；表达式内字面量可能是接口参数，是否实际展示以文案决策表与浏览器证据为准"
"src/normalized-ui/ItemAfterSalesPanel.tsx","145","ItemAfterSalesPanel","jsx-expression-literal","后厨","","完整候选索引；表达式内字面量可能是接口参数，是否实际展示以文案决策表与浏览器证据为准"
"src/normalized-ui/ItemAfterSalesPanel.tsx","145","ItemAfterSalesPanel","jsx-expression-literal","吧台","","完整候选索引；表达式内字面量可能是接口参数，是否实际展示以文案决策表与浏览器证据为准"
"src/normalized-ui/ItemAfterSalesPanel.tsx","145","ItemAfterSalesPanel","jsx-expression-literal","zh-CN","","完整候选索引；表达式内字面量可能是接口参数，是否实际展示以文案决策表与浏览器证据为准"
"src/normalized-ui/ItemAfterSalesPanel.tsx","145","ItemAfterSalesPanel","jsx-expression-literal","Asia/Shanghai","","完整候选索引；表达式内字面量可能是接口参数，是否实际展示以文案决策表与浏览器证据为准"
"src/normalized-ui/ItemAfterSalesPanel.tsx","145","ItemAfterSalesPanel","jsx-expression-literal","2-digit","","完整候选索引；表达式内字面量可能是接口参数，是否实际展示以文案决策表与浏览器证据为准"
"src/normalized-ui/ItemAfterSalesPanel.tsx","145","ItemAfterSalesPanel","jsx-expression-literal","2-digit","","完整候选索引；表达式内字面量可能是接口参数，是否实际展示以文案决策表与浏览器证据为准"
"src/normalized-ui/ItemAfterSalesPanel.tsx","145","ItemAfterSalesPanel","jsx-expression-literal","attention","","完整候选索引；表达式内字面量可能是接口参数，是否实际展示以文案决策表与浏览器证据为准"
"src/normalized-ui/ItemAfterSalesPanel.tsx","145","ItemAfterSalesPanel","jsx-expression-literal","打印异常，请联系岗位","","完整候选索引；表达式内字面量可能是接口参数，是否实际展示以文案决策表与浏览器证据为准"
"src/normalized-ui/ItemAfterSalesPanel.tsx","145","ItemAfterSalesPanel","jsx-expression-literal","printed","","完整候选索引；表达式内字面量可能是接口参数，是否实际展示以文案决策表与浏览器证据为准"
"src/normalized-ui/ItemAfterSalesPanel.tsx","145","ItemAfterSalesPanel","jsx-expression-literal","打印程序已报完成，待岗位知悉","","完整候选索引；表达式内字面量可能是接口参数，是否实际展示以文案决策表与浏览器证据为准"
"src/normalized-ui/ItemAfterSalesPanel.tsx","145","ItemAfterSalesPanel","jsx-expression-literal","等待打印，仍可直接联系岗位","","完整候选索引；表达式内字面量可能是接口参数，是否实际展示以文案决策表与浏览器证据为准"
"src/normalized-ui/ItemAfterSalesPanel.tsx","146","ItemAfterSalesPanel","jsx-text","已联系所示岗位，确认知悉","","完整候选索引；表达式内字面量可能是接口参数，是否实际展示以文案决策表与浏览器证据为准"
"src/normalized-ui/ItemAfterSalesPanel.tsx","148","ItemAfterSalesPanel","jsx-text","重试已确认失败的","","完整候选索引；表达式内字面量可能是接口参数，是否实际展示以文案决策表与浏览器证据为准"
"src/normalized-ui/ItemAfterSalesPanel.tsx","148","ItemAfterSalesPanel","jsx-expression-literal","cash","","完整候选索引；表达式内字面量可能是接口参数，是否实际展示以文案决策表与浏览器证据为准"
"src/normalized-ui/ItemAfterSalesPanel.tsx","148","ItemAfterSalesPanel","jsx-expression-literal","现金","","完整候选索引；表达式内字面量可能是接口参数，是否实际展示以文案决策表与浏览器证据为准"
"src/normalized-ui/ItemAfterSalesPanel.tsx","148","ItemAfterSalesPanel","jsx-expression-literal","postar","","完整候选索引；表达式内字面量可能是接口参数，是否实际展示以文案决策表与浏览器证据为准"
"src/normalized-ui/ItemAfterSalesPanel.tsx","148","ItemAfterSalesPanel","jsx-expression-literal","线上","","完整候选索引；表达式内字面量可能是接口参数，是否实际展示以文案决策表与浏览器证据为准"
"src/normalized-ui/ItemAfterSalesPanel.tsx","148","ItemAfterSalesPanel","jsx-expression-literal","原渠道","","完整候选索引；表达式内字面量可能是接口参数，是否实际展示以文案决策表与浏览器证据为准"
"src/normalized-ui/ItemAfterSalesPanel.tsx","148","ItemAfterSalesPanel","jsx-text","退款 ¥","","完整候选索引；表达式内字面量可能是接口参数，是否实际展示以文案决策表与浏览器证据为准"
"src/normalized-ui/ItemAfterSalesPanel.tsx","149","ItemAfterSalesPanel","jsx-expression-literal","cash","","完整候选索引；表达式内字面量可能是接口参数，是否实际展示以文案决策表与浏览器证据为准"
"src/normalized-ui/ItemAfterSalesPanel.tsx","149","ItemAfterSalesPanel","jsx-expression-literal","approved","","完整候选索引；表达式内字面量可能是接口参数，是否实际展示以文案决策表与浏览器证据为准"
"src/normalized-ui/ItemAfterSalesPanel.tsx","149","ItemAfterSalesPanel","jsx-expression-literal","processing","","完整候选索引；表达式内字面量可能是接口参数，是否实际展示以文案决策表与浏览器证据为准"
"src/normalized-ui/ItemAfterSalesPanel.tsx","150","ItemAfterSalesPanel","jsx-text","现金 ¥","","完整候选索引；表达式内字面量可能是接口参数，是否实际展示以文案决策表与浏览器证据为准"
"src/normalized-ui/ItemAfterSalesPanel.tsx","150","ItemAfterSalesPanel","jsx-text","已实际退给客人","","完整候选索引；表达式内字面量可能是接口参数，是否实际展示以文案决策表与浏览器证据为准"
"src/normalized-ui/ItemAfterSalesPanel.tsx","151","ItemAfterSalesPanel","jsx-text","登记现金已退","","完整候选索引；表达式内字面量可能是接口参数，是否实际展示以文案决策表与浏览器证据为准"
"src/normalized-ui/ItemAfterSalesPanel.tsx","153","ItemAfterSalesPanel","jsx-text","原付款记录已变化，不能继续按未付款免收。","","完整候选索引；表达式内字面量可能是接口参数，是否实际展示以文案决策表与浏览器证据为准"
"src/normalized-ui/ItemAfterSalesPanel.tsx","153","ItemAfterSalesPanel","jsx-expression-literal","可修改原申请，按最新原款重新核对；所选商品保持暂停。","","完整候选索引；表达式内字面量可能是接口参数，是否实际展示以文案决策表与浏览器证据为准"
"src/normalized-ui/ItemAfterSalesPanel.tsx","153","ItemAfterSalesPanel","jsx-expression-literal","请核对原付款及原申请，所选商品保持暂停。","","完整候选索引；表达式内字面量可能是接口参数，是否实际展示以文案决策表与浏览器证据为准"
"src/normalized-ui/ItemAfterSalesPanel.tsx","154","ItemAfterSalesPanel","jsx-text","原付款分摊或部分付款退菜金额待核对；所选商品继续暂停，尚未发起退款。","","完整候选索引；表达式内字面量可能是接口参数，是否实际展示以文案决策表与浏览器证据为准"
"src/normalized-ui/ItemAfterSalesPanel.tsx","155","ItemAfterSalesPanel","jsx-text","原付款已确认未收，继续停止减账","","完整候选索引；表达式内字面量可能是接口参数，是否实际展示以文案决策表与浏览器证据为准"
"src/normalized-ui/ItemAfterSalesPanel.tsx","156","ItemAfterSalesPanel","jsx-text","份库存原记录待核对，未自动回库。","","完整候选索引；表达式内字面量可能是接口参数，是否实际展示以文案决策表与浏览器证据为准"
"src/normalized-ui/ItemAfterSalesPanel.tsx","157","ItemAfterSalesPanel","jsx-text","按原付款确认退回金额（合计 ¥","","完整候选索引；表达式内字面量可能是接口参数，是否实际展示以文案决策表与浏览器证据为准"
"src/normalized-ui/ItemAfterSalesPanel.tsx","158","ItemAfterSalesPanel","jsx-text","· 本单可退 ¥","","完整候选索引；表达式内字面量可能是接口参数，是否实际展示以文案决策表与浏览器证据为准"
"src/normalized-ui/ItemAfterSalesPanel.tsx","159","ItemAfterSalesPanel","jsx-template-text","退回金额","","完整候选索引；表达式内字面量可能是接口参数，是否实际展示以文案决策表与浏览器证据为准"
"src/normalized-ui/ItemAfterSalesPanel.tsx","162","ItemAfterSalesPanel","jsx-expression-literal","unpaid_stop","","完整候选索引；表达式内字面量可能是接口参数，是否实际展示以文案决策表与浏览器证据为准"
"src/normalized-ui/ItemAfterSalesPanel.tsx","162","ItemAfterSalesPanel","jsx-expression-literal","确认停止并免收","","完整候选索引；表达式内字面量可能是接口参数，是否实际展示以文案决策表与浏览器证据为准"
"src/normalized-ui/ItemAfterSalesPanel.tsx","162","ItemAfterSalesPanel","jsx-expression-literal","批准","","完整候选索引；表达式内字面量可能是接口参数，是否实际展示以文案决策表与浏览器证据为准"
"src/normalized-ui/ItemAfterSalesPanel.tsx","163","ItemAfterSalesPanel","jsx-expression-literal","unpaid_stop","","完整候选索引；表达式内字面量可能是接口参数，是否实际展示以文案决策表与浏览器证据为准"
"src/normalized-ui/ItemAfterSalesPanel.tsx","163","ItemAfterSalesPanel","jsx-expression-literal","拒绝停止","","完整候选索引；表达式内字面量可能是接口参数，是否实际展示以文案决策表与浏览器证据为准"
"src/normalized-ui/ItemAfterSalesPanel.tsx","163","ItemAfterSalesPanel","jsx-expression-literal","拒绝退款","","完整候选索引；表达式内字面量可能是接口参数，是否实际展示以文案决策表与浏览器证据为准"
"src/normalized-ui/ItemAfterSalesPanel.tsx","164","ItemAfterSalesPanel","jsx-text","撤回申请","","完整候选索引；表达式内字面量可能是接口参数，是否实际展示以文案决策表与浏览器证据为准"
"src/normalized-ui/ItemAfterSalesPanel.tsx","166","ItemAfterSalesPanel","jsx-text","修改申请","","完整候选索引；表达式内字面量可能是接口参数，是否实际展示以文案决策表与浏览器证据为准"
"src/normalized-ui/ItemAfterSalesPanel.tsx","168","ItemAfterSalesPanel","jsx-text","修改后份数","","完整候选索引；表达式内字面量可能是接口参数，是否实际展示以文案决策表与浏览器证据为准"
"src/normalized-ui/ItemAfterSalesPanel.tsx","169","ItemAfterSalesPanel","jsx-text","修改原因","","完整候选索引；表达式内字面量可能是接口参数，是否实际展示以文案决策表与浏览器证据为准"
"src/normalized-ui/ItemAfterSalesPanel.tsx","170","ItemAfterSalesPanel","jsx-text","修改后按原成交事实重新计算，旧申请不再接受审核。减少的份数仍暂停，需明确确认继续。","事实","完整候选索引；表达式内字面量可能是接口参数，是否实际展示以文案决策表与浏览器证据为准"
"src/normalized-ui/ItemAfterSalesPanel.tsx","171","ItemAfterSalesPanel","jsx-text","保存修改，重新申请","","完整候选索引；表达式内字面量可能是接口参数，是否实际展示以文案决策表与浏览器证据为准"
"src/normalized-ui/ItemAfterSalesPanel.tsx","171","ItemAfterSalesPanel","jsx-text","取消修改","","完整候选索引；表达式内字面量可能是接口参数，是否实际展示以文案决策表与浏览器证据为准"
"src/normalized-ui/ItemAfterSalesPanel.tsx","175","ItemAfterSalesPanel","jsx-text","确认继续原商品","","完整候选索引；表达式内字面量可能是接口参数，是否实际展示以文案决策表与浏览器证据为准"
"src/normalized-ui/ItemAfterSalesPanel.tsx","176","ItemAfterSalesPanel","jsx-expression-literal","approved","","完整候选索引；表达式内字面量可能是接口参数，是否实际展示以文案决策表与浏览器证据为准"
"src/normalized-ui/ItemAfterSalesPanel.tsx","177","ItemAfterSalesPanel","jsx-expression-literal","剩余商品的实际去向","","完整候选索引；表达式内字面量可能是接口参数，是否实际展示以文案决策表与浏览器证据为准"
"src/normalized-ui/ItemAfterSalesPanel.tsx","177","ItemAfterSalesPanel","jsx-expression-literal","已制作商品的实际去向","","完整候选索引；表达式内字面量可能是接口参数，是否实际展示以文案决策表与浏览器证据为准"
"src/normalized-ui/ItemAfterSalesPanel.tsx","178","ItemAfterSalesPanel","jsx-expression-literal","rejected","","完整候选索引；表达式内字面量可能是接口参数，是否实际展示以文案决策表与浏览器证据为准"
"src/normalized-ui/ItemAfterSalesPanel.tsx","178","ItemAfterSalesPanel","jsx-expression-literal","withdrawn","","完整候选索引；表达式内字面量可能是接口参数，是否实际展示以文案决策表与浏览器证据为准"
"src/normalized-ui/ItemAfterSalesPanel.tsx","178","ItemAfterSalesPanel","jsx-text","原桌次已结束；退款决定保持，仅核对实物去向。","","完整候选索引；表达式内字面量可能是接口参数，是否实际展示以文案决策表与浏览器证据为准"
"src/normalized-ui/ItemAfterSalesPanel.tsx","179","ItemAfterSalesPanel","jsx-text","本批实物份数","","完整候选索引；表达式内字面量可能是接口参数，是否实际展示以文案决策表与浏览器证据为准"
"src/normalized-ui/ItemAfterSalesPanel.tsx","180","ItemAfterSalesPanel","jsx-text","库存记录待核对：","","完整候选索引；表达式内字面量可能是接口参数，是否实际展示以文案决策表与浏览器证据为准"
"src/normalized-ui/ItemAfterSalesPanel.tsx","180","ItemAfterSalesPanel","jsx-expression-literal","退款已完成，不用再次退款。","","完整候选索引；表达式内字面量可能是接口参数，是否实际展示以文案决策表与浏览器证据为准"
"src/normalized-ui/ItemAfterSalesPanel.tsx","180","ItemAfterSalesPanel","jsx-text","请按实物事实处理，不要为清除待办登记损耗。","事实","完整候选索引；表达式内字面量可能是接口参数，是否实际展示以文案决策表与浏览器证据为准"
"src/normalized-ui/ItemAfterSalesPanel.tsx","181","ItemAfterSalesPanel","jsx-text","退库资格暂未核实，请刷新商品状态或联系库存负责人。","","完整候选索引；表达式内字面量可能是接口参数，是否实际展示以文案决策表与浏览器证据为准"
"src/normalized-ui/ItemAfterSalesPanel.tsx","182","ItemAfterSalesPanel","jsx-expression-literal","确认新批尚未制作，停止并释放预留","","完整候选索引；表达式内字面量可能是接口参数，是否实际展示以文案决策表与浏览器证据为准"
"src/normalized-ui/ItemAfterSalesPanel.tsx","182","ItemAfterSalesPanel","jsx-expression-literal","已实际收回且未开封","","完整候选索引；表达式内字面量可能是接口参数，是否实际展示以文案决策表与浏览器证据为准"
"src/normalized-ui/ItemAfterSalesPanel.tsx","182","ItemAfterSalesPanel","jsx-expression-literal","确认停止并释放新批预留","","完整候选索引；表达式内字面量可能是接口参数，是否实际展示以文案决策表与浏览器证据为准"
"src/normalized-ui/ItemAfterSalesPanel.tsx","182","ItemAfterSalesPanel","jsx-expression-literal","确认收回入库","","完整候选索引；表达式内字面量可能是接口参数，是否实际展示以文案决策表与浏览器证据为准"
"src/normalized-ui/ItemAfterSalesPanel.tsx","183","ItemAfterSalesPanel","jsx-text","已消耗，不回库","","完整候选索引；表达式内字面量可能是接口参数，是否实际展示以文案决策表与浏览器证据为准"
"src/normalized-ui/ItemAfterSalesPanel.tsx","187","ItemAfterSalesPanel","jsx-text","该商品暂无售后申请。","","完整候选索引；表达式内字面量可能是接口参数，是否实际展示以文案决策表与浏览器证据为准"
"src/normalized-ui/ItemAfterSalesPanel.tsx","192","ItemAfterSalesPanel","feedback","请刷新原商品，核对换品新单是否已建立","","完整候选索引；表达式内字面量可能是接口参数，是否实际展示以文案决策表与浏览器证据为准"
"src/normalized-ui/ItemAfterSalesPendingPanel.tsx","46","ItemAfterSalesPendingPanel","attribute:aria-label","商品售后待办","","完整候选索引；表达式内字面量可能是接口参数，是否实际展示以文案决策表与浏览器证据为准"
"src/normalized-ui/ItemAfterSalesPendingPanel.tsx","48","ItemAfterSalesPendingPanel","jsx-text","重新读取商品待办","","完整候选索引；表达式内字面量可能是接口参数，是否实际展示以文案决策表与浏览器证据为准"
"src/normalized-ui/ItemAfterSalesPendingPanel.tsx","50","ItemAfterSalesPendingPanel","attribute:aria-label","商品售后待办","","完整候选索引；表达式内字面量可能是接口参数，是否实际展示以文案决策表与浏览器证据为准"
"src/normalized-ui/ItemAfterSalesPendingPanel.tsx","51","ItemAfterSalesPendingPanel","jsx-text","待处理商品","","完整候选索引；表达式内字面量可能是接口参数，是否实际展示以文案决策表与浏览器证据为准"
"src/normalized-ui/ItemAfterSalesPendingPanel.tsx","51","ItemAfterSalesPendingPanel","jsx-text","刷新商品待办","","完整候选索引；表达式内字面量可能是接口参数，是否实际展示以文案决策表与浏览器证据为准"
"src/normalized-ui/ItemAfterSalesPendingPanel.tsx","52","ItemAfterSalesPendingPanel","jsx-text","含以前营业日未处理完的商品；拒绝或撤回后仍暂停的商品会保留在这里。","","完整候选索引；表达式内字面量可能是接口参数，是否实际展示以文案决策表与浏览器证据为准"
"src/normalized-ui/ItemAfterSalesPendingPanel.tsx","54","ItemAfterSalesPendingPanel","jsx-text","待办更新暂时延迟，已有记录保留，可点刷新重试。","","完整候选索引；表达式内字面量可能是接口参数，是否实际展示以文案决策表与浏览器证据为准"
"src/normalized-ui/ItemAfterSalesPendingPanel.tsx","55","ItemAfterSalesPendingPanel","jsx-text","没有待处理商品。","","完整候选索引；表达式内字面量可能是接口参数，是否实际展示以文案决策表与浏览器证据为准"
"src/normalized-ui/ItemAfterSalesPendingPanel.tsx","58","ItemAfterSalesPendingPanel","jsx-text","原单尾号","","完整候选索引；表达式内字面量可能是接口参数，是否实际展示以文案决策表与浏览器证据为准"
"src/normalized-ui/ItemAfterSalesPendingPanel.tsx","58","ItemAfterSalesPendingPanel","jsx-template-text","· 申请","","完整候选索引；表达式内字面量可能是接口参数，是否实际展示以文案决策表与浏览器证据为准"
"src/normalized-ui/ItemAfterSalesPendingPanel.tsx","58","ItemAfterSalesPendingPanel","jsx-expression-literal","zh-CN","","完整候选索引；表达式内字面量可能是接口参数，是否实际展示以文案决策表与浏览器证据为准"
"src/normalized-ui/ItemAfterSalesPendingPanel.tsx","58","ItemAfterSalesPendingPanel","jsx-expression-literal","Asia/Shanghai","","完整候选索引；表达式内字面量可能是接口参数，是否实际展示以文案决策表与浏览器证据为准"
"src/normalized-ui/ItemAfterSalesPendingPanel.tsx","58","ItemAfterSalesPendingPanel","jsx-expression-literal","2-digit","","完整候选索引；表达式内字面量可能是接口参数，是否实际展示以文案决策表与浏览器证据为准"
"src/normalized-ui/ItemAfterSalesPendingPanel.tsx","58","ItemAfterSalesPendingPanel","jsx-expression-literal","2-digit","","完整候选索引；表达式内字面量可能是接口参数，是否实际展示以文案决策表与浏览器证据为准"
"src/normalized-ui/ItemAfterSalesPendingPanel.tsx","59","ItemAfterSalesPendingPanel","jsx-text","申请 ·","","完整候选索引；表达式内字面量可能是接口参数，是否实际展示以文案决策表与浏览器证据为准"
"src/normalized-ui/ItemAfterSalesPendingPanel.tsx","59","ItemAfterSalesPendingPanel","jsx-template-text","实物待核对","","完整候选索引；表达式内字面量可能是接口参数，是否实际展示以文案决策表与浏览器证据为准"
"src/normalized-ui/ItemAfterSalesPendingPanel.tsx","59","ItemAfterSalesPendingPanel","jsx-expression-literal","岗位通知待知悉","","完整候选索引；表达式内字面量可能是接口参数，是否实际展示以文案决策表与浏览器证据为准"
"src/normalized-ui/ItemAfterSalesPendingPanel.tsx","59","ItemAfterSalesPendingPanel","jsx-expression-literal","待确认现金实退","","完整候选索引；表达式内字面量可能是接口参数，是否实际展示以文案决策表与浏览器证据为准"
"src/normalized-ui/ItemAfterSalesPendingPanel.tsx","59","ItemAfterSalesPendingPanel","jsx-expression-literal","退款失败待处理","","完整候选索引；表达式内字面量可能是接口参数，是否实际展示以文案决策表与浏览器证据为准"
"src/normalized-ui/ItemAfterSalesPendingPanel.tsx","59","ItemAfterSalesPendingPanel","jsx-expression-literal","渠道待核对","","完整候选索引；表达式内字面量可能是接口参数，是否实际展示以文案决策表与浏览器证据为准"
"src/normalized-ui/ItemAfterSalesPendingPanel.tsx","59","ItemAfterSalesPendingPanel","jsx-template-text","暂停","","完整候选索引；表达式内字面量可能是接口参数，是否实际展示以文案决策表与浏览器证据为准"
"src/normalized-ui/ItemAfterSalesPendingPanel.tsx","59","ItemAfterSalesPendingPanel","jsx-expression-literal","岗位通知待知悉","","完整候选索引；表达式内字面量可能是接口参数，是否实际展示以文案决策表与浏览器证据为准"
"src/normalized-ui/ItemAfterSalesPendingPanel.tsx","59","ItemAfterSalesPendingPanel","jsx-expression-literal","资金待处理","","完整候选索引；表达式内字面量可能是接口参数，是否实际展示以文案决策表与浏览器证据为准"
"src/normalized-ui/ItemAfterSalesPendingPanel.tsx","60","ItemAfterSalesPendingPanel","jsx-text","资金：","","完整候选索引；表达式内字面量可能是接口参数，是否实际展示以文案决策表与浏览器证据为准"
"src/normalized-ui/ItemAfterSalesPendingPanel.tsx","60","ItemAfterSalesPendingPanel","jsx-expression-literal","rejected","","完整候选索引；表达式内字面量可能是接口参数，是否实际展示以文案决策表与浏览器证据为准"
"src/normalized-ui/ItemAfterSalesPendingPanel.tsx","60","ItemAfterSalesPendingPanel","jsx-expression-literal","申请已拒绝，按原资金记录","","完整候选索引；表达式内字面量可能是接口参数，是否实际展示以文案决策表与浏览器证据为准"
"src/normalized-ui/ItemAfterSalesPendingPanel.tsx","60","ItemAfterSalesPendingPanel","jsx-expression-literal","withdrawn","","完整候选索引；表达式内字面量可能是接口参数，是否实际展示以文案决策表与浏览器证据为准"
"src/normalized-ui/ItemAfterSalesPendingPanel.tsx","60","ItemAfterSalesPendingPanel","jsx-expression-literal","申请已撤回，按原资金记录","","完整候选索引；表达式内字面量可能是接口参数，是否实际展示以文案决策表与浏览器证据为准"
"src/normalized-ui/ItemAfterSalesPendingPanel.tsx","60","ItemAfterSalesPendingPanel","jsx-template-text","已退款 ¥","","完整候选索引；表达式内字面量可能是接口参数，是否实际展示以文案决策表与浏览器证据为准"
"src/normalized-ui/ItemAfterSalesPendingPanel.tsx","60","ItemAfterSalesPendingPanel","jsx-expression-literal","已处理完成","","完整候选索引；表达式内字面量可能是接口参数，是否实际展示以文案决策表与浏览器证据为准"
"src/normalized-ui/ItemAfterSalesPendingPanel.tsx","60","ItemAfterSalesPendingPanel","jsx-expression-literal","退款失败待处理","","完整候选索引；表达式内字面量可能是接口参数，是否实际展示以文案决策表与浏览器证据为准"
"src/normalized-ui/ItemAfterSalesPendingPanel.tsx","60","ItemAfterSalesPendingPanel","jsx-expression-literal","结果待核对","","完整候选索引；表达式内字面量可能是接口参数，是否实际展示以文案决策表与浏览器证据为准"
"src/normalized-ui/ItemAfterSalesPendingPanel.tsx","60","ItemAfterSalesPendingPanel","jsx-expression-literal","待确认现金实退","","完整候选索引；表达式内字面量可能是接口参数，是否实际展示以文案决策表与浏览器证据为准"
"src/normalized-ui/ItemAfterSalesPendingPanel.tsx","60","ItemAfterSalesPendingPanel","jsx-expression-literal","待审核或处理","","完整候选索引；表达式内字面量可能是接口参数，是否实际展示以文案决策表与浏览器证据为准"
"src/normalized-ui/ItemAfterSalesPendingPanel.tsx","60","ItemAfterSalesPendingPanel","jsx-text","；实物：","","完整候选索引；表达式内字面量可能是接口参数，是否实际展示以文案决策表与浏览器证据为准"
"src/normalized-ui/ItemAfterSalesPendingPanel.tsx","60","ItemAfterSalesPendingPanel","jsx-expression-literal","已处理","","完整候选索引；表达式内字面量可能是接口参数，是否实际展示以文案决策表与浏览器证据为准"
"src/normalized-ui/ItemAfterSalesPendingPanel.tsx","60","ItemAfterSalesPendingPanel","jsx-template-text","待处理","","完整候选索引；表达式内字面量可能是接口参数，是否实际展示以文案决策表与浏览器证据为准"
"src/normalized-ui/ItemAfterSalesPendingPanel.tsx","60","ItemAfterSalesPendingPanel","jsx-expression-literal","待核对","","完整候选索引；表达式内字面量可能是接口参数，是否实际展示以文案决策表与浏览器证据为准"
"src/normalized-ui/ItemAfterSalesPendingPanel.tsx","60","ItemAfterSalesPendingPanel","jsx-text","；岗位通知：","","完整候选索引；表达式内字面量可能是接口参数，是否实际展示以文案决策表与浏览器证据为准"
"src/normalized-ui/ItemAfterSalesPendingPanel.tsx","60","ItemAfterSalesPendingPanel","jsx-template-text","待知悉","","完整候选索引；表达式内字面量可能是接口参数，是否实际展示以文案决策表与浏览器证据为准"
"src/normalized-ui/ItemAfterSalesPendingPanel.tsx","60","ItemAfterSalesPendingPanel","jsx-expression-literal","已知悉","","完整候选索引；表达式内字面量可能是接口参数，是否实际展示以文案决策表与浏览器证据为准"
"src/normalized-ui/ItemAfterSalesPendingPanel.tsx","61","ItemAfterSalesPendingPanel","jsx-text","处理商品","","完整候选索引；表达式内字面量可能是接口参数，是否实际展示以文案决策表与浏览器证据为准"
"src/normalized-ui/ItemAfterSalesPendingPanel.tsx","63","ItemAfterSalesPendingPanel","jsx-text","继续查看待处理商品","","完整候选索引；表达式内字面量可能是接口参数，是否实际展示以文案决策表与浏览器证据为准"
"src/normalized-ui/LaunchPopupPanel.tsx","14","LaunchPopupPanel","jsx-text","小程序打开弹窗","","完整候选索引；表达式内字面量可能是接口参数，是否实际展示以文案决策表与浏览器证据为准"
"src/normalized-ui/LaunchPopupPanel.tsx","14","LaunchPopupPanel","jsx-text","刷新配置","","完整候选索引；表达式内字面量可能是接口参数，是否实际展示以文案决策表与浏览器证据为准"
"src/normalized-ui/LaunchPopupPanel.tsx","14","LaunchPopupPanel","feedback","弹窗配置已保存","","完整候选索引；表达式内字面量可能是接口参数，是否实际展示以文案决策表与浏览器证据为准"
"src/normalized-ui/LaunchPopupPanel.tsx","14","LaunchPopupPanel","jsx-text","启用弹窗","","完整候选索引；表达式内字面量可能是接口参数，是否实际展示以文案决策表与浏览器证据为准"
"src/normalized-ui/LaunchPopupPanel.tsx","14","LaunchPopupPanel","jsx-text","标题","","完整候选索引；表达式内字面量可能是接口参数，是否实际展示以文案决策表与浏览器证据为准"
"src/normalized-ui/LaunchPopupPanel.tsx","14","LaunchPopupPanel","jsx-text","展示频次","","完整候选索引；表达式内字面量可能是接口参数，是否实际展示以文案决策表与浏览器证据为准"
"src/normalized-ui/LaunchPopupPanel.tsx","14","LaunchPopupPanel","jsx-text","每天首次打开","","完整候选索引；表达式内字面量可能是接口参数，是否实际展示以文案决策表与浏览器证据为准"
"src/normalized-ui/LaunchPopupPanel.tsx","14","LaunchPopupPanel","jsx-text","本次小程序启动首次","","完整候选索引；表达式内字面量可能是接口参数，是否实际展示以文案决策表与浏览器证据为准"
"src/normalized-ui/LaunchPopupPanel.tsx","14","LaunchPopupPanel","jsx-text","每次回到小程序","","完整候选索引；表达式内字面量可能是接口参数，是否实际展示以文案决策表与浏览器证据为准"
"src/normalized-ui/LaunchPopupPanel.tsx","14","LaunchPopupPanel","jsx-text","内容","","完整候选索引；表达式内字面量可能是接口参数，是否实际展示以文案决策表与浏览器证据为准"
"src/normalized-ui/LaunchPopupPanel.tsx","14","LaunchPopupPanel","jsx-text","最多推荐8款公共在售商品，按添加顺序展示。专属卡商品不在公共弹窗中展示。","","完整候选索引；表达式内字面量可能是接口参数，是否实际展示以文案决策表与浏览器证据为准"
"src/normalized-ui/LaunchPopupPanel.tsx","14","LaunchPopupPanel","jsx-expression-literal","商品已下架","","完整候选索引；表达式内字面量可能是接口参数，是否实际展示以文案决策表与浏览器证据为准"
"src/normalized-ui/LaunchPopupPanel.tsx","14","LaunchPopupPanel","jsx-text","上移","","完整候选索引；表达式内字面量可能是接口参数，是否实际展示以文案决策表与浏览器证据为准"
"src/normalized-ui/LaunchPopupPanel.tsx","14","LaunchPopupPanel","jsx-text","移除","","完整候选索引；表达式内字面量可能是接口参数，是否实际展示以文案决策表与浏览器证据为准"
"src/normalized-ui/LaunchPopupPanel.tsx","14","LaunchPopupPanel","jsx-text","添加推荐商品","","完整候选索引；表达式内字面量可能是接口参数，是否实际展示以文案决策表与浏览器证据为准"
"src/normalized-ui/LaunchPopupPanel.tsx","14","LaunchPopupPanel","jsx-text","请选择商品","","完整候选索引；表达式内字面量可能是接口参数，是否实际展示以文案决策表与浏览器证据为准"
"src/normalized-ui/LaunchPopupPanel.tsx","14","LaunchPopupPanel","jsx-text","保存弹窗","","完整候选索引；表达式内字面量可能是接口参数，是否实际展示以文案决策表与浏览器证据为准"
"src/normalized-ui/LoyaltyEmergencyControlPanel.tsx","18","(module)","display-definition","新积分发放","","完整候选索引；表达式内字面量可能是接口参数，是否实际展示以文案决策表与浏览器证据为准"
"src/normalized-ui/LoyaltyEmergencyControlPanel.tsx","19","(module)","display-definition","积分兑换","","完整候选索引；表达式内字面量可能是接口参数，是否实际展示以文案决策表与浏览器证据为准"
"src/normalized-ui/LoyaltyEmergencyControlPanel.tsx","20","(module)","display-definition","微信会员通知","","完整候选索引；表达式内字面量可能是接口参数，是否实际展示以文案决策表与浏览器证据为准"
"src/normalized-ui/LoyaltyEmergencyControlPanel.tsx","43","change","display-definition","该说明会写入运行审计。","","完整候选索引；表达式内字面量可能是接口参数，是否实际展示以文案决策表与浏览器证据为准"
"src/normalized-ui/LoyaltyEmergencyControlPanel.tsx","43","change","display-definition","原因","","完整候选索引；表达式内字面量可能是接口参数，是否实际展示以文案决策表与浏览器证据为准"
"src/normalized-ui/LoyaltyEmergencyControlPanel.tsx","47","change","display-definition","填写复核时间（可选）","","完整候选索引；表达式内字面量可能是接口参数，是否实际展示以文案决策表与浏览器证据为准"
"src/normalized-ui/LoyaltyEmergencyControlPanel.tsx","47","change","display-definition","例如 2026-08-17 10:00；不需要可留空。","","完整候选索引；表达式内字面量可能是接口参数，是否实际展示以文案决策表与浏览器证据为准"
"src/normalized-ui/LoyaltyEmergencyControlPanel.tsx","47","change","display-definition","复核时间","","完整候选索引；表达式内字面量可能是接口参数，是否实际展示以文案决策表与浏览器证据为准"
"src/normalized-ui/LoyaltyEmergencyControlPanel.tsx","50","change","feedback","复核时间必须晚于当前时间。","","完整候选索引；表达式内字面量可能是接口参数，是否实际展示以文案决策表与浏览器证据为准"
"src/normalized-ui/LoyaltyEmergencyControlPanel.tsx","71","LoyaltyEmergencyControlPanel","attribute:aria-label","会员运行安全总闸","","完整候选索引；表达式内字面量可能是接口参数，是否实际展示以文案决策表与浏览器证据为准"
"src/normalized-ui/LoyaltyEmergencyControlPanel.tsx","72","LoyaltyEmergencyControlPanel","jsx-text","会员运行安全总闸","","完整候选索引；表达式内字面量可能是接口参数，是否实际展示以文案决策表与浏览器证据为准"
"src/normalized-ui/LoyaltyEmergencyControlPanel.tsx","72","LoyaltyEmergencyControlPanel","jsx-text","仅最高管理权限可操作；三个能力分别控制，暂停不会停止收款、出单或退款。","","完整候选索引；表达式内字面量可能是接口参数，是否实际展示以文案决策表与浏览器证据为准"
"src/normalized-ui/LoyaltyEmergencyControlPanel.tsx","75","LoyaltyEmergencyControlPanel","jsx-expression-literal","paused","","完整候选索引；表达式内字面量可能是接口参数，是否实际展示以文案决策表与浏览器证据为准"
"src/normalized-ui/LoyaltyEmergencyControlPanel.tsx","75","LoyaltyEmergencyControlPanel","jsx-expression-literal","已暂停","","完整候选索引；表达式内字面量可能是接口参数，是否实际展示以文案决策表与浏览器证据为准"
"src/normalized-ui/LoyaltyEmergencyControlPanel.tsx","75","LoyaltyEmergencyControlPanel","jsx-expression-literal","正常运行","","完整候选索引；表达式内字面量可能是接口参数，是否实际展示以文案决策表与浏览器证据为准"
"src/normalized-ui/LoyaltyEmergencyControlPanel.tsx","77","LoyaltyEmergencyControlPanel","jsx-text","最近原因：","","完整候选索引；表达式内字面量可能是接口参数，是否实际展示以文案决策表与浏览器证据为准"
"src/normalized-ui/LoyaltyEmergencyControlPanel.tsx","78","LoyaltyEmergencyControlPanel","jsx-text","计划复核：","","完整候选索引；表达式内字面量可能是接口参数，是否实际展示以文案决策表与浏览器证据为准"
"src/normalized-ui/LoyaltyEmergencyControlPanel.tsx","78","LoyaltyEmergencyControlPanel","jsx-expression-literal","zh-CN","","完整候选索引；表达式内字面量可能是接口参数，是否实际展示以文案决策表与浏览器证据为准"
"src/normalized-ui/LoyaltyEmergencyControlPanel.tsx","79","LoyaltyEmergencyControlPanel","jsx-expression-literal","points_accrual","","完整候选索引；表达式内字面量可能是接口参数，是否实际展示以文案决策表与浏览器证据为准"
"src/normalized-ui/LoyaltyEmergencyControlPanel.tsx","79","LoyaltyEmergencyControlPanel","jsx-text","笔已付款订单待补算","","完整候选索引；表达式内字面量可能是接口参数，是否实际展示以文案决策表与浏览器证据为准"
"src/normalized-ui/LoyaltyEmergencyControlPanel.tsx","81","LoyaltyEmergencyControlPanel","jsx-expression-literal","active","","完整候选索引；表达式内字面量可能是接口参数，是否实际展示以文案决策表与浏览器证据为准"
"src/normalized-ui/LoyaltyEmergencyControlPanel.tsx","81","LoyaltyEmergencyControlPanel","jsx-expression-literal","正在确认","","完整候选索引；表达式内字面量可能是接口参数，是否实际展示以文案决策表与浏览器证据为准"
"src/normalized-ui/LoyaltyEmergencyControlPanel.tsx","81","LoyaltyEmergencyControlPanel","jsx-expression-literal","active","","完整候选索引；表达式内字面量可能是接口参数，是否实际展示以文案决策表与浏览器证据为准"
"src/normalized-ui/LoyaltyEmergencyControlPanel.tsx","81","LoyaltyEmergencyControlPanel","jsx-expression-literal","暂停","","完整候选索引；表达式内字面量可能是接口参数，是否实际展示以文案决策表与浏览器证据为准"
"src/normalized-ui/LoyaltyEmergencyControlPanel.tsx","81","LoyaltyEmergencyControlPanel","jsx-expression-literal","恢复","","完整候选索引；表达式内字面量可能是接口参数，是否实际展示以文案决策表与浏览器证据为准"
"src/normalized-ui/MarketingContactPanel.tsx","50","command","display-definition","确认营销管理操作","","完整候选索引；表达式内字面量可能是接口参数，是否实际展示以文案决策表与浏览器证据为准"
"src/normalized-ui/MarketingContactPanel.tsx","53","command","feedback","操作已记录；这不代表客户已同意、已收到消息或已关注。","","完整候选索引；表达式内字面量可能是接口参数，是否实际展示以文案决策表与浏览器证据为准"
"src/normalized-ui/MarketingContactPanel.tsx","55","command","feedback","操作已记录，但列表刷新失败。请刷新核对，勿重复创建不同任务。","","完整候选索引；表达式内字面量可能是接口参数，是否实际展示以文案决策表与浏览器证据为准"
"src/normalized-ui/MarketingContactPanel.tsx","78","MarketingContactPanel","attribute:aria-label","营销联系管理","","完整候选索引；表达式内字面量可能是接口参数，是否实际展示以文案决策表与浏览器证据为准"
"src/normalized-ui/MarketingContactPanel.tsx","78","MarketingContactPanel","jsx-text","营销联系管理","","完整候选索引；表达式内字面量可能是接口参数，是否实际展示以文案决策表与浏览器证据为准"
"src/normalized-ui/MarketingContactPanel.tsx","78","MarketingContactPanel","jsx-text","入会、兴趣卡、微信原生订阅与营销联系许可相互独立。新渠道默认关闭，不向合作方导出名单。","","完整候选索引；表达式内字面量可能是接口参数，是否实际展示以文案决策表与浏览器证据为准"
"src/normalized-ui/MarketingContactPanel.tsx","79","MarketingContactPanel","jsx-text","营销操作原因","","完整候选索引；表达式内字面量可能是接口参数，是否实际展示以文案决策表与浏览器证据为准"
"src/normalized-ui/MarketingContactPanel.tsx","81","MarketingContactPanel","jsx-expression-literal","marketing.notice.edit","","完整候选索引；表达式内字面量可能是接口参数，是否实际展示以文案决策表与浏览器证据为准"
"src/normalized-ui/MarketingContactPanel.tsx","81","MarketingContactPanel","jsx-text","新增告知版本","","完整候选索引；表达式内字面量可能是接口参数，是否实际展示以文案决策表与浏览器证据为准"
"src/normalized-ui/MarketingContactPanel.tsx","82","MarketingContactPanel","jsx-text","规则编号","","完整候选索引；表达式内字面量可能是接口参数，是否实际展示以文案决策表与浏览器证据为准"
"src/normalized-ui/MarketingContactPanel.tsx","82","MarketingContactPanel","jsx-text","已知最新版本","","完整候选索引；表达式内字面量可能是接口参数，是否实际展示以文案决策表与浏览器证据为准"
"src/normalized-ui/MarketingContactPanel.tsx","82","MarketingContactPanel","jsx-text","新规则填0；改版请先读取，不覆盖旧版同意。","","完整候选索引；表达式内字面量可能是接口参数，是否实际展示以文案决策表与浏览器证据为准"
"src/normalized-ui/MarketingContactPanel.tsx","83","MarketingContactPanel","jsx-text","实际经营主体","","完整候选索引；表达式内字面量可能是接口参数，是否实际展示以文案决策表与浏览器证据为准"
"src/normalized-ui/MarketingContactPanel.tsx","83","MarketingContactPanel","jsx-text","主体联系与客服","","完整候选索引；表达式内字面量可能是接口参数，是否实际展示以文案决策表与浏览器证据为准"
"src/normalized-ui/MarketingContactPanel.tsx","84","MarketingContactPanel","jsx-text","营销用途与范围","","完整候选索引；表达式内字面量可能是接口参数，是否实际展示以文案决策表与浏览器证据为准"
"src/normalized-ui/MarketingContactPanel.tsx","84","MarketingContactPanel","jsx-text","所用资料类型","","完整候选索引；表达式内字面量可能是接口参数，是否实际展示以文案决策表与浏览器证据为准"
"src/normalized-ui/MarketingContactPanel.tsx","84","MarketingContactPanel","attribute:placeholder","按实际必要范围填写，用顿号分隔","","完整候选索引；表达式内字面量可能是接口参数，是否实际展示以文案决策表与浏览器证据为准"
"src/normalized-ui/MarketingContactPanel.tsx","85","MarketingContactPanel","jsx-text","停止联系方法","","完整候选索引；表达式内字面量可能是接口参数，是否实际展示以文案决策表与浏览器证据为准"
"src/normalized-ui/MarketingContactPanel.tsx","86","MarketingContactPanel","jsx-text","告知开始（北京时间）","","完整候选索引；表达式内字面量可能是接口参数，是否实际展示以文案决策表与浏览器证据为准"
"src/normalized-ui/MarketingContactPanel.tsx","86","MarketingContactPanel","jsx-text","告知截止（北京时间）","","完整候选索引；表达式内字面量可能是接口参数，是否实际展示以文案决策表与浏览器证据为准"
"src/normalized-ui/MarketingContactPanel.tsx","87","MarketingContactPanel","jsx-expression-literal","consentDays","","完整候选索引；表达式内字面量可能是接口参数，是否实际展示以文案决策表与浏览器证据为准"
"src/normalized-ui/MarketingContactPanel.tsx","87","MarketingContactPanel","jsx-expression-literal","每次同意最长","","完整候选索引；表达式内字面量可能是接口参数，是否实际展示以文案决策表与浏览器证据为准"
"src/normalized-ui/MarketingContactPanel.tsx","87","MarketingContactPanel","jsx-expression-literal","maximumPerDay","","完整候选索引；表达式内字面量可能是接口参数，是否实际展示以文案决策表与浏览器证据为准"
"src/normalized-ui/MarketingContactPanel.tsx","87","MarketingContactPanel","jsx-expression-literal","每人每日最多","","完整候选索引；表达式内字面量可能是接口参数，是否实际展示以文案决策表与浏览器证据为准"
"src/normalized-ui/MarketingContactPanel.tsx","87","MarketingContactPanel","jsx-expression-literal","maximumPerMonth","","完整候选索引；表达式内字面量可能是接口参数，是否实际展示以文案决策表与浏览器证据为准"
"src/normalized-ui/MarketingContactPanel.tsx","87","MarketingContactPanel","jsx-expression-literal","每人每月最多","","完整候选索引；表达式内字面量可能是接口参数，是否实际展示以文案决策表与浏览器证据为准"
"src/normalized-ui/MarketingContactPanel.tsx","88","MarketingContactPanel","jsx-text","允许联系开始","","完整候选索引；表达式内字面量可能是接口参数，是否实际展示以文案决策表与浏览器证据为准"
"src/normalized-ui/MarketingContactPanel.tsx","88","MarketingContactPanel","jsx-text","允许联系结束","","完整候选索引；表达式内字面量可能是接口参数，是否实际展示以文案决策表与浏览器证据为准"
"src/normalized-ui/MarketingContactPanel.tsx","89","MarketingContactPanel","jsx-text","可供本人选择的渠道（不是代客户同意）","","完整候选索引；表达式内字面量可能是接口参数，是否实际展示以文案决策表与浏览器证据为准"
"src/normalized-ui/MarketingContactPanel.tsx","90","MarketingContactPanel","jsx-text","可联系星期（北京时间）","","完整候选索引；表达式内字面量可能是接口参数，是否实际展示以文案决策表与浏览器证据为准"
"src/normalized-ui/MarketingContactPanel.tsx","90","MarketingContactPanel","jsx-expression-literal","一二三四五六日","","完整候选索引；表达式内字面量可能是接口参数，是否实际展示以文案决策表与浏览器证据为准"
"src/normalized-ui/MarketingContactPanel.tsx","91","MarketingContactPanel","jsx-text","另提供“由本店联系的联合活动”独立同意选项，不提供合作方名单","","完整候选索引；表达式内字面量可能是接口参数，是否实际展示以文案决策表与浏览器证据为准"
"src/normalized-ui/MarketingContactPanel.tsx","91","MarketingContactPanel","jsx-text","保存告知草稿","","完整候选索引；表达式内字面量可能是接口参数，是否实际展示以文案决策表与浏览器证据为准"
"src/normalized-ui/MarketingContactPanel.tsx","92","MarketingContactPanel","jsx-expression-literal","marketing.notice.view","","完整候选索引；表达式内字面量可能是接口参数，是否实际展示以文案决策表与浏览器证据为准"
"src/normalized-ui/MarketingContactPanel.tsx","92","MarketingContactPanel","jsx-text","读取告知版本","","完整候选索引；表达式内字面量可能是接口参数，是否实际展示以文案决策表与浏览器证据为准"
"src/normalized-ui/MarketingContactPanel.tsx","92","MarketingContactPanel","jsx-text","· 第","","完整候选索引；表达式内字面量可能是接口参数，是否实际展示以文案决策表与浏览器证据为准"
"src/normalized-ui/MarketingContactPanel.tsx","92","MarketingContactPanel","jsx-text","版 ·","","完整候选索引；表达式内字面量可能是接口参数，是否实际展示以文案决策表与浏览器证据为准"
"src/normalized-ui/MarketingContactPanel.tsx","92","MarketingContactPanel","jsx-text","资料：","","完整候选索引；表达式内字面量可能是接口参数，是否实际展示以文案决策表与浏览器证据为准"
"src/normalized-ui/MarketingContactPanel.tsx","92","MarketingContactPanel","jsx-text","；停止方式：","","完整候选索引；表达式内字面量可能是接口参数，是否实际展示以文案决策表与浏览器证据为准"
"src/normalized-ui/MarketingContactPanel.tsx","92","MarketingContactPanel","jsx-expression-literal","mbox_joint_activities","","完整候选索引；表达式内字面量可能是接口参数，是否实际展示以文案决策表与浏览器证据为准"
"src/normalized-ui/MarketingContactPanel.tsx","92","MarketingContactPanel","jsx-expression-literal","本店及本店联系的联合活动","","完整候选索引；表达式内字面量可能是接口参数，是否实际展示以文案决策表与浏览器证据为准"
"src/normalized-ui/MarketingContactPanel.tsx","92","MarketingContactPanel","jsx-expression-literal","本店活动","","完整候选索引；表达式内字面量可能是接口参数，是否实际展示以文案决策表与浏览器证据为准"
"src/normalized-ui/MarketingContactPanel.tsx","92","MarketingContactPanel","jsx-text","· 不共享名单","","完整候选索引；表达式内字面量可能是接口参数，是否实际展示以文案决策表与浏览器证据为准"
"src/normalized-ui/MarketingContactPanel.tsx","92","MarketingContactPanel","jsx-text","；每次许可最多","","完整候选索引；表达式内字面量可能是接口参数，是否实际展示以文案决策表与浏览器证据为准"
"src/normalized-ui/MarketingContactPanel.tsx","92","MarketingContactPanel","jsx-expression-literal","一二三四五六日","","完整候选索引；表达式内字面量可能是接口参数，是否实际展示以文案决策表与浏览器证据为准"
"src/normalized-ui/MarketingContactPanel.tsx","92","MarketingContactPanel","jsx-text","；每日","","完整候选索引；表达式内字面量可能是接口参数，是否实际展示以文案决策表与浏览器证据为准"
"src/normalized-ui/MarketingContactPanel.tsx","92","MarketingContactPanel","jsx-text","次，每月","","完整候选索引；表达式内字面量可能是接口参数，是否实际展示以文案决策表与浏览器证据为准"
"src/normalized-ui/MarketingContactPanel.tsx","93","MarketingContactPanel","jsx-expression-literal","draft","","完整候选索引；表达式内字面量可能是接口参数，是否实际展示以文案决策表与浏览器证据为准"
"src/normalized-ui/MarketingContactPanel.tsx","93","MarketingContactPanel","jsx-expression-literal","marketing.notice.approve","","完整候选索引；表达式内字面量可能是接口参数，是否实际展示以文案决策表与浏览器证据为准"
"src/normalized-ui/MarketingContactPanel.tsx","93","MarketingContactPanel","jsx-text","审核通过","","完整候选索引；表达式内字面量可能是接口参数，是否实际展示以文案决策表与浏览器证据为准"
"src/normalized-ui/MarketingContactPanel.tsx","93","MarketingContactPanel","jsx-expression-literal","approved","","完整候选索引；表达式内字面量可能是接口参数，是否实际展示以文案决策表与浏览器证据为准"
"src/normalized-ui/MarketingContactPanel.tsx","93","MarketingContactPanel","jsx-expression-literal","marketing.notice.publish","","完整候选索引；表达式内字面量可能是接口参数，是否实际展示以文案决策表与浏览器证据为准"
"src/normalized-ui/MarketingContactPanel.tsx","93","MarketingContactPanel","jsx-expression-literal","approve","","完整候选索引；表达式内字面量可能是接口参数，是否实际展示以文案决策表与浏览器证据为准"
"src/normalized-ui/MarketingContactPanel.tsx","93","MarketingContactPanel","jsx-text","发布告知","","完整候选索引；表达式内字面量可能是接口参数，是否实际展示以文案决策表与浏览器证据为准"
"src/normalized-ui/MarketingContactPanel.tsx","93","MarketingContactPanel","jsx-expression-literal","published","","完整候选索引；表达式内字面量可能是接口参数，是否实际展示以文案决策表与浏览器证据为准"
"src/normalized-ui/MarketingContactPanel.tsx","93","MarketingContactPanel","jsx-expression-literal","marketing.notice.publish","","完整候选索引；表达式内字面量可能是接口参数，是否实际展示以文案决策表与浏览器证据为准"
"src/normalized-ui/MarketingContactPanel.tsx","93","MarketingContactPanel","jsx-text","停止此版本","","完整候选索引；表达式内字面量可能是接口参数，是否实际展示以文案决策表与浏览器证据为准"
"src/normalized-ui/MarketingContactPanel.tsx","94","MarketingContactPanel","jsx-text","更多告知版本","","完整候选索引；表达式内字面量可能是接口参数，是否实际展示以文案决策表与浏览器证据为准"
"src/normalized-ui/MarketingContactPanel.tsx","95","MarketingContactPanel","jsx-expression-literal","marketing.send","","完整候选索引；表达式内字面量可能是接口参数，是否实际展示以文案决策表与浏览器证据为准"
"src/normalized-ui/MarketingContactPanel.tsx","95","MarketingContactPanel","jsx-expression-literal","marketing.refusal.record","","完整候选索引；表达式内字面量可能是接口参数，是否实际展示以文案决策表与浏览器证据为准"
"src/normalized-ui/MarketingContactPanel.tsx","95","MarketingContactPanel","jsx-expression-literal","marketing.consent.audit","","完整候选索引；表达式内字面量可能是接口参数，是否实际展示以文案决策表与浏览器证据为准"
"src/normalized-ui/MarketingContactPanel.tsx","95","MarketingContactPanel","jsx-text","客户联系任务与拒绝记录","","完整候选索引；表达式内字面量可能是接口参数，是否实际展示以文案决策表与浏览器证据为准"
"src/normalized-ui/MarketingContactPanel.tsx","95","MarketingContactPanel","jsx-text","查找用途","","完整候选索引；表达式内字面量可能是接口参数，是否实际展示以文案决策表与浏览器证据为准"
"src/normalized-ui/MarketingContactPanel.tsx","95","MarketingContactPanel","jsx-expression-literal","marketing.send","","完整候选索引；表达式内字面量可能是接口参数，是否实际展示以文案决策表与浏览器证据为准"
"src/normalized-ui/MarketingContactPanel.tsx","95","MarketingContactPanel","jsx-text","建立联系任务","","完整候选索引；表达式内字面量可能是接口参数，是否实际展示以文案决策表与浏览器证据为准"
"src/normalized-ui/MarketingContactPanel.tsx","95","MarketingContactPanel","jsx-expression-literal","marketing.refusal.record","","完整候选索引；表达式内字面量可能是接口参数，是否实际展示以文案决策表与浏览器证据为准"
"src/normalized-ui/MarketingContactPanel.tsx","95","MarketingContactPanel","jsx-text","记录客户拒绝","","完整候选索引；表达式内字面量可能是接口参数，是否实际展示以文案决策表与浏览器证据为准"
"src/normalized-ui/MarketingContactPanel.tsx","95","MarketingContactPanel","jsx-expression-literal","marketing.consent.audit","","完整候选索引；表达式内字面量可能是接口参数，是否实际展示以文案决策表与浏览器证据为准"
"src/normalized-ui/MarketingContactPanel.tsx","95","MarketingContactPanel","jsx-text","核查本人许可历史","","完整候选索引；表达式内字面量可能是接口参数，是否实际展示以文案决策表与浏览器证据为准"
"src/normalized-ui/MarketingContactPanel.tsx","96","MarketingContactPanel","jsx-text","会员号或客户编号","","完整候选索引；表达式内字面量可能是接口参数，是否实际展示以文案决策表与浏览器证据为准"
"src/normalized-ui/MarketingContactPanel.tsx","96","MarketingContactPanel","jsx-text","查找客户","","完整候选索引；表达式内字面量可能是接口参数，是否实际展示以文案决策表与浏览器证据为准"
"src/normalized-ui/MarketingContactPanel.tsx","96","MarketingContactPanel","jsx-text","更多客户","","完整候选索引；表达式内字面量可能是接口参数，是否实际展示以文案决策表与浏览器证据为准"
"src/normalized-ui/MarketingContactPanel.tsx","97","MarketingContactPanel","jsx-text","当前选择：","","完整候选索引；表达式内字面量可能是接口参数，是否实际展示以文案决策表与浏览器证据为准"
"src/normalized-ui/MarketingContactPanel.tsx","98","MarketingContactPanel","jsx-expression-literal","audit","","完整候选索引；表达式内字面量可能是接口参数，是否实际展示以文案决策表与浏览器证据为准"
"src/normalized-ui/MarketingContactPanel.tsx","98","MarketingContactPanel","jsx-expression-literal","marketing.consent.audit","","完整候选索引；表达式内字面量可能是接口参数，是否实际展示以文案决策表与浏览器证据为准"
"src/normalized-ui/MarketingContactPanel.tsx","98","MarketingContactPanel","attribute:aria-label","本人许可历史","","完整候选索引；表达式内字面量可能是接口参数，是否实际展示以文案决策表与浏览器证据为准"
"src/normalized-ui/MarketingContactPanel.tsx","98","MarketingContactPanel","jsx-text","仅核查本人同意、撤回及门店代记拒绝。历史同意不代表当前仍有效，也不代表微信原生订阅或消息已送达。每次查询保留核查人及原因，不显示手机号或导出名单。","","完整候选索引；表达式内字面量可能是接口参数，是否实际展示以文案决策表与浏览器证据为准"
"src/normalized-ui/MarketingContactPanel.tsx","98","MarketingContactPanel","jsx-text","读取许可历史","","完整候选索引；表达式内字面量可能是接口参数，是否实际展示以文案决策表与浏览器证据为准"
"src/normalized-ui/MarketingContactPanel.tsx","98","MarketingContactPanel","jsx-text","没有相关许可记录。","","完整候选索引；表达式内字面量可能是接口参数，是否实际展示以文案决策表与浏览器证据为准"
"src/normalized-ui/MarketingContactPanel.tsx","98","MarketingContactPanel","jsx-expression-literal","本人同意","","完整候选索引；表达式内字面量可能是接口参数，是否实际展示以文案决策表与浏览器证据为准"
"src/normalized-ui/MarketingContactPanel.tsx","98","MarketingContactPanel","jsx-expression-literal","已撤回","","完整候选索引；表达式内字面量可能是接口参数，是否实际展示以文案决策表与浏览器证据为准"
"src/normalized-ui/MarketingContactPanel.tsx","98","MarketingContactPanel","jsx-expression-literal","本人拒绝","","完整候选索引；表达式内字面量可能是接口参数，是否实际展示以文案决策表与浏览器证据为准"
"src/normalized-ui/MarketingContactPanel.tsx","98","MarketingContactPanel","jsx-expression-literal","停止全部营销","","完整候选索引；表达式内字面量可能是接口参数，是否实际展示以文案决策表与浏览器证据为准"
"src/normalized-ui/MarketingContactPanel.tsx","98","MarketingContactPanel","jsx-expression-literal","待核对决定","","完整候选索引；表达式内字面量可能是接口参数，是否实际展示以文案决策表与浏览器证据为准"
"src/normalized-ui/MarketingContactPanel.tsx","98","MarketingContactPanel","jsx-expression-literal","全部渠道","","完整候选索引；表达式内字面量可能是接口参数，是否实际展示以文案决策表与浏览器证据为准"
"src/normalized-ui/MarketingContactPanel.tsx","98","MarketingContactPanel","jsx-expression-literal","own_activities","","完整候选索引；表达式内字面量可能是接口参数，是否实际展示以文案决策表与浏览器证据为准"
"src/normalized-ui/MarketingContactPanel.tsx","98","MarketingContactPanel","jsx-expression-literal","本店活动","","完整候选索引；表达式内字面量可能是接口参数，是否实际展示以文案决策表与浏览器证据为准"
"src/normalized-ui/MarketingContactPanel.tsx","98","MarketingContactPanel","jsx-expression-literal","mbox_joint_activities","","完整候选索引；表达式内字面量可能是接口参数，是否实际展示以文案决策表与浏览器证据为准"
"src/normalized-ui/MarketingContactPanel.tsx","98","MarketingContactPanel","jsx-expression-literal","本店联系的联合活动","","完整候选索引；表达式内字面量可能是接口参数，是否实际展示以文案决策表与浏览器证据为准"
"src/normalized-ui/MarketingContactPanel.tsx","98","MarketingContactPanel","jsx-expression-literal","全部用途","","完整候选索引；表达式内字面量可能是接口参数，是否实际展示以文案决策表与浏览器证据为准"
"src/normalized-ui/MarketingContactPanel.tsx","98","MarketingContactPanel","jsx-expression-literal","customer_self","","完整候选索引；表达式内字面量可能是接口参数，是否实际展示以文案决策表与浏览器证据为准"
"src/normalized-ui/MarketingContactPanel.tsx","98","MarketingContactPanel","jsx-expression-literal","客户本人操作","","完整候选索引；表达式内字面量可能是接口参数，是否实际展示以文案决策表与浏览器证据为准"
"src/normalized-ui/MarketingContactPanel.tsx","98","MarketingContactPanel","jsx-template-text","员工代记拒绝：","","完整候选索引；表达式内字面量可能是接口参数，是否实际展示以文案决策表与浏览器证据为准"
"src/normalized-ui/MarketingContactPanel.tsx","98","MarketingContactPanel","jsx-expression-literal","已记录员工","","完整候选索引；表达式内字面量可能是接口参数，是否实际展示以文案决策表与浏览器证据为准"
"src/normalized-ui/MarketingContactPanel.tsx","98","MarketingContactPanel","jsx-template-text","；原因：","","完整候选索引；表达式内字面量可能是接口参数，是否实际展示以文案决策表与浏览器证据为准"
"src/normalized-ui/MarketingContactPanel.tsx","98","MarketingContactPanel","jsx-text","该次许可截止：","","完整候选索引；表达式内字面量可能是接口参数，是否实际展示以文案决策表与浏览器证据为准"
"src/normalized-ui/MarketingContactPanel.tsx","98","MarketingContactPanel","jsx-text","版原告知","","完整候选索引；表达式内字面量可能是接口参数，是否实际展示以文案决策表与浏览器证据为准"
"src/normalized-ui/MarketingContactPanel.tsx","98","MarketingContactPanel","jsx-text","运营主体：","","完整候选索引；表达式内字面量可能是接口参数，是否实际展示以文案决策表与浏览器证据为准"
"src/normalized-ui/MarketingContactPanel.tsx","98","MarketingContactPanel","jsx-text","数据范围：","","完整候选索引；表达式内字面量可能是接口参数，是否实际展示以文案决策表与浏览器证据为准"
"src/normalized-ui/MarketingContactPanel.tsx","98","MarketingContactPanel","jsx-text","退出方式：","","完整候选索引；表达式内字面量可能是接口参数，是否实际展示以文案决策表与浏览器证据为准"
"src/normalized-ui/MarketingContactPanel.tsx","98","MarketingContactPanel","jsx-text","更早许可记录","","完整候选索引；表达式内字面量可能是接口参数，是否实际展示以文案决策表与浏览器证据为准"
"src/normalized-ui/MarketingContactPanel.tsx","99","MarketingContactPanel","jsx-expression-literal","refusal","","完整候选索引；表达式内字面量可能是接口参数，是否实际展示以文案决策表与浏览器证据为准"
"src/normalized-ui/MarketingContactPanel.tsx","99","MarketingContactPanel","jsx-expression-literal","marketing.refusal.record","","完整候选索引；表达式内字面量可能是接口参数，是否实际展示以文案决策表与浏览器证据为准"
"src/normalized-ui/MarketingContactPanel.tsx","99","MarketingContactPanel","jsx-text","记录拒绝全部营销","","完整候选索引；表达式内字面量可能是接口参数，是否实际展示以文案决策表与浏览器证据为准"
"src/normalized-ui/MarketingContactPanel.tsx","100","MarketingContactPanel","jsx-expression-literal","send","","完整候选索引；表达式内字面量可能是接口参数，是否实际展示以文案决策表与浏览器证据为准"
"src/normalized-ui/MarketingContactPanel.tsx","100","MarketingContactPanel","jsx-expression-literal","marketing.send","","完整候选索引；表达式内字面量可能是接口参数，是否实际展示以文案决策表与浏览器证据为准"
"src/normalized-ui/MarketingContactPanel.tsx","100","MarketingContactPanel","jsx-text","本人已同意的告知版本","","完整候选索引；表达式内字面量可能是接口参数，是否实际展示以文案决策表与浏览器证据为准"
"src/normalized-ui/MarketingContactPanel.tsx","100","MarketingContactPanel","jsx-text","先读取并选择已发布告知","","完整候选索引；表达式内字面量可能是接口参数，是否实际展示以文案决策表与浏览器证据为准"
"src/normalized-ui/MarketingContactPanel.tsx","100","MarketingContactPanel","jsx-expression-literal","published","","完整候选索引；表达式内字面量可能是接口参数，是否实际展示以文案决策表与浏览器证据为准"
"src/normalized-ui/MarketingContactPanel.tsx","100","MarketingContactPanel","jsx-text","· 第","","完整候选索引；表达式内字面量可能是接口参数，是否实际展示以文案决策表与浏览器证据为准"
"src/normalized-ui/MarketingContactPanel.tsx","100","MarketingContactPanel","jsx-text","联系渠道","","完整候选索引；表达式内字面量可能是接口参数，是否实际展示以文案决策表与浏览器证据为准"
"src/normalized-ui/MarketingContactPanel.tsx","100","MarketingContactPanel","jsx-text","联系用途","","完整候选索引；表达式内字面量可能是接口参数，是否实际展示以文案决策表与浏览器证据为准"
"src/normalized-ui/MarketingContactPanel.tsx","100","MarketingContactPanel","jsx-text","本店活动","","完整候选索引；表达式内字面量可能是接口参数，是否实际展示以文案决策表与浏览器证据为准"
"src/normalized-ui/MarketingContactPanel.tsx","100","MarketingContactPanel","jsx-text","本店联系的联合活动","","完整候选索引；表达式内字面量可能是接口参数，是否实际展示以文案决策表与浏览器证据为准"
"src/normalized-ui/MarketingContactPanel.tsx","100","MarketingContactPanel","jsx-text","唯一活动批次","","完整候选索引；表达式内字面量可能是接口参数，是否实际展示以文案决策表与浏览器证据为准"
"src/normalized-ui/MarketingContactPanel.tsx","100","MarketingContactPanel","jsx-text","具体活动内容","","完整候选索引；表达式内字面量可能是接口参数，是否实际展示以文案决策表与浏览器证据为准"
"src/normalized-ui/MarketingContactPanel.tsx","100","MarketingContactPanel","jsx-text","任务截止（北京时间）","","完整候选索引；表达式内字面量可能是接口参数，是否实际展示以文案决策表与浏览器证据为准"
"src/normalized-ui/MarketingContactPanel.tsx","100","MarketingContactPanel","jsx-text","建立待核验任务","","完整候选索引；表达式内字面量可能是接口参数，是否实际展示以文案决策表与浏览器证据为准"
"src/normalized-ui/MarketingContactPanel.tsx","102","MarketingContactPanel","jsx-expression-literal","marketing.send","","完整候选索引；表达式内字面量可能是接口参数，是否实际展示以文案决策表与浏览器证据为准"
"src/normalized-ui/MarketingContactPanel.tsx","102","MarketingContactPanel","jsx-text","读取联系任务","","完整候选索引；表达式内字面量可能是接口参数，是否实际展示以文案决策表与浏览器证据为准"
"src/normalized-ui/MarketingContactPanel.tsx","102","MarketingContactPanel","jsx-expression-literal","须核对许可与渠道证据","","完整候选索引；表达式内字面量可能是接口参数，是否实际展示以文案决策表与浏览器证据为准"
"src/normalized-ui/MarketingContactPanel.tsx","102","MarketingContactPanel","jsx-expression-literal","queued","","完整候选索引；表达式内字面量可能是接口参数，是否实际展示以文案决策表与浏览器证据为准"
"src/normalized-ui/MarketingContactPanel.tsx","102","MarketingContactPanel","jsx-expression-literal","blocked","","完整候选索引；表达式内字面量可能是接口参数，是否实际展示以文案决策表与浏览器证据为准"
"src/normalized-ui/MarketingContactPanel.tsx","102","MarketingContactPanel","jsx-text","取消任务","","完整候选索引；表达式内字面量可能是接口参数，是否实际展示以文案决策表与浏览器证据为准"
"src/normalized-ui/MarketingContactPanel.tsx","102","MarketingContactPanel","jsx-text","更多联系任务","","完整候选索引；表达式内字面量可能是接口参数，是否实际展示以文案决策表与浏览器证据为准"
"src/normalized-ui/MediaAssetPicker.tsx","49","upload","feedback","请使用 JPG、PNG 或 WebP 图片","","完整候选索引；表达式内字面量可能是接口参数，是否实际展示以文案决策表与浏览器证据为准"
"src/normalized-ui/MediaAssetPicker.tsx","50","upload","feedback","请先把图片压缩到 200KB 以内再上传","","完整候选索引；表达式内字面量可能是接口参数，是否实际展示以文案决策表与浏览器证据为准"
"src/normalized-ui/MediaAssetPicker.tsx","61","upload","feedback","图片已上传并选中；保存当前内容后才会正式绑定。","","完整候选索引；表达式内字面量可能是接口参数，是否实际展示以文案决策表与浏览器证据为准"
"src/normalized-ui/MediaAssetPicker.tsx","68","MediaAssetPicker","jsx-text","移除已选图片","","完整候选索引；表达式内字面量可能是接口参数，是否实际展示以文案决策表与浏览器证据为准"
"src/normalized-ui/MediaAssetPicker.tsx","70","MediaAssetPicker","jsx-text","图片预览未读取成功，已保存地址不会被清除。","","完整候选索引；表达式内字面量可能是接口参数，是否实际展示以文案决策表与浏览器证据为准"
"src/normalized-ui/MediaAssetPicker.tsx","70","MediaAssetPicker","jsx-text","当前选择；更换图片后请保存商品或内容，使修改生效。","","完整候选索引；表达式内字面量可能是接口参数，是否实际展示以文案决策表与浏览器证据为准"
"src/normalized-ui/MediaAssetPicker.tsx","72","MediaAssetPicker","jsx-text","从电脑或手机选择图片（JPG、PNG、WebP，最大 200KB）","","完整候选索引；表达式内字面量可能是接口参数，是否实际展示以文案决策表与浏览器证据为准"
"src/normalized-ui/MediaAssetPicker.tsx","74","MediaAssetPicker","jsx-text","正在处理图片","","完整候选索引；表达式内字面量可能是接口参数，是否实际展示以文案决策表与浏览器证据为准"
"src/normalized-ui/MediaAssetPicker.tsx","75","MediaAssetPicker","jsx-text","还没有可用图片。上传后会在这里保留，方便活动和首页内容复用。","","完整候选索引；表达式内字面量可能是接口参数，是否实际展示以文案决策表与浏览器证据为准"
"src/normalized-ui/MediaAssetPicker.tsx","76","MediaAssetPicker","jsx-text","KB ·","","完整候选索引；表达式内字面量可能是接口参数，是否实际展示以文案决策表与浏览器证据为准"
"src/normalized-ui/MediaAssetPicker.tsx","76","MediaAssetPicker","jsx-expression-literal","zh-CN","","完整候选索引；表达式内字面量可能是接口参数，是否实际展示以文案决策表与浏览器证据为准"
"src/normalized-ui/MediaAssetPicker.tsx","77","MediaAssetPicker","jsx-text","加载更多图片","","完整候选索引；表达式内字面量可能是接口参数，是否实际展示以文案决策表与浏览器证据为准"
"src/normalized-ui/MemberCardManagementPanel.tsx","57","changeHolding","feedback","请先填写持卡状态变更原因","","完整候选索引；表达式内字面量可能是接口参数，是否实际展示以文案决策表与浏览器证据为准"
"src/normalized-ui/MemberCardManagementPanel.tsx","75","save","feedback","已保存草稿，尚未开放申请；请先配置企业微信与服务号加入门槛、发卡或发券。","","完整候选索引；表达式内字面量可能是接口参数，是否实际展示以文案决策表与浏览器证据为准"
"src/normalized-ui/MemberCardManagementPanel.tsx","81","decide","feedback","请选择或填写简短审核原因","","完整候选索引；表达式内字面量可能是接口参数，是否实际展示以文案决策表与浏览器证据为准"
"src/normalized-ui/MemberCardManagementPanel.tsx","97","state","feedback","项目状态已更新。","","完整候选索引；表达式内字面量可能是接口参数，是否实际展示以文案决策表与浏览器证据为准"
"src/normalized-ui/MemberCardManagementPanel.tsx","101","MemberCardManagementPanel","jsx-text","兴趣卡与联名卡","","完整候选索引；表达式内字面量可能是接口参数，是否实际展示以文案决策表与浏览器证据为准"
"src/normalized-ui/MemberCardManagementPanel.tsx","101","MemberCardManagementPanel","jsx-text","消费等级保持独立。普通申请一名授权员工处理即可；通过不代表发券或营销授权成功。","","完整候选索引；表达式内字面量可能是接口参数，是否实际展示以文案决策表与浏览器证据为准"
"src/normalized-ui/MemberCardManagementPanel.tsx","101","MemberCardManagementPanel","jsx-text","读取 / 刷新","","完整候选索引；表达式内字面量可能是接口参数，是否实际展示以文案决策表与浏览器证据为准"
"src/normalized-ui/MemberCardManagementPanel.tsx","103","MemberCardManagementPanel","jsx-text","普通申请审核","","完整候选索引；表达式内字面量可能是接口参数，是否实际展示以文案决策表与浏览器证据为准"
"src/normalized-ui/MemberCardManagementPanel.tsx","103","MemberCardManagementPanel","jsx-text","审核原因","","完整候选索引；表达式内字面量可能是接口参数，是否实际展示以文案决策表与浏览器证据为准"
"src/normalized-ui/MemberCardManagementPanel.tsx","103","MemberCardManagementPanel","jsx-text","通过选中","","完整候选索引；表达式内字面量可能是接口参数，是否实际展示以文案决策表与浏览器证据为准"
"src/normalized-ui/MemberCardManagementPanel.tsx","103","MemberCardManagementPanel","jsx-text","拒绝选中","","完整候选索引；表达式内字面量可能是接口参数，是否实际展示以文案决策表与浏览器证据为准"
"src/normalized-ui/MemberCardManagementPanel.tsx","104","MemberCardManagementPanel","jsx-text","读取后将在这里显示待审核申请。","","完整候选索引；表达式内字面量可能是接口参数，是否实际展示以文案决策表与浏览器证据为准"
"src/normalized-ui/MemberCardManagementPanel.tsx","105","MemberCardManagementPanel","jsx-text","加载更多待审核申请","","完整候选索引；表达式内字面量可能是接口参数，是否实际展示以文案决策表与浏览器证据为准"
"src/normalized-ui/MemberCardManagementPanel.tsx","106","MemberCardManagementPanel","jsx-text","常用审核理由","","完整候选索引；表达式内字面量可能是接口参数，是否实际展示以文案决策表与浏览器证据为准"
"src/normalized-ui/MemberCardManagementPanel.tsx","106","MemberCardManagementPanel","jsx-text","自定义原因","","完整候选索引；表达式内字面量可能是接口参数，是否实际展示以文案决策表与浏览器证据为准"
"src/normalized-ui/MemberCardManagementPanel.tsx","106","MemberCardManagementPanel","jsx-text","符合申请条件","","完整候选索引；表达式内字面量可能是接口参数，是否实际展示以文案决策表与浏览器证据为准"
"src/normalized-ui/MemberCardManagementPanel.tsx","106","MemberCardManagementPanel","jsx-text","不符合本卡申请条件","","完整候选索引；表达式内字面量可能是接口参数，是否实际展示以文案决策表与浏览器证据为准"
"src/normalized-ui/MemberCardManagementPanel.tsx","106","MemberCardManagementPanel","jsx-text","资料不完整，请核对后重新申请","","完整候选索引；表达式内字面量可能是接口参数，是否实际展示以文案决策表与浏览器证据为准"
"src/normalized-ui/MemberCardManagementPanel.tsx","107","MemberCardManagementPanel","jsx-expression-literal","等级待核实","","完整候选索引；表达式内字面量可能是接口参数，是否实际展示以文案决策表与浏览器证据为准"
"src/normalized-ui/MemberCardManagementPanel.tsx","107","MemberCardManagementPanel","jsx-text","申请于","","完整候选索引；表达式内字面量可能是接口参数，是否实际展示以文案决策表与浏览器证据为准"
"src/normalized-ui/MemberCardManagementPanel.tsx","107","MemberCardManagementPanel","jsx-expression-literal","zh-CN","","完整候选索引；表达式内字面量可能是接口参数，是否实际展示以文案决策表与浏览器证据为准"
"src/normalized-ui/MemberCardManagementPanel.tsx","107","MemberCardManagementPanel","jsx-expression-literal","Asia/Shanghai","","完整候选索引；表达式内字面量可能是接口参数，是否实际展示以文案决策表与浏览器证据为准"
"src/normalized-ui/MemberCardManagementPanel.tsx","107","MemberCardManagementPanel","jsx-text","· 待审核","","完整候选索引；表达式内字面量可能是接口参数，是否实际展示以文案决策表与浏览器证据为准"
"src/normalized-ui/MemberCardManagementPanel.tsx","107","MemberCardManagementPanel","jsx-text","通过","","完整候选索引；表达式内字面量可能是接口参数，是否实际展示以文案决策表与浏览器证据为准"
"src/normalized-ui/MemberCardManagementPanel.tsx","107","MemberCardManagementPanel","jsx-text","拒绝","","完整候选索引；表达式内字面量可能是接口参数，是否实际展示以文案决策表与浏览器证据为准"
"src/normalized-ui/MemberCardManagementPanel.tsx","109","MemberCardManagementPanel","jsx-text","持卡状态管理","","完整候选索引；表达式内字面量可能是接口参数，是否实际展示以文案决策表与浏览器证据为准"
"src/normalized-ui/MemberCardManagementPanel.tsx","109","MemberCardManagementPanel","jsx-text","冻结、恢复和撤销独立于会员等级。退出和撤销的卡不直接恢复；已到期卡不能恢复。","","完整候选索引；表达式内字面量可能是接口参数，是否实际展示以文案决策表与浏览器证据为准"
"src/normalized-ui/MemberCardManagementPanel.tsx","109","MemberCardManagementPanel","jsx-text","变更原因","","完整候选索引；表达式内字面量可能是接口参数，是否实际展示以文案决策表与浏览器证据为准"
"src/normalized-ui/MemberCardManagementPanel.tsx","109","MemberCardManagementPanel","jsx-text","读取 / 刷新持卡","","完整候选索引；表达式内字面量可能是接口参数，是否实际展示以文案决策表与浏览器证据为准"
"src/normalized-ui/MemberCardManagementPanel.tsx","110","MemberCardManagementPanel","jsx-expression-literal","已到期","","完整候选索引；表达式内字面量可能是接口参数，是否实际展示以文案决策表与浏览器证据为准"
"src/normalized-ui/MemberCardManagementPanel.tsx","110","MemberCardManagementPanel","jsx-expression-literal","有效","","完整候选索引；表达式内字面量可能是接口参数，是否实际展示以文案决策表与浏览器证据为准"
"src/normalized-ui/MemberCardManagementPanel.tsx","110","MemberCardManagementPanel","jsx-expression-literal","已冻结","","完整候选索引；表达式内字面量可能是接口参数，是否实际展示以文案决策表与浏览器证据为准"
"src/normalized-ui/MemberCardManagementPanel.tsx","110","MemberCardManagementPanel","jsx-expression-literal","已退出","","完整候选索引；表达式内字面量可能是接口参数，是否实际展示以文案决策表与浏览器证据为准"
"src/normalized-ui/MemberCardManagementPanel.tsx","110","MemberCardManagementPanel","jsx-expression-literal","已撤销","","完整候选索引；表达式内字面量可能是接口参数，是否实际展示以文案决策表与浏览器证据为准"
"src/normalized-ui/MemberCardManagementPanel.tsx","111","MemberCardManagementPanel","jsx-expression-literal","active","","完整候选索引；表达式内字面量可能是接口参数，是否实际展示以文案决策表与浏览器证据为准"
"src/normalized-ui/MemberCardManagementPanel.tsx","111","MemberCardManagementPanel","jsx-text","冻结","","完整候选索引；表达式内字面量可能是接口参数，是否实际展示以文案决策表与浏览器证据为准"
"src/normalized-ui/MemberCardManagementPanel.tsx","112","MemberCardManagementPanel","jsx-expression-literal","suspended","","完整候选索引；表达式内字面量可能是接口参数，是否实际展示以文案决策表与浏览器证据为准"
"src/normalized-ui/MemberCardManagementPanel.tsx","112","MemberCardManagementPanel","jsx-text","恢复","","完整候选索引；表达式内字面量可能是接口参数，是否实际展示以文案决策表与浏览器证据为准"
"src/normalized-ui/MemberCardManagementPanel.tsx","113","MemberCardManagementPanel","jsx-expression-literal","active","","完整候选索引；表达式内字面量可能是接口参数，是否实际展示以文案决策表与浏览器证据为准"
"src/normalized-ui/MemberCardManagementPanel.tsx","113","MemberCardManagementPanel","jsx-expression-literal","suspended","","完整候选索引；表达式内字面量可能是接口参数，是否实际展示以文案决策表与浏览器证据为准"
"src/normalized-ui/MemberCardManagementPanel.tsx","113","MemberCardManagementPanel","jsx-text","撤销","","完整候选索引；表达式内字面量可能是接口参数，是否实际展示以文案决策表与浏览器证据为准"
"src/normalized-ui/MemberCardManagementPanel.tsx","115","MemberCardManagementPanel","jsx-text","加载更多持卡","","完整候选索引；表达式内字面量可能是接口参数，是否实际展示以文案决策表与浏览器证据为准"
"src/normalized-ui/MemberCardManagementPanel.tsx","117","MemberCardManagementPanel","jsx-text","卡项目配置与开放","","完整候选索引；表达式内字面量可能是接口参数，是否实际展示以文案决策表与浏览器证据为准"
"src/normalized-ui/MemberCardManagementPanel.tsx","118","MemberCardManagementPanel","jsx-text","项目编号","","完整候选索引；表达式内字面量可能是接口参数，是否实际展示以文案决策表与浏览器证据为准"
"src/normalized-ui/MemberCardManagementPanel.tsx","118","MemberCardManagementPanel","attribute:placeholder","如 FAN_MUSIC","FAN_MUSIC","完整候选索引；表达式内字面量可能是接口参数，是否实际展示以文案决策表与浏览器证据为准"
"src/normalized-ui/MemberCardManagementPanel.tsx","119","MemberCardManagementPanel","jsx-text","名称","","完整候选索引；表达式内字面量可能是接口参数，是否实际展示以文案决策表与浏览器证据为准"
"src/normalized-ui/MemberCardManagementPanel.tsx","120","MemberCardManagementPanel","jsx-text","类型","","完整候选索引；表达式内字面量可能是接口参数，是否实际展示以文案决策表与浏览器证据为准"
"src/normalized-ui/MemberCardManagementPanel.tsx","120","MemberCardManagementPanel","jsx-text","免费兴趣卡","","完整候选索引；表达式内字面量可能是接口参数，是否实际展示以文案决策表与浏览器证据为准"
"src/normalized-ui/MemberCardManagementPanel.tsx","120","MemberCardManagementPanel","jsx-text","免费联名卡","","完整候选索引；表达式内字面量可能是接口参数，是否实际展示以文案决策表与浏览器证据为准"
"src/normalized-ui/MemberCardManagementPanel.tsx","121","MemberCardManagementPanel","jsx-text","开始时间（北京时间）","","完整候选索引；表达式内字面量可能是接口参数，是否实际展示以文案决策表与浏览器证据为准"
"src/normalized-ui/MemberCardManagementPanel.tsx","122","MemberCardManagementPanel","jsx-text","结束时间（北京时间）","","完整候选索引；表达式内字面量可能是接口参数，是否实际展示以文案决策表与浏览器证据为准"
"src/normalized-ui/MemberCardManagementPanel.tsx","123","MemberCardManagementPanel","jsx-expression-literal","cobrand","","完整候选索引；表达式内字面量可能是接口参数，是否实际展示以文案决策表与浏览器证据为准"
"src/normalized-ui/MemberCardManagementPanel.tsx","123","MemberCardManagementPanel","jsx-text","合作依据（仅内部）","","完整候选索引；表达式内字面量可能是接口参数，是否实际展示以文案决策表与浏览器证据为准"
"src/normalized-ui/MemberCardManagementPanel.tsx","123","MemberCardManagementPanel","jsx-text","合作到期（北京时间）","","完整候选索引；表达式内字面量可能是接口参数，是否实际展示以文案决策表与浏览器证据为准"
"src/normalized-ui/MemberCardManagementPanel.tsx","123","MemberCardManagementPanel","jsx-text","已核实合作许可和对外表述","","完整候选索引；表达式内字面量可能是接口参数，是否实际展示以文案决策表与浏览器证据为准"
"src/normalized-ui/MemberCardManagementPanel.tsx","124","MemberCardManagementPanel","jsx-text","顾客申请说明","","完整候选索引；表达式内字面量可能是接口参数，是否实际展示以文案决策表与浏览器证据为准"
"src/normalized-ui/MemberCardManagementPanel.tsx","124","MemberCardManagementPanel","jsx-text","保存后条款不可覆盖；需修订时新建项目。未配置入卡礼，不承诺自动发券。","","完整候选索引；表达式内字面量可能是接口参数，是否实际展示以文案决策表与浏览器证据为准"
"src/normalized-ui/MemberCardManagementPanel.tsx","124","MemberCardManagementPanel","jsx-text","保存未开放草稿","","完整候选索引；表达式内字面量可能是接口参数，是否实际展示以文案决策表与浏览器证据为准"
"src/normalized-ui/MemberCardManagementPanel.tsx","125","MemberCardManagementPanel","jsx-text","申请说明","","完整候选索引；表达式内字面量可能是接口参数，是否实际展示以文案决策表与浏览器证据为准"
"src/normalized-ui/MemberCardManagementPanel.tsx","126","MemberCardManagementPanel","jsx-expression-literal","closed","","完整候选索引；表达式内字面量可能是接口参数，是否实际展示以文案决策表与浏览器证据为准"
"src/normalized-ui/MemberCardManagementPanel.tsx","126","MemberCardManagementPanel","jsx-expression-literal","open","","完整候选索引；表达式内字面量可能是接口参数，是否实际展示以文案决策表与浏览器证据为准"
"src/normalized-ui/MemberCardManagementPanel.tsx","126","MemberCardManagementPanel","jsx-expression-literal","loyalty.policy.publish","","完整候选索引；表达式内字面量可能是接口参数，是否实际展示以文案决策表与浏览器证据为准"
"src/normalized-ui/MemberCardManagementPanel.tsx","126","MemberCardManagementPanel","jsx-text","开放申请","","完整候选索引；表达式内字面量可能是接口参数，是否实际展示以文案决策表与浏览器证据为准"
"src/normalized-ui/MemberCardManagementPanel.tsx","127","MemberCardManagementPanel","jsx-expression-literal","open","","完整候选索引；表达式内字面量可能是接口参数，是否实际展示以文案决策表与浏览器证据为准"
"src/normalized-ui/MemberCardManagementPanel.tsx","127","MemberCardManagementPanel","jsx-text","暂停申请","","完整候选索引；表达式内字面量可能是接口参数，是否实际展示以文案决策表与浏览器证据为准"
"src/normalized-ui/MemberCardManagementPanel.tsx","127","MemberCardManagementPanel","jsx-expression-literal","closed","","完整候选索引；表达式内字面量可能是接口参数，是否实际展示以文案决策表与浏览器证据为准"
"src/normalized-ui/MemberCardManagementPanel.tsx","127","MemberCardManagementPanel","jsx-text","关闭项目","","完整候选索引；表达式内字面量可能是接口参数，是否实际展示以文案决策表与浏览器证据为准"
"src/normalized-ui/MemberCardManagementPanel.tsx","129","MemberCardManagementPanel","jsx-text","加载更多卡项目","","完整候选索引；表达式内字面量可能是接口参数，是否实际展示以文案决策表与浏览器证据为准"
"src/normalized-ui/MemberGiftCampaignPanel.tsx","19","Selector","jsx-template-text","搜索","","完整候选索引；表达式内字面量可能是接口参数，是否实际展示以文案决策表与浏览器证据为准"
"src/normalized-ui/MemberGiftCampaignPanel.tsx","19","Selector","jsx-expression-literal","customers","","完整候选索引；表达式内字面量可能是接口参数，是否实际展示以文案决策表与浏览器证据为准"
"src/normalized-ui/MemberGiftCampaignPanel.tsx","19","Selector","jsx-expression-literal","会员号或客户编号（至少2字）","","完整候选索引；表达式内字面量可能是接口参数，是否实际展示以文案决策表与浏览器证据为准"
"src/normalized-ui/MemberGiftCampaignPanel.tsx","19","Selector","jsx-expression-literal","输入名称或编号","","完整候选索引；表达式内字面量可能是接口参数，是否实际展示以文案决策表与浏览器证据为准"
"src/normalized-ui/MemberGiftCampaignPanel.tsx","19","Selector","jsx-text","查找","","完整候选索引；表达式内字面量可能是接口参数，是否实际展示以文案决策表与浏览器证据为准"
"src/normalized-ui/MemberGiftCampaignPanel.tsx","20","Selector","jsx-text","· 移除","","完整候选索引；表达式内字面量可能是接口参数，是否实际展示以文案决策表与浏览器证据为准"
"src/normalized-ui/MemberGiftCampaignPanel.tsx","22","Selector","jsx-text","更多","","完整候选索引；表达式内字面量可能是接口参数，是否实际展示以文案决策表与浏览器证据为准"
"src/normalized-ui/MemberGiftCampaignPanel.tsx","49","command","feedback","请填写本次操作原因","","完整候选索引；表达式内字面量可能是接口参数，是否实际展示以文案决策表与浏览器证据为准"
"src/normalized-ui/MemberGiftCampaignPanel.tsx","52","command","display-definition","确认活动操作","","完整候选索引；表达式内字面量可能是接口参数，是否实际展示以文案决策表与浏览器证据为准"
"src/normalized-ui/MemberGiftCampaignPanel.tsx","54","command","feedback","操作已记录。请读取最新活动或任务核对；任务提交不等于已发券或已发送提醒。","","完整候选索引；表达式内字面量可能是接口参数，是否实际展示以文案决策表与浏览器证据为准"
"src/normalized-ui/MemberGiftCampaignPanel.tsx","68","MemberGiftCampaignPanel","attribute:aria-label","入卡礼与定向发券","","完整候选索引；表达式内字面量可能是接口参数，是否实际展示以文案决策表与浏览器证据为准"
"src/normalized-ui/MemberGiftCampaignPanel.tsx","68","MemberGiftCampaignPanel","jsx-text","入卡礼与定向发券","","完整候选索引；表达式内字面量可能是接口参数，是否实际展示以文案决策表与浏览器证据为准"
"src/normalized-ui/MemberGiftCampaignPanel.tsx","68","MemberGiftCampaignPanel","jsx-text","卡审核、赠券发放、消息送达分别记录。活动停发不删除已发券；成本未知不自动放行。","","完整候选索引；表达式内字面量可能是接口参数，是否实际展示以文案决策表与浏览器证据为准"
"src/normalized-ui/MemberGiftCampaignPanel.tsx","69","MemberGiftCampaignPanel","jsx-text","本次操作原因","","完整候选索引；表达式内字面量可能是接口参数，是否实际展示以文案决策表与浏览器证据为准"
"src/normalized-ui/MemberGiftCampaignPanel.tsx","70","MemberGiftCampaignPanel","jsx-text","新建活动版本","","完整候选索引；表达式内字面量可能是接口参数，是否实际展示以文案决策表与浏览器证据为准"
"src/normalized-ui/MemberGiftCampaignPanel.tsx","71","MemberGiftCampaignPanel","jsx-text","活动编号","","完整候选索引；表达式内字面量可能是接口参数，是否实际展示以文案决策表与浏览器证据为准"
"src/normalized-ui/MemberGiftCampaignPanel.tsx","71","MemberGiftCampaignPanel","jsx-text","活动名称","","完整候选索引；表达式内字面量可能是接口参数，是否实际展示以文案决策表与浏览器证据为准"
"src/normalized-ui/MemberGiftCampaignPanel.tsx","72","MemberGiftCampaignPanel","jsx-text","券价格方式","","完整候选索引；表达式内字面量可能是接口参数，是否实际展示以文案决策表与浏览器证据为准"
"src/normalized-ui/MemberGiftCampaignPanel.tsx","72","MemberGiftCampaignPanel","jsx-text","免费商品券","","完整候选索引；表达式内字面量可能是接口参数，是否实际展示以文案决策表与浏览器证据为准"
"src/normalized-ui/MemberGiftCampaignPanel.tsx","72","MemberGiftCampaignPanel","jsx-text","固定低价兑换券","","完整候选索引；表达式内字面量可能是接口参数，是否实际展示以文案决策表与浏览器证据为准"
"src/normalized-ui/MemberGiftCampaignPanel.tsx","73","MemberGiftCampaignPanel","jsx-expression-literal","fixed_price","","完整候选索引；表达式内字面量可能是接口参数，是否实际展示以文案决策表与浏览器证据为准"
"src/normalized-ui/MemberGiftCampaignPanel.tsx","73","MemberGiftCampaignPanel","jsx-text","单份固定兑换价","","完整候选索引；表达式内字面量可能是接口参数，是否实际展示以文案决策表与浏览器证据为准"
"src/normalized-ui/MemberGiftCampaignPanel.tsx","74","MemberGiftCampaignPanel","jsx-text","发放触发","","完整候选索引；表达式内字面量可能是接口参数，是否实际展示以文案决策表与浏览器证据为准"
"src/normalized-ui/MemberGiftCampaignPanel.tsx","74","MemberGiftCampaignPanel","jsx-text","员工选定人群后发放","","完整候选索引；表达式内字面量可能是接口参数，是否实际展示以文案决策表与浏览器证据为准"
"src/normalized-ui/MemberGiftCampaignPanel.tsx","74","MemberGiftCampaignPanel","jsx-text","该卡审核通过后自动赠送","","完整候选索引；表达式内字面量可能是接口参数，是否实际展示以文案决策表与浏览器证据为准"
"src/normalized-ui/MemberGiftCampaignPanel.tsx","75","MemberGiftCampaignPanel","jsx-text","最低会员等级","","完整候选索引；表达式内字面量可能是接口参数，是否实际展示以文案决策表与浏览器证据为准"
"src/normalized-ui/MemberGiftCampaignPanel.tsx","75","MemberGiftCampaignPanel","jsx-text","仅按兴趣卡筛选","","完整候选索引；表达式内字面量可能是接口参数，是否实际展示以文案决策表与浏览器证据为准"
"src/normalized-ui/MemberGiftCampaignPanel.tsx","75","MemberGiftCampaignPanel","jsx-text","普通会员及以上","","完整候选索引；表达式内字面量可能是接口参数，是否实际展示以文案决策表与浏览器证据为准"
"src/normalized-ui/MemberGiftCampaignPanel.tsx","75","MemberGiftCampaignPanel","jsx-text","银卡及以上","","完整候选索引；表达式内字面量可能是接口参数，是否实际展示以文案决策表与浏览器证据为准"
"src/normalized-ui/MemberGiftCampaignPanel.tsx","75","MemberGiftCampaignPanel","jsx-text","金卡及以上","","完整候选索引；表达式内字面量可能是接口参数，是否实际展示以文案决策表与浏览器证据为准"
"src/normalized-ui/MemberGiftCampaignPanel.tsx","75","MemberGiftCampaignPanel","jsx-text","黑卡","","完整候选索引；表达式内字面量可能是接口参数，是否实际展示以文案决策表与浏览器证据为准"
"src/normalized-ui/MemberGiftCampaignPanel.tsx","76","MemberGiftCampaignPanel","jsx-text","多张兴趣卡","","完整候选索引；表达式内字面量可能是接口参数，是否实际展示以文案决策表与浏览器证据为准"
"src/normalized-ui/MemberGiftCampaignPanel.tsx","76","MemberGiftCampaignPanel","jsx-text","任一符合","","完整候选索引；表达式内字面量可能是接口参数，是否实际展示以文案决策表与浏览器证据为准"
"src/normalized-ui/MemberGiftCampaignPanel.tsx","76","MemberGiftCampaignPanel","jsx-text","全部符合","","完整候选索引；表达式内字面量可能是接口参数，是否实际展示以文案决策表与浏览器证据为准"
"src/normalized-ui/MemberGiftCampaignPanel.tsx","76","MemberGiftCampaignPanel","jsx-text","等级与兴趣卡关系","","完整候选索引；表达式内字面量可能是接口参数，是否实际展示以文案决策表与浏览器证据为准"
"src/normalized-ui/MemberGiftCampaignPanel.tsx","76","MemberGiftCampaignPanel","jsx-text","同时符合","","完整候选索引；表达式内字面量可能是接口参数，是否实际展示以文案决策表与浏览器证据为准"
"src/normalized-ui/MemberGiftCampaignPanel.tsx","76","MemberGiftCampaignPanel","jsx-text","任一符合","","完整候选索引；表达式内字面量可能是接口参数，是否实际展示以文案决策表与浏览器证据为准"
"src/normalized-ui/MemberGiftCampaignPanel.tsx","77","MemberGiftCampaignPanel","jsx-expression-literal","quantityPerCustomer","","完整候选索引；表达式内字面量可能是接口参数，是否实际展示以文案决策表与浏览器证据为准"
"src/normalized-ui/MemberGiftCampaignPanel.tsx","77","MemberGiftCampaignPanel","jsx-expression-literal","每人赠送","","完整候选索引；表达式内字面量可能是接口参数，是否实际展示以文案决策表与浏览器证据为准"
"src/normalized-ui/MemberGiftCampaignPanel.tsx","77","MemberGiftCampaignPanel","jsx-expression-literal","maximumQuantity","","完整候选索引；表达式内字面量可能是接口参数，是否实际展示以文案决策表与浏览器证据为准"
"src/normalized-ui/MemberGiftCampaignPanel.tsx","77","MemberGiftCampaignPanel","jsx-expression-literal","活动总上限","","完整候选索引；表达式内字面量可能是接口参数，是否实际展示以文案决策表与浏览器证据为准"
"src/normalized-ui/MemberGiftCampaignPanel.tsx","77","MemberGiftCampaignPanel","jsx-expression-literal","maximumDailyQuantity","","完整候选索引；表达式内字面量可能是接口参数，是否实际展示以文案决策表与浏览器证据为准"
"src/normalized-ui/MemberGiftCampaignPanel.tsx","77","MemberGiftCampaignPanel","jsx-expression-literal","每日上限","","完整候选索引；表达式内字面量可能是接口参数，是否实际展示以文案决策表与浏览器证据为准"
"src/normalized-ui/MemberGiftCampaignPanel.tsx","77","MemberGiftCampaignPanel","jsx-expression-literal","maximumCostMinor","","完整候选索引；表达式内字面量可能是接口参数，是否实际展示以文案决策表与浏览器证据为准"
"src/normalized-ui/MemberGiftCampaignPanel.tsx","77","MemberGiftCampaignPanel","jsx-expression-literal","活动成本预算","","完整候选索引；表达式内字面量可能是接口参数，是否实际展示以文案决策表与浏览器证据为准"
"src/normalized-ui/MemberGiftCampaignPanel.tsx","77","MemberGiftCampaignPanel","jsx-expression-literal","maximumDailyCostMinor","","完整候选索引；表达式内字面量可能是接口参数，是否实际展示以文案决策表与浏览器证据为准"
"src/normalized-ui/MemberGiftCampaignPanel.tsx","77","MemberGiftCampaignPanel","jsx-expression-literal","每日成本预算","","完整候选索引；表达式内字面量可能是接口参数，是否实际展示以文案决策表与浏览器证据为准"
"src/normalized-ui/MemberGiftCampaignPanel.tsx","77","MemberGiftCampaignPanel","jsx-expression-literal","maximumUnitCostMinor","","完整候选索引；表达式内字面量可能是接口参数，是否实际展示以文案决策表与浏览器证据为准"
"src/normalized-ui/MemberGiftCampaignPanel.tsx","77","MemberGiftCampaignPanel","jsx-expression-literal","单份最高成本","","完整候选索引；表达式内字面量可能是接口参数，是否实际展示以文案决策表与浏览器证据为准"
"src/normalized-ui/MemberGiftCampaignPanel.tsx","78","MemberGiftCampaignPanel","jsx-text","每日预算口径","","完整候选索引；表达式内字面量可能是接口参数，是否实际展示以文案决策表与浏览器证据为准"
"src/normalized-ui/MemberGiftCampaignPanel.tsx","78","MemberGiftCampaignPanel","jsx-text","北京时间自然日","","完整候选索引；表达式内字面量可能是接口参数，是否实际展示以文案决策表与浏览器证据为准"
"src/normalized-ui/MemberGiftCampaignPanel.tsx","78","MemberGiftCampaignPanel","jsx-text","营业日","","完整候选索引；表达式内字面量可能是接口参数，是否实际展示以文案决策表与浏览器证据为准"
"src/normalized-ui/MemberGiftCampaignPanel.tsx","79","MemberGiftCampaignPanel","jsx-text","换日距零点","","完整候选索引；表达式内字面量可能是接口参数，是否实际展示以文案决策表与浏览器证据为准"
"src/normalized-ui/MemberGiftCampaignPanel.tsx","80","MemberGiftCampaignPanel","jsx-text","发放开始（北京时间）","","完整候选索引；表达式内字面量可能是接口参数，是否实际展示以文案决策表与浏览器证据为准"
"src/normalized-ui/MemberGiftCampaignPanel.tsx","80","MemberGiftCampaignPanel","jsx-text","发放截止（北京时间）","","完整候选索引；表达式内字面量可能是接口参数，是否实际展示以文案决策表与浏览器证据为准"
"src/normalized-ui/MemberGiftCampaignPanel.tsx","82","MemberGiftCampaignPanel","jsx-expression-literal","card_entry","","完整候选索引；表达式内字面量可能是接口参数，是否实际展示以文案决策表与浏览器证据为准"
"src/normalized-ui/MemberGiftCampaignPanel.tsx","82","MemberGiftCampaignPanel","attribute:label","入卡触发项目","","完整候选索引；表达式内字面量可能是接口参数，是否实际展示以文案决策表与浏览器证据为准"
"src/normalized-ui/MemberGiftCampaignPanel.tsx","83","MemberGiftCampaignPanel","attribute:label","目标兴趣卡","","完整候选索引；表达式内字面量可能是接口参数，是否实际展示以文案决策表与浏览器证据为准"
"src/normalized-ui/MemberGiftCampaignPanel.tsx","84","MemberGiftCampaignPanel","attribute:label","赠品商品池","","完整候选索引；表达式内字面量可能是接口参数，是否实际展示以文案决策表与浏览器证据为准"
"src/normalized-ui/MemberGiftCampaignPanel.tsx","85","MemberGiftCampaignPanel","attribute:label","组合赠送小甜点（选填，选定后每人每活动限一套）","","完整候选索引；表达式内字面量可能是接口参数，是否实际展示以文案决策表与浏览器证据为准"
"src/normalized-ui/MemberGiftCampaignPanel.tsx","85","MemberGiftCampaignPanel","jsx-text","选择甜点后，两份权益一起发放，成本预算包含券商品最高成本和甜点成本；甜点在会员券包单独核销。","","完整候选索引；表达式内字面量可能是接口参数，是否实际展示以文案决策表与浏览器证据为准"
"src/normalized-ui/MemberGiftCampaignPanel.tsx","85","MemberGiftCampaignPanel","jsx-expression-literal","issued","","完整候选索引；表达式内字面量可能是接口参数，是否实际展示以文案决策表与浏览器证据为准"
"src/normalized-ui/MemberGiftCampaignPanel.tsx","85","MemberGiftCampaignPanel","jsx-expression-literal","redeemed","","完整候选索引；表达式内字面量可能是接口参数，是否实际展示以文案决策表与浏览器证据为准"
"src/normalized-ui/MemberGiftCampaignPanel.tsx","85","MemberGiftCampaignPanel","jsx-expression-literal","remaining","","完整候选索引；表达式内字面量可能是接口参数，是否实际展示以文案决策表与浏览器证据为准"
"src/normalized-ui/MemberGiftCampaignPanel.tsx","85","MemberGiftCampaignPanel","jsx-expression-literal","cost","","完整候选索引；表达式内字面量可能是接口参数，是否实际展示以文案决策表与浏览器证据为准"
"src/normalized-ui/MemberGiftCampaignPanel.tsx","85","MemberGiftCampaignPanel","jsx-text","统计：","","完整候选索引；表达式内字面量可能是接口参数，是否实际展示以文案决策表与浏览器证据为准"
"src/normalized-ui/MemberGiftCampaignPanel.tsx","85","MemberGiftCampaignPanel","jsx-expression-literal","已发套数","","完整候选索引；表达式内字面量可能是接口参数，是否实际展示以文案决策表与浏览器证据为准"
"src/normalized-ui/MemberGiftCampaignPanel.tsx","85","MemberGiftCampaignPanel","jsx-expression-literal","甜点已核销份数","","完整候选索引；表达式内字面量可能是接口参数，是否实际展示以文案决策表与浏览器证据为准"
"src/normalized-ui/MemberGiftCampaignPanel.tsx","85","MemberGiftCampaignPanel","jsx-expression-literal","剩余发放名额","","完整候选索引；表达式内字面量可能是接口参数，是否实际展示以文案决策表与浏览器证据为准"
"src/normalized-ui/MemberGiftCampaignPanel.tsx","85","MemberGiftCampaignPanel","jsx-expression-literal","承诺成本","","完整候选索引；表达式内字面量可能是接口参数，是否实际展示以文案决策表与浏览器证据为准"
"src/normalized-ui/MemberGiftCampaignPanel.tsx","86","MemberGiftCampaignPanel","attribute:label","已发布券时间规则","","完整候选索引；表达式内字面量可能是接口参数，是否实际展示以文案决策表与浏览器证据为准"
"src/normalized-ui/MemberGiftCampaignPanel.tsx","87","MemberGiftCampaignPanel","jsx-expression-literal","fixed_price","","完整候选索引；表达式内字面量可能是接口参数，是否实际展示以文案决策表与浏览器证据为准"
"src/normalized-ui/MemberGiftCampaignPanel.tsx","87","MemberGiftCampaignPanel","attribute:label","已发布叠加规则","","完整候选索引；表达式内字面量可能是接口参数，是否实际展示以文案决策表与浏览器证据为准"
"src/normalized-ui/MemberGiftCampaignPanel.tsx","87","MemberGiftCampaignPanel","jsx-text","填写990分表示指定商品按9.90元兑换，不是减免9.90元。规则与商品池冻结到本活动版本；使用时须经过订单报价，不能走免费赠品核销。","","完整候选索引；表达式内字面量可能是接口参数，是否实际展示以文案决策表与浏览器证据为准"
"src/normalized-ui/MemberGiftCampaignPanel.tsx","88","MemberGiftCampaignPanel","jsx-text","100分 = 1元。活动发放期与券可使用期分别配置；相同活动编号的多个版本共用已发份数和预算。","","完整候选索引；表达式内字面量可能是接口参数，是否实际展示以文案决策表与浏览器证据为准"
"src/normalized-ui/MemberGiftCampaignPanel.tsx","88","MemberGiftCampaignPanel","jsx-text","保存活动草稿","","完整候选索引；表达式内字面量可能是接口参数，是否实际展示以文案决策表与浏览器证据为准"
"src/normalized-ui/MemberGiftCampaignPanel.tsx","90","MemberGiftCampaignPanel","jsx-text","读取活动","","完整候选索引；表达式内字面量可能是接口参数，是否实际展示以文案决策表与浏览器证据为准"
"src/normalized-ui/MemberGiftCampaignPanel.tsx","91","MemberGiftCampaignPanel","jsx-text","· 第","","完整候选索引；表达式内字面量可能是接口参数，是否实际展示以文案决策表与浏览器证据为准"
"src/normalized-ui/MemberGiftCampaignPanel.tsx","91","MemberGiftCampaignPanel","jsx-text","版 · 每人","","完整候选索引；表达式内字面量可能是接口参数，是否实际展示以文案决策表与浏览器证据为准"
"src/normalized-ui/MemberGiftCampaignPanel.tsx","91","MemberGiftCampaignPanel","jsx-text","份 · 总限","","完整候选索引；表达式内字面量可能是接口参数，是否实际展示以文案决策表与浏览器证据为准"
"src/normalized-ui/MemberGiftCampaignPanel.tsx","91","MemberGiftCampaignPanel","jsx-text","份 · 成本预算¥","","完整候选索引；表达式内字面量可能是接口参数，是否实际展示以文案决策表与浏览器证据为准"
"src/normalized-ui/MemberGiftCampaignPanel.tsx","92","MemberGiftCampaignPanel","jsx-expression-literal","已发份数","","完整候选索引；表达式内字面量可能是接口参数，是否实际展示以文案决策表与浏览器证据为准"
"src/normalized-ui/MemberGiftCampaignPanel.tsx","92","MemberGiftCampaignPanel","jsx-expression-literal","甜点核销","","完整候选索引；表达式内字面量可能是接口参数，是否实际展示以文案决策表与浏览器证据为准"
"src/normalized-ui/MemberGiftCampaignPanel.tsx","92","MemberGiftCampaignPanel","jsx-expression-literal","剩余名额","","完整候选索引；表达式内字面量可能是接口参数，是否实际展示以文案决策表与浏览器证据为准"
"src/normalized-ui/MemberGiftCampaignPanel.tsx","92","MemberGiftCampaignPanel","jsx-expression-literal","承诺成本（分）","","完整候选索引；表达式内字面量可能是接口参数，是否实际展示以文案决策表与浏览器证据为准"
"src/normalized-ui/MemberGiftCampaignPanel.tsx","92","MemberGiftCampaignPanel","jsx-text","核对完整发放条件","","完整候选索引；表达式内字面量可能是接口参数，是否实际展示以文案决策表与浏览器证据为准"
"src/normalized-ui/MemberGiftCampaignPanel.tsx","92","MemberGiftCampaignPanel","jsx-text","组合赠送：一张券加一份甜点；每人每活动只发一次。","","完整候选索引；表达式内字面量可能是接口参数，是否实际展示以文案决策表与浏览器证据为准"
"src/normalized-ui/MemberGiftCampaignPanel.tsx","92","MemberGiftCampaignPanel","jsx-expression-literal","fixed_price","","完整候选索引；表达式内字面量可能是接口参数，是否实际展示以文案决策表与浏览器证据为准"
"src/normalized-ui/MemberGiftCampaignPanel.tsx","92","MemberGiftCampaignPanel","jsx-template-text","固定兑换价：每份¥","","完整候选索引；表达式内字面量可能是接口参数，是否实际展示以文案决策表与浏览器证据为准"
"src/normalized-ui/MemberGiftCampaignPanel.tsx","92","MemberGiftCampaignPanel","jsx-template-text","；叠加规则版本：","","完整候选索引；表达式内字面量可能是接口参数，是否实际展示以文案决策表与浏览器证据为准"
"src/normalized-ui/MemberGiftCampaignPanel.tsx","92","MemberGiftCampaignPanel","jsx-expression-literal","免费商品券：符合规则的商品按零元兑换。","","完整候选索引；表达式内字面量可能是接口参数，是否实际展示以文案决策表与浏览器证据为准"
"src/normalized-ui/MemberGiftCampaignPanel.tsx","92","MemberGiftCampaignPanel","jsx-text","触发：","","完整候选索引；表达式内字面量可能是接口参数，是否实际展示以文案决策表与浏览器证据为准"
"src/normalized-ui/MemberGiftCampaignPanel.tsx","92","MemberGiftCampaignPanel","jsx-expression-literal","card_entry","","完整候选索引；表达式内字面量可能是接口参数，是否实际展示以文案决策表与浏览器证据为准"
"src/normalized-ui/MemberGiftCampaignPanel.tsx","92","MemberGiftCampaignPanel","jsx-expression-literal","入卡审核通过","","完整候选索引；表达式内字面量可能是接口参数，是否实际展示以文案决策表与浏览器证据为准"
"src/normalized-ui/MemberGiftCampaignPanel.tsx","92","MemberGiftCampaignPanel","jsx-expression-literal","员工定向选人","","完整候选索引；表达式内字面量可能是接口参数，是否实际展示以文案决策表与浏览器证据为准"
"src/normalized-ui/MemberGiftCampaignPanel.tsx","92","MemberGiftCampaignPanel","jsx-text","；等级：","","完整候选索引；表达式内字面量可能是接口参数，是否实际展示以文案决策表与浏览器证据为准"
"src/normalized-ui/MemberGiftCampaignPanel.tsx","92","MemberGiftCampaignPanel","jsx-expression-literal","普通会员","","完整候选索引；表达式内字面量可能是接口参数，是否实际展示以文案决策表与浏览器证据为准"
"src/normalized-ui/MemberGiftCampaignPanel.tsx","92","MemberGiftCampaignPanel","jsx-expression-literal","银卡","","完整候选索引；表达式内字面量可能是接口参数，是否实际展示以文案决策表与浏览器证据为准"
"src/normalized-ui/MemberGiftCampaignPanel.tsx","92","MemberGiftCampaignPanel","jsx-expression-literal","金卡","","完整候选索引；表达式内字面量可能是接口参数，是否实际展示以文案决策表与浏览器证据为准"
"src/normalized-ui/MemberGiftCampaignPanel.tsx","92","MemberGiftCampaignPanel","jsx-expression-literal","黑卡","","完整候选索引；表达式内字面量可能是接口参数，是否实际展示以文案决策表与浏览器证据为准"
"src/normalized-ui/MemberGiftCampaignPanel.tsx","92","MemberGiftCampaignPanel","jsx-expression-literal","不按等级筛选","","完整候选索引；表达式内字面量可能是接口参数，是否实际展示以文案决策表与浏览器证据为准"
"src/normalized-ui/MemberGiftCampaignPanel.tsx","92","MemberGiftCampaignPanel","jsx-text","及以上；兴趣卡：","","完整候选索引；表达式内字面量可能是接口参数，是否实际展示以文案决策表与浏览器证据为准"
"src/normalized-ui/MemberGiftCampaignPanel.tsx","92","MemberGiftCampaignPanel","jsx-expression-literal","不另限","","完整候选索引；表达式内字面量可能是接口参数，是否实际展示以文案决策表与浏览器证据为准"
"src/normalized-ui/MemberGiftCampaignPanel.tsx","92","MemberGiftCampaignPanel","jsx-expression-literal","all","","完整候选索引；表达式内字面量可能是接口参数，是否实际展示以文案决策表与浏览器证据为准"
"src/normalized-ui/MemberGiftCampaignPanel.tsx","92","MemberGiftCampaignPanel","jsx-expression-literal","全部符合","","完整候选索引；表达式内字面量可能是接口参数，是否实际展示以文案决策表与浏览器证据为准"
"src/normalized-ui/MemberGiftCampaignPanel.tsx","92","MemberGiftCampaignPanel","jsx-expression-literal","任一符合","","完整候选索引；表达式内字面量可能是接口参数，是否实际展示以文案决策表与浏览器证据为准"
"src/normalized-ui/MemberGiftCampaignPanel.tsx","92","MemberGiftCampaignPanel","jsx-text","）；等级和卡：","","完整候选索引；表达式内字面量可能是接口参数，是否实际展示以文案决策表与浏览器证据为准"
"src/normalized-ui/MemberGiftCampaignPanel.tsx","92","MemberGiftCampaignPanel","jsx-expression-literal","and","","完整候选索引；表达式内字面量可能是接口参数，是否实际展示以文案决策表与浏览器证据为准"
"src/normalized-ui/MemberGiftCampaignPanel.tsx","92","MemberGiftCampaignPanel","jsx-expression-literal","同时符合","","完整候选索引；表达式内字面量可能是接口参数，是否实际展示以文案决策表与浏览器证据为准"
"src/normalized-ui/MemberGiftCampaignPanel.tsx","92","MemberGiftCampaignPanel","jsx-expression-literal","任一符合","","完整候选索引；表达式内字面量可能是接口参数，是否实际展示以文案决策表与浏览器证据为准"
"src/normalized-ui/MemberGiftCampaignPanel.tsx","93","MemberGiftCampaignPanel","jsx-text","每日","","完整候选索引；表达式内字面量可能是接口参数，是否实际展示以文案决策表与浏览器证据为准"
"src/normalized-ui/MemberGiftCampaignPanel.tsx","93","MemberGiftCampaignPanel","jsx-text","份；每日成本预算¥","","完整候选索引；表达式内字面量可能是接口参数，是否实际展示以文案决策表与浏览器证据为准"
"src/normalized-ui/MemberGiftCampaignPanel.tsx","93","MemberGiftCampaignPanel","jsx-text","；单份成本最高¥","","完整候选索引；表达式内字面量可能是接口参数，是否实际展示以文案决策表与浏览器证据为准"
"src/normalized-ui/MemberGiftCampaignPanel.tsx","93","MemberGiftCampaignPanel","jsx-text","。预算按","","完整候选索引；表达式内字面量可能是接口参数，是否实际展示以文案决策表与浏览器证据为准"
"src/normalized-ui/MemberGiftCampaignPanel.tsx","93","MemberGiftCampaignPanel","jsx-expression-literal","natural","","完整候选索引；表达式内字面量可能是接口参数，是否实际展示以文案决策表与浏览器证据为准"
"src/normalized-ui/MemberGiftCampaignPanel.tsx","93","MemberGiftCampaignPanel","jsx-expression-literal","自然日","","完整候选索引；表达式内字面量可能是接口参数，是否实际展示以文案决策表与浏览器证据为准"
"src/normalized-ui/MemberGiftCampaignPanel.tsx","93","MemberGiftCampaignPanel","jsx-expression-literal","营业日","","完整候选索引；表达式内字面量可能是接口参数，是否实际展示以文案决策表与浏览器证据为准"
"src/normalized-ui/MemberGiftCampaignPanel.tsx","93","MemberGiftCampaignPanel","jsx-text","计算，距零点","","完整候选索引；表达式内字面量可能是接口参数，是否实际展示以文案决策表与浏览器证据为准"
"src/normalized-ui/MemberGiftCampaignPanel.tsx","93","MemberGiftCampaignPanel","jsx-text","分钟换日。","","完整候选索引；表达式内字面量可能是接口参数，是否实际展示以文案决策表与浏览器证据为准"
"src/normalized-ui/MemberGiftCampaignPanel.tsx","94","MemberGiftCampaignPanel","jsx-text","北京时间发放期：","","完整候选索引；表达式内字面量可能是接口参数，是否实际展示以文案决策表与浏览器证据为准"
"src/normalized-ui/MemberGiftCampaignPanel.tsx","94","MemberGiftCampaignPanel","jsx-expression-literal","zh-CN","","完整候选索引；表达式内字面量可能是接口参数，是否实际展示以文案决策表与浏览器证据为准"
"src/normalized-ui/MemberGiftCampaignPanel.tsx","94","MemberGiftCampaignPanel","jsx-expression-literal","Asia/Shanghai","","完整候选索引；表达式内字面量可能是接口参数，是否实际展示以文案决策表与浏览器证据为准"
"src/normalized-ui/MemberGiftCampaignPanel.tsx","94","MemberGiftCampaignPanel","jsx-expression-literal","zh-CN","","完整候选索引；表达式内字面量可能是接口参数，是否实际展示以文案决策表与浏览器证据为准"
"src/normalized-ui/MemberGiftCampaignPanel.tsx","94","MemberGiftCampaignPanel","jsx-expression-literal","Asia/Shanghai","","完整候选索引；表达式内字面量可能是接口参数，是否实际展示以文案决策表与浏览器证据为准"
"src/normalized-ui/MemberGiftCampaignPanel.tsx","95","MemberGiftCampaignPanel","jsx-text","入卡项目：","","完整候选索引；表达式内字面量可能是接口参数，是否实际展示以文案决策表与浏览器证据为准"
"src/normalized-ui/MemberGiftCampaignPanel.tsx","95","MemberGiftCampaignPanel","jsx-text","候选赠品：","","完整候选索引；表达式内字面量可能是接口参数，是否实际展示以文案决策表与浏览器证据为准"
"src/normalized-ui/MemberGiftCampaignPanel.tsx","95","MemberGiftCampaignPanel","jsx-template-text","（保存时成本¥","","完整候选索引；表达式内字面量可能是接口参数，是否实际展示以文案决策表与浏览器证据为准"
"src/normalized-ui/MemberGiftCampaignPanel.tsx","95","MemberGiftCampaignPanel","jsx-text","券规则：","","完整候选索引；表达式内字面量可能是接口参数，是否实际展示以文案决策表与浏览器证据为准"
"src/normalized-ui/MemberGiftCampaignPanel.tsx","95","MemberGiftCampaignPanel","jsx-text","· 第","","完整候选索引；表达式内字面量可能是接口参数，是否实际展示以文案决策表与浏览器证据为准"
"src/normalized-ui/MemberGiftCampaignPanel.tsx","95","MemberGiftCampaignPanel","jsx-text","版。实际使用日历和次数按该已发布版本；审核前应在券规则管理核对。","","完整候选索引；表达式内字面量可能是接口参数，是否实际展示以文案决策表与浏览器证据为准"
"src/normalized-ui/MemberGiftCampaignPanel.tsx","97","MemberGiftCampaignPanel","jsx-expression-literal","draft","","完整候选索引；表达式内字面量可能是接口参数，是否实际展示以文案决策表与浏览器证据为准"
"src/normalized-ui/MemberGiftCampaignPanel.tsx","97","MemberGiftCampaignPanel","jsx-expression-literal","loyalty.configuration.approve","","完整候选索引；表达式内字面量可能是接口参数，是否实际展示以文案决策表与浏览器证据为准"
"src/normalized-ui/MemberGiftCampaignPanel.tsx","97","MemberGiftCampaignPanel","jsx-text","审核","","完整候选索引；表达式内字面量可能是接口参数，是否实际展示以文案决策表与浏览器证据为准"
"src/normalized-ui/MemberGiftCampaignPanel.tsx","98","MemberGiftCampaignPanel","jsx-expression-literal","approved","","完整候选索引；表达式内字面量可能是接口参数，是否实际展示以文案决策表与浏览器证据为准"
"src/normalized-ui/MemberGiftCampaignPanel.tsx","98","MemberGiftCampaignPanel","jsx-text","发布","","完整候选索引；表达式内字面量可能是接口参数，是否实际展示以文案决策表与浏览器证据为准"
"src/normalized-ui/MemberGiftCampaignPanel.tsx","99","MemberGiftCampaignPanel","jsx-expression-literal","published","","完整候选索引；表达式内字面量可能是接口参数，是否实际展示以文案决策表与浏览器证据为准"
"src/normalized-ui/MemberGiftCampaignPanel.tsx","99","MemberGiftCampaignPanel","jsx-text","停止发放","","完整候选索引；表达式内字面量可能是接口参数，是否实际展示以文案决策表与浏览器证据为准"
"src/normalized-ui/MemberGiftCampaignPanel.tsx","100","MemberGiftCampaignPanel","jsx-text","更多活动","","完整候选索引；表达式内字面量可能是接口参数，是否实际展示以文案决策表与浏览器证据为准"
"src/normalized-ui/MemberGiftCampaignPanel.tsx","101","MemberGiftCampaignPanel","jsx-text","向选定会员发券","","完整候选索引；表达式内字面量可能是接口参数，是否实际展示以文案决策表与浏览器证据为准"
"src/normalized-ui/MemberGiftCampaignPanel.tsx","101","MemberGiftCampaignPanel","jsx-text","已发布活动","","完整候选索引；表达式内字面量可能是接口参数，是否实际展示以文案决策表与浏览器证据为准"
"src/normalized-ui/MemberGiftCampaignPanel.tsx","101","MemberGiftCampaignPanel","jsx-text","请先读取活动并选择","","完整候选索引；表达式内字面量可能是接口参数，是否实际展示以文案决策表与浏览器证据为准"
"src/normalized-ui/MemberGiftCampaignPanel.tsx","101","MemberGiftCampaignPanel","jsx-expression-literal","published","","完整候选索引；表达式内字面量可能是接口参数，是否实际展示以文案决策表与浏览器证据为准"
"src/normalized-ui/MemberGiftCampaignPanel.tsx","101","MemberGiftCampaignPanel","jsx-expression-literal","targeted","","完整候选索引；表达式内字面量可能是接口参数，是否实际展示以文案决策表与浏览器证据为准"
"src/normalized-ui/MemberGiftCampaignPanel.tsx","101","MemberGiftCampaignPanel","jsx-text","发放批次编号","","完整候选索引；表达式内字面量可能是接口参数，是否实际展示以文案决策表与浏览器证据为准"
"src/normalized-ui/MemberGiftCampaignPanel.tsx","101","MemberGiftCampaignPanel","jsx-text","同一活动、同一批次、同一客户只领一次。改变批次意味着允许再次领取，不应用来绕过预算。每批最多50人。","","完整候选索引；表达式内字面量可能是接口参数，是否实际展示以文案决策表与浏览器证据为准"
"src/normalized-ui/MemberGiftCampaignPanel.tsx","101","MemberGiftCampaignPanel","attribute:label","目标会员","","完整候选索引；表达式内字面量可能是接口参数，是否实际展示以文案决策表与浏览器证据为准"
"src/normalized-ui/MemberGiftCampaignPanel.tsx","101","MemberGiftCampaignPanel","jsx-text","提交发券任务","","完整候选索引；表达式内字面量可能是接口参数，是否实际展示以文案决策表与浏览器证据为准"
"src/normalized-ui/MemberGiftCampaignPanel.tsx","102","MemberGiftCampaignPanel","jsx-text","读取发券任务","","完整候选索引；表达式内字面量可能是接口参数，是否实际展示以文案决策表与浏览器证据为准"
"src/normalized-ui/MemberGiftCampaignPanel.tsx","102","MemberGiftCampaignPanel","jsx-expression-literal","待核实","","完整候选索引；表达式内字面量可能是接口参数，是否实际展示以文案决策表与浏览器证据为准"
"src/normalized-ui/MemberGiftCampaignPanel.tsx","102","MemberGiftCampaignPanel","jsx-text","份 · 已尝试","","完整候选索引；表达式内字面量可能是接口参数，是否实际展示以文案决策表与浏览器证据为准"
"src/normalized-ui/MemberGiftCampaignPanel.tsx","102","MemberGiftCampaignPanel","jsx-expression-literal","请核对发券记录","","完整候选索引；表达式内字面量可能是接口参数，是否实际展示以文案决策表与浏览器证据为准"
"src/normalized-ui/MemberGiftCampaignPanel.tsx","102","MemberGiftCampaignPanel","jsx-expression-literal","pending","","完整候选索引；表达式内字面量可能是接口参数，是否实际展示以文案决策表与浏览器证据为准"
"src/normalized-ui/MemberGiftCampaignPanel.tsx","102","MemberGiftCampaignPanel","jsx-expression-literal","blocked","","完整候选索引；表达式内字面量可能是接口参数，是否实际展示以文案决策表与浏览器证据为准"
"src/normalized-ui/MemberGiftCampaignPanel.tsx","102","MemberGiftCampaignPanel","jsx-text","核对后重试","","完整候选索引；表达式内字面量可能是接口参数，是否实际展示以文案决策表与浏览器证据为准"
"src/normalized-ui/MemberGiftCampaignPanel.tsx","102","MemberGiftCampaignPanel","jsx-text","取消未发任务","","完整候选索引；表达式内字面量可能是接口参数，是否实际展示以文案决策表与浏览器证据为准"
"src/normalized-ui/MemberGiftCampaignPanel.tsx","102","MemberGiftCampaignPanel","jsx-text","更多发券任务","","完整候选索引；表达式内字面量可能是接口参数，是否实际展示以文案决策表与浏览器证据为准"
"src/normalized-ui/MemberNumberPolicyPanel.tsx","15","save","feedback","号段配置已保存，已发会员号保持不变。","","完整候选索引；表达式内字面量可能是接口参数，是否实际展示以文案决策表与浏览器证据为准"
"src/normalized-ui/MemberNumberPolicyPanel.tsx","16","MemberNumberPolicyPanel","jsx-text","会员号规则","","完整候选索引；表达式内字面量可能是接口参数，是否实际展示以文案决策表与浏览器证据为准"
"src/normalized-ui/MemberNumberPolicyPanel.tsx","16","MemberNumberPolicyPanel","jsx-text","新会员自动发号；数字用尽后依次使用字母前缀。已发会员号保持不变，重复候选号自动跳过。","","完整候选索引；表达式内字面量可能是接口参数，是否实际展示以文案决策表与浏览器证据为准"
"src/normalized-ui/MemberNumberPolicyPanel.tsx","16","MemberNumberPolicyPanel","jsx-text","刷新配置","","完整候选索引；表达式内字面量可能是接口参数，是否实际展示以文案决策表与浏览器证据为准"
"src/normalized-ui/MemberNumberPolicyPanel.tsx","17","MemberNumberPolicyPanel","jsx-text","总位数","","完整候选索引；表达式内字面量可能是接口参数，是否实际展示以文案决策表与浏览器证据为准"
"src/normalized-ui/MemberNumberPolicyPanel.tsx","18","MemberNumberPolicyPanel","jsx-text","起始数字","","完整候选索引；表达式内字面量可能是接口参数，是否实际展示以文案决策表与浏览器证据为准"
"src/normalized-ui/MemberNumberPolicyPanel.tsx","19","MemberNumberPolicyPanel","jsx-text","字母顺序","","完整候选索引；表达式内字面量可能是接口参数，是否实际展示以文案决策表与浏览器证据为准"
"src/normalized-ui/MemberNumberPolicyPanel.tsx","20","MemberNumberPolicyPanel","jsx-text","最长字母前缀","","完整候选索引；表达式内字面量可能是接口参数，是否实际展示以文案决策表与浏览器证据为准"
"src/normalized-ui/MemberNumberPolicyPanel.tsx","21","MemberNumberPolicyPanel","jsx-text","不足位数补零","","完整候选索引；表达式内字面量可能是接口参数，是否实际展示以文案决策表与浏览器证据为准"
"src/normalized-ui/MemberNumberPolicyPanel.tsx","22","MemberNumberPolicyPanel","jsx-text","当前已保存规则的下一个候选号：","","完整候选索引；表达式内字面量可能是接口参数，是否实际展示以文案决策表与浏览器证据为准"
"src/normalized-ui/MemberNumberPolicyPanel.tsx","22","MemberNumberPolicyPanel","jsx-expression-literal","号段已用尽，请扩展配置","","完整候选索引；表达式内字面量可能是接口参数，是否实际展示以文案决策表与浏览器证据为准"
"src/normalized-ui/MemberNumberPolicyPanel.tsx","23","MemberNumberPolicyPanel","jsx-text","变更原因","","完整候选索引；表达式内字面量可能是接口参数，是否实际展示以文案决策表与浏览器证据为准"
"src/normalized-ui/MemberNumberPolicyPanel.tsx","23","MemberNumberPolicyPanel","jsx-text","保存会员号规则","","完整候选索引；表达式内字面量可能是接口参数，是否实际展示以文案决策表与浏览器证据为准"
"src/normalized-ui/membership-business-inputs.tsx","34","ReferenceField","jsx-expression-literal","选项未读取，请重试","","完整候选索引；表达式内字面量可能是接口参数，是否实际展示以文案决策表与浏览器证据为准"
"src/normalized-ui/membership-business-inputs.tsx","34","ReferenceField","jsx-expression-literal","未关联","","完整候选索引；表达式内字面量可能是接口参数，是否实际展示以文案决策表与浏览器证据为准"
"src/normalized-ui/membership-business-inputs.tsx","35","ReferenceField","jsx-text","原关联记录当前不可用，请核对后选择","","完整候选索引；表达式内字面量可能是接口参数，是否实际展示以文案决策表与浏览器证据为准"
"src/normalized-ui/membership-business-inputs.tsx","36","ReferenceField","jsx-expression-literal","状态待核对","","完整候选索引；表达式内字面量可能是接口参数，是否实际展示以文案决策表与浏览器证据为准"
"src/normalized-ui/membership-business-inputs.tsx","42","BusinessRatioFields","jsx-expression-literal","number","","完整候选索引；表达式内字面量可能是接口参数，是否实际展示以文案决策表与浏览器证据为准"
"src/normalized-ui/membership-business-inputs.tsx","42","BusinessRatioFields","jsx-expression-literal","number","","完整候选索引；表达式内字面量可能是接口参数，是否实际展示以文案决策表与浏览器证据为准"
"src/normalized-ui/membership-business-inputs.tsx","43","BusinessRatioFields","attribute:label","每消费（元）","","完整候选索引；表达式内字面量可能是接口参数，是否实际展示以文案决策表与浏览器证据为准"
"src/normalized-ui/membership-business-inputs.tsx","43","BusinessRatioFields","jsx-text","每获得基础积分","","完整候选索引；表达式内字面量可能是接口参数，是否实际展示以文案决策表与浏览器证据为准"
"src/normalized-ui/membership-business-inputs.tsx","45","BusinessRatioFields","jsx-template-text","每消费","","完整候选索引；表达式内字面量可能是接口参数，是否实际展示以文案决策表与浏览器证据为准"
"src/normalized-ui/membership-business-inputs.tsx","45","BusinessRatioFields","jsx-template-text","元，获得","","完整候选索引；表达式内字面量可能是接口参数，是否实际展示以文案决策表与浏览器证据为准"
"src/normalized-ui/membership-business-inputs.tsx","45","BusinessRatioFields","jsx-template-text","基础积分实际记","","完整候选索引；表达式内字面量可能是接口参数，是否实际展示以文案决策表与浏览器证据为准"
"src/normalized-ui/membership-business-inputs.tsx","45","BusinessRatioFields","jsx-template-text","积分，保留原规则精确比例。","","完整候选索引；表达式内字面量可能是接口参数，是否实际展示以文案决策表与浏览器证据为准"
"src/normalized-ui/membership-business-inputs.tsx","49","(module)","display-definition","消费积分","","完整候选索引；表达式内字面量可能是接口参数，是否实际展示以文案决策表与浏览器证据为准"
"src/normalized-ui/membership-business-inputs.tsx","50","(module)","display-definition","消费成长值","","完整候选索引；表达式内字面量可能是接口参数，是否实际展示以文案决策表与浏览器证据为准"
"src/normalized-ui/membership-business-inputs.tsx","51","(module)","display-definition","银卡积分奖励","","完整候选索引；表达式内字面量可能是接口参数，是否实际展示以文案决策表与浏览器证据为准"
"src/normalized-ui/membership-business-inputs.tsx","52","(module)","display-definition","金卡积分奖励","","完整候选索引；表达式内字面量可能是接口参数，是否实际展示以文案决策表与浏览器证据为准"
"src/normalized-ui/MembershipConfigurationCenterPanel.tsx","20","(module)","display-definition","标题","","完整候选索引；表达式内字面量可能是接口参数，是否实际展示以文案决策表与浏览器证据为准"
"src/normalized-ui/MembershipConfigurationCenterPanel.tsx","20","(module)","display-definition","摘要","","完整候选索引；表达式内字面量可能是接口参数，是否实际展示以文案决策表与浏览器证据为准"
"src/normalized-ui/MembershipConfigurationCenterPanel.tsx","61","save","feedback","请填写本次修改原因。","","完整候选索引；表达式内字面量可能是接口参数，是否实际展示以文案决策表与浏览器证据为准"
"src/normalized-ui/MembershipConfigurationCenterPanel.tsx","63","save","feedback","草稿已保存；此前影响预览已失效，请重新生成。","","完整候选索引；表达式内字面量可能是接口参数，是否实际展示以文案决策表与浏览器证据为准"
"src/normalized-ui/MembershipConfigurationCenterPanel.tsx","67","generatePreview","feedback","已按当前会员、成本、库存与待交付事项计算，预览15分钟内有效。","","完整候选索引；表达式内字面量可能是接口参数，是否实际展示以文案决策表与浏览器证据为准"
"src/normalized-ui/MembershipConfigurationCenterPanel.tsx","70","approve","feedback","请填写独立审批说明。","","完整候选索引；表达式内字面量可能是接口参数，是否实际展示以文案决策表与浏览器证据为准"
"src/normalized-ui/MembershipConfigurationCenterPanel.tsx","71","approve","display-definition","确认独立审批","","完整候选索引；表达式内字面量可能是接口参数，是否实际展示以文案决策表与浏览器证据为准"
"src/normalized-ui/MembershipConfigurationCenterPanel.tsx","71","approve","display-definition","将依据当前修改影响审批。审批后内容不可直接修改，仍需第三人发布。","","完整候选索引；表达式内字面量可能是接口参数，是否实际展示以文案决策表与浏览器证据为准"
"src/normalized-ui/MembershipConfigurationCenterPanel.tsx","73","approve","feedback","独立审批已记录；配置尚未生效，等待第三位授权人员发布。","","完整候选索引；表达式内字面量可能是接口参数，是否实际展示以文案决策表与浏览器证据为准"
"src/normalized-ui/MembershipConfigurationCenterPanel.tsx","77","MembershipConfigurationCenterPanel","attribute:aria-label","会员经营配置中心","","完整候选索引；表达式内字面量可能是接口参数，是否实际展示以文案决策表与浏览器证据为准"
"src/normalized-ui/MembershipConfigurationCenterPanel.tsx","79","MembershipConfigurationCenterPanel","jsx-text","会员经营配置中心","","完整候选索引；表达式内字面量可能是接口参数，是否实际展示以文案决策表与浏览器证据为准"
"src/normalized-ui/MembershipConfigurationCenterPanel.tsx","79","MembershipConfigurationCenterPanel","jsx-text","保存草稿、计算影响、独立审批；修改内容会在审核通过并发布后生效。","","完整候选索引；表达式内字面量可能是接口参数，是否实际展示以文案决策表与浏览器证据为准"
"src/normalized-ui/MembershipConfigurationCenterPanel.tsx","79","MembershipConfigurationCenterPanel","jsx-expression-literal","draft","","完整候选索引；表达式内字面量可能是接口参数，是否实际展示以文案决策表与浏览器证据为准"
"src/normalized-ui/MembershipConfigurationCenterPanel.tsx","79","MembershipConfigurationCenterPanel","jsx-text","个待处理","","完整候选索引；表达式内字面量可能是接口参数，是否实际展示以文案决策表与浏览器证据为准"
"src/normalized-ui/MembershipConfigurationCenterPanel.tsx","87","MembershipConfigurationCenterPanel","attribute:aria-label","配置列表","","完整候选索引；表达式内字面量可能是接口参数，是否实际展示以文案决策表与浏览器证据为准"
"src/normalized-ui/MembershipConfigurationCenterPanel.tsx","87","MembershipConfigurationCenterPanel","jsx-text","配置版本","","完整候选索引；表达式内字面量可能是接口参数，是否实际展示以文案决策表与浏览器证据为准"
"src/normalized-ui/MembershipConfigurationCenterPanel.tsx","87","MembershipConfigurationCenterPanel","attribute:aria-label","刷新配置","","完整候选索引；表达式内字面量可能是接口参数，是否实际展示以文案决策表与浏览器证据为准"
"src/normalized-ui/MembershipConfigurationCenterPanel.tsx","88","MembershipConfigurationCenterPanel","jsx-text","· 第","","完整候选索引；表达式内字面量可能是接口参数，是否实际展示以文案决策表与浏览器证据为准"
"src/normalized-ui/MembershipConfigurationCenterPanel.tsx","88","MembershipConfigurationCenterPanel","jsx-expression-literal","状态待核对","","完整候选索引；表达式内字面量可能是接口参数，是否实际展示以文案决策表与浏览器证据为准"
"src/normalized-ui/MembershipConfigurationCenterPanel.tsx","89","MembershipConfigurationCenterPanel","jsx-text","尚无可管理的配置版本。","","完整候选索引；表达式内字面量可能是接口参数，是否实际展示以文案决策表与浏览器证据为准"
"src/normalized-ui/MembershipConfigurationCenterPanel.tsx","92","MembershipConfigurationCenterPanel","jsx-text","选择一个配置版本","","完整候选索引；表达式内字面量可能是接口参数，是否实际展示以文案决策表与浏览器证据为准"
"src/normalized-ui/MembershipConfigurationCenterPanel.tsx","92","MembershipConfigurationCenterPanel","jsx-text","运行中的版本只读；待审批草稿可继续保存。","","完整候选索引；表达式内字面量可能是接口参数，是否实际展示以文案决策表与浏览器证据为准"
"src/normalized-ui/MembershipConfigurationCenterPanel.tsx","93","MembershipConfigurationCenterPanel","jsx-expression-literal","配置版本","","完整候选索引；表达式内字面量可能是接口参数，是否实际展示以文案决策表与浏览器证据为准"
"src/normalized-ui/MembershipConfigurationCenterPanel.tsx","93","MembershipConfigurationCenterPanel","jsx-text","· 修订","","完整候选索引；表达式内字面量可能是接口参数，是否实际展示以文案决策表与浏览器证据为准"
"src/normalized-ui/MembershipConfigurationCenterPanel.tsx","93","MembershipConfigurationCenterPanel","jsx-expression-literal","状态待核对","","完整候选索引；表达式内字面量可能是接口参数，是否实际展示以文案决策表与浏览器证据为准"
"src/normalized-ui/MembershipConfigurationCenterPanel.tsx","94","MembershipConfigurationCenterPanel","jsx-text","草稿由另一位管理者审核，再交给有发布权限的人员发布。修改后需要重新查看影响。","","完整候选索引；表达式内字面量可能是接口参数，是否实际展示以文案决策表与浏览器证据为准"
"src/normalized-ui/MembershipConfigurationCenterPanel.tsx","95","MembershipConfigurationCenterPanel","jsx-text","重新读取选项","","完整候选索引；表达式内字面量可能是接口参数，是否实际展示以文案决策表与浏览器证据为准"
"src/normalized-ui/MembershipConfigurationCenterPanel.tsx","96","MembershipConfigurationCenterPanel","jsx-text","本次修改或审批说明","","完整候选索引；表达式内字面量可能是接口参数，是否实际展示以文案决策表与浏览器证据为准"
"src/normalized-ui/MembershipConfigurationCenterPanel.tsx","96","MembershipConfigurationCenterPanel","attribute:placeholder","说明改什么、为什么，以及核对了哪些经营影响","","完整候选索引；表达式内字面量可能是接口参数，是否实际展示以文案决策表与浏览器证据为准"
"src/normalized-ui/MembershipConfigurationCenterPanel.tsx","98","MembershipConfigurationCenterPanel","jsx-expression-literal","draft","","完整候选索引；表达式内字面量可能是接口参数，是否实际展示以文案决策表与浏览器证据为准"
"src/normalized-ui/MembershipConfigurationCenterPanel.tsx","98","MembershipConfigurationCenterPanel","jsx-text","保存草稿","","完整候选索引；表达式内字面量可能是接口参数，是否实际展示以文案决策表与浏览器证据为准"
"src/normalized-ui/MembershipConfigurationCenterPanel.tsx","99","MembershipConfigurationCenterPanel","jsx-expression-literal","draft","","完整候选索引；表达式内字面量可能是接口参数，是否实际展示以文案决策表与浏览器证据为准"
"src/normalized-ui/MembershipConfigurationCenterPanel.tsx","99","MembershipConfigurationCenterPanel","jsx-text","查看修改影响","","完整候选索引；表达式内字面量可能是接口参数，是否实际展示以文案决策表与浏览器证据为准"
"src/normalized-ui/MembershipConfigurationCenterPanel.tsx","100","MembershipConfigurationCenterPanel","jsx-expression-literal","draft","","完整候选索引；表达式内字面量可能是接口参数，是否实际展示以文案决策表与浏览器证据为准"
"src/normalized-ui/MembershipConfigurationCenterPanel.tsx","100","MembershipConfigurationCenterPanel","jsx-text","独立审批","","完整候选索引；表达式内字面量可能是接口参数，是否实际展示以文案决策表与浏览器证据为准"
"src/normalized-ui/MembershipConfigurationCenterPanel.tsx","102","MembershipConfigurationCenterPanel","jsx-text","影响预览","","完整候选索引；表达式内字面量可能是接口参数，是否实际展示以文案决策表与浏览器证据为准"
"src/normalized-ui/MembershipConfigurationCenterPanel.tsx","102","MembershipConfigurationCenterPanel","jsx-expression-literal","zh-CN","","完整候选索引；表达式内字面量可能是接口参数，是否实际展示以文案决策表与浏览器证据为准"
"src/normalized-ui/MembershipConfigurationCenterPanel.tsx","102","MembershipConfigurationCenterPanel","jsx-text","前有效","","完整候选索引；表达式内字面量可能是接口参数，是否实际展示以文案决策表与浏览器证据为准"
"src/normalized-ui/MembershipConfigurationCenterPanel.tsx","103","MembershipConfigurationCenterPanel","jsx-text","现有会员","","完整候选索引；表达式内字面量可能是接口参数，是否实际展示以文案决策表与浏览器证据为准"
"src/normalized-ui/MembershipConfigurationCenterPanel.tsx","103","MembershipConfigurationCenterPanel","jsx-text","受影响会员","","完整候选索引；表达式内字面量可能是接口参数，是否实际展示以文案决策表与浏览器证据为准"
"src/normalized-ui/MembershipConfigurationCenterPanel.tsx","103","MembershipConfigurationCenterPanel","jsx-text","预计积分","","完整候选索引；表达式内字面量可能是接口参数，是否实际展示以文案决策表与浏览器证据为准"
"src/normalized-ui/MembershipConfigurationCenterPanel.tsx","103","MembershipConfigurationCenterPanel","jsx-text","积分成本","","完整候选索引；表达式内字面量可能是接口参数，是否实际展示以文案决策表与浏览器证据为准"
"src/normalized-ui/MembershipConfigurationCenterPanel.tsx","103","MembershipConfigurationCenterPanel","jsx-text","权益成本","","完整候选索引；表达式内字面量可能是接口参数，是否实际展示以文案决策表与浏览器证据为准"
"src/normalized-ui/MembershipConfigurationCenterPanel.tsx","103","MembershipConfigurationCenterPanel","jsx-text","兑换成本","","完整候选索引；表达式内字面量可能是接口参数，是否实际展示以文案决策表与浏览器证据为准"
"src/normalized-ui/MembershipConfigurationCenterPanel.tsx","104","MembershipConfigurationCenterPanel","jsx-text","以上为按当前会员与配置推算的影响，非已发生费用。预览数据时点：","","完整候选索引；表达式内字面量可能是接口参数，是否实际展示以文案决策表与浏览器证据为准"
"src/normalized-ui/MembershipConfigurationCenterPanel.tsx","104","MembershipConfigurationCenterPanel","jsx-expression-literal","zh-CN","","完整候选索引；表达式内字面量可能是接口参数，是否实际展示以文案决策表与浏览器证据为准"
"src/normalized-ui/MembershipConfigurationCenterPanel.tsx","104","MembershipConfigurationCenterPanel","jsx-expression-literal","原预览未留存","","完整候选索引；表达式内字面量可能是接口参数，是否实际展示以文案决策表与浏览器证据为准"
"src/normalized-ui/MembershipConfigurationCenterPanel.tsx","104","MembershipConfigurationCenterPanel","jsx-text","：预计需求","","完整候选索引；表达式内字面量可能是接口参数，是否实际展示以文案决策表与浏览器证据为准"
"src/normalized-ui/MembershipConfigurationCenterPanel.tsx","104","MembershipConfigurationCenterPanel","jsx-text","，扣除暂留后可用","","完整候选索引；表达式内字面量可能是接口参数，是否实际展示以文案决策表与浏览器证据为准"
"src/normalized-ui/MembershipConfigurationCenterPanel.tsx","104","MembershipConfigurationCenterPanel","jsx-text","，预计缺口","","完整候选索引；表达式内字面量可能是接口参数，是否实际展示以文案决策表与浏览器证据为准"
"src/normalized-ui/MembershipConfigurationCenterPanel.tsx","104","MembershipConfigurationCenterPanel","jsx-text","，当前未完成履约","","完整候选索引；表达式内字面量可能是接口参数，是否实际展示以文案决策表与浏览器证据为准"
"src/normalized-ui/MembershipConfigurationCenterPanel.tsx","104","MembershipConfigurationCenterPanel","jsx-text","。人工承接能力未由此数字证明，需岗位负责人核对。","","完整候选索引；表达式内字面量可能是接口参数，是否实际展示以文案决策表与浏览器证据为准"
"src/normalized-ui/MembershipConfigurationCenterPanel.tsx","104","MembershipConfigurationCenterPanel","jsx-text","本预览没有商品履约明细；不能据此判定现场库存或人手足够。","","完整候选索引；表达式内字面量可能是接口参数，是否实际展示以文案决策表与浏览器证据为准"
"src/normalized-ui/MembershipConfigurationCenterPanel.tsx","104","MembershipConfigurationCenterPanel","jsx-expression-literal","有一项影响需要管理者进一步核对","","完整候选索引；表达式内字面量可能是接口参数，是否实际展示以文案决策表与浏览器证据为准"
"src/normalized-ui/MembershipConfigurationCenterPanel.tsx","116","Field","jsx-expression-literal","costAmountMinor","","完整候选索引；表达式内字面量可能是接口参数，是否实际展示以文案决策表与浏览器证据为准"
"src/normalized-ui/MembershipConfigurationCenterPanel.tsx","116","Field","jsx-expression-literal","成本（元）","","完整候选索引；表达式内字面量可能是接口参数，是否实际展示以文案决策表与浏览器证据为准"
"src/normalized-ui/MembershipConfigurationCenterPanel.tsx","116","Field","jsx-expression-literal","最低付款金额（元）","","完整候选索引；表达式内字面量可能是接口参数，是否实际展示以文案决策表与浏览器证据为准"
"src/normalized-ui/MembershipConfigurationCenterPanel.tsx","118","Field","jsx-expression-literal","object","","完整候选索引；表达式内字面量可能是接口参数，是否实际展示以文案决策表与浏览器证据为准"
"src/normalized-ui/MembershipConfigurationCenterPanel.tsx","118","Field","jsx-text","当前没有项目；请从对应业务草稿入口新增后再在此复核。","","完整候选索引；表达式内字面量可能是接口参数，是否实际展示以文案决策表与浏览器证据为准"
"src/normalized-ui/MembershipConfigurationCenterPanel.tsx","121","Field","attribute:placeholder","留空","","完整候选索引；表达式内字面量可能是接口参数，是否实际展示以文案决策表与浏览器证据为准"
"src/normalized-ui/MembershipConfigurationCenterPanel.tsx","123","Field","jsx-text","原设置待核对","","完整候选索引；表达式内字面量可能是接口参数，是否实际展示以文案决策表与浏览器证据为准"
"src/normalized-ui/menu-image-library.ts","9","(module)","display-definition","小食","","完整候选索引；表达式内字面量可能是接口参数，是否实际展示以文案决策表与浏览器证据为准"
"src/normalized-ui/menu-image-library.ts","14","(module)","display-definition","情绪特调","","完整候选索引；表达式内字面量可能是接口参数，是否实际展示以文案决策表与浏览器证据为准"
"src/normalized-ui/menu-image-library.ts","19","(module)","display-definition","经典鸡尾酒","","完整候选索引；表达式内字面量可能是接口参数，是否实际展示以文案决策表与浏览器证据为准"
"src/normalized-ui/menu-image-library.ts","24","(module)","display-definition","情绪套餐","","完整候选索引；表达式内字面量可能是接口参数，是否实际展示以文案决策表与浏览器证据为准"
"src/normalized-ui/MonthlySchedulePanel.tsx","28","generate","feedback","请选择月份","","完整候选索引；表达式内字面量可能是接口参数，是否实际展示以文案决策表与浏览器证据为准"
"src/normalized-ui/MonthlySchedulePanel.tsx","32","generate","feedback","每条规则都需要选择歌手和起止时间","","完整候选索引；表达式内字面量可能是接口参数，是否实际展示以文案决策表与浏览器证据为准"
"src/normalized-ui/MonthlySchedulePanel.tsx","51","MonthlySchedulePanel","jsx-text","月度演出表 · 生成与编辑","","完整候选索引；表达式内字面量可能是接口参数，是否实际展示以文案决策表与浏览器证据为准"
"src/normalized-ui/MonthlySchedulePanel.tsx","51","MonthlySchedulePanel","jsx-text","月份","","完整候选索引；表达式内字面量可能是接口参数，是否实际展示以文案决策表与浏览器证据为准"
"src/normalized-ui/MonthlySchedulePanel.tsx","52","MonthlySchedulePanel","jsx-text","北京时间；结束时间早于或等于开始时间表示次日。草稿发布后才会显示给顾客。","","完整候选索引；表达式内字面量可能是接口参数，是否实际展示以文案决策表与浏览器证据为准"
"src/normalized-ui/MonthlySchedulePanel.tsx","53","MonthlySchedulePanel","jsx-text","规则","","完整候选索引；表达式内字面量可能是接口参数，是否实际展示以文案决策表与浏览器证据为准"
"src/normalized-ui/MonthlySchedulePanel.tsx","54","MonthlySchedulePanel","jsx-text","开始","","完整候选索引；表达式内字面量可能是接口参数，是否实际展示以文案决策表与浏览器证据为准"
"src/normalized-ui/MonthlySchedulePanel.tsx","55","MonthlySchedulePanel","jsx-text","结束","","完整候选索引；表达式内字面量可能是接口参数，是否实际展示以文案决策表与浏览器证据为准"
"src/normalized-ui/MonthlySchedulePanel.tsx","56","MonthlySchedulePanel","jsx-text","歌手","","完整候选索引；表达式内字面量可能是接口参数，是否实际展示以文案决策表与浏览器证据为准"
"src/normalized-ui/MonthlySchedulePanel.tsx","56","MonthlySchedulePanel","jsx-text","请选择","","完整候选索引；表达式内字面量可能是接口参数，是否实际展示以文案决策表与浏览器证据为准"
"src/normalized-ui/MonthlySchedulePanel.tsx","56","MonthlySchedulePanel","jsx-expression-literal","inactive","","完整候选索引；表达式内字面量可能是接口参数，是否实际展示以文案决策表与浏览器证据为准"
"src/normalized-ui/MonthlySchedulePanel.tsx","57","MonthlySchedulePanel","jsx-text","移除规则","","完整候选索引；表达式内字面量可能是接口参数，是否实际展示以文案决策表与浏览器证据为准"
"src/normalized-ui/MonthlySchedulePanel.tsx","58","MonthlySchedulePanel","jsx-text","增加时间段规则","","完整候选索引；表达式内字面量可能是接口参数，是否实际展示以文案决策表与浏览器证据为准"
"src/normalized-ui/MonthlySchedulePanel.tsx","58","MonthlySchedulePanel","jsx-text","按规则生成整月草稿","","完整候选索引；表达式内字面量可能是接口参数，是否实际展示以文案决策表与浏览器证据为准"
"src/normalized-ui/MonthlySchedulePanel.tsx","59","MonthlySchedulePanel","jsx-text","场 ·","","完整候选索引；表达式内字面量可能是接口参数，是否实际展示以文案决策表与浏览器证据为准"
"src/normalized-ui/MonthlySchedulePanel.tsx","59","MonthlySchedulePanel","jsx-text","歌手","","完整候选索引；表达式内字面量可能是接口参数，是否实际展示以文案决策表与浏览器证据为准"
"src/normalized-ui/MonthlySchedulePanel.tsx","59","MonthlySchedulePanel","jsx-text","开始","","完整候选索引；表达式内字面量可能是接口参数，是否实际展示以文案决策表与浏览器证据为准"
"src/normalized-ui/MonthlySchedulePanel.tsx","59","MonthlySchedulePanel","jsx-text","结束","","完整候选索引；表达式内字面量可能是接口参数，是否实际展示以文案决策表与浏览器证据为准"
"src/normalized-ui/MonthlySchedulePanel.tsx","59","MonthlySchedulePanel","jsx-text","本日取消此场草稿","","完整候选索引；表达式内字面量可能是接口参数，是否实际展示以文案决策表与浏览器证据为准"
"src/normalized-ui/MonthlySchedulePanel.tsx","60","MonthlySchedulePanel","jsx-text","预览冲突与发布范围","","完整候选索引；表达式内字面量可能是接口参数，是否实际展示以文案决策表与浏览器证据为准"
"src/normalized-ui/MonthlySchedulePanel.tsx","61","MonthlySchedulePanel","jsx-text","场；","","完整候选索引；表达式内字面量可能是接口参数，是否实际展示以文案决策表与浏览器证据为准"
"src/normalized-ui/MonthlySchedulePanel.tsx","61","MonthlySchedulePanel","jsx-text","场已有相同排班，不重复生成。","","完整候选索引；表达式内字面量可能是接口参数，是否实际展示以文案决策表与浏览器证据为准"
"src/normalized-ui/MonthlySchedulePanel.tsx","61","MonthlySchedulePanel","jsx-text","发布已预览的场次","","完整候选索引；表达式内字面量可能是接口参数，是否实际展示以文案决策表与浏览器证据为准"
"src/normalized-ui/MonthlySchedulePanel.tsx","62","MonthlySchedulePanel","jsx-text","草稿自动保存在本设备当前账号，发布前均不对顾客显示。","","完整候选索引；表达式内字面量可能是接口参数，是否实际展示以文案决策表与浏览器证据为准"
"src/normalized-ui/MonthlySchedulePanel.tsx","62","MonthlySchedulePanel","jsx-text","本月已发布","","完整候选索引；表达式内字面量可能是接口参数，是否实际展示以文案决策表与浏览器证据为准"
"src/normalized-ui/NormalizedStaffApp.tsx","64","NormalizedStaffApp","feedback","暂时没有连上门店系统，请重试","","完整候选索引；表达式内字面量可能是接口参数，是否实际展示以文案决策表与浏览器证据为准"
"src/normalized-ui/NormalizedStaffApp.tsx","78","changed","feedback","其他页面已切换员工，请重新登录后继续","","完整候选索引；表达式内字面量可能是接口参数，是否实际展示以文案决策表与浏览器证据为准"
"src/normalized-ui/NormalizedStaffApp.tsx","99","heartbeat","feedback","登录状态已结束，请重新登录","","完整候选索引；表达式内字面量可能是接口参数，是否实际展示以文案决策表与浏览器证据为准"
"src/normalized-ui/NormalizedStaffApp.tsx","135","NormalizedStaffApp","feedback","工作台资料读取失败，请重试","","完整候选索引；表达式内字面量可能是接口参数，是否实际展示以文案决策表与浏览器证据为准"
"src/normalized-ui/NormalizedStaffApp.tsx","150","NormalizedStaffApp","feedback","这台设备需要重新验证门店口令","","完整候选索引；表达式内字面量可能是接口参数，是否实际展示以文案决策表与浏览器证据为准"
"src/normalized-ui/NormalizedStaffApp.tsx","173","navigate","feedback","当前入口不可用，请从工作台选择已授权的功能。","","完整候选索引；表达式内字面量可能是接口参数，是否实际展示以文案决策表与浏览器证据为准"
"src/normalized-ui/NormalizedStaffApp.tsx","192","NormalizedStaffApp","jsx-text","返回上一页","","完整候选索引；表达式内字面量可能是接口参数，是否实际展示以文案决策表与浏览器证据为准"
"src/normalized-ui/NormalizedStaffApp.tsx","193","NormalizedStaffApp","jsx-text","工作台","","完整候选索引；表达式内字面量可能是接口参数，是否实际展示以文案决策表与浏览器证据为准"
"src/normalized-ui/NormalizedStaffApp.tsx","198","NormalizedStaffApp","jsx-expression-literal","/staff/member-","","完整候选索引；表达式内字面量可能是接口参数，是否实际展示以文案决策表与浏览器证据为准"
"src/normalized-ui/NormalizedStaffApp.tsx","199","NormalizedStaffApp","jsx-text","重新读取工作台","","完整候选索引；表达式内字面量可能是接口参数，是否实际展示以文案决策表与浏览器证据为准"
"src/normalized-ui/NormalizedStaffApp.tsx","200","NormalizedStaffApp","jsx-text","当前账号没有这个页面的有效权限。请由管理员授权后刷新；直接输入页面地址不会绕过权限。","","完整候选索引；表达式内字面量可能是接口参数，是否实际展示以文案决策表与浏览器证据为准"
"src/normalized-ui/NormalizedStaffApp.tsx","282","submitSwitch","feedback","账号、PIN或当前登录状态无效，请核对后重试","","完整候选索引；表达式内字面量可能是接口参数，是否实际展示以文案决策表与浏览器证据为准"
"src/normalized-ui/NormalizedStaffApp.tsx","284","submitSwitch","feedback","员工切换暂时没有完成，请重试","","完整候选索引；表达式内字面量可能是接口参数，是否实际展示以文案决策表与浏览器证据为准"
"src/normalized-ui/NormalizedStaffApp.tsx","305","logout","feedback","退出结果无法确认，请重试","","完整候选索引；表达式内字面量可能是接口参数，是否实际展示以文案决策表与浏览器证据为准"
"src/normalized-ui/NormalizedStaffApp.tsx","361","StaffSessionMenuView","jsx-template-text","，切换账号","","完整候选索引；表达式内字面量可能是接口参数，是否实际展示以文案决策表与浏览器证据为准"
"src/normalized-ui/NormalizedStaffApp.tsx","363","StaffSessionMenuView","jsx-text","切换员工","","完整候选索引；表达式内字面量可能是接口参数，是否实际展示以文案决策表与浏览器证据为准"
"src/normalized-ui/NormalizedStaffApp.tsx","366","StaffSessionMenuView","attribute:aria-label","关闭员工切换","","完整候选索引；表达式内字面量可能是接口参数，是否实际展示以文案决策表与浏览器证据为准"
"src/normalized-ui/NormalizedStaffApp.tsx","369","StaffSessionMenuView","jsx-text","当前员工 ·","","完整候选索引；表达式内字面量可能是接口参数，是否实际展示以文案决策表与浏览器证据为准"
"src/normalized-ui/NormalizedStaffApp.tsx","369","StaffSessionMenuView","jsx-text","切换员工","","完整候选索引；表达式内字面量可能是接口参数，是否实际展示以文案决策表与浏览器证据为准"
"src/normalized-ui/NormalizedStaffApp.tsx","370","StaffSessionMenuView","attribute:aria-label","关闭员工切换","","完整候选索引；表达式内字面量可能是接口参数，是否实际展示以文案决策表与浏览器证据为准"
"src/normalized-ui/NormalizedStaffApp.tsx","372","StaffSessionMenuView","jsx-text","门店设备保持验证，只结束当前员工工作状态；下一位员工必须输入自己的账号和四位 PIN。","","完整候选索引；表达式内字面量可能是接口参数，是否实际展示以文案决策表与浏览器证据为准"
"src/normalized-ui/NormalizedStaffApp.tsx","374","StaffSessionMenuView","jsx-text","下一位员工账号","","完整候选索引；表达式内字面量可能是接口参数，是否实际展示以文案决策表与浏览器证据为准"
"src/normalized-ui/NormalizedStaffApp.tsx","375","StaffSessionMenuView","jsx-text","四位 PIN","","完整候选索引；表达式内字面量可能是接口参数，是否实际展示以文案决策表与浏览器证据为准"
"src/normalized-ui/NormalizedStaffApp.tsx","377","StaffSessionMenuView","jsx-text","验证并切换","","完整候选索引；表达式内字面量可能是接口参数，是否实际展示以文案决策表与浏览器证据为准"
"src/normalized-ui/NormalizedStaffApp.tsx","380","StaffSessionMenuView","jsx-text","结束当前员工状态","","完整候选索引；表达式内字面量可能是接口参数，是否实际展示以文案决策表与浏览器证据为准"
"src/normalized-ui/NormalizedStaffApp.tsx","380","StaffSessionMenuView","jsx-text","退出后返回员工登录页，不会清除门店设备验证。","","完整候选索引；表达式内字面量可能是接口参数，是否实际展示以文案决策表与浏览器证据为准"
"src/normalized-ui/NormalizedStaffApp.tsx","381","StaffSessionMenuView","jsx-expression-literal","再次确认退出","","完整候选索引；表达式内字面量可能是接口参数，是否实际展示以文案决策表与浏览器证据为准"
"src/normalized-ui/NormalizedStaffApp.tsx","381","StaffSessionMenuView","jsx-expression-literal","退出当前员工","","完整候选索引；表达式内字面量可能是接口参数，是否实际展示以文案决策表与浏览器证据为准"
"src/normalized-ui/NormalizedStaffApp.tsx","410","submit","feedback","门店口令没有通过，请核对后重试","","完整候选索引；表达式内字面量可能是接口参数，是否实际展示以文案决策表与浏览器证据为准"
"src/normalized-ui/NormalizedStaffApp.tsx","413","DeviceCredentialForm","attribute:title","验证门店设备","","完整候选索引；表达式内字面量可能是接口参数，是否实际展示以文案决策表与浏览器证据为准"
"src/normalized-ui/NormalizedStaffApp.tsx","415","DeviceCredentialForm","jsx-text","门店口令","","完整候选索引；表达式内字面量可能是接口参数，是否实际展示以文案决策表与浏览器证据为准"
"src/normalized-ui/NormalizedStaffApp.tsx","417","DeviceCredentialForm","jsx-text","验证设备","","完整候选索引；表达式内字面量可能是接口参数，是否实际展示以文案决策表与浏览器证据为准"
"src/normalized-ui/NormalizedStaffApp.tsx","442","submit","feedback","账号、PIN或设备验证无效，请核对后重试","","完整候选索引；表达式内字面量可能是接口参数，是否实际展示以文案决策表与浏览器证据为准"
"src/normalized-ui/NormalizedStaffApp.tsx","444","submit","feedback","登录暂时没有完成，请重试","","完整候选索引；表达式内字面量可能是接口参数，是否实际展示以文案决策表与浏览器证据为准"
"src/normalized-ui/NormalizedStaffApp.tsx","447","EmployeeLoginForm","attribute:title","员工登录","","完整候选索引；表达式内字面量可能是接口参数，是否实际展示以文案决策表与浏览器证据为准"
"src/normalized-ui/NormalizedStaffApp.tsx","449","EmployeeLoginForm","jsx-text","员工账号","","完整候选索引；表达式内字面量可能是接口参数，是否实际展示以文案决策表与浏览器证据为准"
"src/normalized-ui/NormalizedStaffApp.tsx","450","EmployeeLoginForm","jsx-text","四位 PIN","","完整候选索引；表达式内字面量可能是接口参数，是否实际展示以文案决策表与浏览器证据为准"
"src/normalized-ui/NormalizedStaffApp.tsx","452","EmployeeLoginForm","jsx-text","进入工作台","","完整候选索引；表达式内字面量可能是接口参数，是否实际展示以文案决策表与浏览器证据为准"
"src/normalized-ui/NormalizedStaffApp.tsx","458","StaffLoginShell","jsx-text","M-BOX","","完整候选索引；表达式内字面量可能是接口参数，是否实际展示以文案决策表与浏览器证据为准"
"src/normalized-ui/NormalizedStaffApp.tsx","458","StaffLoginShell","jsx-text","SUPERHIGH CULTURE · 陆家嘴现场运营","","完整候选索引；表达式内字面量可能是接口参数，是否实际展示以文案决策表与浏览器证据为准"
"src/normalized-ui/NormalizedStaffApp.tsx","458","StaffLoginShell","jsx-text","STAFF ACCESS","","完整候选索引；表达式内字面量可能是接口参数，是否实际展示以文案决策表与浏览器证据为准"
"src/normalized-ui/NormalizedStaffApp.tsx","462","StaffGateLoading","jsx-text","正在连接门店工作台","","完整候选索引；表达式内字面量可能是接口参数，是否实际展示以文案决策表与浏览器证据为准"
"src/normalized-ui/NormalizedStaffWorkspace.tsx","229","NormalizedStaffWorkspaceView","jsx-template-text","员工工作台","","完整候选索引；表达式内字面量可能是接口参数，是否实际展示以文案决策表与浏览器证据为准"
"src/normalized-ui/NormalizedStaffWorkspace.tsx","233","NormalizedStaffWorkspaceView","jsx-text","SUPERHIGH CULTURE ·","","完整候选索引；表达式内字面量可能是接口参数，是否实际展示以文案决策表与浏览器证据为准"
"src/normalized-ui/NormalizedStaffWorkspace.tsx","237","NormalizedStaffWorkspaceView","attribute:aria-label","刷新工作台","","完整候选索引；表达式内字面量可能是接口参数，是否实际展示以文案决策表与浏览器证据为准"
"src/normalized-ui/NormalizedStaffWorkspace.tsx","255","NormalizedStaffWorkspaceView","jsx-text","当前员工","","完整候选索引；表达式内字面量可能是接口参数，是否实际展示以文案决策表与浏览器证据为准"
"src/normalized-ui/NormalizedStaffWorkspace.tsx","257","NormalizedStaffWorkspaceView","jsx-expression-literal","已授权员工","","完整候选索引；表达式内字面量可能是接口参数，是否实际展示以文案决策表与浏览器证据为准"
"src/normalized-ui/NormalizedStaffWorkspace.tsx","259","NormalizedStaffWorkspaceView","jsx-expression-literal","已离线，显示上次数据","","完整候选索引；表达式内字面量可能是接口参数，是否实际展示以文案决策表与浏览器证据为准"
"src/normalized-ui/NormalizedStaffWorkspace.tsx","259","NormalizedStaffWorkspaceView","jsx-expression-literal","error","","完整候选索引；表达式内字面量可能是接口参数，是否实际展示以文案决策表与浏览器证据为准"
"src/normalized-ui/NormalizedStaffWorkspace.tsx","259","NormalizedStaffWorkspaceView","jsx-expression-literal","更新失败，显示上次数据","","完整候选索引；表达式内字面量可能是接口参数，是否实际展示以文案决策表与浏览器证据为准"
"src/normalized-ui/NormalizedStaffWorkspace.tsx","259","NormalizedStaffWorkspaceView","jsx-expression-literal","loading","","完整候选索引；表达式内字面量可能是接口参数，是否实际展示以文案决策表与浏览器证据为准"
"src/normalized-ui/NormalizedStaffWorkspace.tsx","259","NormalizedStaffWorkspaceView","jsx-expression-literal","正在更新","","完整候选索引；表达式内字面量可能是接口参数，是否实际展示以文案决策表与浏览器证据为准"
"src/normalized-ui/NormalizedStaffWorkspace.tsx","259","NormalizedStaffWorkspaceView","jsx-expression-literal","连接正常","","完整候选索引；表达式内字面量可能是接口参数，是否实际展示以文案决策表与浏览器证据为准"
"src/normalized-ui/NormalizedStaffWorkspace.tsx","259","NormalizedStaffWorkspaceView","jsx-text","上次更新","","完整候选索引；表达式内字面量可能是接口参数，是否实际展示以文案决策表与浏览器证据为准"
"src/normalized-ui/NormalizedStaffWorkspace.tsx","262","NormalizedStaffWorkspaceView","jsx-expression-literal","error","","完整候选索引；表达式内字面量可能是接口参数，是否实际展示以文案决策表与浏览器证据为准"
"src/normalized-ui/NormalizedStaffWorkspace.tsx","269","NormalizedStaffWorkspaceView","jsx-text","高频操作","","完整候选索引；表达式内字面量可能是接口参数，是否实际展示以文案决策表与浏览器证据为准"
"src/normalized-ui/NormalizedStaffWorkspace.tsx","270","NormalizedStaffWorkspaceView","jsx-text","现在要做什么","","完整候选索引；表达式内字面量可能是接口参数，是否实际展示以文案决策表与浏览器证据为准"
"src/normalized-ui/NormalizedStaffWorkspace.tsx","295","NormalizedStaffWorkspaceView","jsx-text","营业概况","","完整候选索引；表达式内字面量可能是接口参数，是否实际展示以文案决策表与浏览器证据为准"
"src/normalized-ui/NormalizedStaffWorkspace.tsx","299","NormalizedStaffWorkspaceView","jsx-text","现场摘要","","完整候选索引；表达式内字面量可能是接口参数，是否实际展示以文案决策表与浏览器证据为准"
"src/normalized-ui/NormalizedStaffWorkspace.tsx","300","NormalizedStaffWorkspaceView","jsx-text","营业状态与待处理","","完整候选索引；表达式内字面量可能是接口参数，是否实际展示以文案决策表与浏览器证据为准"
"src/normalized-ui/NormalizedStaffWorkspace.tsx","309","NormalizedStaffWorkspaceView","jsx-expression-literal","交班遗留","","完整候选索引；表达式内字面量可能是接口参数，是否实际展示以文案决策表与浏览器证据为准"
"src/normalized-ui/NormalizedStaffWorkspace.tsx","309","NormalizedStaffWorkspaceView","jsx-expression-literal","is-alert","","完整候选索引；表达式内字面量可能是接口参数，是否实际展示以文案决策表与浏览器证据为准"
"src/normalized-ui/NormalizedStaffWorkspace.tsx","311","NormalizedStaffWorkspaceView","jsx-expression-literal","待关注","","完整候选索引；表达式内字面量可能是接口参数，是否实际展示以文案决策表与浏览器证据为准"
"src/normalized-ui/NormalizedStaffWorkspace.tsx","311","NormalizedStaffWorkspaceView","jsx-expression-literal","is-alert","","完整候选索引；表达式内字面量可能是接口参数，是否实际展示以文案决策表与浏览器证据为准"
"src/normalized-ui/NormalizedStaffWorkspace.tsx","313","NormalizedStaffWorkspaceView","jsx-expression-literal","已就绪","","完整候选索引；表达式内字面量可能是接口参数，是否实际展示以文案决策表与浏览器证据为准"
"src/normalized-ui/NormalizedStaffWorkspace.tsx","314","NormalizedStaffWorkspaceView","jsx-expression-literal","进行中","","完整候选索引；表达式内字面量可能是接口参数，是否实际展示以文案决策表与浏览器证据为准"
"src/normalized-ui/NormalizedStaffWorkspace.tsx","309","NormalizedStaffWorkspaceView","display-definition","交班遗留","","完整候选索引；表达式内字面量可能是接口参数，是否实际展示以文案决策表与浏览器证据为准"
"src/normalized-ui/NormalizedStaffWorkspace.tsx","311","NormalizedStaffWorkspaceView","display-definition","待关注","","完整候选索引；表达式内字面量可能是接口参数，是否实际展示以文案决策表与浏览器证据为准"
"src/normalized-ui/NormalizedStaffWorkspace.tsx","313","NormalizedStaffWorkspaceView","display-definition","已就绪","","完整候选索引；表达式内字面量可能是接口参数，是否实际展示以文案决策表与浏览器证据为准"
"src/normalized-ui/NormalizedStaffWorkspace.tsx","314","NormalizedStaffWorkspaceView","display-definition","进行中","","完整候选索引；表达式内字面量可能是接口参数，是否实际展示以文案决策表与浏览器证据为准"
"src/normalized-ui/NormalizedStaffWorkspace.tsx","327","NormalizedStaffWorkspaceView","jsx-template-text","项上个营业日遗留 ·","","完整候选索引；表达式内字面量可能是接口参数，是否实际展示以文案决策表与浏览器证据为准"
"src/normalized-ui/NormalizedStaffWorkspace.tsx","327","NormalizedStaffWorkspaceView","jsx-template-text","项今日进行中","","完整候选索引；表达式内字面量可能是接口参数，是否实际展示以文案决策表与浏览器证据为准"
"src/normalized-ui/NormalizedStaffWorkspace.tsx","329","NormalizedStaffWorkspaceView","jsx-template-text","项待处理 ·","","完整候选索引；表达式内字面量可能是接口参数，是否实际展示以文案决策表与浏览器证据为准"
"src/normalized-ui/NormalizedStaffWorkspace.tsx","329","NormalizedStaffWorkspaceView","jsx-template-text","项进行中","","完整候选索引；表达式内字面量可能是接口参数，是否实际展示以文案决策表与浏览器证据为准"
"src/normalized-ui/NormalizedStaffWorkspace.tsx","330","NormalizedStaffWorkspaceView","jsx-template-text","项已就绪","","完整候选索引；表达式内字面量可能是接口参数，是否实际展示以文案决策表与浏览器证据为准"
"src/normalized-ui/NormalizedStaffWorkspace.tsx","330","NormalizedStaffWorkspaceView","jsx-template-text","项进行中","","完整候选索引；表达式内字面量可能是接口参数，是否实际展示以文案决策表与浏览器证据为准"
"src/normalized-ui/NormalizedStaffWorkspace.tsx","341","NormalizedStaffWorkspaceView","jsx-text","当前摘要没有异常","","完整候选索引；表达式内字面量可能是接口参数，是否实际展示以文案决策表与浏览器证据为准"
"src/normalized-ui/NormalizedStaffWorkspace.tsx","341","NormalizedStaffWorkspaceView","jsx-text","具体待办以上方已读取的业务记录为准","","完整候选索引；表达式内字面量可能是接口参数，是否实际展示以文案决策表与浏览器证据为准"
"src/normalized-ui/NormalizedStaffWorkspace.tsx","371","StaffBottomNavigation","attribute:aria-label","岗位快捷功能","","完整候选索引；表达式内字面量可能是接口参数，是否实际展示以文案决策表与浏览器证据为准"
"src/normalized-ui/NormalizedStaffWorkspace.tsx","386","StaffBottomNavigation","attribute:aria-label","全部岗位入口","","完整候选索引；表达式内字面量可能是接口参数，是否实际展示以文案决策表与浏览器证据为准"
"src/normalized-ui/NormalizedStaffWorkspace.tsx","386","StaffBottomNavigation","jsx-text","全部","","完整候选索引；表达式内字面量可能是接口参数，是否实际展示以文案决策表与浏览器证据为准"
"src/normalized-ui/NormalizedStaffWorkspace.tsx","389","StaffBottomNavigation","attribute:aria-label","关闭全部岗位入口","","完整候选索引；表达式内字面量可能是接口参数，是否实际展示以文案决策表与浏览器证据为准"
"src/normalized-ui/NormalizedStaffWorkspace.tsx","391","StaffBottomNavigation","jsx-text","当前岗位","","完整候选索引；表达式内字面量可能是接口参数，是否实际展示以文案决策表与浏览器证据为准"
"src/normalized-ui/NormalizedStaffWorkspace.tsx","391","StaffBottomNavigation","jsx-text","全部工作入口","","完整候选索引；表达式内字面量可能是接口参数，是否实际展示以文案决策表与浏览器证据为准"
"src/normalized-ui/NormalizedStaffWorkspace.tsx","391","StaffBottomNavigation","attribute:aria-label","关闭","","完整候选索引；表达式内字面量可能是接口参数，是否实际展示以文案决策表与浏览器证据为准"
"src/normalized-ui/NormalizedStaffWorkspace.tsx","392","StaffBottomNavigation","attribute:aria-label","兼岗快捷入口","","完整候选索引；表达式内字面量可能是接口参数，是否实际展示以文案决策表与浏览器证据为准"
"src/normalized-ui/NormalizedStaffWorkspace.tsx","393","StaffBottomNavigation","jsx-text","快捷入口按工作内容排序，实际操作权限由当前账号决定。","","完整候选索引；表达式内字面量可能是接口参数，是否实际展示以文案决策表与浏览器证据为准"
"src/normalized-ui/NormalizedStaffWorkspace.tsx","408","RoleNavigation","attribute:aria-label","当前岗位全部入口","","完整候选索引；表达式内字面量可能是接口参数，是否实际展示以文案决策表与浏览器证据为准"
"src/normalized-ui/NormalizedStaffWorkspace.tsx","410","RoleNavigation","jsx-text","岗位入口","","完整候选索引；表达式内字面量可能是接口参数，是否实际展示以文案决策表与浏览器证据为准"
"src/normalized-ui/NormalizedStaffWorkspace.tsx","411","RoleNavigation","jsx-text","我的工作面","","完整候选索引；表达式内字面量可能是接口参数，是否实际展示以文案决策表与浏览器证据为准"
"src/normalized-ui/NormalizedStaffWorkspace.tsx","412","RoleNavigation","jsx-text","仅显示当前岗位已授权功能","","完整候选索引；表达式内字面量可能是接口参数，是否实际展示以文案决策表与浏览器证据为准"
"src/normalized-ui/NormalizedStaffWorkspace.tsx","422","NavigationGroups","jsx-expression-literal","member-","","完整候选索引；表达式内字面量可能是接口参数，是否实际展示以文案决策表与浏览器证据为准"
"src/normalized-ui/NormalizedStaffWorkspace.tsx","422","NavigationGroups","jsx-text","会员服务与管理","","完整候选索引；表达式内字面量可能是接口参数，是否实际展示以文案决策表与浏览器证据为准"
"src/normalized-ui/NormalizedStaffWorkspace.tsx","439","WorkspaceGate","jsx-text","正在进入工作台","","完整候选索引；表达式内字面量可能是接口参数，是否实际展示以文案决策表与浏览器证据为准"
"src/normalized-ui/NormalizedStaffWorkspace.tsx","440","WorkspaceGate","jsx-text","只加载当前岗位需要的信息","","完整候选索引；表达式内字面量可能是接口参数，是否实际展示以文案决策表与浏览器证据为准"
"src/normalized-ui/NormalizedStaffWorkspace.tsx","445","WorkspaceGate","jsx-expression-literal","login_required","","完整候选索引；表达式内字面量可能是接口参数，是否实际展示以文案决策表与浏览器证据为准"
"src/normalized-ui/NormalizedStaffWorkspace.tsx","445","WorkspaceGate","jsx-expression-literal","登录已过期","","完整候选索引；表达式内字面量可能是接口参数，是否实际展示以文案决策表与浏览器证据为准"
"src/normalized-ui/NormalizedStaffWorkspace.tsx","445","WorkspaceGate","jsx-expression-literal","工作台暂时没有接上","","完整候选索引；表达式内字面量可能是接口参数，是否实际展示以文案决策表与浏览器证据为准"
"src/normalized-ui/NormalizedStaffWorkspace.tsx","449","WorkspaceGate","jsx-expression-literal","login_required","","完整候选索引；表达式内字面量可能是接口参数，是否实际展示以文案决策表与浏览器证据为准"
"src/normalized-ui/NormalizedStaffWorkspace.tsx","449","WorkspaceGate","jsx-expression-literal","重新登录","","完整候选索引；表达式内字面量可能是接口参数，是否实际展示以文案决策表与浏览器证据为准"
"src/normalized-ui/NormalizedStaffWorkspace.tsx","449","WorkspaceGate","jsx-expression-literal","重新加载","","完整候选索引；表达式内字面量可能是接口参数，是否实际展示以文案决策表与浏览器证据为准"
"src/normalized-ui/NormalizedStaffWorkspace.tsx","462","InlineNotice","jsx-text","再试一次","","完整候选索引；表达式内字面量可能是接口参数，是否实际展示以文案决策表与浏览器证据为准"
"src/normalized-ui/NumberInputWithUnit.tsx","20","NumberInputWithUnit","jsx-text","单位：","","完整候选索引；表达式内字面量可能是接口参数，是否实际展示以文案决策表与浏览器证据为准"
"src/normalized-ui/OperatingHistoryPanel.tsx","87","OperatingHistoryPanel","attribute:aria-label","营业日账务与历史订单","","完整候选索引；表达式内字面量可能是接口参数，是否实际展示以文案决策表与浏览器证据为准"
"src/normalized-ui/OperatingHistoryPanel.tsx","87","OperatingHistoryPanel","jsx-expression-literal","订单中心 · 当前与历史","","完整候选索引；表达式内字面量可能是接口参数，是否实际展示以文案决策表与浏览器证据为准"
"src/normalized-ui/OperatingHistoryPanel.tsx","87","OperatingHistoryPanel","jsx-expression-literal","营业日账务与历史订单","","完整候选索引；表达式内字面量可能是接口参数，是否实际展示以文案决策表与浏览器证据为准"
"src/normalized-ui/OperatingHistoryPanel.tsx","88","OperatingHistoryPanel","jsx-text","按营业日查询；超期未结和退款待办保留可见。权限由服务端校验，查看不等于获得退款或打印授权。","服务端","完整候选索引；表达式内字面量可能是接口参数，是否实际展示以文案决策表与浏览器证据为准"
"src/normalized-ui/OperatingHistoryPanel.tsx","89","OperatingHistoryPanel","attribute:aria-label","常用营业日","","完整候选索引；表达式内字面量可能是接口参数，是否实际展示以文案决策表与浏览器证据为准"
"src/normalized-ui/OperatingHistoryPanel.tsx","89","OperatingHistoryPanel","jsx-text","当前营业日","","完整候选索引；表达式内字面量可能是接口参数，是否实际展示以文案决策表与浏览器证据为准"
"src/normalized-ui/OperatingHistoryPanel.tsx","89","OperatingHistoryPanel","jsx-text","上一营业日","","完整候选索引；表达式内字面量可能是接口参数，是否实际展示以文案决策表与浏览器证据为准"
"src/normalized-ui/OperatingHistoryPanel.tsx","91","OperatingHistoryPanel","jsx-text","搜索","","完整候选索引；表达式内字面量可能是接口参数，是否实际展示以文案决策表与浏览器证据为准"
"src/normalized-ui/OperatingHistoryPanel.tsx","91","OperatingHistoryPanel","attribute:placeholder","桌号、订单号或金额（如136）","","完整候选索引；表达式内字面量可能是接口参数，是否实际展示以文案决策表与浏览器证据为准"
"src/normalized-ui/OperatingHistoryPanel.tsx","92","OperatingHistoryPanel","jsx-text","日期与更多筛选","","完整候选索引；表达式内字面量可能是接口参数，是否实际展示以文案决策表与浏览器证据为准"
"src/normalized-ui/OperatingHistoryPanel.tsx","92","OperatingHistoryPanel","jsx-text","区域","","完整候选索引；表达式内字面量可能是接口参数，是否实际展示以文案决策表与浏览器证据为准"
"src/normalized-ui/OperatingHistoryPanel.tsx","92","OperatingHistoryPanel","attribute:placeholder","全部区域","","完整候选索引；表达式内字面量可能是接口参数，是否实际展示以文案决策表与浏览器证据为准"
"src/normalized-ui/OperatingHistoryPanel.tsx","93","OperatingHistoryPanel","jsx-text","支付状态","","完整候选索引；表达式内字面量可能是接口参数，是否实际展示以文案决策表与浏览器证据为准"
"src/normalized-ui/OperatingHistoryPanel.tsx","94","OperatingHistoryPanel","jsx-text","全部状态","","完整候选索引；表达式内字面量可能是接口参数，是否实际展示以文案决策表与浏览器证据为准"
"src/normalized-ui/OperatingHistoryPanel.tsx","94","OperatingHistoryPanel","jsx-text","待支付","","完整候选索引；表达式内字面量可能是接口参数，是否实际展示以文案决策表与浏览器证据为准"
"src/normalized-ui/OperatingHistoryPanel.tsx","94","OperatingHistoryPanel","jsx-text","支付中","","完整候选索引；表达式内字面量可能是接口参数，是否实际展示以文案决策表与浏览器证据为准"
"src/normalized-ui/OperatingHistoryPanel.tsx","94","OperatingHistoryPanel","jsx-text","部分付款","","完整候选索引；表达式内字面量可能是接口参数，是否实际展示以文案决策表与浏览器证据为准"
"src/normalized-ui/OperatingHistoryPanel.tsx","94","OperatingHistoryPanel","jsx-text","已支付","","完整候选索引；表达式内字面量可能是接口参数，是否实际展示以文案决策表与浏览器证据为准"
"src/normalized-ui/OperatingHistoryPanel.tsx","94","OperatingHistoryPanel","jsx-text","部分退款","","完整候选索引；表达式内字面量可能是接口参数，是否实际展示以文案决策表与浏览器证据为准"
"src/normalized-ui/OperatingHistoryPanel.tsx","94","OperatingHistoryPanel","jsx-text","已退款","","完整候选索引；表达式内字面量可能是接口参数，是否实际展示以文案决策表与浏览器证据为准"
"src/normalized-ui/OperatingHistoryPanel.tsx","96","OperatingHistoryPanel","jsx-text","开始营业日","","完整候选索引；表达式内字面量可能是接口参数，是否实际展示以文案决策表与浏览器证据为准"
"src/normalized-ui/OperatingHistoryPanel.tsx","97","OperatingHistoryPanel","jsx-text","结束营业日","","完整候选索引；表达式内字面量可能是接口参数，是否实际展示以文案决策表与浏览器证据为准"
"src/normalized-ui/OperatingHistoryPanel.tsx","98","OperatingHistoryPanel","jsx-text","桌号","","完整候选索引；表达式内字面量可能是接口参数，是否实际展示以文案决策表与浏览器证据为准"
"src/normalized-ui/OperatingHistoryPanel.tsx","99","OperatingHistoryPanel","jsx-text","下单员工","","完整候选索引；表达式内字面量可能是接口参数，是否实际展示以文案决策表与浏览器证据为准"
"src/normalized-ui/OperatingHistoryPanel.tsx","99","OperatingHistoryPanel","attribute:placeholder","留空含顾客自助","","完整候选索引；表达式内字面量可能是接口参数，是否实际展示以文案决策表与浏览器证据为准"
"src/normalized-ui/OperatingHistoryPanel.tsx","101","OperatingHistoryPanel","jsx-expression-literal","读取中","","完整候选索引；表达式内字面量可能是接口参数，是否实际展示以文案决策表与浏览器证据为准"
"src/normalized-ui/OperatingHistoryPanel.tsx","101","OperatingHistoryPanel","jsx-expression-literal","查找订单","","完整候选索引；表达式内字面量可能是接口参数，是否实际展示以文案决策表与浏览器证据为准"
"src/normalized-ui/OperatingHistoryPanel.tsx","103","OperatingHistoryPanel","jsx-text","；可重新查询，原账务不会被修改。","","完整候选索引；表达式内字面量可能是接口参数，是否实际展示以文案决策表与浏览器证据为准"
"src/normalized-ui/OperatingHistoryPanel.tsx","106","OperatingHistoryPanel","jsx-text","扎账打印使用所选营业日期间的全店数据，不套用下方桌号、员工或搜索筛选。","","完整候选索引；表达式内字面量可能是接口参数，是否实际展示以文案决策表与浏览器证据为准"
"src/normalized-ui/OperatingHistoryPanel.tsx","107","OperatingHistoryPanel","jsx-text","全店已入账资金","","完整候选索引；表达式内字面量可能是接口参数，是否实际展示以文案决策表与浏览器证据为准"
"src/normalized-ui/OperatingHistoryPanel.tsx","108","OperatingHistoryPanel","jsx-text","按流水记账营业日统计，包含活动收退款；不受桌号和员工筛选影响。不将未确认支付算作收入，也不将零元赠送算作收款。","","完整候选索引；表达式内字面量可能是接口参数，是否实际展示以文案决策表与浏览器证据为准"
"src/normalized-ui/OperatingHistoryPanel.tsx","109","OperatingHistoryPanel","jsx-text","所选期间销售 ¥","","完整候选索引；表达式内字面量可能是接口参数，是否实际展示以文案决策表与浏览器证据为准"
"src/normalized-ui/OperatingHistoryPanel.tsx","109","OperatingHistoryPanel","jsx-text","· 这些订单当前尚待收款 ¥","","完整候选索引；表达式内字面量可能是接口参数，是否实际展示以文案决策表与浏览器证据为准"
"src/normalized-ui/OperatingHistoryPanel.tsx","109","OperatingHistoryPanel","jsx-text","。历史未完事项不计入这两项；打印时读取最新快照，后续入账可能改变金额。","快照","完整候选索引；表达式内字面量可能是接口参数，是否实际展示以文案决策表与浏览器证据为准"
"src/normalized-ui/OperatingHistoryPanel.tsx","110","OperatingHistoryPanel","jsx-text","岗位权限限制：资金统计仅包含","","完整候选索引；表达式内字面量可能是接口参数，是否实际展示以文案决策表与浏览器证据为准"
"src/normalized-ui/OperatingHistoryPanel.tsx","110","OperatingHistoryPanel","jsx-text","起至所选结束日；更早待处理订单仅保留个案查询。","","完整候选索引；表达式内字面量可能是接口参数，是否实际展示以文案决策表与浏览器证据为准"
"src/normalized-ui/OperatingHistoryPanel.tsx","111","OperatingHistoryPanel","jsx-text","所选期间没有已入账收退款流水；不代表没有订单或渠道待核对款项。","","完整候选索引；表达式内字面量可能是接口参数，是否实际展示以文案决策表与浏览器证据为准"
"src/normalized-ui/OperatingHistoryPanel.tsx","112","OperatingHistoryPanel","jsx-text","收款 ¥","","完整候选索引；表达式内字面量可能是接口参数，是否实际展示以文案决策表与浏览器证据为准"
"src/normalized-ui/OperatingHistoryPanel.tsx","112","OperatingHistoryPanel","jsx-text","· 退款 ¥","","完整候选索引；表达式内字面量可能是接口参数，是否实际展示以文案决策表与浏览器证据为准"
"src/normalized-ui/OperatingHistoryPanel.tsx","112","OperatingHistoryPanel","jsx-text","· 净收 ¥","","完整候选索引；表达式内字面量可能是接口参数，是否实际展示以文案决策表与浏览器证据为准"
"src/normalized-ui/OperatingHistoryPanel.tsx","114","OperatingHistoryPanel","jsx-text","历史订单与送达状态","","完整候选索引；表达式内字面量可能是接口参数，是否实际展示以文案决策表与浏览器证据为准"
"src/normalized-ui/OperatingHistoryPanel.tsx","114","OperatingHistoryPanel","jsx-text","每页50单；送达员工与时间取自正式送达操作记录，缺失凭据不推测。当前为查询结果，营业日是否已结账请查看日结状态","","完整候选索引；表达式内字面量可能是接口参数，是否实际展示以文案决策表与浏览器证据为准"
"src/normalized-ui/OperatingHistoryPanel.tsx","115","OperatingHistoryPanel","jsx-text","没有符合筛选条件的订单。","","完整候选索引；表达式内字面量可能是接口参数，是否实际展示以文案决策表与浏览器证据为准"
"src/normalized-ui/OperatingHistoryPanel.tsx","117","OperatingHistoryPanel","jsx-text","· 桌次","","完整候选索引；表达式内字面量可能是接口参数，是否实际展示以文案决策表与浏览器证据为准"
"src/normalized-ui/OperatingHistoryPanel.tsx","118","OperatingHistoryPanel","jsx-text","本页该桌次","","完整候选索引；表达式内字面量可能是接口参数，是否实际展示以文案决策表与浏览器证据为准"
"src/normalized-ui/OperatingHistoryPanel.tsx","118","OperatingHistoryPanel","jsx-text","单；不同桌次不合账。","","完整候选索引；表达式内字面量可能是接口参数，是否实际展示以文案决策表与浏览器证据为准"
"src/normalized-ui/OperatingHistoryPanel.tsx","119","OperatingHistoryPanel","jsx-text","· ¥","","完整候选索引；表达式内字面量可能是接口参数，是否实际展示以文案决策表与浏览器证据为准"
"src/normalized-ui/OperatingHistoryPanel.tsx","120","OperatingHistoryPanel","jsx-text","原应付 ¥","","完整候选索引；表达式内字面量可能是接口参数，是否实际展示以文案决策表与浏览器证据为准"
"src/normalized-ui/OperatingHistoryPanel.tsx","120","OperatingHistoryPanel","jsx-text","· 套餐按单点价补差 ¥","","完整候选索引；表达式内字面量可能是接口参数，是否实际展示以文案决策表与浏览器证据为准"
"src/normalized-ui/OperatingHistoryPanel.tsx","120","OperatingHistoryPanel","jsx-text","· 当前应付 ¥","","完整候选索引；表达式内字面量可能是接口参数，是否实际展示以文案决策表与浏览器证据为准"
"src/normalized-ui/OperatingHistoryPanel.tsx","121","OperatingHistoryPanel","jsx-text","原应付 ¥","","完整候选索引；表达式内字面量可能是接口参数，是否实际展示以文案决策表与浏览器证据为准"
"src/normalized-ui/OperatingHistoryPanel.tsx","121","OperatingHistoryPanel","jsx-text","· 退菜减额 ¥","","完整候选索引；表达式内字面量可能是接口参数，是否实际展示以文案决策表与浏览器证据为准"
"src/normalized-ui/OperatingHistoryPanel.tsx","121","OperatingHistoryPanel","jsx-text","· 当前应付 ¥","","完整候选索引；表达式内字面量可能是接口参数，是否实际展示以文案决策表与浏览器证据为准"
"src/normalized-ui/OperatingHistoryPanel.tsx","122","OperatingHistoryPanel","jsx-expression-literal","顾客自助","","完整候选索引；表达式内字面量可能是接口参数，是否实际展示以文案决策表与浏览器证据为准"
"src/normalized-ui/OperatingHistoryPanel.tsx","124","OperatingHistoryPanel","jsx-expression-literal","refunded","","完整候选索引；表达式内字面量可能是接口参数，是否实际展示以文案决策表与浏览器证据为准"
"src/normalized-ui/OperatingHistoryPanel.tsx","124","OperatingHistoryPanel","jsx-expression-literal","partially_refunded","","完整候选索引；表达式内字面量可能是接口参数，是否实际展示以文案决策表与浏览器证据为准"
"src/normalized-ui/OperatingHistoryPanel.tsx","124","OperatingHistoryPanel","jsx-text","· 库存已恢复","","完整候选索引；表达式内字面量可能是接口参数，是否实际展示以文案决策表与浏览器证据为准"
"src/normalized-ui/OperatingHistoryPanel.tsx","125","OperatingHistoryPanel","jsx-text","暂停","","完整候选索引；表达式内字面量可能是接口参数，是否实际展示以文案决策表与浏览器证据为准"
"src/normalized-ui/OperatingHistoryPanel.tsx","125","OperatingHistoryPanel","jsx-text","· 停止","","完整候选索引；表达式内字面量可能是接口参数，是否实际展示以文案决策表与浏览器证据为准"
"src/normalized-ui/OperatingHistoryPanel.tsx","125","OperatingHistoryPanel","jsx-text","· 已备齐","","完整候选索引；表达式内字面量可能是接口参数，是否实际展示以文案决策表与浏览器证据为准"
"src/normalized-ui/OperatingHistoryPanel.tsx","125","OperatingHistoryPanel","jsx-text","· 已送达","","完整候选索引；表达式内字面量可能是接口参数，是否实际展示以文案决策表与浏览器证据为准"
"src/normalized-ui/OperatingHistoryPanel.tsx","125","OperatingHistoryPanel","jsx-text","· 库存恢复","","完整候选索引；表达式内字面量可能是接口参数，是否实际展示以文案决策表与浏览器证据为准"
"src/normalized-ui/OperatingHistoryPanel.tsx","125","OperatingHistoryPanel","jsx-text","· 已消耗不回库","","完整候选索引；表达式内字面量可能是接口参数，是否实际展示以文案决策表与浏览器证据为准"
"src/normalized-ui/OperatingHistoryPanel.tsx","125","OperatingHistoryPanel","jsx-text","商品备注：","","完整候选索引；表达式内字面量可能是接口参数，是否实际展示以文案决策表与浏览器证据为准"
"src/normalized-ui/OperatingHistoryPanel.tsx","125","OperatingHistoryPanel","jsx-text","制作完成：","","完整候选索引；表达式内字面量可能是接口参数，是否实际展示以文案决策表与浏览器证据为准"
"src/normalized-ui/OperatingHistoryPanel.tsx","125","OperatingHistoryPanel","jsx-expression-literal","员工信息未留存","","完整候选索引；表达式内字面量可能是接口参数，是否实际展示以文案决策表与浏览器证据为准"
"src/normalized-ui/OperatingHistoryPanel.tsx","125","OperatingHistoryPanel","jsx-expression-literal","delivered","","完整候选索引；表达式内字面量可能是接口参数，是否实际展示以文案决策表与浏览器证据为准"
"src/normalized-ui/OperatingHistoryPanel.tsx","125","OperatingHistoryPanel","jsx-template-text","送达：","","完整候选索引；表达式内字面量可能是接口参数，是否实际展示以文案决策表与浏览器证据为准"
"src/normalized-ui/OperatingHistoryPanel.tsx","125","OperatingHistoryPanel","jsx-expression-literal","员工信息未留存","","完整候选索引；表达式内字面量可能是接口参数，是否实际展示以文案决策表与浏览器证据为准"
"src/normalized-ui/OperatingHistoryPanel.tsx","125","OperatingHistoryPanel","jsx-expression-literal","已送达，历史送达凭据未留存","","完整候选索引；表达式内字面量可能是接口参数，是否实际展示以文案决策表与浏览器证据为准"
"src/normalized-ui/OperatingHistoryPanel.tsx","127","OperatingHistoryPanel","jsx-text","上一页","","完整候选索引；表达式内字面量可能是接口参数，是否实际展示以文案决策表与浏览器证据为准"
"src/normalized-ui/OperatingHistoryPanel.tsx","127","OperatingHistoryPanel","jsx-text","下一页","","完整候选索引；表达式内字面量可能是接口参数，是否实际展示以文案决策表与浏览器证据为准"
"src/normalized-ui/OperatingHistoryPanel.tsx","127","OperatingHistoryPanel","jsx-text","导出本页明细","","完整候选索引；表达式内字面量可能是接口参数，是否实际展示以文案决策表与浏览器证据为准"
"src/normalized-ui/OperatingHistoryPanel.tsx","127","OperatingHistoryPanel","jsx-text","导出全部筛选结果","","完整候选索引；表达式内字面量可能是接口参数，是否实际展示以文案决策表与浏览器证据为准"
"src/normalized-ui/OperatingHistoryPanel.tsx","128","OperatingHistoryPanel","jsx-text","全部导出使用同一账务快照，最多5000单；超过范围会明确提示缩小筛选，不会静默截断。","快照、静默","完整候选索引；表达式内字面量可能是接口参数，是否实际展示以文案决策表与浏览器证据为准"
"src/normalized-ui/OrderBillPrintButton.tsx","26","request","feedback","打印任务已生成，不代表已出纸。未出纸请核对打印任务，不要重复补打。","","完整候选索引；表达式内字面量可能是接口参数，是否实际展示以文案决策表与浏览器证据为准"
"src/normalized-ui/OrderBillPrintButton.tsx","38","checkProgress","feedback","任务状态暂未读取，请稍后再核对；原打印请求保留。","","完整候选索引；表达式内字面量可能是接口参数，是否实际展示以文案决策表与浏览器证据为准"
"src/normalized-ui/OrderBillPrintButton.tsx","42","BillPrintAction","jsx-expression-literal","已生成打印任务","","完整候选索引；表达式内字面量可能是接口参数，是否实际展示以文案决策表与浏览器证据为准"
"src/normalized-ui/OrderBillPrintButton.tsx","42","BillPrintAction","jsx-expression-literal","正在确认打印任务","","完整候选索引；表达式内字面量可能是接口参数，是否实际展示以文案决策表与浏览器证据为准"
"src/normalized-ui/OrderBillPrintButton.tsx","42","BillPrintAction","jsx-expression-literal","核对本次打印请求","","完整候选索引；表达式内字面量可能是接口参数，是否实际展示以文案决策表与浏览器证据为准"
"src/normalized-ui/OrderBillPrintButton.tsx","42","BillPrintAction","jsx-expression-literal","打印结账单（整桌）","","完整候选索引；表达式内字面量可能是接口参数，是否实际展示以文案决策表与浏览器证据为准"
"src/normalized-ui/OrderBillPrintButton.tsx","42","BillPrintAction","jsx-expression-literal","扎账 · 打印所选期间全店账单","","完整候选索引；表达式内字面量可能是接口参数，是否实际展示以文案决策表与浏览器证据为准"
"src/normalized-ui/OrderBillPrintButton.tsx","42","BillPrintAction","jsx-expression-literal","手动打印本单账单","","完整候选索引；表达式内字面量可能是接口参数，是否实际展示以文案决策表与浏览器证据为准"
"src/normalized-ui/OrderBillPrintButton.tsx","43","BillPrintAction","jsx-text","本次打印任务","","完整候选索引；表达式内字面量可能是接口参数，是否实际展示以文案决策表与浏览器证据为准"
"src/normalized-ui/OrderBillPrintButton.tsx","43","BillPrintAction","jsx-text","请求号：","","完整候选索引；表达式内字面量可能是接口参数，是否实际展示以文案决策表与浏览器证据为准"
"src/normalized-ui/OrderBillPrintButton.tsx","43","BillPrintAction","jsx-text","核对任务进度","","完整候选索引；表达式内字面量可能是接口参数，是否实际展示以文案决策表与浏览器证据为准"
"src/normalized-ui/OrderBillPrintButton.tsx","43","BillPrintAction","feedback","下次点击将生成新的金额快照和新票，请先确认上一张打印结果。","快照","完整候选索引；表达式内字面量可能是接口参数，是否实际展示以文案决策表与浏览器证据为准"
"src/normalized-ui/OrderBillPrintButton.tsx","43","BillPrintAction","jsx-text","按最新金额生成新账单","","完整候选索引；表达式内字面量可能是接口参数，是否实际展示以文案决策表与浏览器证据为准"
"src/normalized-ui/OrderBillPrintButton.tsx","89","DailyReportPrintChoices","attribute:aria-label","扎账打印内容","","完整候选索引；表达式内字面量可能是接口参数，是否实际展示以文案决策表与浏览器证据为准"
"src/normalized-ui/OrderBillPrintButton.tsx","90","DailyReportPrintChoices","jsx-text","这个期间保留了一次旧版打印请求。先核对原任务和出纸情况，再生成新版票据。","","完整候选索引；表达式内字面量可能是接口参数，是否实际展示以文案决策表与浏览器证据为准"
"src/normalized-ui/OrderBillPrintButton.tsx","90","DailyReportPrintChoices","jsx-text","已核对旧票，准备新版打印","","完整候选索引；表达式内字面量可能是接口参数，是否实际展示以文案决策表与浏览器证据为准"
"src/normalized-ui/OrderBillPrintButton.tsx","91","DailyReportPrintChoices","jsx-text","尚未确认上一张是否打印，先核对这一次；原格式已保留，不影响其他日期或订单打印。","","完整候选索引；表达式内字面量可能是接口参数，是否实际展示以文案决策表与浏览器证据为准"
"src/normalized-ui/OrderBillPrintButton.tsx","92","DailyReportPrintChoices","jsx-text","打印内容","","完整候选索引；表达式内字面量可能是接口参数，是否实际展示以文案决策表与浏览器证据为准"
"src/normalized-ui/OrderBillPrintButton.tsx","92","DailyReportPrintChoices","jsx-text","紧凑汇总（默认）","","完整候选索引；表达式内字面量可能是接口参数，是否实际展示以文案决策表与浏览器证据为准"
"src/normalized-ui/OrderBillPrintButton.tsx","92","DailyReportPrintChoices","jsx-text","逐单明细","","完整候选索引；表达式内字面量可能是接口参数，是否实际展示以文案决策表与浏览器证据为准"
"src/normalized-ui/OrderBillPrintButton.tsx","92","DailyReportPrintChoices","jsx-text","汇总和明细","","完整候选索引；表达式内字面量可能是接口参数，是否实际展示以文案决策表与浏览器证据为准"
"src/normalized-ui/OrderBillPrintButton.tsx","93","DailyReportPrintChoices","jsx-text","附加汇总","","完整候选索引；表达式内字面量可能是接口参数，是否实际展示以文案决策表与浏览器证据为准"
"src/normalized-ui/OrderBillPrintButton.tsx","93","DailyReportPrintChoices","jsx-text","不附加","","完整候选索引；表达式内字面量可能是接口参数，是否实际展示以文案决策表与浏览器证据为准"
"src/normalized-ui/OrderBillPrintButton.tsx","93","DailyReportPrintChoices","jsx-text","分类","","完整候选索引；表达式内字面量可能是接口参数，是否实际展示以文案决策表与浏览器证据为准"
"src/normalized-ui/OrderBillPrintButton.tsx","93","DailyReportPrintChoices","jsx-text","商品","","完整候选索引；表达式内字面量可能是接口参数，是否实际展示以文案决策表与浏览器证据为准"
"src/normalized-ui/OrderBillPrintButton.tsx","93","DailyReportPrintChoices","jsx-text","套餐与套餐内出品","","完整候选索引；表达式内字面量可能是接口参数，是否实际展示以文案决策表与浏览器证据为准"
"src/normalized-ui/OrderBillPrintButton.tsx","94","DailyReportPrintChoices","jsx-text","重试预览","","完整候选索引；表达式内字面量可能是接口参数，是否实际展示以文案决策表与浏览器证据为准"
"src/normalized-ui/OrderBillPrintButton.tsx","94","DailyReportPrintChoices","jsx-text","正在准备打印预览","","完整候选索引；表达式内字面量可能是接口参数，是否实际展示以文案决策表与浏览器证据为准"
"src/normalized-ui/OrderBillPrintButton.tsx","95","DailyReportPrintChoices","jsx-text","，共","","完整候选索引；表达式内字面量可能是接口参数，是否实际展示以文案决策表与浏览器证据为准"
"src/normalized-ui/OrderBillPrintButton.tsx","95","DailyReportPrintChoices","jsx-text","单，","","完整候选索引；表达式内字面量可能是接口参数，是否实际展示以文案决策表与浏览器证据为准"
"src/normalized-ui/OrderBillPrintButton.tsx","95","DailyReportPrintChoices","jsx-text","条内容，预计至少","","完整候选索引；表达式内字面量可能是接口参数，是否实际展示以文案决策表与浏览器证据为准"
"src/normalized-ui/OrderBillPrintButton.tsx","95","DailyReportPrintChoices","jsx-text","页。实际长度随备注和换行变化；打印时重新取数。","","完整候选索引；表达式内字面量可能是接口参数，是否实际展示以文案决策表与浏览器证据为准"
"src/normalized-ui/OrderBillPrintButton.tsx","96","DailyReportPrintChoices","jsx-text","查看票据内容","","完整候选索引；表达式内字面量可能是接口参数，是否实际展示以文案决策表与浏览器证据为准"
"src/normalized-ui/OrderCenterPanel.tsx","21","OrderCenterPanel","jsx-text","重新查询","","完整候选索引；表达式内字面量可能是接口参数，是否实际展示以文案决策表与浏览器证据为准"
"src/normalized-ui/OrderCenterPanel.tsx","22","OrderCenterPanel","jsx-text","正在读取门店营业日及订单…","","完整候选索引；表达式内字面量可能是接口参数，是否实际展示以文案决策表与浏览器证据为准"
"src/normalized-ui/OrderStockReturnForm.tsx","15","refreshRemaining","feedback","已核对剩余数量。本次退库完成，没有再次退款或出品。","","完整候选索引；表达式内字面量可能是接口参数，是否实际展示以文案决策表与浏览器证据为准"
"src/normalized-ui/OrderStockReturnForm.tsx","19","run","feedback","请核实数量、填写原因，并确认商品处理事实","事实","完整候选索引；表达式内字面量可能是接口参数，是否实际展示以文案决策表与浏览器证据为准"
"src/normalized-ui/OrderStockReturnForm.tsx","24","run","feedback","退库登记已成功，正在核对剩余数量。","","完整候选索引；表达式内字面量可能是接口参数，是否实际展示以文案决策表与浏览器证据为准"
"src/normalized-ui/OrderStockReturnForm.tsx","32","refresh","feedback","退库已经成功，剩余数量仍未读回，请稍后刷新数量。","","完整候选索引；表达式内字面量可能是接口参数，是否实际展示以文案决策表与浏览器证据为准"
"src/normalized-ui/OrderStockReturnForm.tsx","36","StockReturnForm","jsx-text","退款商品库存处理","","完整候选索引；表达式内字面量可能是接口参数，是否实际展示以文案决策表与浏览器证据为准"
"src/normalized-ui/OrderStockReturnForm.tsx","36","StockReturnForm","jsx-text","退款不等于退库。已开封、已消耗或制作好的配方不能恢复为原料；此操作不会再次退款。","","完整候选索引；表达式内字面量可能是接口参数，是否实际展示以文案决策表与浏览器证据为准"
"src/normalized-ui/OrderStockReturnForm.tsx","37","StockReturnForm","jsx-text","退回数量","","完整候选索引；表达式内字面量可能是接口参数，是否实际展示以文案决策表与浏览器证据为准"
"src/normalized-ui/OrderStockReturnForm.tsx","38","StockReturnForm","jsx-text","实际情况","","完整候选索引；表达式内字面量可能是接口参数，是否实际展示以文案决策表与浏览器证据为准"
"src/normalized-ui/OrderStockReturnForm.tsx","38","StockReturnForm","jsx-expression-literal","returned_unopened","","完整候选索引；表达式内字面量可能是接口参数，是否实际展示以文案决策表与浏览器证据为准"
"src/normalized-ui/OrderStockReturnForm.tsx","38","StockReturnForm","jsx-text","未开封整包装，已实际退回","","完整候选索引；表达式内字面量可能是接口参数，是否实际展示以文案决策表与浏览器证据为准"
"src/normalized-ui/OrderStockReturnForm.tsx","38","StockReturnForm","jsx-expression-literal","unmade","","完整候选索引；表达式内字面量可能是接口参数，是否实际展示以文案决策表与浏览器证据为准"
"src/normalized-ui/OrderStockReturnForm.tsx","38","StockReturnForm","jsx-text","尚未制作，出品已取消","","完整候选索引；表达式内字面量可能是接口参数，是否实际展示以文案决策表与浏览器证据为准"
"src/normalized-ui/OrderStockReturnForm.tsx","39","StockReturnForm","jsx-text","核对说明","","完整候选索引；表达式内字面量可能是接口参数，是否实际展示以文案决策表与浏览器证据为准"
"src/normalized-ui/OrderStockReturnForm.tsx","40","StockReturnForm","jsx-text","我已核实上述情况和实际数量","","完整候选索引；表达式内字面量可能是接口参数，是否实际展示以文案决策表与浏览器证据为准"
"src/normalized-ui/OrderStockReturnForm.tsx","41","StockReturnForm","jsx-expression-literal","正在核对…","","完整候选索引；表达式内字面量可能是接口参数，是否实际展示以文案决策表与浏览器证据为准"
"src/normalized-ui/OrderStockReturnForm.tsx","41","StockReturnForm","jsx-expression-literal","确认实际退库","","完整候选索引；表达式内字面量可能是接口参数，是否实际展示以文案决策表与浏览器证据为准"
"src/normalized-ui/OrderStockReturnForm.tsx","42","StockReturnForm","jsx-text","本次退库已登记，记录号：","","完整候选索引；表达式内字面量可能是接口参数，是否实际展示以文案决策表与浏览器证据为准"
"src/normalized-ui/OrderStockReturnForm.tsx","42","StockReturnForm","jsx-text","刷新剩余数量","","完整候选索引；表达式内字面量可能是接口参数，是否实际展示以文案决策表与浏览器证据为准"
"src/normalized-ui/OrderStockReturnForm.tsx","42","StockReturnForm","jsx-text","上次登记结果待确认。","","完整候选索引；表达式内字面量可能是接口参数，是否实际展示以文案决策表与浏览器证据为准"
"src/normalized-ui/OrderStockReturnForm.tsx","42","StockReturnForm","jsx-text","恢复原退库结果","","完整候选索引；表达式内字面量可能是接口参数，是否实际展示以文案决策表与浏览器证据为准"
"src/normalized-ui/OrderStockReturnPending.tsx","13","OrderStockReturnPending","attribute:aria-label","原退库结果待核对","","完整候选索引；表达式内字面量可能是接口参数，是否实际展示以文案决策表与浏览器证据为准"
"src/normalized-ui/OrderStockReturnPending.tsx","13","OrderStockReturnPending","jsx-text","原退库结果待核对","","完整候选索引；表达式内字面量可能是接口参数，是否实际展示以文案决策表与浏览器证据为准"
"src/normalized-ui/OrderStockReturnPending.tsx","13","OrderStockReturnPending","jsx-text","原订单可能已离开当前筛选。这里仅恢复上次登记，不另做退库。","","完整候选索引；表达式内字面量可能是接口参数，是否实际展示以文案决策表与浏览器证据为准"
"src/normalized-ui/OwnerFinancePanel.tsx","219","OwnerFinancePanel","feedback","请选择完整且起止顺序正确的日期范围。","","完整候选索引；表达式内字面量可能是接口参数，是否实际展示以文案决策表与浏览器证据为准"
"src/normalized-ui/OwnerFinancePanel.tsx","337","submitCost","feedback","请选择费用分类","","完整候选索引；表达式内字面量可能是接口参数，是否实际展示以文案决策表与浏览器证据为准"
"src/normalized-ui/OwnerFinancePanel.tsx","419","submitRecurring","feedback","请选择费用分类","","完整候选索引；表达式内字面量可能是接口参数，是否实际展示以文案决策表与浏览器证据为准"
"src/normalized-ui/OwnerFinancePanel.tsx","527","submitPayroll","feedback","请先为该员工建立有效的薪资标准","","完整候选索引；表达式内字面量可能是接口参数，是否实际展示以文案决策表与浏览器证据为准"
"src/normalized-ui/OwnerFinancePanel.tsx","529","submitPayroll","feedback","编辑对象与当前周期或员工不一致，请取消编辑后重新选择","","完整候选索引；表达式内字面量可能是接口参数，是否实际展示以文案决策表与浏览器证据为准"
"src/normalized-ui/OwnerFinancePanel.tsx","576","removePayrollLine","display-definition","移除草稿明细","","完整候选索引；表达式内字面量可能是接口参数，是否实际展示以文案决策表与浏览器证据为准"
"src/normalized-ui/OwnerFinancePanel.tsx","585","approve","display-definition","确认工资核算","","完整候选索引；表达式内字面量可能是接口参数，是否实际展示以文案决策表与浏览器证据为准"
"src/normalized-ui/OwnerFinancePanel.tsx","605","post","display-definition","确认工资计入经营成本","","完整候选索引；表达式内字面量可能是接口参数，是否实际展示以文案决策表与浏览器证据为准"
"src/normalized-ui/OwnerFinancePanel.tsx","625","voidPayroll","display-definition","作废未入账工资单","","完整候选索引；表达式内字面量可能是接口参数，是否实际展示以文案决策表与浏览器证据为准"
"src/normalized-ui/OwnerFinancePanel.tsx","646","OwnerFinancePanel","attribute:aria-label","老板费用与工资管理","","完整候选索引；表达式内字面量可能是接口参数，是否实际展示以文案决策表与浏览器证据为准"
"src/normalized-ui/OwnerFinancePanel.tsx","649","OwnerFinancePanel","jsx-text","费用、员工与工资","","完整候选索引；表达式内字面量可能是接口参数，是否实际展示以文案决策表与浏览器证据为准"
"src/normalized-ui/OwnerFinancePanel.tsx","650","OwnerFinancePanel","jsx-text","经营账和支付分离：这里核算与入账，不会自动打款。","","完整候选索引；表达式内字面量可能是接口参数，是否实际展示以文案决策表与浏览器证据为准"
"src/normalized-ui/OwnerFinancePanel.tsx","652","OwnerFinancePanel","attribute:aria-label","刷新经营费用","","完整候选索引；表达式内字面量可能是接口参数，是否实际展示以文案决策表与浏览器证据为准"
"src/normalized-ui/OwnerFinancePanel.tsx","666","OwnerFinancePanel","attribute:aria-label","经营费用功能","","完整候选索引；表达式内字面量可能是接口参数，是否实际展示以文案决策表与浏览器证据为准"
"src/normalized-ui/OwnerFinancePanel.tsx","669","OwnerFinancePanel","jsx-text","费用","","完整候选索引；表达式内字面量可能是接口参数，是否实际展示以文案决策表与浏览器证据为准"
"src/normalized-ui/OwnerFinancePanel.tsx","676","OwnerFinancePanel","jsx-text","周期费用","","完整候选索引；表达式内字面量可能是接口参数，是否实际展示以文案决策表与浏览器证据为准"
"src/normalized-ui/OwnerFinancePanel.tsx","684","OwnerFinancePanel","jsx-text","员工工资","","完整候选索引；表达式内字面量可能是接口参数，是否实际展示以文案决策表与浏览器证据为准"
"src/normalized-ui/OwnerFinancePanel.tsx","692","OwnerFinancePanel","jsx-text","分类设置","","完整候选索引；表达式内字面量可能是接口参数，是否实际展示以文案决策表与浏览器证据为准"
"src/normalized-ui/OwnerFinancePanel.tsx","695","OwnerFinancePanel","jsx-expression-literal","cost","","完整候选索引；表达式内字面量可能是接口参数，是否实际展示以文案决策表与浏览器证据为准"
"src/normalized-ui/OwnerFinancePanel.tsx","703","OwnerFinancePanel","jsx-expression-literal","更正费用记录","","完整候选索引；表达式内字面量可能是接口参数，是否实际展示以文案决策表与浏览器证据为准"
"src/normalized-ui/OwnerFinancePanel.tsx","703","OwnerFinancePanel","jsx-expression-literal","记录一笔费用","","完整候选索引；表达式内字面量可能是接口参数，是否实际展示以文案决策表与浏览器证据为准"
"src/normalized-ui/OwnerFinancePanel.tsx","706","OwnerFinancePanel","jsx-template-text","正在更正“","","完整候选索引；表达式内字面量可能是接口参数，是否实际展示以文案决策表与浏览器证据为准"
"src/normalized-ui/OwnerFinancePanel.tsx","706","OwnerFinancePanel","jsx-template-text","”。原记录不会删除，更正后报表只采用最新记录。","","完整候选索引；表达式内字面量可能是接口参数，是否实际展示以文案决策表与浏览器证据为准"
"src/normalized-ui/OwnerFinancePanel.tsx","707","OwnerFinancePanel","jsx-expression-literal","房租、乐队、厨房和每日临时支出都从这里录入；工资走工资核算，酒水采购走收货入库。","","完整候选索引；表达式内字面量可能是接口参数，是否实际展示以文案决策表与浏览器证据为准"
"src/normalized-ui/OwnerFinancePanel.tsx","711","OwnerFinancePanel","jsx-text","费用名称","","完整候选索引；表达式内字面量可能是接口参数，是否实际展示以文案决策表与浏览器证据为准"
"src/normalized-ui/OwnerFinancePanel.tsx","712","OwnerFinancePanel","attribute:placeholder","如：9月房租","","完整候选索引；表达式内字面量可能是接口参数，是否实际展示以文案决策表与浏览器证据为准"
"src/normalized-ui/OwnerFinancePanel.tsx","733","OwnerFinancePanel","jsx-text","未税金额","","完整候选索引；表达式内字面量可能是接口参数，是否实际展示以文案决策表与浏览器证据为准"
"src/normalized-ui/OwnerFinancePanel.tsx","745","OwnerFinancePanel","jsx-text","税额","","完整候选索引；表达式内字面量可能是接口参数，是否实际展示以文案决策表与浏览器证据为准"
"src/normalized-ui/OwnerFinancePanel.tsx","757","OwnerFinancePanel","jsx-text","费用开始","","完整候选索引；表达式内字面量可能是接口参数，是否实际展示以文案决策表与浏览器证据为准"
"src/normalized-ui/OwnerFinancePanel.tsx","768","OwnerFinancePanel","jsx-text","费用结束","","完整候选索引；表达式内字面量可能是接口参数，是否实际展示以文案决策表与浏览器证据为准"
"src/normalized-ui/OwnerFinancePanel.tsx","780","OwnerFinancePanel","jsx-text","付款状态","","完整候选索引；表达式内字面量可能是接口参数，是否实际展示以文案决策表与浏览器证据为准"
"src/normalized-ui/OwnerFinancePanel.tsx","787","OwnerFinancePanel","jsx-text","已支付","","完整候选索引；表达式内字面量可能是接口参数，是否实际展示以文案决策表与浏览器证据为准"
"src/normalized-ui/OwnerFinancePanel.tsx","788","OwnerFinancePanel","jsx-text","金额已知、尚未支付","","完整候选索引；表达式内字面量可能是接口参数，是否实际展示以文案决策表与浏览器证据为准"
"src/normalized-ui/OwnerFinancePanel.tsx","793","OwnerFinancePanel","jsx-text","实际付款日期","","完整候选索引；表达式内字面量可能是接口参数，是否实际展示以文案决策表与浏览器证据为准"
"src/normalized-ui/OwnerFinancePanel.tsx","805","OwnerFinancePanel","jsx-text","收款方（选填）","","完整候选索引；表达式内字面量可能是接口参数，是否实际展示以文案决策表与浏览器证据为准"
"src/normalized-ui/OwnerFinancePanel.tsx","815","OwnerFinancePanel","jsx-text","备注（选填）","","完整候选索引；表达式内字面量可能是接口参数，是否实际展示以文案决策表与浏览器证据为准"
"src/normalized-ui/OwnerFinancePanel.tsx","827","OwnerFinancePanel","jsx-text","更正原因","","完整候选索引；表达式内字面量可能是接口参数，是否实际展示以文案决策表与浏览器证据为准"
"src/normalized-ui/OwnerFinancePanel.tsx","828","OwnerFinancePanel","attribute:placeholder","说明为什么更正，便于日后审计","","完整候选索引；表达式内字面量可能是接口参数，是否实际展示以文案决策表与浏览器证据为准"
"src/normalized-ui/OwnerFinancePanel.tsx","841","OwnerFinancePanel","jsx-expression-literal","保存更正","","完整候选索引；表达式内字面量可能是接口参数，是否实际展示以文案决策表与浏览器证据为准"
"src/normalized-ui/OwnerFinancePanel.tsx","841","OwnerFinancePanel","jsx-expression-literal","记录费用","","完整候选索引；表达式内字面量可能是接口参数，是否实际展示以文案决策表与浏览器证据为准"
"src/normalized-ui/OwnerFinancePanel.tsx","850","OwnerFinancePanel","jsx-text","取消更正","","完整候选索引；表达式内字面量可能是接口参数，是否实际展示以文案决策表与浏览器证据为准"
"src/normalized-ui/OwnerFinancePanel.tsx","856","OwnerFinancePanel","jsx-text","记录开始日期","","完整候选索引；表达式内字面量可能是接口参数，是否实际展示以文案决策表与浏览器证据为准"
"src/normalized-ui/OwnerFinancePanel.tsx","857","OwnerFinancePanel","jsx-text","记录结束日期","","完整候选索引；表达式内字面量可能是接口参数，是否实际展示以文案决策表与浏览器证据为准"
"src/normalized-ui/OwnerFinancePanel.tsx","867","OwnerFinancePanel","jsx-expression-literal","recurring","","完整候选索引；表达式内字面量可能是接口参数，是否实际展示以文案决策表与浏览器证据为准"
"src/normalized-ui/OwnerFinancePanel.tsx","871","OwnerFinancePanel","jsx-text","建立周期费用","","完整候选索引；表达式内字面量可能是接口参数，是否实际展示以文案决策表与浏览器证据为准"
"src/normalized-ui/OwnerFinancePanel.tsx","873","OwnerFinancePanel","jsx-text","规则与实际入账分开，防止重复计算；生成动作具有防重复保护。酒水采购需走收货入库，不在这里自动生成。","","完整候选索引；表达式内字面量可能是接口参数，是否实际展示以文案决策表与浏览器证据为准"
"src/normalized-ui/OwnerFinancePanel.tsx","877","OwnerFinancePanel","jsx-text","规则名称","","完整候选索引；表达式内字面量可能是接口参数，是否实际展示以文案决策表与浏览器证据为准"
"src/normalized-ui/OwnerFinancePanel.tsx","878","OwnerFinancePanel","attribute:placeholder","如：每月房租","","完整候选索引；表达式内字面量可能是接口参数，是否实际展示以文案决策表与浏览器证据为准"
"src/normalized-ui/OwnerFinancePanel.tsx","902","OwnerFinancePanel","jsx-text","每期未税金额","","完整候选索引；表达式内字面量可能是接口参数，是否实际展示以文案决策表与浏览器证据为准"
"src/normalized-ui/OwnerFinancePanel.tsx","914","OwnerFinancePanel","jsx-text","税额","","完整候选索引；表达式内字面量可能是接口参数，是否实际展示以文案决策表与浏览器证据为准"
"src/normalized-ui/OwnerFinancePanel.tsx","926","OwnerFinancePanel","jsx-text","周期","","完整候选索引；表达式内字面量可能是接口参数，是否实际展示以文案决策表与浏览器证据为准"
"src/normalized-ui/OwnerFinancePanel.tsx","937","OwnerFinancePanel","jsx-text","首次日期","","完整候选索引；表达式内字面量可能是接口参数，是否实际展示以文案决策表与浏览器证据为准"
"src/normalized-ui/OwnerFinancePanel.tsx","948","OwnerFinancePanel","jsx-text","结束日期（选填）","","完整候选索引；表达式内字面量可能是接口参数，是否实际展示以文案决策表与浏览器证据为准"
"src/normalized-ui/OwnerFinancePanel.tsx","959","OwnerFinancePanel","jsx-text","付款处理","","完整候选索引；表达式内字面量可能是接口参数，是否实际展示以文案决策表与浏览器证据为准"
"src/normalized-ui/OwnerFinancePanel.tsx","969","OwnerFinancePanel","jsx-text","到期先计提，未声明付款","","完整候选索引；表达式内字面量可能是接口参数，是否实际展示以文案决策表与浏览器证据为准"
"src/normalized-ui/OwnerFinancePanel.tsx","970","OwnerFinancePanel","jsx-text","到期视为已支付","","完整候选索引；表达式内字面量可能是接口参数，是否实际展示以文案决策表与浏览器证据为准"
"src/normalized-ui/OwnerFinancePanel.tsx","973","OwnerFinancePanel","jsx-text","保存周期规则","","完整候选索引；表达式内字面量可能是接口参数，是否实际展示以文案决策表与浏览器证据为准"
"src/normalized-ui/OwnerFinancePanel.tsx","976","OwnerFinancePanel","jsx-text","条规则","","完整候选索引；表达式内字面量可能是接口参数，是否实际展示以文案决策表与浏览器证据为准"
"src/normalized-ui/OwnerFinancePanel.tsx","982","OwnerFinancePanel","jsx-text","生成到当前营业日","","完整候选索引；表达式内字面量可能是接口参数，是否实际展示以文案决策表与浏览器证据为准"
"src/normalized-ui/OwnerFinancePanel.tsx","992","OwnerFinancePanel","jsx-expression-literal","payroll","","完整候选索引；表达式内字面量可能是接口参数，是否实际展示以文案决策表与浏览器证据为准"
"src/normalized-ui/OwnerFinancePanel.tsx","996","OwnerFinancePanel","jsx-text","员工薪资标准","","完整候选索引；表达式内字面量可能是接口参数，是否实际展示以文案决策表与浏览器证据为准"
"src/normalized-ui/OwnerFinancePanel.tsx","998","OwnerFinancePanel","jsx-text","按版本保留历史；这里只定义核算标准，不保存银行卡，也不执行转账。","","完整候选索引；表达式内字面量可能是接口参数，是否实际展示以文案决策表与浏览器证据为准"
"src/normalized-ui/OwnerFinancePanel.tsx","1012","OwnerFinancePanel","jsx-text","计薪方式","","完整候选索引；表达式内字面量可能是接口参数，是否实际展示以文案决策表与浏览器证据为准"
"src/normalized-ui/OwnerFinancePanel.tsx","1019","OwnerFinancePanel","jsx-text","月薪","","完整候选索引；表达式内字面量可能是接口参数，是否实际展示以文案决策表与浏览器证据为准"
"src/normalized-ui/OwnerFinancePanel.tsx","1020","OwnerFinancePanel","jsx-text","日薪","","完整候选索引；表达式内字面量可能是接口参数，是否实际展示以文案决策表与浏览器证据为准"
"src/normalized-ui/OwnerFinancePanel.tsx","1021","OwnerFinancePanel","jsx-text","时薪","","完整候选索引；表达式内字面量可能是接口参数，是否实际展示以文案决策表与浏览器证据为准"
"src/normalized-ui/OwnerFinancePanel.tsx","1022","OwnerFinancePanel","jsx-text","班次","","完整候选索引；表达式内字面量可能是接口参数，是否实际展示以文案决策表与浏览器证据为准"
"src/normalized-ui/OwnerFinancePanel.tsx","1026","OwnerFinancePanel","jsx-text","工资标准","","完整候选索引；表达式内字面量可能是接口参数，是否实际展示以文案决策表与浏览器证据为准"
"src/normalized-ui/OwnerFinancePanel.tsx","1038","OwnerFinancePanel","jsx-text","生效日期","","完整候选索引；表达式内字面量可能是接口参数，是否实际展示以文案决策表与浏览器证据为准"
"src/normalized-ui/OwnerFinancePanel.tsx","1049","OwnerFinancePanel","jsx-text","调整原因","","完整候选索引；表达式内字面量可能是接口参数，是否实际展示以文案决策表与浏览器证据为准"
"src/normalized-ui/OwnerFinancePanel.tsx","1060","OwnerFinancePanel","jsx-text","保存薪资标准","","完整候选索引；表达式内字面量可能是接口参数，是否实际展示以文案决策表与浏览器证据为准"
"src/normalized-ui/OwnerFinancePanel.tsx","1064","OwnerFinancePanel","jsx-expression-literal","编辑员工工资明细","","完整候选索引；表达式内字面量可能是接口参数，是否实际展示以文案决策表与浏览器证据为准"
"src/normalized-ui/OwnerFinancePanel.tsx","1064","OwnerFinancePanel","jsx-expression-literal","追加员工到本期草稿","","完整候选索引；表达式内字面量可能是接口参数，是否实际展示以文案决策表与浏览器证据为准"
"src/normalized-ui/OwnerFinancePanel.tsx","1064","OwnerFinancePanel","jsx-expression-literal","建立工资草稿","","完整候选索引；表达式内字面量可能是接口参数，是否实际展示以文案决策表与浏览器证据为准"
"src/normalized-ui/OwnerFinancePanel.tsx","1066","OwnerFinancePanel","jsx-text","基本工资由服务端薪资标准×计薪数量计算；应发=基本工资+加班+奖金+提成+补贴；实发=应发−员工代扣；经营成本=应发+雇主承担。缺勤应减少计薪数量，不要填入员工代扣。","服务端","完整候选索引；表达式内字面量可能是接口参数，是否实际展示以文案决策表与浏览器证据为准"
"src/normalized-ui/OwnerFinancePanel.tsx","1077","OwnerFinancePanel","jsx-text","周期开始","","完整候选索引；表达式内字面量可能是接口参数，是否实际展示以文案决策表与浏览器证据为准"
"src/normalized-ui/OwnerFinancePanel.tsx","1088","OwnerFinancePanel","jsx-text","周期结束","","完整候选索引；表达式内字面量可能是接口参数，是否实际展示以文案决策表与浏览器证据为准"
"src/normalized-ui/OwnerFinancePanel.tsx","1100","OwnerFinancePanel","jsx-text","计薪数量","","完整候选索引；表达式内字面量可能是接口参数，是否实际展示以文案决策表与浏览器证据为准"
"src/normalized-ui/OwnerFinancePanel.tsx","1115","OwnerFinancePanel","jsx-text","规则计算基本工资","","完整候选索引；表达式内字面量可能是接口参数，是否实际展示以文案决策表与浏览器证据为准"
"src/normalized-ui/OwnerFinancePanel.tsx","1126","OwnerFinancePanel","jsx-expression-literal","overtime","","完整候选索引；表达式内字面量可能是接口参数，是否实际展示以文案决策表与浏览器证据为准"
"src/normalized-ui/OwnerFinancePanel.tsx","1127","OwnerFinancePanel","jsx-expression-literal","bonus","","完整候选索引；表达式内字面量可能是接口参数，是否实际展示以文案决策表与浏览器证据为准"
"src/normalized-ui/OwnerFinancePanel.tsx","1128","OwnerFinancePanel","jsx-expression-literal","commission","","完整候选索引；表达式内字面量可能是接口参数，是否实际展示以文案决策表与浏览器证据为准"
"src/normalized-ui/OwnerFinancePanel.tsx","1129","OwnerFinancePanel","jsx-expression-literal","allowance","","完整候选索引；表达式内字面量可能是接口参数，是否实际展示以文案决策表与浏览器证据为准"
"src/normalized-ui/OwnerFinancePanel.tsx","1130","OwnerFinancePanel","jsx-expression-literal","deduction","","完整候选索引；表达式内字面量可能是接口参数，是否实际展示以文案决策表与浏览器证据为准"
"src/normalized-ui/OwnerFinancePanel.tsx","1131","OwnerFinancePanel","jsx-expression-literal","employerContribution","","完整候选索引；表达式内字面量可能是接口参数，是否实际展示以文案决策表与浏览器证据为准"
"src/normalized-ui/OwnerFinancePanel.tsx","1149","OwnerFinancePanel","jsx-text","没有一条薪资标准完整覆盖所选工资周期。请调整周期，或先建立从周期开始到结束均有效的薪资标准。","","完整候选索引；表达式内字面量可能是接口参数，是否实际展示以文案决策表与浏览器证据为准"
"src/normalized-ui/OwnerFinancePanel.tsx","1153","OwnerFinancePanel","jsx-text","核算备注（选填）","","完整候选索引；表达式内字面量可能是接口参数，是否实际展示以文案决策表与浏览器证据为准"
"src/normalized-ui/OwnerFinancePanel.tsx","1166","OwnerFinancePanel","jsx-expression-literal","保存明细修改","","完整候选索引；表达式内字面量可能是接口参数，是否实际展示以文案决策表与浏览器证据为准"
"src/normalized-ui/OwnerFinancePanel.tsx","1166","OwnerFinancePanel","jsx-expression-literal","追加到本期草稿","","完整候选索引；表达式内字面量可能是接口参数，是否实际展示以文案决策表与浏览器证据为准"
"src/normalized-ui/OwnerFinancePanel.tsx","1166","OwnerFinancePanel","jsx-expression-literal","建立工资草稿","","完整候选索引；表达式内字面量可能是接口参数，是否实际展示以文案决策表与浏览器证据为准"
"src/normalized-ui/OwnerFinancePanel.tsx","1168","OwnerFinancePanel","jsx-text","取消编辑","","完整候选索引；表达式内字面量可能是接口参数，是否实际展示以文案决策表与浏览器证据为准"
"src/normalized-ui/OwnerFinancePanel.tsx","1171","OwnerFinancePanel","jsx-text","查看工资周期","","完整候选索引；表达式内字面量可能是接口参数，是否实际展示以文案决策表与浏览器证据为准"
"src/normalized-ui/OwnerFinancePanel.tsx","1174","OwnerFinancePanel","jsx-text","当前录入周期","","完整候选索引；表达式内字面量可能是接口参数，是否实际展示以文案决策表与浏览器证据为准"
"src/normalized-ui/OwnerFinancePanel.tsx","1175","OwnerFinancePanel","jsx-text","本期逐人明细","","完整候选索引；表达式内字面量可能是接口参数，是否实际展示以文案决策表与浏览器证据为准"
"src/normalized-ui/OwnerFinancePanel.tsx","1177","OwnerFinancePanel","jsx-text","基本 ¥","","完整候选索引；表达式内字面量可能是接口参数，是否实际展示以文案决策表与浏览器证据为准"
"src/normalized-ui/OwnerFinancePanel.tsx","1177","OwnerFinancePanel","jsx-text","· 加班 ¥","","完整候选索引；表达式内字面量可能是接口参数，是否实际展示以文案决策表与浏览器证据为准"
"src/normalized-ui/OwnerFinancePanel.tsx","1177","OwnerFinancePanel","jsx-text","· 奖金 ¥","","完整候选索引；表达式内字面量可能是接口参数，是否实际展示以文案决策表与浏览器证据为准"
"src/normalized-ui/OwnerFinancePanel.tsx","1177","OwnerFinancePanel","jsx-text","· 提成 ¥","","完整候选索引；表达式内字面量可能是接口参数，是否实际展示以文案决策表与浏览器证据为准"
"src/normalized-ui/OwnerFinancePanel.tsx","1177","OwnerFinancePanel","jsx-text","· 补贴 ¥","","完整候选索引；表达式内字面量可能是接口参数，是否实际展示以文案决策表与浏览器证据为准"
"src/normalized-ui/OwnerFinancePanel.tsx","1177","OwnerFinancePanel","jsx-text","· 代扣 ¥","","完整候选索引；表达式内字面量可能是接口参数，是否实际展示以文案决策表与浏览器证据为准"
"src/normalized-ui/OwnerFinancePanel.tsx","1177","OwnerFinancePanel","jsx-text","· 雇主承担 ¥","","完整候选索引；表达式内字面量可能是接口参数，是否实际展示以文案决策表与浏览器证据为准"
"src/normalized-ui/OwnerFinancePanel.tsx","1178","OwnerFinancePanel","jsx-text","编辑","","完整候选索引；表达式内字面量可能是接口参数，是否实际展示以文案决策表与浏览器证据为准"
"src/normalized-ui/OwnerFinancePanel.tsx","1178","OwnerFinancePanel","jsx-text","移除","","完整候选索引；表达式内字面量可能是接口参数，是否实际展示以文案决策表与浏览器证据为准"
"src/normalized-ui/OwnerFinancePanel.tsx","1192","OwnerFinancePanel","jsx-expression-literal","settings","","完整候选索引；表达式内字面量可能是接口参数，是否实际展示以文案决策表与浏览器证据为准"
"src/normalized-ui/OwnerFinancePanel.tsx","1195","OwnerFinancePanel","jsx-text","自定义费用项目","","完整候选索引；表达式内字面量可能是接口参数，是否实际展示以文案决策表与浏览器证据为准"
"src/normalized-ui/OwnerFinancePanel.tsx","1196","OwnerFinancePanel","jsx-text","自定义名称仍映射到固定会计分类，保证报表可比较。","","完整候选索引；表达式内字面量可能是接口参数，是否实际展示以文案决策表与浏览器证据为准"
"src/normalized-ui/OwnerFinancePanel.tsx","1199","OwnerFinancePanel","jsx-text","项目类型","","完整候选索引；表达式内字面量可能是接口参数，是否实际展示以文案决策表与浏览器证据为准"
"src/normalized-ui/OwnerFinancePanel.tsx","1209","OwnerFinancePanel","jsx-text","费用分类","","完整候选索引；表达式内字面量可能是接口参数，是否实际展示以文案决策表与浏览器证据为准"
"src/normalized-ui/OwnerFinancePanel.tsx","1210","OwnerFinancePanel","jsx-text","成本中心","","完整候选索引；表达式内字面量可能是接口参数，是否实际展示以文案决策表与浏览器证据为准"
"src/normalized-ui/OwnerFinancePanel.tsx","1214","OwnerFinancePanel","jsx-text","显示名称","","完整候选索引；表达式内字面量可能是接口参数，是否实际展示以文案决策表与浏览器证据为准"
"src/normalized-ui/OwnerFinancePanel.tsx","1224","OwnerFinancePanel","jsx-expression-literal","category","","完整候选索引；表达式内字面量可能是接口参数，是否实际展示以文案决策表与浏览器证据为准"
"src/normalized-ui/OwnerFinancePanel.tsx","1226","OwnerFinancePanel","jsx-text","会计归类","","完整候选索引；表达式内字面量可能是接口参数，是否实际展示以文案决策表与浏览器证据为准"
"src/normalized-ui/OwnerFinancePanel.tsx","1237","OwnerFinancePanel","jsx-text","添加项目","","完整候选索引；表达式内字面量可能是接口参数，是否实际展示以文案决策表与浏览器证据为准"
"src/normalized-ui/OwnerFinancePanel.tsx","1255","SelectCategory","jsx-text","费用分类","","完整候选索引；表达式内字面量可能是接口参数，是否实际展示以文案决策表与浏览器证据为准"
"src/normalized-ui/OwnerFinancePanel.tsx","1261","SelectCategory","jsx-text","请选择","","完整候选索引；表达式内字面量可能是接口参数，是否实际展示以文案决策表与浏览器证据为准"
"src/normalized-ui/OwnerFinancePanel.tsx","1294","SelectCenter","jsx-text","成本中心","","完整候选索引；表达式内字面量可能是接口参数，是否实际展示以文案决策表与浏览器证据为准"
"src/normalized-ui/OwnerFinancePanel.tsx","1300","SelectCenter","jsx-text","请选择","","完整候选索引；表达式内字面量可能是接口参数，是否实际展示以文案决策表与浏览器证据为准"
"src/normalized-ui/OwnerFinancePanel.tsx","1321","SelectEmployee","jsx-text","员工","","完整候选索引；表达式内字面量可能是接口参数，是否实际展示以文案决策表与浏览器证据为准"
"src/normalized-ui/OwnerFinancePanel.tsx","1327","SelectEmployee","jsx-text","请选择","","完整候选索引；表达式内字面量可能是接口参数，是否实际展示以文案决策表与浏览器证据为准"
"src/normalized-ui/OwnerFinancePanel.tsx","1331","SelectEmployee","jsx-expression-literal","active","","完整候选索引；表达式内字面量可能是接口参数，是否实际展示以文案决策表与浏览器证据为准"
"src/normalized-ui/OwnerFinancePanel.tsx","1331","SelectEmployee","jsx-expression-literal","· 账号已暂停","","完整候选索引；表达式内字面量可能是接口参数，是否实际展示以文案决策表与浏览器证据为准"
"src/normalized-ui/OwnerFinancePanel.tsx","1357","Records","jsx-text","所选期间费用记录","","完整候选索引；表达式内字面量可能是接口参数，是否实际展示以文案决策表与浏览器证据为准"
"src/normalized-ui/OwnerFinancePanel.tsx","1360","Records","jsx-text","搜索费用","","完整候选索引；表达式内字面量可能是接口参数，是否实际展示以文案决策表与浏览器证据为准"
"src/normalized-ui/OwnerFinancePanel.tsx","1360","Records","attribute:placeholder","项目、单号、往来方、备注或金额","","完整候选索引；表达式内字面量可能是接口参数，是否实际展示以文案决策表与浏览器证据为准"
"src/normalized-ui/OwnerFinancePanel.tsx","1362","Records","jsx-expression-literal","所选期间没有匹配的费用，请调整关键词或日期。","","完整候选索引；表达式内字面量可能是接口参数，是否实际展示以文案决策表与浏览器证据为准"
"src/normalized-ui/OwnerFinancePanel.tsx","1362","Records","jsx-expression-literal","所选期间尚未录入费用。","","完整候选索引；表达式内字面量可能是接口参数，是否实际展示以文案决策表与浏览器证据为准"
"src/normalized-ui/OwnerFinancePanel.tsx","1369","Records","jsx-expression-literal","未分成本中心","","完整候选索引；表达式内字面量可能是接口参数，是否实际展示以文案决策表与浏览器证据为准"
"src/normalized-ui/OwnerFinancePanel.tsx","1374","Records","jsx-expression-literal","已支付","","完整候选索引；表达式内字面量可能是接口参数，是否实际展示以文案决策表与浏览器证据为准"
"src/normalized-ui/OwnerFinancePanel.tsx","1374","Records","jsx-expression-literal","未标记付款","","完整候选索引；表达式内字面量可能是接口参数，是否实际展示以文案决策表与浏览器证据为准"
"src/normalized-ui/OwnerFinancePanel.tsx","1379","Records","jsx-expression-literal","payroll","","完整候选索引；表达式内字面量可能是接口参数，是否实际展示以文案决策表与浏览器证据为准"
"src/normalized-ui/OwnerFinancePanel.tsx","1380","Records","jsx-expression-literal","inventory_purchase","","完整候选索引；表达式内字面量可能是接口参数，是否实际展示以文案决策表与浏览器证据为准"
"src/normalized-ui/OwnerFinancePanel.tsx","1387","Records","jsx-text","更正","","完整候选索引；表达式内字面量可能是接口参数，是否实际展示以文案决策表与浏览器证据为准"
"src/normalized-ui/OwnerFinancePanel.tsx","1394","Records","jsx-text","上一页","","完整候选索引；表达式内字面量可能是接口参数，是否实际展示以文案决策表与浏览器证据为准"
"src/normalized-ui/OwnerFinancePanel.tsx","1394","Records","jsx-text","下一页","","完整候选索引；表达式内字面量可能是接口参数，是否实际展示以文案决策表与浏览器证据为准"
"src/normalized-ui/OwnerFinancePanel.tsx","1413","RecurringList","jsx-text","尚无周期费用规则。","","完整候选索引；表达式内字面量可能是接口参数，是否实际展示以文案决策表与浏览器证据为准"
"src/normalized-ui/OwnerFinancePanel.tsx","1421","RecurringList","jsx-text","起 ·","","完整候选索引；表达式内字面量可能是接口参数，是否实际展示以文案决策表与浏览器证据为准"
"src/normalized-ui/OwnerFinancePanel.tsx","1426","RecurringList","jsx-text","/期","","完整候选索引；表达式内字面量可能是接口参数，是否实际展示以文案决策表与浏览器证据为准"
"src/normalized-ui/OwnerFinancePanel.tsx","1427","RecurringList","jsx-expression-literal","active","","完整候选索引；表达式内字面量可能是接口参数，是否实际展示以文案决策表与浏览器证据为准"
"src/normalized-ui/OwnerFinancePanel.tsx","1444","RecurringList","jsx-expression-literal","paused","","完整候选索引；表达式内字面量可能是接口参数，是否实际展示以文案决策表与浏览器证据为准"
"src/normalized-ui/OwnerFinancePanel.tsx","1434","RecurringList","jsx-text","暂停","","完整候选索引；表达式内字面量可能是接口参数，是否实际展示以文案决策表与浏览器证据为准"
"src/normalized-ui/OwnerFinancePanel.tsx","1441","RecurringList","jsx-text","结束","","完整候选索引；表达式内字面量可能是接口参数，是否实际展示以文案决策表与浏览器证据为准"
"src/normalized-ui/OwnerFinancePanel.tsx","1451","RecurringList","jsx-text","恢复","","完整候选索引；表达式内字面量可能是接口参数，是否实际展示以文案决策表与浏览器证据为准"
"src/normalized-ui/OwnerFinancePanel.tsx","1459","RecurringList","jsx-text","结束","","完整候选索引；表达式内字面量可能是接口参数，是否实际展示以文案决策表与浏览器证据为准"
"src/normalized-ui/OwnerFinancePanel.tsx","1490","PayrollList","jsx-text","工资核算记录","","完整候选索引；表达式内字面量可能是接口参数，是否实际展示以文案决策表与浏览器证据为准"
"src/normalized-ui/OwnerFinancePanel.tsx","1500","PayrollList","jsx-text","人 · 应发 ¥","","完整候选索引；表达式内字面量可能是接口参数，是否实际展示以文案决策表与浏览器证据为准"
"src/normalized-ui/OwnerFinancePanel.tsx","1500","PayrollList","jsx-text","· 实发 ¥","","完整候选索引；表达式内字面量可能是接口参数，是否实际展示以文案决策表与浏览器证据为准"
"src/normalized-ui/OwnerFinancePanel.tsx","1501","PayrollList","jsx-text","· 经营成本 ¥","","完整候选索引；表达式内字面量可能是接口参数，是否实际展示以文案决策表与浏览器证据为准"
"src/normalized-ui/OwnerFinancePanel.tsx","1507","PayrollList","jsx-expression-literal","draft","","完整候选索引；表达式内字面量可能是接口参数，是否实际展示以文案决策表与浏览器证据为准"
"src/normalized-ui/OwnerFinancePanel.tsx","1513","PayrollList","jsx-text","确认","","完整候选索引；表达式内字面量可能是接口参数，是否实际展示以文案决策表与浏览器证据为准"
"src/normalized-ui/OwnerFinancePanel.tsx","1516","PayrollList","jsx-expression-literal","approved","","完整候选索引；表达式内字面量可能是接口参数，是否实际展示以文案决策表与浏览器证据为准"
"src/normalized-ui/OwnerFinancePanel.tsx","1522","PayrollList","jsx-text","入账","","完整候选索引；表达式内字面量可能是接口参数，是否实际展示以文案决策表与浏览器证据为准"
"src/normalized-ui/OwnerFinancePanel.tsx","1525","PayrollList","jsx-expression-literal","draft","","完整候选索引；表达式内字面量可能是接口参数，是否实际展示以文案决策表与浏览器证据为准"
"src/normalized-ui/OwnerFinancePanel.tsx","1525","PayrollList","jsx-expression-literal","approved","","完整候选索引；表达式内字面量可能是接口参数，是否实际展示以文案决策表与浏览器证据为准"
"src/normalized-ui/OwnerFinancePanel.tsx","1532","PayrollList","jsx-text","作废","","完整候选索引；表达式内字面量可能是接口参数，是否实际展示以文案决策表与浏览器证据为准"
"src/normalized-ui/OwnerFinancePanel.tsx","1590","periodOptions","jsx-text","每天","","完整候选索引；表达式内字面量可能是接口参数，是否实际展示以文案决策表与浏览器证据为准"
"src/normalized-ui/OwnerFinancePanel.tsx","1591","periodOptions","jsx-text","每周","","完整候选索引；表达式内字面量可能是接口参数，是否实际展示以文案决策表与浏览器证据为准"
"src/normalized-ui/OwnerFinancePanel.tsx","1592","periodOptions","jsx-text","每月","","完整候选索引；表达式内字面量可能是接口参数，是否实际展示以文案决策表与浏览器证据为准"
"src/normalized-ui/OwnerFinancePanel.tsx","1593","periodOptions","jsx-text","每季度","","完整候选索引；表达式内字面量可能是接口参数，是否实际展示以文案决策表与浏览器证据为准"
"src/normalized-ui/OwnerFinancePanel.tsx","1594","periodOptions","jsx-text","每年","","完整候选索引；表达式内字面量可能是接口参数，是否实际展示以文案决策表与浏览器证据为准"
"src/normalized-ui/OwnerFinancePanel.tsx","1653","categoryOptions","jsx-text","其他费用","","完整候选索引；表达式内字面量可能是接口参数，是否实际展示以文案决策表与浏览器证据为准"
"src/normalized-ui/OwnerFinancePanel.tsx","1654","categoryOptions","jsx-text","房租","","完整候选索引；表达式内字面量可能是接口参数，是否实际展示以文案决策表与浏览器证据为准"
"src/normalized-ui/OwnerFinancePanel.tsx","1655","categoryOptions","jsx-text","乐队","","完整候选索引；表达式内字面量可能是接口参数，是否实际展示以文案决策表与浏览器证据为准"
"src/normalized-ui/OwnerFinancePanel.tsx","1656","categoryOptions","jsx-text","演出","","完整候选索引；表达式内字面量可能是接口参数，是否实际展示以文案决策表与浏览器证据为准"
"src/normalized-ui/OwnerFinancePanel.tsx","1657","categoryOptions","jsx-text","水电物业","","完整候选索引；表达式内字面量可能是接口参数，是否实际展示以文案决策表与浏览器证据为准"
"src/normalized-ui/payment-policy-presentation.ts","14","paymentPolicyPresentation","display-definition","已开放","","完整候选索引；表达式内字面量可能是接口参数，是否实际展示以文案决策表与浏览器证据为准"
"src/normalized-ui/payment-policy-presentation.ts","15","paymentPolicyPresentation","display-definition","线上支付已开放","","完整候选索引；表达式内字面量可能是接口参数，是否实际展示以文案决策表与浏览器证据为准"
"src/normalized-ui/payment-policy-presentation.ts","19","paymentPolicyPresentation","display-definition","策略开放 · 渠道不可用","","完整候选索引；表达式内字面量可能是接口参数，是否实际展示以文案决策表与浏览器证据为准"
"src/normalized-ui/payment-policy-presentation.ts","20","paymentPolicyPresentation","display-definition","线上支付当前不可用","","完整候选索引；表达式内字面量可能是接口参数，是否实际展示以文案决策表与浏览器证据为准"
"src/normalized-ui/payment-policy-presentation.ts","24","paymentPolicyPresentation","display-definition","已关闭","","完整候选索引；表达式内字面量可能是接口参数，是否实际展示以文案决策表与浏览器证据为准"
"src/normalized-ui/payment-policy-presentation.ts","25","paymentPolicyPresentation","display-definition","线上支付已关闭","","完整候选索引；表达式内字面量可能是接口参数，是否实际展示以文案决策表与浏览器证据为准"
"src/normalized-ui/PaymentFinanceReviewPanel.tsx","21","save","feedback","请填写至少3字的核对结果或后续安排","","完整候选索引；表达式内字面量可能是接口参数，是否实际展示以文案决策表与浏览器证据为准"
"src/normalized-ui/PaymentFinanceReviewPanel.tsx","31","PaymentFinanceReviewPanel","jsx-text","财务核对","","完整候选索引；表达式内字面量可能是接口参数，是否实际展示以文案决策表与浏览器证据为准"
"src/normalized-ui/PaymentFinanceReviewPanel.tsx","31","PaymentFinanceReviewPanel","jsx-template-text","笔到账异常待处理","","完整候选索引；表达式内字面量可能是接口参数，是否实际展示以文案决策表与浏览器证据为准"
"src/normalized-ui/PaymentFinanceReviewPanel.tsx","31","PaymentFinanceReviewPanel","jsx-expression-literal","· 原支付与核对进展","","完整候选索引；表达式内字面量可能是接口参数，是否实际展示以文案决策表与浏览器证据为准"
"src/normalized-ui/PaymentFinanceReviewPanel.tsx","31","PaymentFinanceReviewPanel","jsx-text","这里保留原付款事实；未知结果不阻止正常收款。原款晚到引起多收时，仍需在退款待办处理。","事实","完整候选索引；表达式内字面量可能是接口参数，是否实际展示以文案决策表与浏览器证据为准"
"src/normalized-ui/PaymentFinanceReviewPanel.tsx","32","PaymentFinanceReviewPanel","jsx-expression-literal","活动或历史付款","","完整候选索引；表达式内字面量可能是接口参数，是否实际展示以文案决策表与浏览器证据为准"
"src/normalized-ui/PaymentFinanceReviewPanel.tsx","32","PaymentFinanceReviewPanel","jsx-text","· ¥","","完整候选索引；表达式内字面量可能是接口参数，是否实际展示以文案决策表与浏览器证据为准"
"src/normalized-ui/PaymentFinanceReviewPanel.tsx","32","PaymentFinanceReviewPanel","jsx-expression-literal","confirmed_payment_not_applied","","完整候选索引；表达式内字面量可能是接口参数，是否实际展示以文案决策表与浏览器证据为准"
"src/normalized-ui/PaymentFinanceReviewPanel.tsx","32","PaymentFinanceReviewPanel","jsx-expression-literal","渠道已确认付款，本地尚未入账。请勿向客人重复收款；后台正在恢复，财务需核对原付款。","","完整候选索引；表达式内字面量可能是接口参数，是否实际展示以文案决策表与浏览器证据为准"
"src/normalized-ui/PaymentFinanceReviewPanel.tsx","32","PaymentFinanceReviewPanel","jsx-expression-literal","order_overcollected","","完整候选索引；表达式内字面量可能是接口参数，是否实际展示以文案决策表与浏览器证据为准"
"src/normalized-ui/PaymentFinanceReviewPanel.tsx","32","PaymentFinanceReviewPanel","jsx-expression-literal","已确认多收，请到收银原订单办理退款","","完整候选索引；表达式内字面量可能是接口参数，是否实际展示以文案决策表与浏览器证据为准"
"src/normalized-ui/PaymentFinanceReviewPanel.tsx","32","PaymentFinanceReviewPanel","jsx-expression-literal","cancelled_order_captured","","完整候选索引；表达式内字面量可能是接口参数，是否实际展示以文案决策表与浏览器证据为准"
"src/normalized-ui/PaymentFinanceReviewPanel.tsx","32","PaymentFinanceReviewPanel","jsx-expression-literal","订单取消后仍有到账，请到收银原订单办理退款","","完整候选索引；表达式内字面量可能是接口参数，是否实际展示以文案决策表与浏览器证据为准"
"src/normalized-ui/PaymentFinanceReviewPanel.tsx","32","PaymentFinanceReviewPanel","jsx-expression-literal","已到账但缺少入账流水，请核对","","完整候选索引；表达式内字面量可能是接口参数，是否实际展示以文案决策表与浏览器证据为准"
"src/normalized-ui/PaymentFinanceReviewPanel.tsx","32","PaymentFinanceReviewPanel","jsx-text","；负责人：","","完整候选索引；表达式内字面量可能是接口参数，是否实际展示以文案决策表与浏览器证据为准"
"src/normalized-ui/PaymentFinanceReviewPanel.tsx","32","PaymentFinanceReviewPanel","jsx-expression-literal","待财务人员接手","","完整候选索引；表达式内字面量可能是接口参数，是否实际展示以文案决策表与浏览器证据为准"
"src/normalized-ui/PaymentFinanceReviewPanel.tsx","32","PaymentFinanceReviewPanel","jsx-text","；已查询","","完整候选索引；表达式内字面量可能是接口参数，是否实际展示以文案决策表与浏览器证据为准"
"src/normalized-ui/PaymentFinanceReviewPanel.tsx","32","PaymentFinanceReviewPanel","jsx-text","查询停止原因：","","完整候选索引；表达式内字面量可能是接口参数，是否实际展示以文案决策表与浏览器证据为准"
"src/normalized-ui/PaymentFinanceReviewPanel.tsx","32","PaymentFinanceReviewPanel","jsx-expression-literal","已确认到账","","完整候选索引；表达式内字面量可能是接口参数，是否实际展示以文案决策表与浏览器证据为准"
"src/normalized-ui/PaymentFinanceReviewPanel.tsx","32","PaymentFinanceReviewPanel","jsx-expression-literal","渠道已返回最终结果","","完整候选索引；表达式内字面量可能是接口参数，是否实际展示以文案决策表与浏览器证据为准"
"src/normalized-ui/PaymentFinanceReviewPanel.tsx","32","PaymentFinanceReviewPanel","jsx-expression-literal","已超过渠道自动查单时限，需财务核对渠道凭证","","完整候选索引；表达式内字面量可能是接口参数，是否实际展示以文案决策表与浏览器证据为准"
"src/normalized-ui/PaymentFinanceReviewPanel.tsx","32","PaymentFinanceReviewPanel","jsx-expression-literal","持续未取得最终结果，已转财务人工核对","","完整候选索引；表达式内字面量可能是接口参数，是否实际展示以文案决策表与浏览器证据为准"
"src/normalized-ui/PaymentFinanceReviewPanel.tsx","32","PaymentFinanceReviewPanel","jsx-template-text","历史原因代码","","完整候选索引；表达式内字面量可能是接口参数，是否实际展示以文案决策表与浏览器证据为准"
"src/normalized-ui/PaymentFinanceReviewPanel.tsx","32","PaymentFinanceReviewPanel","jsx-template-text","，请按付款编号核对","","完整候选索引；表达式内字面量可能是接口参数，是否实际展示以文案决策表与浏览器证据为准"
"src/normalized-ui/PaymentFinanceReviewPanel.tsx","33","PaymentFinanceReviewPanel","jsx-expression-literal","created","","完整候选索引；表达式内字面量可能是接口参数，是否实际展示以文案决策表与浏览器证据为准"
"src/normalized-ui/PaymentFinanceReviewPanel.tsx","33","PaymentFinanceReviewPanel","jsx-expression-literal","pending","","完整候选索引；表达式内字面量可能是接口参数，是否实际展示以文案决策表与浏览器证据为准"
"src/normalized-ui/PaymentFinanceReviewPanel.tsx","33","PaymentFinanceReviewPanel","jsx-expression-literal","confirmed_payment_not_applied","","完整候选索引；表达式内字面量可能是接口参数，是否实际展示以文案决策表与浏览器证据为准"
"src/normalized-ui/PaymentFinanceReviewPanel.tsx","33","PaymentFinanceReviewPanel","jsx-text","核对进展","","完整候选索引；表达式内字面量可能是接口参数，是否实际展示以文案决策表与浏览器证据为准"
"src/normalized-ui/PaymentFinanceReviewPanel.tsx","33","PaymentFinanceReviewPanel","attribute:placeholder","记录渠道凭据、当前核对结果及后续安排","","完整候选索引；表达式内字面量可能是接口参数，是否实际展示以文案决策表与浏览器证据为准"
"src/normalized-ui/PaymentFinanceReviewPanel.tsx","33","PaymentFinanceReviewPanel","jsx-text","本人接手并保存进展","","完整候选索引；表达式内字面量可能是接口参数，是否实际展示以文案决策表与浏览器证据为准"
"src/normalized-ui/PaymentFinanceReviewPanel.tsx","33","PaymentFinanceReviewPanel","jsx-expression-literal","created","","完整候选索引；表达式内字面量可能是接口参数，是否实际展示以文案决策表与浏览器证据为准"
"src/normalized-ui/PaymentFinanceReviewPanel.tsx","33","PaymentFinanceReviewPanel","jsx-expression-literal","pending","","完整候选索引；表达式内字面量可能是接口参数，是否实际展示以文案决策表与浏览器证据为准"
"src/normalized-ui/PaymentFinanceReviewPanel.tsx","33","PaymentFinanceReviewPanel","jsx-expression-literal","confirmed_payment_not_applied","","完整候选索引；表达式内字面量可能是接口参数，是否实际展示以文案决策表与浏览器证据为准"
"src/normalized-ui/PaymentFinanceReviewPanel.tsx","33","PaymentFinanceReviewPanel","jsx-text","核对完成，结案","","完整候选索引；表达式内字面量可能是接口参数，是否实际展示以文案决策表与浏览器证据为准"
"src/normalized-ui/PaymentFinanceReviewPanel.tsx","33","PaymentFinanceReviewPanel","jsx-expression-literal","尚未记录核对进展；需财务管理权限的人员处理。","","完整候选索引；表达式内字面量可能是接口参数，是否实际展示以文案决策表与浏览器证据为准"
"src/normalized-ui/PaymentFinanceReviewPanel.tsx","34","PaymentFinanceReviewPanel","jsx-text","当前没有待核对记录。","","完整候选索引；表达式内字面量可能是接口参数，是否实际展示以文案决策表与浏览器证据为准"
"src/normalized-ui/PaymentFinanceReviewPanel.tsx","34","PaymentFinanceReviewPanel","jsx-text","上一页","","完整候选索引；表达式内字面量可能是接口参数，是否实际展示以文案决策表与浏览器证据为准"
"src/normalized-ui/PaymentFinanceReviewPanel.tsx","34","PaymentFinanceReviewPanel","jsx-text","下一页","","完整候选索引；表达式内字面量可能是接口参数，是否实际展示以文案决策表与浏览器证据为准"
"src/normalized-ui/PaymentFinanceReviewPanel.tsx","34","PaymentFinanceReviewPanel","jsx-text","刷新核对状态","","完整候选索引；表达式内字面量可能是接口参数，是否实际展示以文案决策表与浏览器证据为准"
"src/normalized-ui/PerformanceRevisionPanel.tsx","50","submit","feedback","请填写可复核的调整原因","","完整候选索引；表达式内字面量可能是接口参数，是否实际展示以文案决策表与浏览器证据为准"
"src/normalized-ui/PerformanceRevisionPanel.tsx","57","submit","feedback","改期必须填写有效的新开始和结束时间","","完整候选索引；表达式内字面量可能是接口参数，是否实际展示以文案决策表与浏览器证据为准"
"src/normalized-ui/PerformanceRevisionPanel.tsx","62","submit","feedback","换场必须选择另一场已排期演出","","完整候选索引；表达式内字面量可能是接口参数，是否实际展示以文案决策表与浏览器证据为准"
"src/normalized-ui/PerformanceRevisionPanel.tsx","122","PerformanceRevisionPanel","jsx-text","演出调整与预约影响","","完整候选索引；表达式内字面量可能是接口参数，是否实际展示以文案决策表与浏览器证据为准"
"src/normalized-ui/PerformanceRevisionPanel.tsx","122","PerformanceRevisionPanel","jsx-text","演出偏好不是座位或场次保证；调整不会自动取消顾客预约。","","完整候选索引；表达式内字面量可能是接口参数，是否实际展示以文案决策表与浏览器证据为准"
"src/normalized-ui/PerformanceRevisionPanel.tsx","124","PerformanceRevisionPanel","jsx-expression-literal","收起","","完整候选索引；表达式内字面量可能是接口参数，是否实际展示以文案决策表与浏览器证据为准"
"src/normalized-ui/PerformanceRevisionPanel.tsx","124","PerformanceRevisionPanel","jsx-expression-literal","取消、改期或换场","","完整候选索引；表达式内字面量可能是接口参数，是否实际展示以文案决策表与浏览器证据为准"
"src/normalized-ui/PerformanceRevisionPanel.tsx","129","PerformanceRevisionPanel","jsx-text","本次受影响预约","","完整候选索引；表达式内字面量可能是接口参数，是否实际展示以文案决策表与浏览器证据为准"
"src/normalized-ui/PerformanceRevisionPanel.tsx","132","PerformanceRevisionPanel","jsx-expression-literal","等待顾客确认","","完整候选索引；表达式内字面量可能是接口参数，是否实际展示以文案决策表与浏览器证据为准"
"src/normalized-ui/PerformanceRevisionPanel.tsx","136","PerformanceRevisionPanel","jsx-text","原演出","","完整候选索引；表达式内字面量可能是接口参数，是否实际展示以文案决策表与浏览器证据为准"
"src/normalized-ui/PerformanceRevisionPanel.tsx","141","PerformanceRevisionPanel","jsx-text","调整方式","","完整候选索引；表达式内字面量可能是接口参数，是否实际展示以文案决策表与浏览器证据为准"
"src/normalized-ui/PerformanceRevisionPanel.tsx","142","PerformanceRevisionPanel","jsx-text","改期","","完整候选索引；表达式内字面量可能是接口参数，是否实际展示以文案决策表与浏览器证据为准"
"src/normalized-ui/PerformanceRevisionPanel.tsx","142","PerformanceRevisionPanel","jsx-text","换到另一场","","完整候选索引；表达式内字面量可能是接口参数，是否实际展示以文案决策表与浏览器证据为准"
"src/normalized-ui/PerformanceRevisionPanel.tsx","142","PerformanceRevisionPanel","jsx-text","取消本场","","完整候选索引；表达式内字面量可能是接口参数，是否实际展示以文案决策表与浏览器证据为准"
"src/normalized-ui/PerformanceRevisionPanel.tsx","144","PerformanceRevisionPanel","jsx-expression-literal","rescheduled","","完整候选索引；表达式内字面量可能是接口参数，是否实际展示以文案决策表与浏览器证据为准"
"src/normalized-ui/PerformanceRevisionPanel.tsx","145","PerformanceRevisionPanel","jsx-text","新的开始时间","","完整候选索引；表达式内字面量可能是接口参数，是否实际展示以文案决策表与浏览器证据为准"
"src/normalized-ui/PerformanceRevisionPanel.tsx","146","PerformanceRevisionPanel","jsx-text","新的结束时间","","完整候选索引；表达式内字面量可能是接口参数，是否实际展示以文案决策表与浏览器证据为准"
"src/normalized-ui/PerformanceRevisionPanel.tsx","148","PerformanceRevisionPanel","jsx-expression-literal","replaced","","完整候选索引；表达式内字面量可能是接口参数，是否实际展示以文案决策表与浏览器证据为准"
"src/normalized-ui/PerformanceRevisionPanel.tsx","148","PerformanceRevisionPanel","jsx-text","替代演出","","完整候选索引；表达式内字面量可能是接口参数，是否实际展示以文案决策表与浏览器证据为准"
"src/normalized-ui/PerformanceRevisionPanel.tsx","149","PerformanceRevisionPanel","jsx-text","请选择","","完整候选索引；表达式内字面量可能是接口参数，是否实际展示以文案决策表与浏览器证据为准"
"src/normalized-ui/PerformanceRevisionPanel.tsx","153","PerformanceRevisionPanel","jsx-text","调整原因","","完整候选索引；表达式内字面量可能是接口参数，是否实际展示以文案决策表与浏览器证据为准"
"src/normalized-ui/PerformanceRevisionPanel.tsx","153","PerformanceRevisionPanel","attribute:placeholder","顾客可看到该原因，请写清楚，不要填写手机号等隐私信息","","完整候选索引；表达式内字面量可能是接口参数，是否实际展示以文案决策表与浏览器证据为准"
"src/normalized-ui/PerformanceRevisionPanel.tsx","155","PerformanceRevisionPanel","jsx-text","提交后","","完整候选索引；表达式内字面量可能是接口参数，是否实际展示以文案决策表与浏览器证据为准"
"src/normalized-ui/PerformanceRevisionPanel.tsx","155","PerformanceRevisionPanel","jsx-text","系统会生成不可覆盖的修订和受影响预约清单；顾客可保留预约、接受调整、另选演出或清空演出偏好。","","完整候选索引；表达式内字面量可能是接口参数，是否实际展示以文案决策表与浏览器证据为准"
"src/normalized-ui/PerformanceRevisionPanel.tsx","157","PerformanceRevisionPanel","jsx-expression-literal","保存中","","完整候选索引；表达式内字面量可能是接口参数，是否实际展示以文案决策表与浏览器证据为准"
"src/normalized-ui/PerformanceRevisionPanel.tsx","157","PerformanceRevisionPanel","jsx-expression-literal","确认调整并通知受影响预约","","完整候选索引；表达式内字面量可能是接口参数，是否实际展示以文案决策表与浏览器证据为准"
"src/normalized-ui/PersonalContactGovernancePanel.tsx","55","draft","feedback","保留策略草稿已建立，须由另一人审批、第三人发布。","","完整候选索引；表达式内字面量可能是接口参数，是否实际展示以文案决策表与浏览器证据为准"
"src/normalized-ui/PersonalContactGovernancePanel.tsx","83","createHold","feedback","已建立法定保留；仅阻止旧版本清除，不影响顾客更正新联系方式。","","完整候选索引；表达式内字面量可能是接口参数，是否实际展示以文案决策表与浏览器证据为准"
"src/normalized-ui/PersonalContactGovernancePanel.tsx","89","release","display-definition","释放法定保留","","完整候选索引；表达式内字面量可能是接口参数，是否实际展示以文案决策表与浏览器证据为准"
"src/normalized-ui/PersonalContactGovernancePanel.tsx","90","release","display-definition","请记录释放依据或说明；该记录会进入审计。","","完整候选索引；表达式内字面量可能是接口参数，是否实际展示以文案决策表与浏览器证据为准"
"src/normalized-ui/PersonalContactGovernancePanel.tsx","91","release","display-definition","释放依据","","完整候选索引；表达式内字面量可能是接口参数，是否实际展示以文案决策表与浏览器证据为准"
"src/normalized-ui/PersonalContactGovernancePanel.tsx","98","release","feedback","法定保留已释放；符合已发布期限的旧版本将由清除任务处理。","","完整候选索引；表达式内字面量可能是接口参数，是否实际展示以文案决策表与浏览器证据为准"
"src/normalized-ui/PersonalContactGovernancePanel.tsx","102","PersonalContactGovernancePanel","attribute:aria-label","联系方式保留与清理","","完整候选索引；表达式内字面量可能是接口参数，是否实际展示以文案决策表与浏览器证据为准"
"src/normalized-ui/PersonalContactGovernancePanel.tsx","103","PersonalContactGovernancePanel","jsx-text","联系方式保留与清理","","完整候选索引；表达式内字面量可能是接口参数，是否实际展示以文案决策表与浏览器证据为准"
"src/normalized-ui/PersonalContactGovernancePanel.tsx","103","PersonalContactGovernancePanel","jsx-text","只显示掩码、策略和处置证据；密文、哈希与内部编号不在页面出现。","","完整候选索引；表达式内字面量可能是接口参数，是否实际展示以文案决策表与浏览器证据为准"
"src/normalized-ui/PersonalContactGovernancePanel.tsx","103","PersonalContactGovernancePanel","jsx-expression-literal","收起","","完整候选索引；表达式内字面量可能是接口参数，是否实际展示以文案决策表与浏览器证据为准"
"src/normalized-ui/PersonalContactGovernancePanel.tsx","103","PersonalContactGovernancePanel","jsx-expression-literal","打开","","完整候选索引；表达式内字面量可能是接口参数，是否实际展示以文案决策表与浏览器证据为准"
"src/normalized-ui/PersonalContactGovernancePanel.tsx","106","PersonalContactGovernancePanel","jsx-text","个策略版本 ·","","完整候选索引；表达式内字面量可能是接口参数，是否实际展示以文案决策表与浏览器证据为准"
"src/normalized-ui/PersonalContactGovernancePanel.tsx","106","PersonalContactGovernancePanel","jsx-expression-literal","active","","完整候选索引；表达式内字面量可能是接口参数，是否实际展示以文案决策表与浏览器证据为准"
"src/normalized-ui/PersonalContactGovernancePanel.tsx","106","PersonalContactGovernancePanel","jsx-text","个有效保留","","完整候选索引；表达式内字面量可能是接口参数，是否实际展示以文案决策表与浏览器证据为准"
"src/normalized-ui/PersonalContactGovernancePanel.tsx","106","PersonalContactGovernancePanel","jsx-text","刷新","","完整候选索引；表达式内字面量可能是接口参数，是否实际展示以文案决策表与浏览器证据为准"
"src/normalized-ui/PersonalContactGovernancePanel.tsx","107","PersonalContactGovernancePanel","jsx-text","起草保留策略","","完整候选索引；表达式内字面量可能是接口参数，是否实际展示以文案决策表与浏览器证据为准"
"src/normalized-ui/PersonalContactGovernancePanel.tsx","107","PersonalContactGovernancePanel","jsx-text","资源","","完整候选索引；表达式内字面量可能是接口参数，是否实际展示以文案决策表与浏览器证据为准"
"src/normalized-ui/PersonalContactGovernancePanel.tsx","107","PersonalContactGovernancePanel","jsx-text","活动报名联系","","完整候选索引；表达式内字面量可能是接口参数，是否实际展示以文案决策表与浏览器证据为准"
"src/normalized-ui/PersonalContactGovernancePanel.tsx","107","PersonalContactGovernancePanel","jsx-text","已验证会员手机号","","完整候选索引；表达式内字面量可能是接口参数，是否实际展示以文案决策表与浏览器证据为准"
"src/normalized-ui/PersonalContactGovernancePanel.tsx","107","PersonalContactGovernancePanel","jsx-text","目的结束后保留天数","","完整候选索引；表达式内字面量可能是接口参数，是否实际展示以文案决策表与浏览器证据为准"
"src/normalized-ui/PersonalContactGovernancePanel.tsx","107","PersonalContactGovernancePanel","jsx-text","依据","","完整候选索引；表达式内字面量可能是接口参数，是否实际展示以文案决策表与浏览器证据为准"
"src/normalized-ui/PersonalContactGovernancePanel.tsx","107","PersonalContactGovernancePanel","jsx-text","起草原因","","完整候选索引；表达式内字面量可能是接口参数，是否实际展示以文案决策表与浏览器证据为准"
"src/normalized-ui/PersonalContactGovernancePanel.tsx","107","PersonalContactGovernancePanel","jsx-text","保存草稿","","完整候选索引；表达式内字面量可能是接口参数，是否实际展示以文案决策表与浏览器证据为准"
"src/normalized-ui/PersonalContactGovernancePanel.tsx","108","PersonalContactGovernancePanel","jsx-text","策略版本","","完整候选索引；表达式内字面量可能是接口参数，是否实际展示以文案决策表与浏览器证据为准"
"src/normalized-ui/PersonalContactGovernancePanel.tsx","108","PersonalContactGovernancePanel","jsx-text","未来版本不会提前停用当前版本","","完整候选索引；表达式内字面量可能是接口参数，是否实际展示以文案决策表与浏览器证据为准"
"src/normalized-ui/PersonalContactGovernancePanel.tsx","108","PersonalContactGovernancePanel","jsx-text","· 第","","完整候选索引；表达式内字面量可能是接口参数，是否实际展示以文案决策表与浏览器证据为准"
"src/normalized-ui/PersonalContactGovernancePanel.tsx","108","PersonalContactGovernancePanel","jsx-text","天 ·","","完整候选索引；表达式内字面量可能是接口参数，是否实际展示以文案决策表与浏览器证据为准"
"src/normalized-ui/PersonalContactGovernancePanel.tsx","108","PersonalContactGovernancePanel","jsx-text","起草","","完整候选索引；表达式内字面量可能是接口参数，是否实际展示以文案决策表与浏览器证据为准"
"src/normalized-ui/PersonalContactGovernancePanel.tsx","108","PersonalContactGovernancePanel","jsx-template-text","· 审批","","完整候选索引；表达式内字面量可能是接口参数，是否实际展示以文案决策表与浏览器证据为准"
"src/normalized-ui/PersonalContactGovernancePanel.tsx","108","PersonalContactGovernancePanel","jsx-template-text","· 发布","","完整候选索引；表达式内字面量可能是接口参数，是否实际展示以文案决策表与浏览器证据为准"
"src/normalized-ui/PersonalContactGovernancePanel.tsx","108","PersonalContactGovernancePanel","jsx-expression-literal","draft","","完整候选索引；表达式内字面量可能是接口参数，是否实际展示以文案决策表与浏览器证据为准"
"src/normalized-ui/PersonalContactGovernancePanel.tsx","108","PersonalContactGovernancePanel","jsx-text","独立审批","","完整候选索引；表达式内字面量可能是接口参数，是否实际展示以文案决策表与浏览器证据为准"
"src/normalized-ui/PersonalContactGovernancePanel.tsx","108","PersonalContactGovernancePanel","jsx-expression-literal","approved","","完整候选索引；表达式内字面量可能是接口参数，是否实际展示以文案决策表与浏览器证据为准"
"src/normalized-ui/PersonalContactGovernancePanel.tsx","108","PersonalContactGovernancePanel","jsx-text","第三人发布","","完整候选索引；表达式内字面量可能是接口参数，是否实际展示以文案决策表与浏览器证据为准"
"src/normalized-ui/PersonalContactGovernancePanel.tsx","109","PersonalContactGovernancePanel","jsx-text","建立法定保留","","完整候选索引；表达式内字面量可能是接口参数，是否实际展示以文案决策表与浏览器证据为准"
"src/normalized-ui/PersonalContactGovernancePanel.tsx","109","PersonalContactGovernancePanel","jsx-text","资源","","完整候选索引；表达式内字面量可能是接口参数，是否实际展示以文案决策表与浏览器证据为准"
"src/normalized-ui/PersonalContactGovernancePanel.tsx","109","PersonalContactGovernancePanel","jsx-text","活动报名联系","","完整候选索引；表达式内字面量可能是接口参数，是否实际展示以文案决策表与浏览器证据为准"
"src/normalized-ui/PersonalContactGovernancePanel.tsx","109","PersonalContactGovernancePanel","jsx-text","已验证会员手机号","","完整候选索引；表达式内字面量可能是接口参数，是否实际展示以文案决策表与浏览器证据为准"
"src/normalized-ui/PersonalContactGovernancePanel.tsx","109","PersonalContactGovernancePanel","jsx-text","联系方式版本","","完整候选索引；表达式内字面量可能是接口参数，是否实际展示以文案决策表与浏览器证据为准"
"src/normalized-ui/PersonalContactGovernancePanel.tsx","109","PersonalContactGovernancePanel","jsx-text","请选择当前门店的联系方式版本","","完整候选索引；表达式内字面量可能是接口参数，是否实际展示以文案决策表与浏览器证据为准"
"src/normalized-ui/PersonalContactGovernancePanel.tsx","109","PersonalContactGovernancePanel","jsx-text","法定或争议依据","","完整候选索引；表达式内字面量可能是接口参数，是否实际展示以文案决策表与浏览器证据为准"
"src/normalized-ui/PersonalContactGovernancePanel.tsx","109","PersonalContactGovernancePanel","jsx-text","原因","","完整候选索引；表达式内字面量可能是接口参数，是否实际展示以文案决策表与浏览器证据为准"
"src/normalized-ui/PersonalContactGovernancePanel.tsx","109","PersonalContactGovernancePanel","jsx-text","可选截止时间","","完整候选索引；表达式内字面量可能是接口参数，是否实际展示以文案决策表与浏览器证据为准"
"src/normalized-ui/PersonalContactGovernancePanel.tsx","109","PersonalContactGovernancePanel","jsx-text","建立保留","","完整候选索引；表达式内字面量可能是接口参数，是否实际展示以文案决策表与浏览器证据为准"
"src/normalized-ui/PersonalContactGovernancePanel.tsx","110","PersonalContactGovernancePanel","jsx-text","法定保留","","完整候选索引；表达式内字面量可能是接口参数，是否实际展示以文案决策表与浏览器证据为准"
"src/normalized-ui/PersonalContactGovernancePanel.tsx","110","PersonalContactGovernancePanel","jsx-text","刷新后仍可查找和释放","","完整候选索引；表达式内字面量可能是接口参数，是否实际展示以文案决策表与浏览器证据为准"
"src/normalized-ui/PersonalContactGovernancePanel.tsx","110","PersonalContactGovernancePanel","jsx-expression-literal","active","","完整候选索引；表达式内字面量可能是接口参数，是否实际展示以文案决策表与浏览器证据为准"
"src/normalized-ui/PersonalContactGovernancePanel.tsx","110","PersonalContactGovernancePanel","jsx-expression-literal","保留中","","完整候选索引；表达式内字面量可能是接口参数，是否实际展示以文案决策表与浏览器证据为准"
"src/normalized-ui/PersonalContactGovernancePanel.tsx","110","PersonalContactGovernancePanel","jsx-expression-literal","已释放","","完整候选索引；表达式内字面量可能是接口参数，是否实际展示以文案决策表与浏览器证据为准"
"src/normalized-ui/PersonalContactGovernancePanel.tsx","110","PersonalContactGovernancePanel","jsx-expression-literal","active","","完整候选索引；表达式内字面量可能是接口参数，是否实际展示以文案决策表与浏览器证据为准"
"src/normalized-ui/PersonalContactGovernancePanel.tsx","110","PersonalContactGovernancePanel","jsx-text","释放","","完整候选索引；表达式内字面量可能是接口参数，是否实际展示以文案决策表与浏览器证据为准"
"src/normalized-ui/PersonalContactGovernancePanel.tsx","111","PersonalContactGovernancePanel","jsx-text","清除证据","","完整候选索引；表达式内字面量可能是接口参数，是否实际展示以文案决策表与浏览器证据为准"
"src/normalized-ui/PersonalContactGovernancePanel.tsx","111","PersonalContactGovernancePanel","jsx-text","仅证明已按发布策略完成加密清除","","完整候选索引；表达式内字面量可能是接口参数，是否实际展示以文案决策表与浏览器证据为准"
"src/normalized-ui/PersonalContactGovernancePanel.tsx","111","PersonalContactGovernancePanel","jsx-text","· 策略第","","完整候选索引；表达式内字面量可能是接口参数，是否实际展示以文案决策表与浏览器证据为准"
"src/normalized-ui/PersonalContactGovernancePanel.tsx","111","PersonalContactGovernancePanel","jsx-text","已清除","","完整候选索引；表达式内字面量可能是接口参数，是否实际展示以文案决策表与浏览器证据为准"
"src/normalized-ui/PersonalContactGovernancePanel.tsx","111","PersonalContactGovernancePanel","jsx-text","已清除","","完整候选索引；表达式内字面量可能是接口参数，是否实际展示以文案决策表与浏览器证据为准"
"src/normalized-ui/PrintSourceRecoveryPanel.tsx","20","PrintSourceRecoveryPanel","feedback","票据生成状态暂未读到，可重试；不影响营业","","完整候选索引；表达式内字面量可能是接口参数，是否实际展示以文案决策表与浏览器证据为准"
"src/normalized-ui/PrintSourceRecoveryPanel.tsx","34","PrintSourceRecoveryPanel","jsx-text","票据生成检查","","完整候选索引；表达式内字面量可能是接口参数，是否实际展示以文案决策表与浏览器证据为准"
"src/normalized-ui/PrintSourceRecoveryPanel.tsx","35","PrintSourceRecoveryPanel","jsx-text","这里只处理票据生成，不会重新点单、扣库存、收款或退款。打印关闭期间跳过的记录不会在开机后集中补出。","","完整候选索引；表达式内字面量可能是接口参数，是否实际展示以文案决策表与浏览器证据为准"
"src/normalized-ui/PrintSourceRecoveryPanel.tsx","36","PrintSourceRecoveryPanel","jsx-text","刷新生成状态","","完整候选索引；表达式内字面量可能是接口参数，是否实际展示以文案决策表与浏览器证据为准"
"src/normalized-ui/PrintSourceRecoveryPanel.tsx","38","PrintSourceRecoveryPanel","jsx-text","当前没有待处理的票据生成记录。","","完整候选索引；表达式内字面量可能是接口参数，是否实际展示以文案决策表与浏览器证据为准"
"src/normalized-ui/PrintSourceRecoveryPanel.tsx","39","PrintSourceRecoveryPanel","jsx-expression-literal","retry","","完整候选索引；表达式内字面量可能是接口参数，是否实际展示以文案决策表与浏览器证据为准"
"src/normalized-ui/PrintSourceRecoveryPanel.tsx","39","PrintSourceRecoveryPanel","jsx-expression-literal","dead","","完整候选索引；表达式内字面量可能是接口参数，是否实际展示以文案决策表与浏览器证据为准"
"src/normalized-ui/PrintSourceRecoveryPanel.tsx","39","PrintSourceRecoveryPanel","jsx-text","处理原因","","完整候选索引；表达式内字面量可能是接口参数，是否实际展示以文案决策表与浏览器证据为准"
"src/normalized-ui/PrintSourceRecoveryPanel.tsx","39","PrintSourceRecoveryPanel","attribute:placeholder","至少3字：先核对业务时间和设备，再填写原因","","完整候选索引；表达式内字面量可能是接口参数，是否实际展示以文案决策表与浏览器证据为准"
"src/normalized-ui/PrintSourceRecoveryPanel.tsx","39","PrintSourceRecoveryPanel","jsx-text","还需填写","","完整候选索引；表达式内字面量可能是接口参数，是否实际展示以文案决策表与浏览器证据为准"
"src/normalized-ui/PrintSourceRecoveryPanel.tsx","39","PrintSourceRecoveryPanel","jsx-text","个字","","完整候选索引；表达式内字面量可能是接口参数，是否实际展示以文案决策表与浏览器证据为准"
"src/normalized-ui/PrintSourceRecoveryPanel.tsx","40","PrintSourceRecoveryPanel","jsx-expression-literal","票据","","完整候选索引；表达式内字面量可能是接口参数，是否实际展示以文案决策表与浏览器证据为准"
"src/normalized-ui/PrintSourceRecoveryPanel.tsx","41","PrintSourceRecoveryPanel","jsx-expression-literal","zh-CN","","完整候选索引；表达式内字面量可能是接口参数，是否实际展示以文案决策表与浏览器证据为准"
"src/normalized-ui/PrintSourceRecoveryPanel.tsx","41","PrintSourceRecoveryPanel","jsx-expression-literal","Asia/Shanghai","","完整候选索引；表达式内字面量可能是接口参数，是否实际展示以文案决策表与浏览器证据为准"
"src/normalized-ui/PrintSourceRecoveryPanel.tsx","41","PrintSourceRecoveryPanel","jsx-text","· 尝试","","完整候选索引；表达式内字面量可能是接口参数，是否实际展示以文案决策表与浏览器证据为准"
"src/normalized-ui/PrintSourceRecoveryPanel.tsx","42","PrintSourceRecoveryPanel","jsx-expression-literal","retry","","完整候选索引；表达式内字面量可能是接口参数，是否实际展示以文案决策表与浏览器证据为准"
"src/normalized-ui/PrintSourceRecoveryPanel.tsx","42","PrintSourceRecoveryPanel","jsx-expression-literal","dead","","完整候选索引；表达式内字面量可能是接口参数，是否实际展示以文案决策表与浏览器证据为准"
"src/normalized-ui/PrintSourceRecoveryPanel.tsx","42","PrintSourceRecoveryPanel","jsx-expression-literal","skipped","","完整候选索引；表达式内字面量可能是接口参数，是否实际展示以文案决策表与浏览器证据为准"
"src/normalized-ui/PrintSourceRecoveryPanel.tsx","42","PrintSourceRecoveryPanel","jsx-expression-literal","原记录未留存跳过原因；请核对当时业务状态、自动打印开关与路由，不应直接补出历史出品单。","","完整候选索引；表达式内字面量可能是接口参数，是否实际展示以文案决策表与浏览器证据为准"
"src/normalized-ui/PrintSourceRecoveryPanel.tsx","43","PrintSourceRecoveryPanel","jsx-text","请确认不是已经不再需要的历史出品单，恢复只生成纸票。","","完整候选索引；表达式内字面量可能是接口参数，是否实际展示以文案决策表与浏览器证据为准"
"src/normalized-ui/PrintSourceRecoveryPanel.tsx","44","PrintSourceRecoveryPanel","jsx-expression-literal","retry","","完整候选索引；表达式内字面量可能是接口参数，是否实际展示以文案决策表与浏览器证据为准"
"src/normalized-ui/PrintSourceRecoveryPanel.tsx","44","PrintSourceRecoveryPanel","jsx-expression-literal","dead","","完整候选索引；表达式内字面量可能是接口参数，是否实际展示以文案决策表与浏览器证据为准"
"src/normalized-ui/PrintSourceRecoveryPanel.tsx","44","PrintSourceRecoveryPanel","jsx-expression-literal","确认恢复生成","","完整候选索引；表达式内字面量可能是接口参数，是否实际展示以文案决策表与浏览器证据为准"
"src/normalized-ui/PrintSourceRecoveryPanel.tsx","44","PrintSourceRecoveryPanel","jsx-expression-literal","核对后重试","","完整候选索引；表达式内字面量可能是接口参数，是否实际展示以文案决策表与浏览器证据为准"
"src/normalized-ui/PrintTicketPolicyPanel.tsx","14","PrintTicketPolicyPanel","feedback","打印规则暂未读取，不影响营业","","完整候选索引；表达式内字面量可能是接口参数，是否实际展示以文案决策表与浏览器证据为准"
"src/normalized-ui/PrintTicketPolicyPanel.tsx","28","save","feedback","已保存；只影响后续生成的票据，已排队票据请在打印任务中处理。","","完整候选索引；表达式内字面量可能是接口参数，是否实际展示以文案决策表与浏览器证据为准"
"src/normalized-ui/PrintTicketPolicyPanel.tsx","29","save","feedback","保存结果未确认，请点击重试；保持原操作编号，不会重复修改。","","完整候选索引；表达式内字面量可能是接口参数，是否实际展示以文案决策表与浏览器证据为准"
"src/normalized-ui/PrintTicketPolicyPanel.tsx","32","PrintTicketPolicyPanel","jsx-text","自动打印单据","","完整候选索引；表达式内字面量可能是接口参数，是否实际展示以文案决策表与浏览器证据为准"
"src/normalized-ui/PrintTicketPolicyPanel.tsx","33","PrintTicketPolicyPanel","jsx-text","后厨制作单走后厨；酒水制作走吧台；汇总、配送与收银单据走收银路由（请绑定吧台打印机）。关闭不补打历史；份数未配置时沿用路由。","","完整候选索引；表达式内字面量可能是接口参数，是否实际展示以文案决策表与浏览器证据为准"
"src/normalized-ui/PrintTicketPolicyPanel.tsx","35","PrintTicketPolicyPanel","jsx-text","重新读取规则（放弃未保存选择）","","完整候选索引；表达式内字面量可能是接口参数，是否实际展示以文案决策表与浏览器证据为准"
"src/normalized-ui/PrintTicketPolicyPanel.tsx","36","PrintTicketPolicyPanel","jsx-text","修改原因","","完整候选索引；表达式内字面量可能是接口参数，是否实际展示以文案决策表与浏览器证据为准"
"src/normalized-ui/PrintTicketPolicyPanel.tsx","36","PrintTicketPolicyPanel","attribute:placeholder","至少3个字，例如调整出单份数","","完整候选索引；表达式内字面量可能是接口参数，是否实际展示以文案决策表与浏览器证据为准"
"src/normalized-ui/PrintTicketPolicyPanel.tsx","38","PrintTicketPolicyPanel","jsx-text","自动打印","","完整候选索引；表达式内字面量可能是接口参数，是否实际展示以文案决策表与浏览器证据为准"
"src/normalized-ui/PrintTicketPolicyPanel.tsx","39","PrintTicketPolicyPanel","jsx-text","份数","","完整候选索引；表达式内字面量可能是接口参数，是否实际展示以文案决策表与浏览器证据为准"
"src/normalized-ui/PrintTicketPolicyPanel.tsx","40","PrintTicketPolicyPanel","jsx-text","沿用路由","","完整候选索引；表达式内字面量可能是接口参数，是否实际展示以文案决策表与浏览器证据为准"
"src/normalized-ui/PrintTicketPolicyPanel.tsx","42","PrintTicketPolicyPanel","jsx-expression-literal","重试原操作","","完整候选索引；表达式内字面量可能是接口参数，是否实际展示以文案决策表与浏览器证据为准"
"src/normalized-ui/PrintTicketPolicyPanel.tsx","42","PrintTicketPolicyPanel","jsx-expression-literal","保存","","完整候选索引；表达式内字面量可能是接口参数，是否实际展示以文案决策表与浏览器证据为准"
"src/normalized-ui/PromotionalLoyaltyPanel.tsx","76","submitDraft","display-definition","确认建立促销积分草稿","","完整候选索引；表达式内字面量可能是接口参数，是否实际展示以文案决策表与浏览器证据为准"
"src/normalized-ui/PromotionalLoyaltyPanel.tsx","82","submitDraft","feedback","草稿已建立；规则尚未生效，等待独立审批。","","完整候选索引；表达式内字面量可能是接口参数，是否实际展示以文案决策表与浏览器证据为准"
"src/normalized-ui/PromotionalLoyaltyPanel.tsx","87","approve","feedback","审批已移至“会员经营配置中心”：系统将依据预算、会员上限、叠加、退款和权威活动事实生成影响预览。","事实","完整候选索引；表达式内字面量可能是接口参数，是否实际展示以文案决策表与浏览器证据为准"
"src/normalized-ui/PromotionalLoyaltyPanel.tsx","92","publish","display-definition","填写促销积分生效时间","","完整候选索引；表达式内字面量可能是接口参数，是否实际展示以文案决策表与浏览器证据为准"
"src/normalized-ui/PromotionalLoyaltyPanel.tsx","92","publish","display-definition","例如 2026-08-20 18:00。","","完整候选索引；表达式内字面量可能是接口参数，是否实际展示以文案决策表与浏览器证据为准"
"src/normalized-ui/PromotionalLoyaltyPanel.tsx","92","publish","display-definition","生效时间","","完整候选索引；表达式内字面量可能是接口参数，是否实际展示以文案决策表与浏览器证据为准"
"src/normalized-ui/PromotionalLoyaltyPanel.tsx","95","publish","feedback","生效时间格式无效。","","完整候选索引；表达式内字面量可能是接口参数，是否实际展示以文案决策表与浏览器证据为准"
"src/normalized-ui/PromotionalLoyaltyPanel.tsx","96","publish","display-definition","填写失效时间（可选）","","完整候选索引；表达式内字面量可能是接口参数，是否实际展示以文案决策表与浏览器证据为准"
"src/normalized-ui/PromotionalLoyaltyPanel.tsx","96","publish","display-definition","留空表示由下一版本准确接替。","","完整候选索引；表达式内字面量可能是接口参数，是否实际展示以文案决策表与浏览器证据为准"
"src/normalized-ui/PromotionalLoyaltyPanel.tsx","96","publish","display-definition","失效时间","","完整候选索引；表达式内字面量可能是接口参数，是否实际展示以文案决策表与浏览器证据为准"
"src/normalized-ui/PromotionalLoyaltyPanel.tsx","98","publish","feedback","失效时间必须晚于生效时间。","","完整候选索引；表达式内字面量可能是接口参数，是否实际展示以文案决策表与浏览器证据为准"
"src/normalized-ui/PromotionalLoyaltyPanel.tsx","99","publish","display-definition","填写发布说明","","完整候选索引；表达式内字面量可能是接口参数，是否实际展示以文案决策表与浏览器证据为准"
"src/normalized-ui/PromotionalLoyaltyPanel.tsx","99","publish","display-definition","说明会保留在规则审计中。","","完整候选索引；表达式内字面量可能是接口参数，是否实际展示以文案决策表与浏览器证据为准"
"src/normalized-ui/PromotionalLoyaltyPanel.tsx","99","publish","display-definition","发布说明","","完整候选索引；表达式内字面量可能是接口参数，是否实际展示以文案决策表与浏览器证据为准"
"src/normalized-ui/PromotionalLoyaltyPanel.tsx","100","publish","display-definition","确认发布促销积分规则","","完整候选索引；表达式内字面量可能是接口参数，是否实际展示以文案决策表与浏览器证据为准"
"src/normalized-ui/PromotionalLoyaltyPanel.tsx","107","publish","feedback","已安排发布；系统只按权威付款、签到或完成事实发放。","事实","完整候选索引；表达式内字面量可能是接口参数，是否实际展示以文案决策表与浏览器证据为准"
"src/normalized-ui/PromotionalLoyaltyPanel.tsx","115","PromotionalLoyaltyPanel","attribute:aria-label","促销积分规则","","完整候选索引；表达式内字面量可能是接口参数，是否实际展示以文案决策表与浏览器证据为准"
"src/normalized-ui/PromotionalLoyaltyPanel.tsx","117","PromotionalLoyaltyPanel","jsx-text","促销积分","","完整候选索引；表达式内字面量可能是接口参数，是否实际展示以文案决策表与浏览器证据为准"
"src/normalized-ui/PromotionalLoyaltyPanel.tsx","117","PromotionalLoyaltyPanel","jsx-text","按活动付款、签到或完成事实发放；预算、上限和退款冲回均受控。","事实","完整候选索引；表达式内字面量可能是接口参数，是否实际展示以文案决策表与浏览器证据为准"
"src/normalized-ui/PromotionalLoyaltyPanel.tsx","118","PromotionalLoyaltyPanel","jsx-expression-literal","published","","完整候选索引；表达式内字面量可能是接口参数，是否实际展示以文案决策表与浏览器证据为准"
"src/normalized-ui/PromotionalLoyaltyPanel.tsx","118","PromotionalLoyaltyPanel","jsx-text","个运行中","","完整候选索引；表达式内字面量可能是接口参数，是否实际展示以文案决策表与浏览器证据为准"
"src/normalized-ui/PromotionalLoyaltyPanel.tsx","123","PromotionalLoyaltyPanel","jsx-text","· 第","","完整候选索引；表达式内字面量可能是接口参数，是否实际展示以文案决策表与浏览器证据为准"
"src/normalized-ui/PromotionalLoyaltyPanel.tsx","125","PromotionalLoyaltyPanel","jsx-text","已发 / 预算","","完整候选索引；表达式内字面量可能是接口参数，是否实际展示以文案决策表与浏览器证据为准"
"src/normalized-ui/PromotionalLoyaltyPanel.tsx","125","PromotionalLoyaltyPanel","jsx-text","个人上限","","完整候选索引；表达式内字面量可能是接口参数，是否实际展示以文案决策表与浏览器证据为准"
"src/normalized-ui/PromotionalLoyaltyPanel.tsx","125","PromotionalLoyaltyPanel","jsx-text","有效期","","完整候选索引；表达式内字面量可能是接口参数，是否实际展示以文案决策表与浏览器证据为准"
"src/normalized-ui/PromotionalLoyaltyPanel.tsx","126","PromotionalLoyaltyPanel","jsx-expression-literal","reverse_on_any_refund","","完整候选索引；表达式内字面量可能是接口参数，是否实际展示以文案决策表与浏览器证据为准"
"src/normalized-ui/PromotionalLoyaltyPanel.tsx","126","PromotionalLoyaltyPanel","jsx-expression-literal","任一退款即冲回","","完整候选索引；表达式内字面量可能是接口参数，是否实际展示以文案决策表与浏览器证据为准"
"src/normalized-ui/PromotionalLoyaltyPanel.tsx","126","PromotionalLoyaltyPanel","jsx-expression-literal","全额退款才冲回","","完整候选索引；表达式内字面量可能是接口参数，是否实际展示以文案决策表与浏览器证据为准"
"src/normalized-ui/PromotionalLoyaltyPanel.tsx","126","PromotionalLoyaltyPanel","jsx-expression-literal","释放预算","","完整候选索引；表达式内字面量可能是接口参数，是否实际展示以文案决策表与浏览器证据为准"
"src/normalized-ui/PromotionalLoyaltyPanel.tsx","126","PromotionalLoyaltyPanel","jsx-expression-literal","不释放预算","","完整候选索引；表达式内字面量可能是接口参数，是否实际展示以文案决策表与浏览器证据为准"
"src/normalized-ui/PromotionalLoyaltyPanel.tsx","126","PromotionalLoyaltyPanel","jsx-expression-literal","释放个人限额","","完整候选索引；表达式内字面量可能是接口参数，是否实际展示以文案决策表与浏览器证据为准"
"src/normalized-ui/PromotionalLoyaltyPanel.tsx","126","PromotionalLoyaltyPanel","jsx-expression-literal","不释放个人限额","","完整候选索引；表达式内字面量可能是接口参数，是否实际展示以文案决策表与浏览器证据为准"
"src/normalized-ui/PromotionalLoyaltyPanel.tsx","128","PromotionalLoyaltyPanel","jsx-text","条触发事实因总闸暂停待处理","事实","完整候选索引；表达式内字面量可能是接口参数，是否实际展示以文案决策表与浏览器证据为准"
"src/normalized-ui/PromotionalLoyaltyPanel.tsx","129","PromotionalLoyaltyPanel","jsx-expression-literal","draft","","完整候选索引；表达式内字面量可能是接口参数，是否实际展示以文案决策表与浏览器证据为准"
"src/normalized-ui/PromotionalLoyaltyPanel.tsx","129","PromotionalLoyaltyPanel","jsx-text","前往配置中心审批","","完整候选索引；表达式内字面量可能是接口参数，是否实际展示以文案决策表与浏览器证据为准"
"src/normalized-ui/PromotionalLoyaltyPanel.tsx","130","PromotionalLoyaltyPanel","jsx-expression-literal","approved","","完整候选索引；表达式内字面量可能是接口参数，是否实际展示以文案决策表与浏览器证据为准"
"src/normalized-ui/PromotionalLoyaltyPanel.tsx","130","PromotionalLoyaltyPanel","jsx-text","安排发布","","完整候选索引；表达式内字面量可能是接口参数，是否实际展示以文案决策表与浏览器证据为准"
"src/normalized-ui/PromotionalLoyaltyPanel.tsx","132","PromotionalLoyaltyPanel","jsx-text","尚无促销积分规则。旧活动里的积分数字不会自动发放。","","完整候选索引；表达式内字面量可能是接口参数，是否实际展示以文案决策表与浏览器证据为准"
"src/normalized-ui/PromotionalLoyaltyPanel.tsx","133","PromotionalLoyaltyPanel","jsx-text","新建促销积分草稿","","完整候选索引；表达式内字面量可能是接口参数，是否实际展示以文案决策表与浏览器证据为准"
"src/normalized-ui/PromotionalLoyaltyPanel.tsx","135","PromotionalLoyaltyPanel","jsx-text","新建促销积分草稿","","完整候选索引；表达式内字面量可能是接口参数，是否实际展示以文案决策表与浏览器证据为准"
"src/normalized-ui/PromotionalLoyaltyPanel.tsx","135","PromotionalLoyaltyPanel","jsx-text","默认采用保守预算、单次发放、180天有效期和退款即冲回；所有值均可配置。","","完整候选索引；表达式内字面量可能是接口参数，是否实际展示以文案决策表与浏览器证据为准"
"src/normalized-ui/PromotionalLoyaltyPanel.tsx","135","PromotionalLoyaltyPanel","jsx-text","取消","","完整候选索引；表达式内字面量可能是接口参数，是否实际展示以文案决策表与浏览器证据为准"
"src/normalized-ui/PromotionalLoyaltyPanel.tsx","137","PromotionalLoyaltyPanel","jsx-text","规则名称","","完整候选索引；表达式内字面量可能是接口参数，是否实际展示以文案决策表与浏览器证据为准"
"src/normalized-ui/PromotionalLoyaltyPanel.tsx","138","PromotionalLoyaltyPanel","jsx-text","活动","","完整候选索引；表达式内字面量可能是接口参数，是否实际展示以文案决策表与浏览器证据为准"
"src/normalized-ui/PromotionalLoyaltyPanel.tsx","138","PromotionalLoyaltyPanel","jsx-text","请选择","","完整候选索引；表达式内字面量可能是接口参数，是否实际展示以文案决策表与浏览器证据为准"
"src/normalized-ui/PromotionalLoyaltyPanel.tsx","138","PromotionalLoyaltyPanel","jsx-expression-literal","zh-CN","","完整候选索引；表达式内字面量可能是接口参数，是否实际展示以文案决策表与浏览器证据为准"
"src/normalized-ui/PromotionalLoyaltyPanel.tsx","139","PromotionalLoyaltyPanel","jsx-text","业务编号","","完整候选索引；表达式内字面量可能是接口参数，是否实际展示以文案决策表与浏览器证据为准"
"src/normalized-ui/PromotionalLoyaltyPanel.tsx","140","PromotionalLoyaltyPanel","jsx-text","门店总预算","","完整候选索引；表达式内字面量可能是接口参数，是否实际展示以文案决策表与浏览器证据为准"
"src/normalized-ui/PromotionalLoyaltyPanel.tsx","141","PromotionalLoyaltyPanel","jsx-text","每会员积分上限","","完整候选索引；表达式内字面量可能是接口参数，是否实际展示以文案决策表与浏览器证据为准"
"src/normalized-ui/PromotionalLoyaltyPanel.tsx","142","PromotionalLoyaltyPanel","jsx-text","积分有效天数","","完整候选索引；表达式内字面量可能是接口参数，是否实际展示以文案决策表与浏览器证据为准"
"src/normalized-ui/PromotionalLoyaltyPanel.tsx","143","PromotionalLoyaltyPanel","jsx-text","叠加组","","完整候选索引；表达式内字面量可能是接口参数，是否实际展示以文案决策表与浏览器证据为准"
"src/normalized-ui/PromotionalLoyaltyPanel.tsx","144","PromotionalLoyaltyPanel","jsx-text","叠加方式","","完整候选索引；表达式内字面量可能是接口参数，是否实际展示以文案决策表与浏览器证据为准"
"src/normalized-ui/PromotionalLoyaltyPanel.tsx","145","PromotionalLoyaltyPanel","jsx-text","同组优先级","","完整候选索引；表达式内字面量可能是接口参数，是否实际展示以文案决策表与浏览器证据为准"
"src/normalized-ui/PromotionalLoyaltyPanel.tsx","146","PromotionalLoyaltyPanel","jsx-text","退款处理","","完整候选索引；表达式内字面量可能是接口参数，是否实际展示以文案决策表与浏览器证据为准"
"src/normalized-ui/PromotionalLoyaltyPanel.tsx","146","PromotionalLoyaltyPanel","jsx-text","任一成功退款即冲回","","完整候选索引；表达式内字面量可能是接口参数，是否实际展示以文案决策表与浏览器证据为准"
"src/normalized-ui/PromotionalLoyaltyPanel.tsx","146","PromotionalLoyaltyPanel","jsx-text","全额退款才冲回","","完整候选索引；表达式内字面量可能是接口参数，是否实际展示以文案决策表与浏览器证据为准"
"src/normalized-ui/PromotionalLoyaltyPanel.tsx","147","PromotionalLoyaltyPanel","jsx-text","退款后预算","","完整候选索引；表达式内字面量可能是接口参数，是否实际展示以文案决策表与浏览器证据为准"
"src/normalized-ui/PromotionalLoyaltyPanel.tsx","147","PromotionalLoyaltyPanel","jsx-text","不释放，防反复套取","","完整候选索引；表达式内字面量可能是接口参数，是否实际展示以文案决策表与浏览器证据为准"
"src/normalized-ui/PromotionalLoyaltyPanel.tsx","147","PromotionalLoyaltyPanel","jsx-text","释放，可再次发放","","完整候选索引；表达式内字面量可能是接口参数，是否实际展示以文案决策表与浏览器证据为准"
"src/normalized-ui/PromotionalLoyaltyPanel.tsx","148","PromotionalLoyaltyPanel","jsx-text","退款后个人限额","","完整候选索引；表达式内字面量可能是接口参数，是否实际展示以文案决策表与浏览器证据为准"
"src/normalized-ui/PromotionalLoyaltyPanel.tsx","148","PromotionalLoyaltyPanel","jsx-text","不释放，防个人反复领取","","完整候选索引；表达式内字面量可能是接口参数，是否实际展示以文案决策表与浏览器证据为准"
"src/normalized-ui/PromotionalLoyaltyPanel.tsx","148","PromotionalLoyaltyPanel","jsx-text","释放，允许再次领取","","完整候选索引；表达式内字面量可能是接口参数，是否实际展示以文案决策表与浏览器证据为准"
"src/normalized-ui/PromotionalLoyaltyPanel.tsx","150","PromotionalLoyaltyPanel","jsx-text","适用会员","","完整候选索引；表达式内字面量可能是接口参数，是否实际展示以文案决策表与浏览器证据为准"
"src/normalized-ui/PromotionalLoyaltyPanel.tsx","150","PromotionalLoyaltyPanel","jsx-expression-literal","member","","完整候选索引；表达式内字面量可能是接口参数，是否实际展示以文案决策表与浏览器证据为准"
"src/normalized-ui/PromotionalLoyaltyPanel.tsx","150","PromotionalLoyaltyPanel","jsx-expression-literal","普通","","完整候选索引；表达式内字面量可能是接口参数，是否实际展示以文案决策表与浏览器证据为准"
"src/normalized-ui/PromotionalLoyaltyPanel.tsx","150","PromotionalLoyaltyPanel","jsx-expression-literal","silver","","完整候选索引；表达式内字面量可能是接口参数，是否实际展示以文案决策表与浏览器证据为准"
"src/normalized-ui/PromotionalLoyaltyPanel.tsx","150","PromotionalLoyaltyPanel","jsx-expression-literal","银卡","","完整候选索引；表达式内字面量可能是接口参数，是否实际展示以文案决策表与浏览器证据为准"
"src/normalized-ui/PromotionalLoyaltyPanel.tsx","150","PromotionalLoyaltyPanel","jsx-expression-literal","gold","","完整候选索引；表达式内字面量可能是接口参数，是否实际展示以文案决策表与浏览器证据为准"
"src/normalized-ui/PromotionalLoyaltyPanel.tsx","150","PromotionalLoyaltyPanel","jsx-expression-literal","金卡","","完整候选索引；表达式内字面量可能是接口参数，是否实际展示以文案决策表与浏览器证据为准"
"src/normalized-ui/PromotionalLoyaltyPanel.tsx","151","PromotionalLoyaltyPanel","jsx-text","触发与奖励","","完整候选索引；表达式内字面量可能是接口参数，是否实际展示以文案决策表与浏览器证据为准"
"src/normalized-ui/PromotionalLoyaltyPanel.tsx","151","PromotionalLoyaltyPanel","jsx-text","增加","","完整候选索引；表达式内字面量可能是接口参数，是否实际展示以文案决策表与浏览器证据为准"
"src/normalized-ui/PromotionalLoyaltyPanel.tsx","152","PromotionalLoyaltyPanel","jsx-text","规则编号","","完整候选索引；表达式内字面量可能是接口参数，是否实际展示以文案决策表与浏览器证据为准"
"src/normalized-ui/PromotionalLoyaltyPanel.tsx","153","PromotionalLoyaltyPanel","jsx-text","触发","","完整候选索引；表达式内字面量可能是接口参数，是否实际展示以文案决策表与浏览器证据为准"
"src/normalized-ui/PromotionalLoyaltyPanel.tsx","154","PromotionalLoyaltyPanel","jsx-text","奖励积分","","完整候选索引；表达式内字面量可能是接口参数，是否实际展示以文案决策表与浏览器证据为准"
"src/normalized-ui/PromotionalLoyaltyPanel.tsx","155","PromotionalLoyaltyPanel","jsx-text","每人次数","","完整候选索引；表达式内字面量可能是接口参数，是否实际展示以文案决策表与浏览器证据为准"
"src/normalized-ui/PromotionalLoyaltyPanel.tsx","156","PromotionalLoyaltyPanel","jsx-expression-literal","activity_payment","","完整候选索引；表达式内字面量可能是接口参数，是否实际展示以文案决策表与浏览器证据为准"
"src/normalized-ui/PromotionalLoyaltyPanel.tsx","156","PromotionalLoyaltyPanel","jsx-text","最低付款（元）","","完整候选索引；表达式内字面量可能是接口参数，是否实际展示以文案决策表与浏览器证据为准"
"src/normalized-ui/PromotionalLoyaltyPanel.tsx","157","PromotionalLoyaltyPanel","attribute:aria-label","删除规则","","完整候选索引；表达式内字面量可能是接口参数，是否实际展示以文案决策表与浏览器证据为准"
"src/normalized-ui/PromotionalLoyaltyPanel.tsx","159","PromotionalLoyaltyPanel","jsx-text","起草原因","","完整候选索引；表达式内字面量可能是接口参数，是否实际展示以文案决策表与浏览器证据为准"
"src/normalized-ui/PromotionalLoyaltyPanel.tsx","160","PromotionalLoyaltyPanel","jsx-expression-literal","draft","","完整候选索引；表达式内字面量可能是接口参数，是否实际展示以文案决策表与浏览器证据为准"
"src/normalized-ui/PromotionalLoyaltyPanel.tsx","160","PromotionalLoyaltyPanel","jsx-expression-literal","正在保存","","完整候选索引；表达式内字面量可能是接口参数，是否实际展示以文案决策表与浏览器证据为准"
"src/normalized-ui/PromotionalLoyaltyPanel.tsx","160","PromotionalLoyaltyPanel","jsx-expression-literal","保存草稿，交由他人审批","","完整候选索引；表达式内字面量可能是接口参数，是否实际展示以文案决策表与浏览器证据为准"
"src/normalized-ui/RecommendationPolicyManagementPanel.tsx","61","create","display-definition","确认保存推荐规则草稿","","完整候选索引；表达式内字面量可能是接口参数，是否实际展示以文案决策表与浏览器证据为准"
"src/normalized-ui/RecommendationPolicyManagementPanel.tsx","61","create","display-definition","草稿不会改变顾客页面，仍需另外两名授权人员审批和发布。","","完整候选索引；表达式内字面量可能是接口参数，是否实际展示以文案决策表与浏览器证据为准"
"src/normalized-ui/RecommendationPolicyManagementPanel.tsx","77","create","feedback","草稿已保存；顾客推荐仍按原版本和独立开关运行。","","完整候选索引；表达式内字面量可能是接口参数，是否实际展示以文案决策表与浏览器证据为准"
"src/normalized-ui/RecommendationPolicyManagementPanel.tsx","82","approve","display-definition","填写独立审批依据","","完整候选索引；表达式内字面量可能是接口参数，是否实际展示以文案决策表与浏览器证据为准"
"src/normalized-ui/RecommendationPolicyManagementPanel.tsx","82","approve","display-definition","请核对偏好衰减、毛利底线和解释文案。","","完整候选索引；表达式内字面量可能是接口参数，是否实际展示以文案决策表与浏览器证据为准"
"src/normalized-ui/RecommendationPolicyManagementPanel.tsx","82","approve","display-definition","审批依据","","完整候选索引；表达式内字面量可能是接口参数，是否实际展示以文案决策表与浏览器证据为准"
"src/normalized-ui/RecommendationPolicyManagementPanel.tsx","87","approve","feedback","审批完成；规则仍未发布，也不会自动开放顾客推荐。","","完整候选索引；表达式内字面量可能是接口参数，是否实际展示以文案决策表与浏览器证据为准"
"src/normalized-ui/RecommendationPolicyManagementPanel.tsx","92","publish","display-definition","填写规则生效时间","","完整候选索引；表达式内字面量可能是接口参数，是否实际展示以文案决策表与浏览器证据为准"
"src/normalized-ui/RecommendationPolicyManagementPanel.tsx","92","publish","display-definition","例如 2026-08-20 18:00。","","完整候选索引；表达式内字面量可能是接口参数，是否实际展示以文案决策表与浏览器证据为准"
"src/normalized-ui/RecommendationPolicyManagementPanel.tsx","92","publish","display-definition","生效时间","","完整候选索引；表达式内字面量可能是接口参数，是否实际展示以文案决策表与浏览器证据为准"
"src/normalized-ui/RecommendationPolicyManagementPanel.tsx","94","publish","feedback","生效时间格式无效。","","完整候选索引；表达式内字面量可能是接口参数，是否实际展示以文案决策表与浏览器证据为准"
"src/normalized-ui/RecommendationPolicyManagementPanel.tsx","95","publish","display-definition","填写发布依据","","完整候选索引；表达式内字面量可能是接口参数，是否实际展示以文案决策表与浏览器证据为准"
"src/normalized-ui/RecommendationPolicyManagementPanel.tsx","95","publish","display-definition","发布后业务参数不可直接修改。","","完整候选索引；表达式内字面量可能是接口参数，是否实际展示以文案决策表与浏览器证据为准"
"src/normalized-ui/RecommendationPolicyManagementPanel.tsx","95","publish","display-definition","发布依据","","完整候选索引；表达式内字面量可能是接口参数，是否实际展示以文案决策表与浏览器证据为准"
"src/normalized-ui/RecommendationPolicyManagementPanel.tsx","97","publish","display-definition","确认安排推荐规则生效","","完整候选索引；表达式内字面量可能是接口参数，是否实际展示以文案决策表与浏览器证据为准"
"src/normalized-ui/RecommendationPolicyManagementPanel.tsx","103","publish","feedback","版本已排期；顾客推荐开关保持原状态，需另行确认试点。","","完整候选索引；表达式内字面量可能是接口参数，是否实际展示以文案决策表与浏览器证据为准"
"src/normalized-ui/RecommendationPolicyManagementPanel.tsx","108","clone","display-definition","填写复制原因","","完整候选索引；表达式内字面量可能是接口参数，是否实际展示以文案决策表与浏览器证据为准"
"src/normalized-ui/RecommendationPolicyManagementPanel.tsx","108","clone","display-definition","系统会建立新草稿，不会修改历史版本。","","完整候选索引；表达式内字面量可能是接口参数，是否实际展示以文案决策表与浏览器证据为准"
"src/normalized-ui/RecommendationPolicyManagementPanel.tsx","108","clone","display-definition","复制原因","","完整候选索引；表达式内字面量可能是接口参数，是否实际展示以文案决策表与浏览器证据为准"
"src/normalized-ui/RecommendationPolicyManagementPanel.tsx","113","clone","feedback","已复制为新草稿；当前运行版本不受影响。","","完整候选索引；表达式内字面量可能是接口参数，是否实际展示以文案决策表与浏览器证据为准"
"src/normalized-ui/RecommendationPolicyManagementPanel.tsx","118","setRollout","display-definition","填写推荐开放调整原因","","完整候选索引；表达式内字面量可能是接口参数，是否实际展示以文案决策表与浏览器证据为准"
"src/normalized-ui/RecommendationPolicyManagementPanel.tsx","118","setRollout","display-definition","调整原因","","完整候选索引；表达式内字面量可能是接口参数，是否实际展示以文案决策表与浏览器证据为准"
"src/normalized-ui/RecommendationPolicyManagementPanel.tsx","120","setRollout","display-definition","确认开放顾客推荐","","完整候选索引；表达式内字面量可能是接口参数，是否实际展示以文案决策表与浏览器证据为准"
"src/normalized-ui/RecommendationPolicyManagementPanel.tsx","131","RecommendationPolicyManagementPanel","attribute:aria-label","推荐规则版本与试点","","完整候选索引；表达式内字面量可能是接口参数，是否实际展示以文案决策表与浏览器证据为准"
"src/normalized-ui/RecommendationPolicyManagementPanel.tsx","133","RecommendationPolicyManagementPanel","jsx-text","推荐规则与顾客开放","","完整候选索引；表达式内字面量可能是接口参数，是否实际展示以文案决策表与浏览器证据为准"
"src/normalized-ui/RecommendationPolicyManagementPanel.tsx","133","RecommendationPolicyManagementPanel","jsx-text","规则版本和顾客试点为两个独立动作；正式启用仍保留三人分离发布。","","完整候选索引；表达式内字面量可能是接口参数，是否实际展示以文案决策表与浏览器证据为准"
"src/normalized-ui/RecommendationPolicyManagementPanel.tsx","134","RecommendationPolicyManagementPanel","jsx-expression-literal","读取中","","完整候选索引；表达式内字面量可能是接口参数，是否实际展示以文案决策表与浏览器证据为准"
"src/normalized-ui/RecommendationPolicyManagementPanel.tsx","138","RecommendationPolicyManagementPanel","jsx-text","顾客开放状态：","","完整候选索引；表达式内字面量可能是接口参数，是否实际展示以文案决策表与浏览器证据为准"
"src/normalized-ui/RecommendationPolicyManagementPanel.tsx","138","RecommendationPolicyManagementPanel","jsx-expression-literal","正在读取门店状态","","完整候选索引；表达式内字面量可能是接口参数，是否实际展示以文案决策表与浏览器证据为准"
"src/normalized-ui/RecommendationPolicyManagementPanel.tsx","138","RecommendationPolicyManagementPanel","jsx-template-text","· 当前第","","完整候选索引；表达式内字面量可能是接口参数，是否实际展示以文案决策表与浏览器证据为准"
"src/normalized-ui/RecommendationPolicyManagementPanel.tsx","138","RecommendationPolicyManagementPanel","jsx-expression-literal","· 当前没有已生效的发布版本","","完整候选索引；表达式内字面量可能是接口参数，是否实际展示以文案决策表与浏览器证据为准"
"src/normalized-ui/RecommendationPolicyManagementPanel.tsx","139","RecommendationPolicyManagementPanel","jsx-expression-literal","disabled","","完整候选索引；表达式内字面量可能是接口参数，是否实际展示以文案决策表与浏览器证据为准"
"src/normalized-ui/RecommendationPolicyManagementPanel.tsx","139","RecommendationPolicyManagementPanel","jsx-expression-literal","shadow","","完整候选索引；表达式内字面量可能是接口参数，是否实际展示以文案决策表与浏览器证据为准"
"src/normalized-ui/RecommendationPolicyManagementPanel.tsx","139","RecommendationPolicyManagementPanel","jsx-expression-literal","pilot","","完整候选索引；表达式内字面量可能是接口参数，是否实际展示以文案决策表与浏览器证据为准"
"src/normalized-ui/RecommendationPolicyManagementPanel.tsx","139","RecommendationPolicyManagementPanel","jsx-expression-literal","enabled","","完整候选索引；表达式内字面量可能是接口参数，是否实际展示以文案决策表与浏览器证据为准"
"src/normalized-ui/RecommendationPolicyManagementPanel.tsx","141","RecommendationPolicyManagementPanel","jsx-text","演出、库存、产能已作为硬性可售门禁，但尚未成为可调评分项，因此对应权重固定为 0；不得用虚假分值影响排序。","门禁","完整候选索引；表达式内字面量可能是接口参数，是否实际展示以文案决策表与浏览器证据为准"
"src/normalized-ui/RecommendationPolicyManagementPanel.tsx","143","RecommendationPolicyManagementPanel","jsx-text","· 第","","完整候选索引；表达式内字面量可能是接口参数，是否实际展示以文案决策表与浏览器证据为准"
"src/normalized-ui/RecommendationPolicyManagementPanel.tsx","143","RecommendationPolicyManagementPanel","jsx-expression-literal","legacy_unverified","","完整候选索引；表达式内字面量可能是接口参数，是否实际展示以文案决策表与浏览器证据为准"
"src/normalized-ui/RecommendationPolicyManagementPanel.tsx","143","RecommendationPolicyManagementPanel","jsx-expression-literal","历史版本，未补造三人证据","","完整候选索引；表达式内字面量可能是接口参数，是否实际展示以文案决策表与浏览器证据为准"
"src/normalized-ui/RecommendationPolicyManagementPanel.tsx","143","RecommendationPolicyManagementPanel","jsx-expression-literal","三人分离受控版本","","完整候选索引；表达式内字面量可能是接口参数，是否实际展示以文案决策表与浏览器证据为准"
"src/normalized-ui/RecommendationPolicyManagementPanel.tsx","144","RecommendationPolicyManagementPanel","jsx-text","偏好 / 场景","","完整候选索引；表达式内字面量可能是接口参数，是否实际展示以文案决策表与浏览器证据为准"
"src/normalized-ui/RecommendationPolicyManagementPanel.tsx","144","RecommendationPolicyManagementPanel","jsx-text","毛利 / 优先级","","完整候选索引；表达式内字面量可能是接口参数，是否实际展示以文案决策表与浏览器证据为准"
"src/normalized-ui/RecommendationPolicyManagementPanel.tsx","144","RecommendationPolicyManagementPanel","jsx-text","最低毛利","","完整候选索引；表达式内字面量可能是接口参数，是否实际展示以文案决策表与浏览器证据为准"
"src/normalized-ui/RecommendationPolicyManagementPanel.tsx","146","RecommendationPolicyManagementPanel","jsx-text","起草：","","完整候选索引；表达式内字面量可能是接口参数，是否实际展示以文案决策表与浏览器证据为准"
"src/normalized-ui/RecommendationPolicyManagementPanel.tsx","146","RecommendationPolicyManagementPanel","jsx-expression-literal","历史未记录","","完整候选索引；表达式内字面量可能是接口参数，是否实际展示以文案决策表与浏览器证据为准"
"src/normalized-ui/RecommendationPolicyManagementPanel.tsx","146","RecommendationPolicyManagementPanel","jsx-text","· 审批：","","完整候选索引；表达式内字面量可能是接口参数，是否实际展示以文案决策表与浏览器证据为准"
"src/normalized-ui/RecommendationPolicyManagementPanel.tsx","146","RecommendationPolicyManagementPanel","jsx-expression-literal","尚未审批","","完整候选索引；表达式内字面量可能是接口参数，是否实际展示以文案决策表与浏览器证据为准"
"src/normalized-ui/RecommendationPolicyManagementPanel.tsx","146","RecommendationPolicyManagementPanel","jsx-text","· 发布：","","完整候选索引；表达式内字面量可能是接口参数，是否实际展示以文案决策表与浏览器证据为准"
"src/normalized-ui/RecommendationPolicyManagementPanel.tsx","146","RecommendationPolicyManagementPanel","jsx-expression-literal","尚未发布","","完整候选索引；表达式内字面量可能是接口参数，是否实际展示以文案决策表与浏览器证据为准"
"src/normalized-ui/RecommendationPolicyManagementPanel.tsx","147","RecommendationPolicyManagementPanel","jsx-expression-literal","zh-CN","","完整候选索引；表达式内字面量可能是接口参数，是否实际展示以文案决策表与浏览器证据为准"
"src/normalized-ui/RecommendationPolicyManagementPanel.tsx","147","RecommendationPolicyManagementPanel","jsx-template-text","，至","","完整候选索引；表达式内字面量可能是接口参数，是否实际展示以文案决策表与浏览器证据为准"
"src/normalized-ui/RecommendationPolicyManagementPanel.tsx","147","RecommendationPolicyManagementPanel","jsx-expression-literal","zh-CN","","完整候选索引；表达式内字面量可能是接口参数，是否实际展示以文案决策表与浏览器证据为准"
"src/normalized-ui/RecommendationPolicyManagementPanel.tsx","147","RecommendationPolicyManagementPanel","jsx-expression-literal","尚未排期","","完整候选索引；表达式内字面量可能是接口参数，是否实际展示以文案决策表与浏览器证据为准"
"src/normalized-ui/RecommendationPolicyManagementPanel.tsx","148","RecommendationPolicyManagementPanel","jsx-expression-literal","draft","","完整候选索引；表达式内字面量可能是接口参数，是否实际展示以文案决策表与浏览器证据为准"
"src/normalized-ui/RecommendationPolicyManagementPanel.tsx","148","RecommendationPolicyManagementPanel","jsx-text","独立审批","","完整候选索引；表达式内字面量可能是接口参数，是否实际展示以文案决策表与浏览器证据为准"
"src/normalized-ui/RecommendationPolicyManagementPanel.tsx","149","RecommendationPolicyManagementPanel","jsx-expression-literal","approved","","完整候选索引；表达式内字面量可能是接口参数，是否实际展示以文案决策表与浏览器证据为准"
"src/normalized-ui/RecommendationPolicyManagementPanel.tsx","149","RecommendationPolicyManagementPanel","jsx-text","排期发布","","完整候选索引；表达式内字面量可能是接口参数，是否实际展示以文案决策表与浏览器证据为准"
"src/normalized-ui/RecommendationPolicyManagementPanel.tsx","150","RecommendationPolicyManagementPanel","jsx-text","复制为草稿","","完整候选索引；表达式内字面量可能是接口参数，是否实际展示以文案决策表与浏览器证据为准"
"src/normalized-ui/RecommendationPolicyManagementPanel.tsx","152","RecommendationPolicyManagementPanel","jsx-text","尚无推荐规则；顾客推荐保持关闭，原点单流程不受影响。","","完整候选索引；表达式内字面量可能是接口参数，是否实际展示以文案决策表与浏览器证据为准"
"src/normalized-ui/RecommendationPolicyManagementPanel.tsx","153","RecommendationPolicyManagementPanel","jsx-text","新建推荐规则草稿","","完整候选索引；表达式内字面量可能是接口参数，是否实际展示以文案决策表与浏览器证据为准"
"src/normalized-ui/RecommendationPolicyManagementPanel.tsx","155","RecommendationPolicyManagementPanel","jsx-text","新建 DEFAULT 推荐规则草稿","","完整候选索引；表达式内字面量可能是接口参数，是否实际展示以文案决策表与浏览器证据为准"
"src/normalized-ui/RecommendationPolicyManagementPanel.tsx","155","RecommendationPolicyManagementPanel","jsx-text","仅保存强类型经营参数；保存、审批、发布必须由三名不同员工完成。","强类型","完整候选索引；表达式内字面量可能是接口参数，是否实际展示以文案决策表与浏览器证据为准"
"src/normalized-ui/RecommendationPolicyManagementPanel.tsx","155","RecommendationPolicyManagementPanel","jsx-text","取消","","完整候选索引；表达式内字面量可能是接口参数，是否实际展示以文案决策表与浏览器证据为准"
"src/normalized-ui/RecommendationPolicyManagementPanel.tsx","156","RecommendationPolicyManagementPanel","jsx-expression-literal","偏好权重","","完整候选索引；表达式内字面量可能是接口参数，是否实际展示以文案决策表与浏览器证据为准"
"src/normalized-ui/RecommendationPolicyManagementPanel.tsx","156","RecommendationPolicyManagementPanel","jsx-expression-literal","preferenceWeight","","完整候选索引；表达式内字面量可能是接口参数，是否实际展示以文案决策表与浏览器证据为准"
"src/normalized-ui/RecommendationPolicyManagementPanel.tsx","156","RecommendationPolicyManagementPanel","jsx-expression-literal","场景权重","","完整候选索引；表达式内字面量可能是接口参数，是否实际展示以文案决策表与浏览器证据为准"
"src/normalized-ui/RecommendationPolicyManagementPanel.tsx","156","RecommendationPolicyManagementPanel","jsx-expression-literal","sceneWeight","","完整候选索引；表达式内字面量可能是接口参数，是否实际展示以文案决策表与浏览器证据为准"
"src/normalized-ui/RecommendationPolicyManagementPanel.tsx","156","RecommendationPolicyManagementPanel","jsx-expression-literal","毛利权重","","完整候选索引；表达式内字面量可能是接口参数，是否实际展示以文案决策表与浏览器证据为准"
"src/normalized-ui/RecommendationPolicyManagementPanel.tsx","156","RecommendationPolicyManagementPanel","jsx-expression-literal","marginWeight","","完整候选索引；表达式内字面量可能是接口参数，是否实际展示以文案决策表与浏览器证据为准"
"src/normalized-ui/RecommendationPolicyManagementPanel.tsx","156","RecommendationPolicyManagementPanel","jsx-expression-literal","经营优先级权重","","完整候选索引；表达式内字面量可能是接口参数，是否实际展示以文案决策表与浏览器证据为准"
"src/normalized-ui/RecommendationPolicyManagementPanel.tsx","156","RecommendationPolicyManagementPanel","jsx-expression-literal","priorityWeight","","完整候选索引；表达式内字面量可能是接口参数，是否实际展示以文案决策表与浏览器证据为准"
"src/normalized-ui/RecommendationPolicyManagementPanel.tsx","156","RecommendationPolicyManagementPanel","jsx-expression-literal","最低毛利基点","基点","完整候选索引；表达式内字面量可能是接口参数，是否实际展示以文案决策表与浏览器证据为准"
"src/normalized-ui/RecommendationPolicyManagementPanel.tsx","156","RecommendationPolicyManagementPanel","jsx-expression-literal","minimumGrossMarginBasisPoints","","完整候选索引；表达式内字面量可能是接口参数，是否实际展示以文案决策表与浏览器证据为准"
"src/normalized-ui/RecommendationPolicyManagementPanel.tsx","156","RecommendationPolicyManagementPanel","jsx-expression-literal","偏好半衰期（天）","","完整候选索引；表达式内字面量可能是接口参数，是否实际展示以文案决策表与浏览器证据为准"
"src/normalized-ui/RecommendationPolicyManagementPanel.tsx","156","RecommendationPolicyManagementPanel","jsx-expression-literal","preferenceHalfLifeDays","","完整候选索引；表达式内字面量可能是接口参数，是否实际展示以文案决策表与浏览器证据为准"
"src/normalized-ui/RecommendationPolicyManagementPanel.tsx","156","RecommendationPolicyManagementPanel","jsx-expression-literal","偏好最长有效期（天）","","完整候选索引；表达式内字面量可能是接口参数，是否实际展示以文案决策表与浏览器证据为准"
"src/normalized-ui/RecommendationPolicyManagementPanel.tsx","156","RecommendationPolicyManagementPanel","jsx-expression-literal","preferenceMaxAgeDays","","完整候选索引；表达式内字面量可能是接口参数，是否实际展示以文案决策表与浏览器证据为准"
"src/normalized-ui/RecommendationPolicyManagementPanel.tsx","156","RecommendationPolicyManagementPanel","jsx-expression-literal","偏好最低有效分","","完整候选索引；表达式内字面量可能是接口参数，是否实际展示以文案决策表与浏览器证据为准"
"src/normalized-ui/RecommendationPolicyManagementPanel.tsx","156","RecommendationPolicyManagementPanel","jsx-expression-literal","preferenceMinEffectiveScore","","完整候选索引；表达式内字面量可能是接口参数，是否实际展示以文案决策表与浏览器证据为准"
"src/normalized-ui/RecommendationPolicyManagementPanel.tsx","156","RecommendationPolicyManagementPanel","jsx-expression-literal","最低置信度基点","基点","完整候选索引；表达式内字面量可能是接口参数，是否实际展示以文案决策表与浏览器证据为准"
"src/normalized-ui/RecommendationPolicyManagementPanel.tsx","156","RecommendationPolicyManagementPanel","jsx-expression-literal","preferenceMinConfidenceBasisPoints","","完整候选索引；表达式内字面量可能是接口参数，是否实际展示以文案决策表与浏览器证据为准"
"src/normalized-ui/RecommendationPolicyManagementPanel.tsx","157","RecommendationPolicyManagementPanel","jsx-text","顾客可见解释","","完整候选索引；表达式内字面量可能是接口参数，是否实际展示以文案决策表与浏览器证据为准"
"src/normalized-ui/RecommendationPolicyManagementPanel.tsx","158","RecommendationPolicyManagementPanel","jsx-text","起草原因","","完整候选索引；表达式内字面量可能是接口参数，是否实际展示以文案决策表与浏览器证据为准"
"src/normalized-ui/RecommendationPolicyManagementPanel.tsx","159","RecommendationPolicyManagementPanel","jsx-text","保存草稿，交由另一人审批","","完整候选索引；表达式内字面量可能是接口参数，是否实际展示以文案决策表与浏览器证据为准"
"src/normalized-ui/RefundReviewConfiguration.tsx","10","RefundReviewConfiguration","attribute:aria-label","退款复核配置","","完整候选索引；表达式内字面量可能是接口参数，是否实际展示以文案决策表与浏览器证据为准"
"src/normalized-ui/RefundReviewConfiguration.tsx","11","RefundReviewConfiguration","jsx-text","按岗位配置退款复核权限及人民币单次额度，一次发布生效。员工例外中的明确禁止优先；发起人不能审核或驳回自己的退款。","","完整候选索引；表达式内字面量可能是接口参数，是否实际展示以文案决策表与浏览器证据为准"
"src/normalized-ui/RefundReviewConfiguration.tsx","13","RefundReviewConfiguration","attribute:aria-label","允许复核退款","","完整候选索引；表达式内字面量可能是接口参数，是否实际展示以文案决策表与浏览器证据为准"
"src/normalized-ui/RefundReviewConfiguration.tsx","13","RefundReviewConfiguration","jsx-text","允许本岗位审核通过或驳回退款","","完整候选索引；表达式内字面量可能是接口参数，是否实际展示以文案决策表与浏览器证据为准"
"src/normalized-ui/RefundReviewConfiguration.tsx","14","RefundReviewConfiguration","jsx-text","单次复核上限（元）","","完整候选索引；表达式内字面量可能是接口参数，是否实际展示以文案决策表与浏览器证据为准"
"src/normalized-ui/RefundReviewConfiguration.tsx","14","RefundReviewConfiguration","attribute:aria-label","退款复核单次上限","","完整候选索引；表达式内字面量可能是接口参数，是否实际展示以文案决策表与浏览器证据为准"
"src/normalized-ui/RefundReviewConfiguration.tsx","16","RefundReviewConfiguration","jsx-text","停用将同时关闭本岗位的复核权限和额度。员工兼任其他岗位或有个人授权时，按最终有效配置判断。","","完整候选索引；表达式内字面量可能是接口参数，是否实际展示以文案决策表与浏览器证据为准"
"src/normalized-ui/RefundReviewConfiguration.tsx","18","RefundReviewConfiguration","jsx-text","已发布的人员配置","","完整候选索引；表达式内字面量可能是接口参数，是否实际展示以文案决策表与浏览器证据为准"
"src/normalized-ui/RefundReviewConfiguration.tsx","19","RefundReviewConfiguration","jsx-text","当前仅有","","完整候选索引；表达式内字面量可能是接口参数，是否实际展示以文案决策表与浏览器证据为准"
"src/normalized-ui/RefundReviewConfiguration.tsx","19","RefundReviewConfiguration","jsx-text","人具备完整复核配置；申请人可能是其中一人，请配置另一名负责人并检查额度是否覆盖实际退款。","","完整候选索引；表达式内字面量可能是接口参数，是否实际展示以文案决策表与浏览器证据为准"
"src/normalized-ui/RefundReviewConfiguration.tsx","21","RefundReviewConfiguration","jsx-expression-literal","ready","","完整候选索引；表达式内字面量可能是接口参数，是否实际展示以文案决策表与浏览器证据为准"
"src/normalized-ui/RefundReviewConfiguration.tsx","21","RefundReviewConfiguration","jsx-template-text","可复核他人申请，单次上限 ¥","","完整候选索引；表达式内字面量可能是接口参数，是否实际展示以文案决策表与浏览器证据为准"
"src/normalized-ui/RefundReviewConfiguration.tsx","22","RefundReviewConfiguration","jsx-expression-literal","denied","","完整候选索引；表达式内字面量可能是接口参数，是否实际展示以文案决策表与浏览器证据为准"
"src/normalized-ui/RefundReviewConfiguration.tsx","22","RefundReviewConfiguration","jsx-expression-literal","员工例外已明确禁止退款复核","","完整候选索引；表达式内字面量可能是接口参数，是否实际展示以文案决策表与浏览器证据为准"
"src/normalized-ui/RefundReviewConfiguration.tsx","23","RefundReviewConfiguration","jsx-expression-literal","missing_permission","","完整候选索引；表达式内字面量可能是接口参数，是否实际展示以文案决策表与浏览器证据为准"
"src/normalized-ui/RefundReviewConfiguration.tsx","23","RefundReviewConfiguration","jsx-expression-literal","缺少退款复核权限","","完整候选索引；表达式内字面量可能是接口参数，是否实际展示以文案决策表与浏览器证据为准"
"src/normalized-ui/RefundReviewConfiguration.tsx","23","RefundReviewConfiguration","jsx-expression-literal","有权限，但缺少有效退款复核额度","","完整候选索引；表达式内字面量可能是接口参数，是否实际展示以文案决策表与浏览器证据为准"
"src/normalized-ui/RefundReviewConfiguration.tsx","25","RefundReviewConfiguration","jsx-text","通过“收银与退款”处理申请；列表显示当前已发布配置，实际操作还会校验申请人、金额和退款状态。","","完整候选索引；表达式内字面量可能是接口参数，是否实际展示以文案决策表与浏览器证据为准"
"src/normalized-ui/RemakePhysicalHandoverPanel.tsx","43","run","feedback","原商品还有未确认的处理，请先恢复原商品记录","","完整候选索引；表达式内字面量可能是接口参数，是否实际展示以文案决策表与浏览器证据为准"
"src/normalized-ui/RemakePhysicalHandoverPanel.tsx","46","run","feedback","实物登记已确认，原收款和退款不变","","完整候选索引；表达式内字面量可能是接口参数，是否实际展示以文案决策表与浏览器证据为准"
"src/normalized-ui/RemakePhysicalHandoverPanel.tsx","54","RemakePhysicalHandoverPanel","attribute:aria-label","离店重做实物","","完整候选索引；表达式内字面量可能是接口参数，是否实际展示以文案决策表与浏览器证据为准"
"src/normalized-ui/RemakePhysicalHandoverPanel.tsx","55","RemakePhysicalHandoverPanel","jsx-text","离店重做实物待处理","","完整候选索引；表达式内字面量可能是接口参数，是否实际展示以文案决策表与浏览器证据为准"
"src/normalized-ui/RemakePhysicalHandoverPanel.tsx","55","RemakePhysicalHandoverPanel","jsx-text","刷新实物待办","","完整候选索引；表达式内字面量可能是接口参数，是否实际展示以文案决策表与浏览器证据为准"
"src/normalized-ui/RemakePhysicalHandoverPanel.tsx","56","RemakePhysicalHandoverPanel","jsx-text","原桌次已结束。这里只登记剩余实物的实际去向，原收款和退款另行处理。","","完整候选索引；表达式内字面量可能是接口参数，是否实际展示以文案决策表与浏览器证据为准"
"src/normalized-ui/RemakePhysicalHandoverPanel.tsx","58","RemakePhysicalHandoverPanel","jsx-text","上次实物登记结果待确认。","","完整候选索引；表达式内字面量可能是接口参数，是否实际展示以文案决策表与浏览器证据为准"
"src/normalized-ui/RemakePhysicalHandoverPanel.tsx","58","RemakePhysicalHandoverPanel","jsx-text","恢复上次实物登记","","完整候选索引；表达式内字面量可能是接口参数，是否实际展示以文案决策表与浏览器证据为准"
"src/normalized-ui/RemakePhysicalHandoverPanel.tsx","63","act","jsx-expression-literal","used_loss","","完整候选索引；表达式内字面量可能是接口参数，是否实际展示以文案决策表与浏览器证据为准"
"src/normalized-ui/RemakePhysicalHandoverPanel.tsx","63","act","jsx-expression-literal","returned_unopened","","完整候选索引；表达式内字面量可能是接口参数，是否实际展示以文案决策表与浏览器证据为准"
"src/normalized-ui/RemakePhysicalHandoverPanel.tsx","63","act","jsx-template-text","/api/commerce/item-after-sales/remakes/","","完整候选索引；表达式内字面量可能是接口参数，是否实际展示以文案决策表与浏览器证据为准"
"src/normalized-ui/RemakePhysicalHandoverPanel.tsx","63","act","jsx-template-text","/after-visit-physical","","完整候选索引；表达式内字面量可能是接口参数，是否实际展示以文案决策表与浏览器证据为准"
"src/normalized-ui/RemakePhysicalHandoverPanel.tsx","64","act","jsx-expression-literal","returned_unopened","","完整候选索引；表达式内字面量可能是接口参数，是否实际展示以文案决策表与浏览器证据为准"
"src/normalized-ui/RemakePhysicalHandoverPanel.tsx","65","act","jsx-expression-literal","returned_unopened","","完整候选索引；表达式内字面量可能是接口参数，是否实际展示以文案决策表与浏览器证据为准"
"src/normalized-ui/RemakePhysicalHandoverPanel.tsx","65","act","jsx-expression-literal","离店后本批实物已收回且未开封","","完整候选索引；表达式内字面量可能是接口参数，是否实际展示以文案决策表与浏览器证据为准"
"src/normalized-ui/RemakePhysicalHandoverPanel.tsx","65","act","jsx-expression-literal","离店后本批实际已耗用或损耗，不退回原料","","完整候选索引；表达式内字面量可能是接口参数，是否实际展示以文案决策表与浏览器证据为准"
"src/normalized-ui/RemakePhysicalHandoverPanel.tsx","67","RemakePhysicalHandoverPanel","attribute:aria-label","离店重做实物批次","","完整候选索引；表达式内字面量可能是接口参数，是否实际展示以文案决策表与浏览器证据为准"
"src/normalized-ui/RemakePhysicalHandoverPanel.tsx","68","RemakePhysicalHandoverPanel","jsx-text","· 待处理","","完整候选索引；表达式内字面量可能是接口参数，是否实际展示以文案决策表与浏览器证据为准"
"src/normalized-ui/RemakePhysicalHandoverPanel.tsx","69","RemakePhysicalHandoverPanel","jsx-text","原订单","","完整候选索引；表达式内字面量可能是接口参数，是否实际展示以文案决策表与浏览器证据为准"
"src/normalized-ui/RemakePhysicalHandoverPanel.tsx","70","RemakePhysicalHandoverPanel","jsx-text","本次实物份数","","完整候选索引；表达式内字面量可能是接口参数，是否实际展示以文案决策表与浏览器证据为准"
"src/normalized-ui/RemakePhysicalHandoverPanel.tsx","71","RemakePhysicalHandoverPanel","jsx-text","库存记录待核对：","","完整候选索引；表达式内字面量可能是接口参数，是否实际展示以文案决策表与浏览器证据为准"
"src/normalized-ui/RemakePhysicalHandoverPanel.tsx","71","RemakePhysicalHandoverPanel","jsx-expression-literal","原包装证据尚未读回，请刷新或联系库存负责人核对；无需为清待办登记损耗。","","完整候选索引；表达式内字面量可能是接口参数，是否实际展示以文案决策表与浏览器证据为准"
"src/normalized-ui/RemakePhysicalHandoverPanel.tsx","72","RemakePhysicalHandoverPanel","jsx-text","本批实物已收回且未开封","","完整候选索引；表达式内字面量可能是接口参数，是否实际展示以文案决策表与浏览器证据为准"
"src/normalized-ui/RemakePhysicalHandoverPanel.tsx","72","RemakePhysicalHandoverPanel","jsx-text","登记本批实物退回","","完整候选索引；表达式内字面量可能是接口参数，是否实际展示以文案决策表与浏览器证据为准"
"src/normalized-ui/RemakePhysicalHandoverPanel.tsx","73","RemakePhysicalHandoverPanel","jsx-text","确认本批已耗用或损耗","","完整候选索引；表达式内字面量可能是接口参数，是否实际展示以文案决策表与浏览器证据为准"
"src/normalized-ui/RemakePhysicalHandoverPanel.tsx","77","RemakePhysicalHandoverPanel","jsx-text","继续查看离店实物","","完整候选索引；表达式内字面量可能是接口参数，是否实际展示以文案决策表与浏览器证据为准"
"src/normalized-ui/SocialAccountPanel.tsx","22","SocialAccountPanel","jsx-text","服务号、企业微信与专属卡","","完整候选索引；表达式内字面量可能是接口参数，是否实际展示以文案决策表与浏览器证据为准"
"src/normalized-ui/SocialAccountPanel.tsx","22","SocialAccountPanel","jsx-text","刷新配置","","完整候选索引；表达式内字面量可能是接口参数，是否实际展示以文案决策表与浏览器证据为准"
"src/normalized-ui/SocialAccountPanel.tsx","23","SocialAccountPanel","jsx-expression-literal","service_account","","完整候选索引；表达式内字面量可能是接口参数，是否实际展示以文案决策表与浏览器证据为准"
"src/normalized-ui/SocialAccountPanel.tsx","23","SocialAccountPanel","jsx-expression-literal","服务号","","完整候选索引；表达式内字面量可能是接口参数，是否实际展示以文案决策表与浏览器证据为准"
"src/normalized-ui/SocialAccountPanel.tsx","23","SocialAccountPanel","jsx-expression-literal","企业微信","","完整候选索引；表达式内字面量可能是接口参数，是否实际展示以文案决策表与浏览器证据为准"
"src/normalized-ui/SocialAccountPanel.tsx","23","SocialAccountPanel","jsx-expression-literal","启用","","完整候选索引；表达式内字面量可能是接口参数，是否实际展示以文案决策表与浏览器证据为准"
"src/normalized-ui/SocialAccountPanel.tsx","23","SocialAccountPanel","jsx-expression-literal","停用","","完整候选索引；表达式内字面量可能是接口参数，是否实际展示以文案决策表与浏览器证据为准"
"src/normalized-ui/SocialAccountPanel.tsx","23","SocialAccountPanel","jsx-text","配置编号：","","完整候选索引；表达式内字面量可能是接口参数，是否实际展示以文案决策表与浏览器证据为准"
"src/normalized-ui/SocialAccountPanel.tsx","23","SocialAccountPanel","jsx-text","回调路径：/api/social-accounts/","","完整候选索引；表达式内字面量可能是接口参数，是否实际展示以文案决策表与浏览器证据为准"
"src/normalized-ui/SocialAccountPanel.tsx","23","SocialAccountPanel","jsx-text","/callback","","完整候选索引；表达式内字面量可能是接口参数，是否实际展示以文案决策表与浏览器证据为准"
"src/normalized-ui/SocialAccountPanel.tsx","23","SocialAccountPanel","jsx-text","编辑账号","","完整候选索引；表达式内字面量可能是接口参数，是否实际展示以文案决策表与浏览器证据为准"
"src/normalized-ui/SocialAccountPanel.tsx","24","SocialAccountPanel","jsx-expression-literal","编辑微信账号","","完整候选索引；表达式内字面量可能是接口参数，是否实际展示以文案决策表与浏览器证据为准"
"src/normalized-ui/SocialAccountPanel.tsx","24","SocialAccountPanel","jsx-expression-literal","新增微信账号","","完整候选索引；表达式内字面量可能是接口参数，是否实际展示以文案决策表与浏览器证据为准"
"src/normalized-ui/SocialAccountPanel.tsx","24","SocialAccountPanel","jsx-text","回调地址需加本站正式域名。已有密钥不回显；留空保留原密钥。取酒验证码与存酒到期提醒均填服务号","","完整候选索引；表达式内字面量可能是接口参数，是否实际展示以文案决策表与浏览器证据为准"
"src/normalized-ui/SocialAccountPanel.tsx","24","SocialAccountPanel","jsx-text","一次性订阅","","完整候选索引；表达式内字面量可能是接口参数，是否实际展示以文案决策表与浏览器证据为准"
"src/normalized-ui/SocialAccountPanel.tsx","24","SocialAccountPanel","jsx-text","模板 ID：验证码用「验证码下放通知」（number1/thing3/thing2），到期提醒用「存酒到期提醒」（thing1/character_string2/thing3/time4/time5）。不要再填已拒审的模板消息 ID。","","完整候选索引；表达式内字面量可能是接口参数，是否实际展示以文案决策表与浏览器证据为准"
"src/normalized-ui/SocialAccountPanel.tsx","24","SocialAccountPanel","feedback","账号已保存，真实平台连接与送达需验证。","","完整候选索引；表达式内字面量可能是接口参数，是否实际展示以文案决策表与浏览器证据为准"
"src/normalized-ui/SocialAccountPanel.tsx","24","SocialAccountPanel","jsx-text","类型","","完整候选索引；表达式内字面量可能是接口参数，是否实际展示以文案决策表与浏览器证据为准"
"src/normalized-ui/SocialAccountPanel.tsx","24","SocialAccountPanel","jsx-text","微信服务号","","完整候选索引；表达式内字面量可能是接口参数，是否实际展示以文案决策表与浏览器证据为准"
"src/normalized-ui/SocialAccountPanel.tsx","24","SocialAccountPanel","jsx-text","企业微信","","完整候选索引；表达式内字面量可能是接口参数，是否实际展示以文案决策表与浏览器证据为准"
"src/normalized-ui/SocialAccountPanel.tsx","25","SocialAccountPanel","jsx-expression-literal","name","","完整候选索引；表达式内字面量可能是接口参数，是否实际展示以文案决策表与浏览器证据为准"
"src/normalized-ui/SocialAccountPanel.tsx","25","SocialAccountPanel","jsx-expression-literal","appId","","完整候选索引；表达式内字面量可能是接口参数，是否实际展示以文案决策表与浏览器证据为准"
"src/normalized-ui/SocialAccountPanel.tsx","25","SocialAccountPanel","jsx-expression-literal","secret","","完整候选索引；表达式内字面量可能是接口参数，是否实际展示以文案决策表与浏览器证据为准"
"src/normalized-ui/SocialAccountPanel.tsx","25","SocialAccountPanel","jsx-expression-literal","token","","完整候选索引；表达式内字面量可能是接口参数，是否实际展示以文案决策表与浏览器证据为准"
"src/normalized-ui/SocialAccountPanel.tsx","25","SocialAccountPanel","jsx-expression-literal","encodingAesKey","","完整候选索引；表达式内字面量可能是接口参数，是否实际展示以文案决策表与浏览器证据为准"
"src/normalized-ui/SocialAccountPanel.tsx","25","SocialAccountPanel","jsx-expression-literal","codeTemplateId","","完整候选索引；表达式内字面量可能是接口参数，是否实际展示以文案决策表与浏览器证据为准"
"src/normalized-ui/SocialAccountPanel.tsx","25","SocialAccountPanel","jsx-expression-literal","codeDataKey","","完整候选索引；表达式内字面量可能是接口参数，是否实际展示以文案决策表与浏览器证据为准"
"src/normalized-ui/SocialAccountPanel.tsx","25","SocialAccountPanel","jsx-expression-literal","reminderTemplateId","","完整候选索引；表达式内字面量可能是接口参数，是否实际展示以文案决策表与浏览器证据为准"
"src/normalized-ui/SocialAccountPanel.tsx","25","SocialAccountPanel","jsx-expression-literal","reminderDataKey","","完整候选索引；表达式内字面量可能是接口参数，是否实际展示以文案决策表与浏览器证据为准"
"src/normalized-ui/SocialAccountPanel.tsx","25","SocialAccountPanel","jsx-expression-literal","名称","","完整候选索引；表达式内字面量可能是接口参数，是否实际展示以文案决策表与浏览器证据为准"
"src/normalized-ui/SocialAccountPanel.tsx","25","SocialAccountPanel","jsx-expression-literal","AppID / CorpID","","完整候选索引；表达式内字面量可能是接口参数，是否实际展示以文案决策表与浏览器证据为准"
"src/normalized-ui/SocialAccountPanel.tsx","25","SocialAccountPanel","jsx-expression-literal","AppSecret / 客户联系Secret","","完整候选索引；表达式内字面量可能是接口参数，是否实际展示以文案决策表与浏览器证据为准"
"src/normalized-ui/SocialAccountPanel.tsx","25","SocialAccountPanel","jsx-expression-literal","回调Token","","完整候选索引；表达式内字面量可能是接口参数，是否实际展示以文案决策表与浏览器证据为准"
"src/normalized-ui/SocialAccountPanel.tsx","25","SocialAccountPanel","jsx-expression-literal","回调EncodingAESKey","","完整候选索引；表达式内字面量可能是接口参数，是否实际展示以文案决策表与浏览器证据为准"
"src/normalized-ui/SocialAccountPanel.tsx","25","SocialAccountPanel","jsx-expression-literal","取酒验证码订阅模板ID","板ID","完整候选索引；表达式内字面量可能是接口参数，是否实际展示以文案决策表与浏览器证据为准"
"src/normalized-ui/SocialAccountPanel.tsx","25","SocialAccountPanel","jsx-expression-literal","验证码主字段(number1)","字段","完整候选索引；表达式内字面量可能是接口参数，是否实际展示以文案决策表与浏览器证据为准"
"src/normalized-ui/SocialAccountPanel.tsx","25","SocialAccountPanel","jsx-expression-literal","存酒到期订阅模板ID","板ID","完整候选索引；表达式内字面量可能是接口参数，是否实际展示以文案决策表与浏览器证据为准"
"src/normalized-ui/SocialAccountPanel.tsx","25","SocialAccountPanel","jsx-expression-literal","提醒字段(保留)","字段","完整候选索引；表达式内字面量可能是接口参数，是否实际展示以文案决策表与浏览器证据为准"
"src/normalized-ui/SocialAccountPanel.tsx","25","SocialAccountPanel","jsx-text","启用","","完整候选索引；表达式内字面量可能是接口参数，是否实际展示以文案决策表与浏览器证据为准"
"src/normalized-ui/SocialAccountPanel.tsx","25","SocialAccountPanel","jsx-text","保存账号","","完整候选索引；表达式内字面量可能是接口参数，是否实际展示以文案决策表与浏览器证据为准"
"src/normalized-ui/SocialAccountPanel.tsx","25","SocialAccountPanel","jsx-text","清空并新增","","完整候选索引；表达式内字面量可能是接口参数，是否实际展示以文案决策表与浏览器证据为准"
"src/normalized-ui/SocialAccountPanel.tsx","26","SocialAccountPanel","jsx-text","专属卡配置","","完整候选索引；表达式内字面量可能是接口参数，是否实际展示以文案决策表与浏览器证据为准"
"src/normalized-ui/SocialAccountPanel.tsx","26","SocialAccountPanel","jsx-text","选择卡项目","","完整候选索引；表达式内字面量可能是接口参数，是否实际展示以文案决策表与浏览器证据为准"
"src/normalized-ui/SocialAccountPanel.tsx","26","SocialAccountPanel","jsx-text","请选择已有卡项目","","完整候选索引；表达式内字面量可能是接口参数，是否实际展示以文案决策表与浏览器证据为准"
"src/normalized-ui/SocialAccountPanel.tsx","27","SocialAccountPanel","feedback","双条件门槛已保存；项目开放后缺少任一条件即失效。","","完整候选索引；表达式内字面量可能是接口参数，是否实际展示以文案决策表与浏览器证据为准"
"src/normalized-ui/SocialAccountPanel.tsx","27","SocialAccountPanel","jsx-text","艺人 / IP名称","","完整候选索引；表达式内字面量可能是接口参数，是否实际展示以文案决策表与浏览器证据为准"
"src/normalized-ui/SocialAccountPanel.tsx","27","SocialAccountPanel","jsx-text","图标地址","","完整候选索引；表达式内字面量可能是接口参数，是否实际展示以文案决策表与浏览器证据为准"
"src/normalized-ui/SocialAccountPanel.tsx","27","SocialAccountPanel","jsx-text","绑定服务号","","完整候选索引；表达式内字面量可能是接口参数，是否实际展示以文案决策表与浏览器证据为准"
"src/normalized-ui/SocialAccountPanel.tsx","27","SocialAccountPanel","jsx-text","请选择","","完整候选索引；表达式内字面量可能是接口参数，是否实际展示以文案决策表与浏览器证据为准"
"src/normalized-ui/SocialAccountPanel.tsx","27","SocialAccountPanel","jsx-expression-literal","service_account","","完整候选索引；表达式内字面量可能是接口参数，是否实际展示以文案决策表与浏览器证据为准"
"src/normalized-ui/SocialAccountPanel.tsx","27","SocialAccountPanel","jsx-text","绑定企业微信","","完整候选索引；表达式内字面量可能是接口参数，是否实际展示以文案决策表与浏览器证据为准"
"src/normalized-ui/SocialAccountPanel.tsx","27","SocialAccountPanel","jsx-text","请选择","","完整候选索引；表达式内字面量可能是接口参数，是否实际展示以文案决策表与浏览器证据为准"
"src/normalized-ui/SocialAccountPanel.tsx","27","SocialAccountPanel","jsx-expression-literal","wecom","","完整候选索引；表达式内字面量可能是接口参数，是否实际展示以文案决策表与浏览器证据为准"
"src/normalized-ui/SocialAccountPanel.tsx","27","SocialAccountPanel","jsx-text","条件恢复后自动恢复（人工撤销不恢复）","","完整候选索引；表达式内字面量可能是接口参数，是否实际展示以文案决策表与浏览器证据为准"
"src/normalized-ui/SocialAccountPanel.tsx","27","SocialAccountPanel","jsx-text","保存草稿加入门槛","","完整候选索引；表达式内字面量可能是接口参数，是否实际展示以文案决策表与浏览器证据为准"
"src/normalized-ui/SocialAccountPanel.tsx","28","SocialAccountPanel","jsx-text","专属菜单增量","","完整候选索引；表达式内字面量可能是接口参数，是否实际展示以文案决策表与浏览器证据为准"
"src/normalized-ui/SocialAccountPanel.tsx","28","SocialAccountPanel","jsx-text","公共商品保持对所有人可见。专属增量请从商品管理新增非公共单品或套餐，可配持卡价；多卡取最低价，与优惠券等其他优惠互斥。公共商品配置持卡价时请取消“仅持卡可见”。","","完整候选索引；表达式内字面量可能是接口参数，是否实际展示以文案决策表与浏览器证据为准"
"src/normalized-ui/SocialAccountPanel.tsx","28","SocialAccountPanel","jsx-expression-literal","上架","","完整候选索引；表达式内字面量可能是接口参数，是否实际展示以文案决策表与浏览器证据为准"
"src/normalized-ui/SocialAccountPanel.tsx","28","SocialAccountPanel","jsx-expression-literal","下架","","完整候选索引；表达式内字面量可能是接口参数，是否实际展示以文案决策表与浏览器证据为准"
"src/normalized-ui/SocialAccountPanel.tsx","28","SocialAccountPanel","jsx-text","· 排序","","完整候选索引；表达式内字面量可能是接口参数，是否实际展示以文案决策表与浏览器证据为准"
"src/normalized-ui/SocialAccountPanel.tsx","28","SocialAccountPanel","jsx-text","编辑","","完整候选索引；表达式内字面量可能是接口参数，是否实际展示以文案决策表与浏览器证据为准"
"src/normalized-ui/SocialAccountPanel.tsx","28","SocialAccountPanel","feedback","专属项已从本卡移除，历史订单保留","","完整候选索引；表达式内字面量可能是接口参数，是否实际展示以文案决策表与浏览器证据为准"
"src/normalized-ui/SocialAccountPanel.tsx","28","SocialAccountPanel","jsx-text","移除此项","","完整候选索引；表达式内字面量可能是接口参数，是否实际展示以文案决策表与浏览器证据为准"
"src/normalized-ui/SocialAccountPanel.tsx","28","SocialAccountPanel","feedback","专属菜单已保存","","完整候选索引；表达式内字面量可能是接口参数，是否实际展示以文案决策表与浏览器证据为准"
"src/normalized-ui/SocialAccountPanel.tsx","28","SocialAccountPanel","jsx-text","选择商品","","完整候选索引；表达式内字面量可能是接口参数，是否实际展示以文案决策表与浏览器证据为准"
"src/normalized-ui/SocialAccountPanel.tsx","28","SocialAccountPanel","jsx-text","请选择专属商品","","完整候选索引；表达式内字面量可能是接口参数，是否实际展示以文案决策表与浏览器证据为准"
"src/normalized-ui/SocialAccountPanel.tsx","28","SocialAccountPanel","jsx-text","持卡价（元，留空沿用标准价）","","完整候选索引；表达式内字面量可能是接口参数，是否实际展示以文案决策表与浏览器证据为准"
"src/normalized-ui/SocialAccountPanel.tsx","28","SocialAccountPanel","jsx-text","仅持卡可见的增量商品","","完整候选索引；表达式内字面量可能是接口参数，是否实际展示以文案决策表与浏览器证据为准"
"src/normalized-ui/SocialAccountPanel.tsx","28","SocialAccountPanel","jsx-text","显示排序","","完整候选索引；表达式内字面量可能是接口参数，是否实际展示以文案决策表与浏览器证据为准"
"src/normalized-ui/SocialAccountPanel.tsx","28","SocialAccountPanel","jsx-text","上架","","完整候选索引；表达式内字面量可能是接口参数，是否实际展示以文案决策表与浏览器证据为准"
"src/normalized-ui/SocialAccountPanel.tsx","28","SocialAccountPanel","jsx-text","保存专属项","","完整候选索引；表达式内字面量可能是接口参数，是否实际展示以文案决策表与浏览器证据为准"
"src/normalized-ui/SocialAccountPanel.tsx","29","SocialAccountPanel","jsx-text","最近100条平台回调处理记录","","完整候选索引；表达式内字面量可能是接口参数，是否实际展示以文案决策表与浏览器证据为准"
"src/normalized-ui/SocialAccountPanel.tsx","29","SocialAccountPanel","jsx-expression-literal","zh-CN","","完整候选索引；表达式内字面量可能是接口参数，是否实际展示以文案决策表与浏览器证据为准"
"src/normalized-ui/SocialAccountPanel.tsx","29","SocialAccountPanel","jsx-expression-literal","failed","","完整候选索引；表达式内字面量可能是接口参数，是否实际展示以文案决策表与浏览器证据为准"
"src/normalized-ui/SocialAccountPanel.tsx","29","SocialAccountPanel","feedback","已登记重新处理，可刷新核对结果","","完整候选索引；表达式内字面量可能是接口参数，是否实际展示以文案决策表与浏览器证据为准"
"src/normalized-ui/SocialAccountPanel.tsx","29","SocialAccountPanel","jsx-text","重新处理","","完整候选索引；表达式内字面量可能是接口参数，是否实际展示以文案决策表与浏览器证据为准"
"src/normalized-ui/SocialBroadcastPanel.tsx","37","action","display-definition","安排服务号群发","","完整候选索引；表达式内字面量可能是接口参数，是否实际展示以文案决策表与浏览器证据为准"
"src/normalized-ui/SocialBroadcastPanel.tsx","43","saveDraft","feedback","请选择服务号","","完整候选索引；表达式内字面量可能是接口参数，是否实际展示以文案决策表与浏览器证据为准"
"src/normalized-ui/SocialBroadcastPanel.tsx","47","saveDraft","display-definition","保存并安排服务号群发","","完整候选索引；表达式内字面量可能是接口参数，是否实际展示以文案决策表与浏览器证据为准"
"src/normalized-ui/SocialBroadcastPanel.tsx","57","SocialBroadcastPanel","jsx-text","服务号活动群发","","完整候选索引；表达式内字面量可能是接口参数，是否实际展示以文案决策表与浏览器证据为准"
"src/normalized-ui/SocialBroadcastPanel.tsx","57","SocialBroadcastPanel","jsx-text","范围为服务号全部关注者，使用公众号群发渠道。保存草稿后可预览并安排发送；也可直接保存并安排。平台配额与最终送达以微信回执为准。","回执","完整候选索引；表达式内字面量可能是接口参数，是否实际展示以文案决策表与浏览器证据为准"
"src/normalized-ui/SocialBroadcastPanel.tsx","57","SocialBroadcastPanel","jsx-text","刷新状态","","完整候选索引；表达式内字面量可能是接口参数，是否实际展示以文案决策表与浏览器证据为准"
"src/normalized-ui/SocialBroadcastPanel.tsx","58","SocialBroadcastPanel","jsx-text","当前没有可选服务号。请先在本页下方「服务号、企业微信与专属卡」保存并启用服务号，再点「刷新状态」。","","完整候选索引；表达式内字面量可能是接口参数，是否实际展示以文案决策表与浏览器证据为准"
"src/normalized-ui/SocialBroadcastPanel.tsx","60","SocialBroadcastPanel","jsx-text","服务号","","完整候选索引；表达式内字面量可能是接口参数，是否实际展示以文案决策表与浏览器证据为准"
"src/normalized-ui/SocialBroadcastPanel.tsx","60","SocialBroadcastPanel","jsx-text","请选择","","完整候选索引；表达式内字面量可能是接口参数，是否实际展示以文案决策表与浏览器证据为准"
"src/normalized-ui/SocialBroadcastPanel.tsx","60","SocialBroadcastPanel","jsx-expression-literal","（未启用）","","完整候选索引；表达式内字面量可能是接口参数，是否实际展示以文案决策表与浏览器证据为准"
"src/normalized-ui/SocialBroadcastPanel.tsx","61","SocialBroadcastPanel","jsx-text","任务名称","","完整候选索引；表达式内字面量可能是接口参数，是否实际展示以文案决策表与浏览器证据为准"
"src/normalized-ui/SocialBroadcastPanel.tsx","62","SocialBroadcastPanel","jsx-text","发送日期","","完整候选索引；表达式内字面量可能是接口参数，是否实际展示以文案决策表与浏览器证据为准"
"src/normalized-ui/SocialBroadcastPanel.tsx","63","SocialBroadcastPanel","jsx-text","发送时间","","完整候选索引；表达式内字面量可能是接口参数，是否实际展示以文案决策表与浏览器证据为准"
"src/normalized-ui/SocialBroadcastPanel.tsx","64","SocialBroadcastPanel","jsx-text","群发内容","","完整候选索引；表达式内字面量可能是接口参数，是否实际展示以文案决策表与浏览器证据为准"
"src/normalized-ui/SocialBroadcastPanel.tsx","66","SocialBroadcastPanel","jsx-text","保存群发草稿","","完整候选索引；表达式内字面量可能是接口参数，是否实际展示以文案决策表与浏览器证据为准"
"src/normalized-ui/SocialBroadcastPanel.tsx","67","SocialBroadcastPanel","jsx-text","保存并安排发送","","完整候选索引；表达式内字面量可能是接口参数，是否实际展示以文案决策表与浏览器证据为准"
"src/normalized-ui/SocialBroadcastPanel.tsx","69","SocialBroadcastPanel","jsx-expression-literal","zh-CN","","完整候选索引；表达式内字面量可能是接口参数，是否实际展示以文案决策表与浏览器证据为准"
"src/normalized-ui/SocialBroadcastPanel.tsx","69","SocialBroadcastPanel","jsx-text","平台回执：","回执","完整候选索引；表达式内字面量可能是接口参数，是否实际展示以文案决策表与浏览器证据为准"
"src/normalized-ui/SocialBroadcastPanel.tsx","69","SocialBroadcastPanel","jsx-text","结果代码：","","完整候选索引；表达式内字面量可能是接口参数，是否实际展示以文案决策表与浏览器证据为准"
"src/normalized-ui/SocialBroadcastPanel.tsx","69","SocialBroadcastPanel","jsx-expression-literal","draft","","完整候选索引；表达式内字面量可能是接口参数，是否实际展示以文案决策表与浏览器证据为准"
"src/normalized-ui/SocialBroadcastPanel.tsx","69","SocialBroadcastPanel","jsx-text","预览并安排发送","","完整候选索引；表达式内字面量可能是接口参数，是否实际展示以文案决策表与浏览器证据为准"
"src/normalized-ui/SocialBroadcastPanel.tsx","69","SocialBroadcastPanel","jsx-expression-literal","draft","","完整候选索引；表达式内字面量可能是接口参数，是否实际展示以文案决策表与浏览器证据为准"
"src/normalized-ui/SocialBroadcastPanel.tsx","69","SocialBroadcastPanel","jsx-expression-literal","scheduled","","完整候选索引；表达式内字面量可能是接口参数，是否实际展示以文案决策表与浏览器证据为准"
"src/normalized-ui/SocialBroadcastPanel.tsx","69","SocialBroadcastPanel","jsx-text","取消任务","","完整候选索引；表达式内字面量可能是接口参数，是否实际展示以文案决策表与浏览器证据为准"
"src/normalized-ui/SocialBroadcastPanel.tsx","70","SocialBroadcastPanel","jsx-text","加载更早任务","","完整候选索引；表达式内字面量可能是接口参数，是否实际展示以文案决策表与浏览器证据为准"
"src/normalized-ui/StackingPricePreviewPanel.tsx","91","decide","display-definition","确认叠加规则操作","","完整候选索引；表达式内字面量可能是接口参数，是否实际展示以文案决策表与浏览器证据为准"
"src/normalized-ui/StackingPricePreviewPanel.tsx","94","decide","feedback","决定已保存；不会改变已发券的原承诺。","","完整候选索引；表达式内字面量可能是接口参数，是否实际展示以文案决策表与浏览器证据为准"
"src/normalized-ui/StackingPricePreviewPanel.tsx","117","StackingPricePreviewPanel","jsx-text","优惠叠加规则试算","","完整候选索引；表达式内字面量可能是接口参数，是否实际展示以文案决策表与浏览器证据为准"
"src/normalized-ui/StackingPricePreviewPanel.tsx","118","StackingPricePreviewPanel","jsx-text","试算使用模拟数据。保存新增不可变草稿；审核和发布由不同授权员工完成。发布规则本身不发券、不改变既有订单。成本为空时不按零成本估算毛利。","","完整候选索引；表达式内字面量可能是接口参数，是否实际展示以文案决策表与浏览器证据为准"
"src/normalized-ui/StackingPricePreviewPanel.tsx","119","StackingPricePreviewPanel","jsx-text","读取最近50个草稿版本","","完整候选索引；表达式内字面量可能是接口参数，是否实际展示以文案决策表与浏览器证据为准"
"src/normalized-ui/StackingPricePreviewPanel.tsx","120","StackingPricePreviewPanel","jsx-text","选择版本","","完整候选索引；表达式内字面量可能是接口参数，是否实际展示以文案决策表与浏览器证据为准"
"src/normalized-ui/StackingPricePreviewPanel.tsx","120","StackingPricePreviewPanel","jsx-text","选择后载入叠加规则","","完整候选索引；表达式内字面量可能是接口参数，是否实际展示以文案决策表与浏览器证据为准"
"src/normalized-ui/StackingPricePreviewPanel.tsx","120","StackingPricePreviewPanel","jsx-text","· 第","","完整候选索引；表达式内字面量可能是接口参数，是否实际展示以文案决策表与浏览器证据为准"
"src/normalized-ui/StackingPricePreviewPanel.tsx","120","StackingPricePreviewPanel","jsx-text","版（","","完整候选索引；表达式内字面量可能是接口参数，是否实际展示以文案决策表与浏览器证据为准"
"src/normalized-ui/StackingPricePreviewPanel.tsx","120","StackingPricePreviewPanel","jsx-expression-literal","草稿","","完整候选索引；表达式内字面量可能是接口参数，是否实际展示以文案决策表与浏览器证据为准"
"src/normalized-ui/StackingPricePreviewPanel.tsx","120","StackingPricePreviewPanel","jsx-expression-literal","已审核","","完整候选索引；表达式内字面量可能是接口参数，是否实际展示以文案决策表与浏览器证据为准"
"src/normalized-ui/StackingPricePreviewPanel.tsx","120","StackingPricePreviewPanel","jsx-expression-literal","已发布","","完整候选索引；表达式内字面量可能是接口参数，是否实际展示以文案决策表与浏览器证据为准"
"src/normalized-ui/StackingPricePreviewPanel.tsx","120","StackingPricePreviewPanel","jsx-expression-literal","已停发","","完整候选索引；表达式内字面量可能是接口参数，是否实际展示以文案决策表与浏览器证据为准"
"src/normalized-ui/StackingPricePreviewPanel.tsx","121","StackingPricePreviewPanel","jsx-text","配置与模拟数据","","完整候选索引；表达式内字面量可能是接口参数，是否实际展示以文案决策表与浏览器证据为准"
"src/normalized-ui/StackingPricePreviewPanel.tsx","123","StackingPricePreviewPanel","jsx-expression-literal","一份商品原价","","完整候选索引；表达式内字面量可能是接口参数，是否实际展示以文案决策表与浏览器证据为准"
"src/normalized-ui/StackingPricePreviewPanel.tsx","123","StackingPricePreviewPanel","jsx-expression-literal","price","","完整候选索引；表达式内字面量可能是接口参数，是否实际展示以文案决策表与浏览器证据为准"
"src/normalized-ui/StackingPricePreviewPanel.tsx","123","StackingPricePreviewPanel","jsx-expression-literal","该份实际成本（可留空）","","完整候选索引；表达式内字面量可能是接口参数，是否实际展示以文案决策表与浏览器证据为准"
"src/normalized-ui/StackingPricePreviewPanel.tsx","123","StackingPricePreviewPanel","jsx-expression-literal","cost","","完整候选索引；表达式内字面量可能是接口参数，是否实际展示以文案决策表与浏览器证据为准"
"src/normalized-ui/StackingPricePreviewPanel.tsx","124","StackingPricePreviewPanel","jsx-text","券的方式","","完整候选索引；表达式内字面量可能是接口参数，是否实际展示以文案决策表与浏览器证据为准"
"src/normalized-ui/StackingPricePreviewPanel.tsx","124","StackingPricePreviewPanel","jsx-text","固定兑换价","","完整候选索引；表达式内字面量可能是接口参数，是否实际展示以文案决策表与浏览器证据为准"
"src/normalized-ui/StackingPricePreviewPanel.tsx","124","StackingPricePreviewPanel","jsx-text","减免金额","","完整候选索引；表达式内字面量可能是接口参数，是否实际展示以文案决策表与浏览器证据为准"
"src/normalized-ui/StackingPricePreviewPanel.tsx","124","StackingPricePreviewPanel","jsx-text","应付比例折扣","","完整候选索引；表达式内字面量可能是接口参数，是否实际展示以文案决策表与浏览器证据为准"
"src/normalized-ui/StackingPricePreviewPanel.tsx","124","StackingPricePreviewPanel","jsx-text","免费一份","","完整候选索引；表达式内字面量可能是接口参数，是否实际展示以文案决策表与浏览器证据为准"
"src/normalized-ui/StackingPricePreviewPanel.tsx","125","StackingPricePreviewPanel","jsx-expression-literal","free","","完整候选索引；表达式内字面量可能是接口参数，是否实际展示以文案决策表与浏览器证据为准"
"src/normalized-ui/StackingPricePreviewPanel.tsx","125","StackingPricePreviewPanel","jsx-expression-literal","rate","","完整候选索引；表达式内字面量可能是接口参数，是否实际展示以文案决策表与浏览器证据为准"
"src/normalized-ui/StackingPricePreviewPanel.tsx","125","StackingPricePreviewPanel","jsx-expression-literal","券后应付比例","","完整候选索引；表达式内字面量可能是接口参数，是否实际展示以文案决策表与浏览器证据为准"
"src/normalized-ui/StackingPricePreviewPanel.tsx","125","StackingPricePreviewPanel","jsx-expression-literal","fixed_price","","完整候选索引；表达式内字面量可能是接口参数，是否实际展示以文案决策表与浏览器证据为准"
"src/normalized-ui/StackingPricePreviewPanel.tsx","125","StackingPricePreviewPanel","jsx-expression-literal","兑换价","","完整候选索引；表达式内字面量可能是接口参数，是否实际展示以文案决策表与浏览器证据为准"
"src/normalized-ui/StackingPricePreviewPanel.tsx","125","StackingPricePreviewPanel","jsx-expression-literal","减免金额","","完整候选索引；表达式内字面量可能是接口参数，是否实际展示以文案决策表与浏览器证据为准"
"src/normalized-ui/StackingPricePreviewPanel.tsx","125","StackingPricePreviewPanel","jsx-expression-literal","couponValue","","完整候选索引；表达式内字面量可能是接口参数，是否实际展示以文案决策表与浏览器证据为准"
"src/normalized-ui/StackingPricePreviewPanel.tsx","125","StackingPricePreviewPanel","jsx-expression-literal","rate","","完整候选索引；表达式内字面量可能是接口参数，是否实际展示以文案决策表与浏览器证据为准"
"src/normalized-ui/StackingPricePreviewPanel.tsx","127","StackingPricePreviewPanel","jsx-text","允许叠加（本次试算同时应用）","","完整候选索引；表达式内字面量可能是接口参数，是否实际展示以文案决策表与浏览器证据为准"
"src/normalized-ui/StackingPricePreviewPanel.tsx","128","StackingPricePreviewPanel","jsx-expression-literal","member","","完整候选索引；表达式内字面量可能是接口参数，是否实际展示以文案决策表与浏览器证据为准"
"src/normalized-ui/StackingPricePreviewPanel.tsx","128","StackingPricePreviewPanel","jsx-expression-literal","bundle","","完整候选索引；表达式内字面量可能是接口参数，是否实际展示以文案决策表与浏览器证据为准"
"src/normalized-ui/StackingPricePreviewPanel.tsx","128","StackingPricePreviewPanel","jsx-expression-literal","other","","完整候选索引；表达式内字面量可能是接口参数，是否实际展示以文案决策表与浏览器证据为准"
"src/normalized-ui/StackingPricePreviewPanel.tsx","128","StackingPricePreviewPanel","jsx-expression-literal","points","","完整候选索引；表达式内字面量可能是接口参数，是否实际展示以文案决策表与浏览器证据为准"
"src/normalized-ui/StackingPricePreviewPanel.tsx","128","StackingPricePreviewPanel","jsx-expression-literal","会员价","","完整候选索引；表达式内字面量可能是接口参数，是否实际展示以文案决策表与浏览器证据为准"
"src/normalized-ui/StackingPricePreviewPanel.tsx","128","StackingPricePreviewPanel","jsx-expression-literal","套餐价商品","","完整候选索引；表达式内字面量可能是接口参数，是否实际展示以文案决策表与浏览器证据为准"
"src/normalized-ui/StackingPricePreviewPanel.tsx","128","StackingPricePreviewPanel","jsx-expression-literal","其他券","","完整候选索引；表达式内字面量可能是接口参数，是否实际展示以文案决策表与浏览器证据为准"
"src/normalized-ui/StackingPricePreviewPanel.tsx","128","StackingPricePreviewPanel","jsx-expression-literal","积分","","完整候选索引；表达式内字面量可能是接口参数，是否实际展示以文案决策表与浏览器证据为准"
"src/normalized-ui/StackingPricePreviewPanel.tsx","130","StackingPricePreviewPanel","jsx-text","允许此券用于已确认升级后的套餐（仍须校验全部叠加规则）","","完整候选索引；表达式内字面量可能是接口参数，是否实际展示以文案决策表与浏览器证据为准"
"src/normalized-ui/StackingPricePreviewPanel.tsx","132","StackingPricePreviewPanel","jsx-expression-literal","会员应付比例（九折填90）","","完整候选索引；表达式内字面量可能是接口参数，是否实际展示以文案决策表与浏览器证据为准"
"src/normalized-ui/StackingPricePreviewPanel.tsx","132","StackingPricePreviewPanel","jsx-expression-literal","memberRate","","完整候选索引；表达式内字面量可能是接口参数，是否实际展示以文案决策表与浏览器证据为准"
"src/normalized-ui/StackingPricePreviewPanel.tsx","133","StackingPricePreviewPanel","jsx-expression-literal","第二张券减免","","完整候选索引；表达式内字面量可能是接口参数，是否实际展示以文案决策表与浏览器证据为准"
"src/normalized-ui/StackingPricePreviewPanel.tsx","133","StackingPricePreviewPanel","jsx-expression-literal","second","","完整候选索引；表达式内字面量可能是接口参数，是否实际展示以文案决策表与浏览器证据为准"
"src/normalized-ui/StackingPricePreviewPanel.tsx","133","StackingPricePreviewPanel","jsx-expression-literal","第二张券减免","","完整候选索引；表达式内字面量可能是接口参数，是否实际展示以文案决策表与浏览器证据为准"
"src/normalized-ui/StackingPricePreviewPanel.tsx","133","StackingPricePreviewPanel","jsx-expression-literal","second","","完整候选索引；表达式内字面量可能是接口参数，是否实际展示以文案决策表与浏览器证据为准"
"src/normalized-ui/StackingPricePreviewPanel.tsx","133","StackingPricePreviewPanel","jsx-text","最多用券数","","完整候选索引；表达式内字面量可能是接口参数，是否实际展示以文案决策表与浏览器证据为准"
"src/normalized-ui/StackingPricePreviewPanel.tsx","134","StackingPricePreviewPanel","jsx-expression-literal","积分折算抵扣金额","","完整候选索引；表达式内字面量可能是接口参数，是否实际展示以文案决策表与浏览器证据为准"
"src/normalized-ui/StackingPricePreviewPanel.tsx","134","StackingPricePreviewPanel","jsx-expression-literal","pointsAmount","","完整候选索引；表达式内字面量可能是接口参数，是否实际展示以文案决策表与浏览器证据为准"
"src/normalized-ui/StackingPricePreviewPanel.tsx","135","StackingPricePreviewPanel","jsx-text","计算顺序","","完整候选索引；表达式内字面量可能是接口参数，是否实际展示以文案决策表与浏览器证据为准"
"src/normalized-ui/StackingPricePreviewPanel.tsx","136","StackingPricePreviewPanel","jsx-expression-literal","优惠上限（空为不设）","","完整候选索引；表达式内字面量可能是接口参数，是否实际展示以文案决策表与浏览器证据为准"
"src/normalized-ui/StackingPricePreviewPanel.tsx","136","StackingPricePreviewPanel","jsx-expression-literal","maximum","","完整候选索引；表达式内字面量可能是接口参数，是否实际展示以文案决策表与浏览器证据为准"
"src/normalized-ui/StackingPricePreviewPanel.tsx","136","StackingPricePreviewPanel","jsx-expression-literal","最低实付","","完整候选索引；表达式内字面量可能是接口参数，是否实际展示以文案决策表与浏览器证据为准"
"src/normalized-ui/StackingPricePreviewPanel.tsx","136","StackingPricePreviewPanel","jsx-expression-literal","minimum","","完整候选索引；表达式内字面量可能是接口参数，是否实际展示以文案决策表与浏览器证据为准"
"src/normalized-ui/StackingPricePreviewPanel.tsx","138","StackingPricePreviewPanel","jsx-expression-literal","正在读取…","","完整候选索引；表达式内字面量可能是接口参数，是否实际展示以文案决策表与浏览器证据为准"
"src/normalized-ui/StackingPricePreviewPanel.tsx","138","StackingPricePreviewPanel","jsx-expression-literal","服务端试算","服务端","完整候选索引；表达式内字面量可能是接口参数，是否实际展示以文案决策表与浏览器证据为准"
"src/normalized-ui/StackingPricePreviewPanel.tsx","139","StackingPricePreviewPanel","jsx-expression-literal","loyalty.configuration.edit","","完整候选索引；表达式内字面量可能是接口参数，是否实际展示以文案决策表与浏览器证据为准"
"src/normalized-ui/StackingPricePreviewPanel.tsx","139","StackingPricePreviewPanel","jsx-text","规则编号","","完整候选索引；表达式内字面量可能是接口参数，是否实际展示以文案决策表与浏览器证据为准"
"src/normalized-ui/StackingPricePreviewPanel.tsx","139","StackingPricePreviewPanel","jsx-text","修改原因","","完整候选索引；表达式内字面量可能是接口参数，是否实际展示以文案决策表与浏览器证据为准"
"src/normalized-ui/StackingPricePreviewPanel.tsx","139","StackingPricePreviewPanel","jsx-expression-literal","正在保存…","","完整候选索引；表达式内字面量可能是接口参数，是否实际展示以文案决策表与浏览器证据为准"
"src/normalized-ui/StackingPricePreviewPanel.tsx","139","StackingPricePreviewPanel","jsx-template-text","保存为第","","完整候选索引；表达式内字面量可能是接口参数，是否实际展示以文案决策表与浏览器证据为准"
"src/normalized-ui/StackingPricePreviewPanel.tsx","139","StackingPricePreviewPanel","jsx-template-text","版草稿","","完整候选索引；表达式内字面量可能是接口参数，是否实际展示以文案决策表与浏览器证据为准"
"src/normalized-ui/StackingPricePreviewPanel.tsx","141","StackingPricePreviewPanel","attribute:aria-label","已保存规则审核","","完整候选索引；表达式内字面量可能是接口参数，是否实际展示以文案决策表与浏览器证据为准"
"src/normalized-ui/StackingPricePreviewPanel.tsx","141","StackingPricePreviewPanel","jsx-text","· 第","","完整候选索引；表达式内字面量可能是接口参数，是否实际展示以文案决策表与浏览器证据为准"
"src/normalized-ui/StackingPricePreviewPanel.tsx","141","StackingPricePreviewPanel","jsx-text","版（已保存内容）","","完整候选索引；表达式内字面量可能是接口参数，是否实际展示以文案决策表与浏览器证据为准"
"src/normalized-ui/StackingPricePreviewPanel.tsx","141","StackingPricePreviewPanel","jsx-text","会员价：","","完整候选索引；表达式内字面量可能是接口参数，是否实际展示以文案决策表与浏览器证据为准"
"src/normalized-ui/StackingPricePreviewPanel.tsx","141","StackingPricePreviewPanel","jsx-expression-literal","允许","","完整候选索引；表达式内字面量可能是接口参数，是否实际展示以文案决策表与浏览器证据为准"
"src/normalized-ui/StackingPricePreviewPanel.tsx","141","StackingPricePreviewPanel","jsx-expression-literal","禁止","","完整候选索引；表达式内字面量可能是接口参数，是否实际展示以文案决策表与浏览器证据为准"
"src/normalized-ui/StackingPricePreviewPanel.tsx","141","StackingPricePreviewPanel","jsx-text","；套餐价：","","完整候选索引；表达式内字面量可能是接口参数，是否实际展示以文案决策表与浏览器证据为准"
"src/normalized-ui/StackingPricePreviewPanel.tsx","141","StackingPricePreviewPanel","jsx-expression-literal","允许","","完整候选索引；表达式内字面量可能是接口参数，是否实际展示以文案决策表与浏览器证据为准"
"src/normalized-ui/StackingPricePreviewPanel.tsx","141","StackingPricePreviewPanel","jsx-expression-literal","禁止","","完整候选索引；表达式内字面量可能是接口参数，是否实际展示以文案决策表与浏览器证据为准"
"src/normalized-ui/StackingPricePreviewPanel.tsx","141","StackingPricePreviewPanel","jsx-text","；升级：","","完整候选索引；表达式内字面量可能是接口参数，是否实际展示以文案决策表与浏览器证据为准"
"src/normalized-ui/StackingPricePreviewPanel.tsx","141","StackingPricePreviewPanel","jsx-expression-literal","允许","","完整候选索引；表达式内字面量可能是接口参数，是否实际展示以文案决策表与浏览器证据为准"
"src/normalized-ui/StackingPricePreviewPanel.tsx","141","StackingPricePreviewPanel","jsx-expression-literal","禁止","","完整候选索引；表达式内字面量可能是接口参数，是否实际展示以文案决策表与浏览器证据为准"
"src/normalized-ui/StackingPricePreviewPanel.tsx","141","StackingPricePreviewPanel","jsx-text","；其他券：","","完整候选索引；表达式内字面量可能是接口参数，是否实际展示以文案决策表与浏览器证据为准"
"src/normalized-ui/StackingPricePreviewPanel.tsx","141","StackingPricePreviewPanel","jsx-expression-literal","允许","","完整候选索引；表达式内字面量可能是接口参数，是否实际展示以文案决策表与浏览器证据为准"
"src/normalized-ui/StackingPricePreviewPanel.tsx","141","StackingPricePreviewPanel","jsx-expression-literal","禁止","","完整候选索引；表达式内字面量可能是接口参数，是否实际展示以文案决策表与浏览器证据为准"
"src/normalized-ui/StackingPricePreviewPanel.tsx","141","StackingPricePreviewPanel","jsx-text","；积分：","","完整候选索引；表达式内字面量可能是接口参数，是否实际展示以文案决策表与浏览器证据为准"
"src/normalized-ui/StackingPricePreviewPanel.tsx","141","StackingPricePreviewPanel","jsx-expression-literal","允许","","完整候选索引；表达式内字面量可能是接口参数，是否实际展示以文案决策表与浏览器证据为准"
"src/normalized-ui/StackingPricePreviewPanel.tsx","141","StackingPricePreviewPanel","jsx-expression-literal","禁止","","完整候选索引；表达式内字面量可能是接口参数，是否实际展示以文案决策表与浏览器证据为准"
"src/normalized-ui/StackingPricePreviewPanel.tsx","141","StackingPricePreviewPanel","jsx-text","最多","","完整候选索引；表达式内字面量可能是接口参数，是否实际展示以文案决策表与浏览器证据为准"
"src/normalized-ui/StackingPricePreviewPanel.tsx","141","StackingPricePreviewPanel","jsx-text","张券；顺序：","","完整候选索引；表达式内字面量可能是接口参数，是否实际展示以文案决策表与浏览器证据为准"
"src/normalized-ui/StackingPricePreviewPanel.tsx","141","StackingPricePreviewPanel","jsx-text","；优惠上限：","","完整候选索引；表达式内字面量可能是接口参数，是否实际展示以文案决策表与浏览器证据为准"
"src/normalized-ui/StackingPricePreviewPanel.tsx","141","StackingPricePreviewPanel","jsx-expression-literal","不设","","完整候选索引；表达式内字面量可能是接口参数，是否实际展示以文案决策表与浏览器证据为准"
"src/normalized-ui/StackingPricePreviewPanel.tsx","141","StackingPricePreviewPanel","jsx-text","；最低实付：","","完整候选索引；表达式内字面量可能是接口参数，是否实际展示以文案决策表与浏览器证据为准"
"src/normalized-ui/StackingPricePreviewPanel.tsx","142","StackingPricePreviewPanel","jsx-text","审核／发布／停发原因","","完整候选索引；表达式内字面量可能是接口参数，是否实际展示以文案决策表与浏览器证据为准"
"src/normalized-ui/StackingPricePreviewPanel.tsx","143","StackingPricePreviewPanel","jsx-expression-literal","draft","","完整候选索引；表达式内字面量可能是接口参数，是否实际展示以文案决策表与浏览器证据为准"
"src/normalized-ui/StackingPricePreviewPanel.tsx","143","StackingPricePreviewPanel","jsx-expression-literal","loyalty.configuration.approve","","完整候选索引；表达式内字面量可能是接口参数，是否实际展示以文案决策表与浏览器证据为准"
"src/normalized-ui/StackingPricePreviewPanel.tsx","143","StackingPricePreviewPanel","jsx-text","审核已保存版本","","完整候选索引；表达式内字面量可能是接口参数，是否实际展示以文案决策表与浏览器证据为准"
"src/normalized-ui/StackingPricePreviewPanel.tsx","144","StackingPricePreviewPanel","jsx-expression-literal","approved","","完整候选索引；表达式内字面量可能是接口参数，是否实际展示以文案决策表与浏览器证据为准"
"src/normalized-ui/StackingPricePreviewPanel.tsx","144","StackingPricePreviewPanel","jsx-expression-literal","approve","","完整候选索引；表达式内字面量可能是接口参数，是否实际展示以文案决策表与浏览器证据为准"
"src/normalized-ui/StackingPricePreviewPanel.tsx","144","StackingPricePreviewPanel","jsx-expression-literal","loyalty.policy.publish","","完整候选索引；表达式内字面量可能是接口参数，是否实际展示以文案决策表与浏览器证据为准"
"src/normalized-ui/StackingPricePreviewPanel.tsx","144","StackingPricePreviewPanel","jsx-text","发布已审核版本","","完整候选索引；表达式内字面量可能是接口参数，是否实际展示以文案决策表与浏览器证据为准"
"src/normalized-ui/StackingPricePreviewPanel.tsx","145","StackingPricePreviewPanel","jsx-expression-literal","published","","完整候选索引；表达式内字面量可能是接口参数，是否实际展示以文案决策表与浏览器证据为准"
"src/normalized-ui/StackingPricePreviewPanel.tsx","145","StackingPricePreviewPanel","jsx-expression-literal","loyalty.policy.publish","","完整候选索引；表达式内字面量可能是接口参数，是否实际展示以文案决策表与浏览器证据为准"
"src/normalized-ui/StackingPricePreviewPanel.tsx","145","StackingPricePreviewPanel","jsx-text","停止新发券使用","","完整候选索引；表达式内字面量可能是接口参数，是否实际展示以文案决策表与浏览器证据为准"
"src/normalized-ui/StackingPricePreviewPanel.tsx","149","StackingPricePreviewPanel","jsx-text","实付","","完整候选索引；表达式内字面量可能是接口参数，是否实际展示以文案决策表与浏览器证据为准"
"src/normalized-ui/StackingPricePreviewPanel.tsx","149","StackingPricePreviewPanel","jsx-text","· 优惠","","完整候选索引；表达式内字面量可能是接口参数，是否实际展示以文案决策表与浏览器证据为准"
"src/normalized-ui/StackingPricePreviewPanel.tsx","149","StackingPricePreviewPanel","jsx-text","预计毛利：","","完整候选索引；表达式内字面量可能是接口参数，是否实际展示以文案决策表与浏览器证据为准"
"src/normalized-ui/StackingPricePreviewPanel.tsx","149","StackingPricePreviewPanel","jsx-expression-literal","成本不完整，不能计算","","完整候选索引；表达式内字面量可能是接口参数，是否实际展示以文案决策表与浏览器证据为准"
"src/normalized-ui/StackingPricePreviewPanel.tsx","149","StackingPricePreviewPanel","jsx-text","（未扣房租、人工等费用）","","完整候选索引；表达式内字面量可能是接口参数，是否实际展示以文案决策表与浏览器证据为准"
"src/normalized-ui/StackingPricePreviewPanel.tsx","149","StackingPricePreviewPanel","jsx-expression-literal","第二张券","","完整候选索引；表达式内字面量可能是接口参数，是否实际展示以文案决策表与浏览器证据为准"
"src/normalized-ui/StackingPricePreviewPanel.tsx","149","StackingPricePreviewPanel","jsx-text","：减","","完整候选索引；表达式内字面量可能是接口参数，是否实际展示以文案决策表与浏览器证据为准"
"src/normalized-ui/StackingPricePreviewPanel.tsx","149","StackingPricePreviewPanel","jsx-text","，剩余","","完整候选索引；表达式内字面量可能是接口参数，是否实际展示以文案决策表与浏览器证据为准"
"src/normalized-ui/staff-actions/AssistedOrderSheet.tsx","110","synchronize","feedback","支付机构已确认本次未成功，可以重新发起收款。","","完整候选索引；表达式内字面量可能是接口参数，是否实际展示以文案决策表与浏览器证据为准"
"src/normalized-ui/staff-actions/AssistedOrderSheet.tsx","203","submitPaidOrder","feedback","当前岗位没有可用的线上或现场收款权限，请先挂桌账或联系收银负责人。","","完整候选索引；表达式内字面量可能是接口参数，是否实际展示以文案决策表与浏览器证据为准"
"src/normalized-ui/staff-actions/AssistedOrderSheet.tsx","241","createPayment","feedback","本店当前没有启用线上收款，请改为挂桌账或联系收银员。","","完整候选索引；表达式内字面量可能是接口参数，是否实际展示以文案决策表与浏览器证据为准"
"src/normalized-ui/staff-actions/AssistedOrderSheet.tsx","290","queryPayment","feedback","支付机构已确认本次未成功，可以重新发起收款。","","完整候选索引；表达式内字面量可能是接口参数，是否实际展示以文案决策表与浏览器证据为准"
"src/normalized-ui/staff-actions/AssistedOrderSheet.tsx","358","AssistedOrderSheet","jsx-template-text","协助点单","","完整候选索引；表达式内字面量可能是接口参数，是否实际展示以文案决策表与浏览器证据为准"
"src/normalized-ui/staff-actions/AssistedOrderSheet.tsx","361","AssistedOrderSheet","jsx-text","· 桌号已锁定","","完整候选索引；表达式内字面量可能是接口参数，是否实际展示以文案决策表与浏览器证据为准"
"src/normalized-ui/staff-actions/AssistedOrderSheet.tsx","361","AssistedOrderSheet","jsx-text","协助点单","","完整候选索引；表达式内字面量可能是接口参数，是否实际展示以文案决策表与浏览器证据为准"
"src/normalized-ui/staff-actions/AssistedOrderSheet.tsx","362","AssistedOrderSheet","attribute:aria-label","关闭点单","","完整候选索引；表达式内字面量可能是接口参数，是否实际展示以文案决策表与浏览器证据为准"
"src/normalized-ui/staff-actions/AssistedOrderSheet.tsx","364","AssistedOrderSheet","attribute:aria-label","结算方式","","完整候选索引；表达式内字面量可能是接口参数，是否实际展示以文案决策表与浏览器证据为准"
"src/normalized-ui/staff-actions/AssistedOrderSheet.tsx","365","AssistedOrderSheet","jsx-text","挂桌账","","完整候选索引；表达式内字面量可能是接口参数，是否实际展示以文案决策表与浏览器证据为准"
"src/normalized-ui/staff-actions/AssistedOrderSheet.tsx","369","AssistedOrderSheet","jsx-expression-literal","当前岗位没有可用收款权限","","完整候选索引；表达式内字面量可能是接口参数，是否实际展示以文案决策表与浏览器证据为准"
"src/normalized-ui/staff-actions/AssistedOrderSheet.tsx","372","AssistedOrderSheet","jsx-text","立即结算","","完整候选索引；表达式内字面量可能是接口参数，是否实际展示以文案决策表与浏览器证据为准"
"src/normalized-ui/staff-actions/AssistedOrderSheet.tsx","374","AssistedOrderSheet","jsx-text","挂账可稍后统一结算；立即结算可让客人扫码，或扫描客人的付款码。","","完整候选索引；表达式内字面量可能是接口参数，是否实际展示以文案决策表与浏览器证据为准"
"src/normalized-ui/staff-actions/AssistedOrderSheet.tsx","375","AssistedOrderSheet","jsx-expression-literal","；仍可使用下单后显示的已授权现场收款方式。","","完整候选索引；表达式内字面量可能是接口参数，是否实际展示以文案决策表与浏览器证据为准"
"src/normalized-ui/staff-actions/AssistedOrderSheet.tsx","397","AssistedOrderSheet","jsx-expression-literal","loading","","完整候选索引；表达式内字面量可能是接口参数，是否实际展示以文案决策表与浏览器证据为准"
"src/normalized-ui/staff-actions/AssistedOrderSheet.tsx","397","AssistedOrderSheet","jsx-text","正在读取可售商品","","完整候选索引；表达式内字面量可能是接口参数，是否实际展示以文案决策表与浏览器证据为准"
"src/normalized-ui/staff-actions/AssistedOrderSheet.tsx","425","AssistedOrderSheet","jsx-expression-literal","gift","","完整候选索引；表达式内字面量可能是接口参数，是否实际展示以文案决策表与浏览器证据为准"
"src/normalized-ui/staff-actions/AssistedOrderSheet.tsx","425","AssistedOrderSheet","jsx-expression-literal","赠送商品","","完整候选索引；表达式内字面量可能是接口参数，是否实际展示以文案决策表与浏览器证据为准"
"src/normalized-ui/staff-actions/AssistedOrderSheet.tsx","425","AssistedOrderSheet","jsx-expression-literal","协助点单","","完整候选索引；表达式内字面量可能是接口参数，是否实际展示以文案决策表与浏览器证据为准"
"src/normalized-ui/staff-actions/AssistedOrderSheet.tsx","429","AssistedOrderSheet","jsx-text","· 桌号已锁定","","完整候选索引；表达式内字面量可能是接口参数，是否实际展示以文案决策表与浏览器证据为准"
"src/normalized-ui/staff-actions/AssistedOrderSheet.tsx","430","AssistedOrderSheet","jsx-expression-literal","gift","","完整候选索引；表达式内字面量可能是接口参数，是否实际展示以文案决策表与浏览器证据为准"
"src/normalized-ui/staff-actions/AssistedOrderSheet.tsx","430","AssistedOrderSheet","jsx-text","商品赠送","","完整候选索引；表达式内字面量可能是接口参数，是否实际展示以文案决策表与浏览器证据为准"
"src/normalized-ui/staff-actions/AssistedOrderSheet.tsx","430","AssistedOrderSheet","jsx-text","协助点单","","完整候选索引；表达式内字面量可能是接口参数，是否实际展示以文案决策表与浏览器证据为准"
"src/normalized-ui/staff-actions/AssistedOrderSheet.tsx","432","AssistedOrderSheet","attribute:aria-label","关闭点单","","完整候选索引；表达式内字面量可能是接口参数，是否实际展示以文案决策表与浏览器证据为准"
"src/normalized-ui/staff-actions/AssistedOrderSheet.tsx","435","AssistedOrderSheet","jsx-expression-literal","gift","","完整候选索引；表达式内字面量可能是接口参数，是否实际展示以文案决策表与浏览器证据为准"
"src/normalized-ui/staff-actions/AssistedOrderSheet.tsx","436","AssistedOrderSheet","jsx-text","现场商品赠送","","完整候选索引；表达式内字面量可能是接口参数，是否实际展示以文案决策表与浏览器证据为准"
"src/normalized-ui/staff-actions/AssistedOrderSheet.tsx","437","AssistedOrderSheet","jsx-text","按本人岗位额度执行，赠送原因全程留痕。","","完整候选索引；表达式内字面量可能是接口参数，是否实际展示以文案决策表与浏览器证据为准"
"src/normalized-ui/staff-actions/AssistedOrderSheet.tsx","439","AssistedOrderSheet","jsx-text","本单最多可赠送","","完整候选索引；表达式内字面量可能是接口参数，是否实际展示以文案决策表与浏览器证据为准"
"src/normalized-ui/staff-actions/AssistedOrderSheet.tsx","440","AssistedOrderSheet","jsx-text","当前岗位未配置赠送额度","","完整候选索引；表达式内字面量可能是接口参数，是否实际展示以文案决策表与浏览器证据为准"
"src/normalized-ui/staff-actions/AssistedOrderSheet.tsx","445","AssistedOrderSheet","attribute:aria-label","搜索点单商品","","完整候选索引；表达式内字面量可能是接口参数，是否实际展示以文案决策表与浏览器证据为准"
"src/normalized-ui/staff-actions/AssistedOrderSheet.tsx","445","AssistedOrderSheet","attribute:placeholder","按商品名称或编号搜索","","完整候选索引；表达式内字面量可能是接口参数，是否实际展示以文案决策表与浏览器证据为准"
"src/normalized-ui/staff-actions/AssistedOrderSheet.tsx","447","AssistedOrderSheet","attribute:aria-label","商品分类","","完整候选索引；表达式内字面量可能是接口参数，是否实际展示以文案决策表与浏览器证据为准"
"src/normalized-ui/staff-actions/AssistedOrderSheet.tsx","448","AssistedOrderSheet","jsx-text","全部","","完整候选索引；表达式内字面量可能是接口参数，是否实际展示以文案决策表与浏览器证据为准"
"src/normalized-ui/staff-actions/AssistedOrderSheet.tsx","453","AssistedOrderSheet","jsx-expression-literal","loading","","完整候选索引；表达式内字面量可能是接口参数，是否实际展示以文案决策表与浏览器证据为准"
"src/normalized-ui/staff-actions/AssistedOrderSheet.tsx","453","AssistedOrderSheet","jsx-text","正在读取可售商品","","完整候选索引；表达式内字面量可能是接口参数，是否实际展示以文案决策表与浏览器证据为准"
"src/normalized-ui/staff-actions/AssistedOrderSheet.tsx","454","AssistedOrderSheet","jsx-expression-literal","error","","完整候选索引；表达式内字面量可能是接口参数，是否实际展示以文案决策表与浏览器证据为准"
"src/normalized-ui/staff-actions/AssistedOrderSheet.tsx","455","AssistedOrderSheet","jsx-expression-literal","loading","","完整候选索引；表达式内字面量可能是接口参数，是否实际展示以文案决策表与浏览器证据为准"
"src/normalized-ui/staff-actions/AssistedOrderSheet.tsx","455","AssistedOrderSheet","jsx-text","当前","","完整候选索引；表达式内字面量可能是接口参数，是否实际展示以文案决策表与浏览器证据为准"
"src/normalized-ui/staff-actions/AssistedOrderSheet.tsx","455","AssistedOrderSheet","jsx-expression-literal","all","","完整候选索引；表达式内字面量可能是接口参数，是否实际展示以文案决策表与浏览器证据为准"
"src/normalized-ui/staff-actions/AssistedOrderSheet.tsx","455","AssistedOrderSheet","jsx-expression-literal","全部","","完整候选索引；表达式内字面量可能是接口参数，是否实际展示以文案决策表与浏览器证据为准"
"src/normalized-ui/staff-actions/AssistedOrderSheet.tsx","455","AssistedOrderSheet","jsx-text","分类没有匹配商品。","","完整候选索引；表达式内字面量可能是接口参数，是否实际展示以文案决策表与浏览器证据为准"
"src/normalized-ui/staff-actions/AssistedOrderSheet.tsx","455","AssistedOrderSheet","jsx-expression-literal","all","","完整候选索引；表达式内字面量可能是接口参数，是否实际展示以文案决策表与浏览器证据为准"
"src/normalized-ui/staff-actions/AssistedOrderSheet.tsx","455","AssistedOrderSheet","jsx-text","保留关键词，搜索全部分类","","完整候选索引；表达式内字面量可能是接口参数，是否实际展示以文案决策表与浏览器证据为准"
"src/normalized-ui/staff-actions/AssistedOrderSheet.tsx","464","AssistedOrderSheet","jsx-text","自选套餐请使用“协助点单”完成具体选择，赠送入口暂不支持","","完整候选索引；表达式内字面量可能是接口参数，是否实际展示以文案决策表与浏览器证据为准"
"src/normalized-ui/staff-actions/AssistedOrderSheet.tsx","465","AssistedOrderSheet","jsx-text","库存或配方配置未完成，暂不能下单","","完整候选索引；表达式内字面量可能是接口参数，是否实际展示以文案决策表与浏览器证据为准"
"src/normalized-ui/staff-actions/AssistedOrderSheet.tsx","466","AssistedOrderSheet","jsx-text","当前可售库存不足，补货入库后自动恢复","","完整候选索引；表达式内字面量可能是接口参数，是否实际展示以文案决策表与浏览器证据为准"
"src/normalized-ui/staff-actions/AssistedOrderSheet.tsx","467","AssistedOrderSheet","jsx-expression-literal","CNY","CNY","完整候选索引；表达式内字面量可能是接口参数，是否实际展示以文案决策表与浏览器证据为准"
"src/normalized-ui/staff-actions/AssistedOrderSheet.tsx","468","AssistedOrderSheet","jsx-text","此商品备注","","完整候选索引；表达式内字面量可能是接口参数，是否实际展示以文案决策表与浏览器证据为准"
"src/normalized-ui/staff-actions/AssistedOrderSheet.tsx","469","AssistedOrderSheet","attribute:placeholder","仅用于这个商品","","完整候选索引；表达式内字面量可能是接口参数，是否实际展示以文案决策表与浏览器证据为准"
"src/normalized-ui/staff-actions/AssistedOrderSheet.tsx","469","AssistedOrderSheet","jsx-template-text","商品备注","","完整候选索引；表达式内字面量可能是接口参数，是否实际展示以文案决策表与浏览器证据为准"
"src/normalized-ui/staff-actions/AssistedOrderSheet.tsx","474","AssistedOrderSheet","jsx-template-text","减少","","完整候选索引；表达式内字面量可能是接口参数，是否实际展示以文案决策表与浏览器证据为准"
"src/normalized-ui/staff-actions/AssistedOrderSheet.tsx","476","AssistedOrderSheet","jsx-template-text","添加","","完整候选索引；表达式内字面量可能是接口参数，是否实际展示以文案决策表与浏览器证据为准"
"src/normalized-ui/staff-actions/AssistedOrderSheet.tsx","484","AssistedOrderSheet","jsx-text","赠送原因","","完整候选索引；表达式内字面量可能是接口参数，是否实际展示以文案决策表与浏览器证据为准"
"src/normalized-ui/staff-actions/AssistedOrderSheet.tsx","485","AssistedOrderSheet","attribute:aria-label","赠送原因","","完整候选索引；表达式内字面量可能是接口参数，是否实际展示以文案决策表与浏览器证据为准"
"src/normalized-ui/staff-actions/AssistedOrderSheet.tsx","485","AssistedOrderSheet","attribute:placeholder","例如：生日关怀、服务补偿","","完整候选索引；表达式内字面量可能是接口参数，是否实际展示以文案决策表与浏览器证据为准"
"src/normalized-ui/staff-actions/AssistedOrderSheet.tsx","487","AssistedOrderSheet","jsx-text","出品备注","","完整候选索引；表达式内字面量可能是接口参数，是否实际展示以文案决策表与浏览器证据为准"
"src/normalized-ui/staff-actions/AssistedOrderSheet.tsx","487","AssistedOrderSheet","attribute:aria-label","出品备注","","完整候选索引；表达式内字面量可能是接口参数，是否实际展示以文案决策表与浏览器证据为准"
"src/normalized-ui/staff-actions/AssistedOrderSheet.tsx","487","AssistedOrderSheet","attribute:placeholder","例如：少冰、一起上","","完整候选索引；表达式内字面量可能是接口参数，是否实际展示以文案决策表与浏览器证据为准"
"src/normalized-ui/staff-actions/AssistedOrderSheet.tsx","488","AssistedOrderSheet","jsx-expression-literal","error","","完整候选索引；表达式内字面量可能是接口参数，是否实际展示以文案决策表与浏览器证据为准"
"src/normalized-ui/staff-actions/AssistedOrderSheet.tsx","489","AssistedOrderSheet","jsx-expression-literal","gift","","完整候选索引；表达式内字面量可能是接口参数，是否实际展示以文案决策表与浏览器证据为准"
"src/normalized-ui/staff-actions/AssistedOrderSheet.tsx","489","AssistedOrderSheet","jsx-text","已超过本人本单赠送额度，请减少商品或联系上级。","","完整候选索引；表达式内字面量可能是接口参数，是否实际展示以文案决策表与浏览器证据为准"
"src/normalized-ui/staff-actions/AssistedOrderSheet.tsx","491","AssistedOrderSheet","jsx-expression-literal","gift","","完整候选索引；表达式内字面量可能是接口参数，是否实际展示以文案决策表与浏览器证据为准"
"src/normalized-ui/staff-actions/AssistedOrderSheet.tsx","491","AssistedOrderSheet","jsx-template-text","赠送价值","","完整候选索引；表达式内字面量可能是接口参数，是否实际展示以文案决策表与浏览器证据为准"
"src/normalized-ui/staff-actions/AssistedOrderSheet.tsx","493","AssistedOrderSheet","jsx-expression-literal","submitting","","完整候选索引；表达式内字面量可能是接口参数，是否实际展示以文案决策表与浏览器证据为准"
"src/normalized-ui/staff-actions/AssistedOrderSheet.tsx","494","AssistedOrderSheet","jsx-expression-literal","submitting","","完整候选索引；表达式内字面量可能是接口参数，是否实际展示以文案决策表与浏览器证据为准"
"src/normalized-ui/staff-actions/AssistedOrderSheet.tsx","494","AssistedOrderSheet","jsx-expression-literal","正在确认…","","完整候选索引；表达式内字面量可能是接口参数，是否实际展示以文案决策表与浏览器证据为准"
"src/normalized-ui/staff-actions/AssistedOrderSheet.tsx","494","AssistedOrderSheet","jsx-expression-literal","gift","","完整候选索引；表达式内字面量可能是接口参数，是否实际展示以文案决策表与浏览器证据为准"
"src/normalized-ui/staff-actions/AssistedOrderSheet.tsx","494","AssistedOrderSheet","jsx-expression-literal","确认赠送并出品","","完整候选索引；表达式内字面量可能是接口参数，是否实际展示以文案决策表与浏览器证据为准"
"src/normalized-ui/staff-actions/AssistedOrderSheet.tsx","494","AssistedOrderSheet","jsx-expression-literal","核对无误，确认下单","","完整候选索引；表达式内字面量可能是接口参数，是否实际展示以文案决策表与浏览器证据为准"
"src/normalized-ui/staff-actions/AssistedOrderSheet.tsx","532","StaffPaymentChoice","jsx-template-text","收款","","完整候选索引；表达式内字面量可能是接口参数，是否实际展示以文案决策表与浏览器证据为准"
"src/normalized-ui/staff-actions/AssistedOrderSheet.tsx","533","StaffPaymentChoice","jsx-text","· 订单已同步本桌","","完整候选索引；表达式内字面量可能是接口参数，是否实际展示以文案决策表与浏览器证据为准"
"src/normalized-ui/staff-actions/AssistedOrderSheet.tsx","533","StaffPaymentChoice","jsx-text","只有确认足额到账才停止再次收款；未知结果不会锁住桌台。","","完整候选索引；表达式内字面量可能是接口参数，是否实际展示以文案决策表与浏览器证据为准"
"src/normalized-ui/staff-actions/AssistedOrderSheet.tsx","534","StaffPaymentChoice","jsx-expression-literal","pending","","完整候选索引；表达式内字面量可能是接口参数，是否实际展示以文案决策表与浏览器证据为准"
"src/normalized-ui/staff-actions/AssistedOrderSheet.tsx","534","StaffPaymentChoice","jsx-text","保留旧单待核对，继续收款","","完整候选索引；表达式内字面量可能是接口参数，是否实际展示以文案决策表与浏览器证据为准"
"src/normalized-ui/staff-actions/AssistedOrderSheet.tsx","535","StaffPaymentChoice","jsx-expression-literal","succeeded","","完整候选索引；表达式内字面量可能是接口参数，是否实际展示以文案决策表与浏览器证据为准"
"src/normalized-ui/staff-actions/AssistedOrderSheet.tsx","539","StaffPaymentChoice","jsx-expression-literal","failed","","完整候选索引；表达式内字面量可能是接口参数，是否实际展示以文案决策表与浏览器证据为准"
"src/normalized-ui/staff-actions/AssistedOrderSheet.tsx","539","StaffPaymentChoice","jsx-expression-literal","closed","","完整候选索引；表达式内字面量可能是接口参数，是否实际展示以文案决策表与浏览器证据为准"
"src/normalized-ui/staff-actions/AssistedOrderSheet.tsx","547","StaffPaymentChoice","jsx-expression-literal","simulation","","完整候选索引；表达式内字面量可能是接口参数，是否实际展示以文案决策表与浏览器证据为准"
"src/normalized-ui/staff-actions/AssistedOrderSheet.tsx","559","StaffPaymentChoice","jsx-expression-literal","barcode","","完整候选索引；表达式内字面量可能是接口参数，是否实际展示以文案决策表与浏览器证据为准"
"src/normalized-ui/staff-actions/AssistedOrderSheet.tsx","536","StaffPaymentChoice","jsx-expression-literal","现场收款已登记","","完整候选索引；表达式内字面量可能是接口参数，是否实际展示以文案决策表与浏览器证据为准"
"src/normalized-ui/staff-actions/AssistedOrderSheet.tsx","536","StaffPaymentChoice","jsx-expression-literal","支付成功","","完整候选索引；表达式内字面量可能是接口参数，是否实际展示以文案决策表与浏览器证据为准"
"src/normalized-ui/staff-actions/AssistedOrderSheet.tsx","536","StaffPaymentChoice","jsx-text","，已同步出品","","完整候选索引；表达式内字面量可能是接口参数，是否实际展示以文案决策表与浏览器证据为准"
"src/normalized-ui/staff-actions/AssistedOrderSheet.tsx","537","StaffPaymentChoice","jsx-text","收款状态已更新；后厨、吧台和打印会按本单商品与门店配置继续处理。","","完整候选索引；表达式内字面量可能是接口参数，是否实际展示以文案决策表与浏览器证据为准"
"src/normalized-ui/staff-actions/AssistedOrderSheet.tsx","538","StaffPaymentChoice","jsx-text","完成","","完整候选索引；表达式内字面量可能是接口参数，是否实际展示以文案决策表与浏览器证据为准"
"src/normalized-ui/staff-actions/AssistedOrderSheet.tsx","540","StaffPaymentChoice","jsx-text","本次付款未成功","","完整候选索引；表达式内字面量可能是接口参数，是否实际展示以文案决策表与浏览器证据为准"
"src/normalized-ui/staff-actions/AssistedOrderSheet.tsx","541","StaffPaymentChoice","jsx-text","请重新生成付款码或改由收银处理；不要把上一笔付款当作已到账。","","完整候选索引；表达式内字面量可能是接口参数，是否实际展示以文案决策表与浏览器证据为准"
"src/normalized-ui/staff-actions/AssistedOrderSheet.tsx","543","StaffPaymentChoice","jsx-text","重新生成付款码","","完整候选索引；表达式内字面量可能是接口参数，是否实际展示以文案决策表与浏览器证据为准"
"src/normalized-ui/staff-actions/AssistedOrderSheet.tsx","543","StaffPaymentChoice","jsx-text","客人扫码付款","","完整候选索引；表达式内字面量可能是接口参数，是否实际展示以文案决策表与浏览器证据为准"
"src/normalized-ui/staff-actions/AssistedOrderSheet.tsx","544","StaffPaymentChoice","jsx-text","扫描客人付款码","","完整候选索引；表达式内字面量可能是接口参数，是否实际展示以文案决策表与浏览器证据为准"
"src/normalized-ui/staff-actions/AssistedOrderSheet.tsx","544","StaffPaymentChoice","jsx-text","摄像头或扫码枪","","完整候选索引；表达式内字面量可能是接口参数，是否实际展示以文案决策表与浏览器证据为准"
"src/normalized-ui/staff-actions/AssistedOrderSheet.tsx","548","StaffPaymentChoice","jsx-text","测试付款动作已建立","","完整候选索引；表达式内字面量可能是接口参数，是否实际展示以文案决策表与浏览器证据为准"
"src/normalized-ui/staff-actions/AssistedOrderSheet.tsx","549","StaffPaymentChoice","jsx-text","当前仅验证订单同步和操作流程，没有产生真实收款。","","完整候选索引；表达式内字面量可能是接口参数，是否实际展示以文案决策表与浏览器证据为准"
"src/normalized-ui/staff-actions/AssistedOrderSheet.tsx","550","StaffPaymentChoice","jsx-text","完成演练","","完整候选索引；表达式内字面量可能是接口参数，是否实际展示以文案决策表与浏览器证据为准"
"src/normalized-ui/staff-actions/AssistedOrderSheet.tsx","553","StaffPaymentChoice","jsx-text","请客人扫码付款","","完整候选索引；表达式内字面量可能是接口参数，是否实际展示以文案决策表与浏览器证据为准"
"src/normalized-ui/staff-actions/AssistedOrderSheet.tsx","555","StaffPaymentChoice","jsx-expression-literal","仍在等待支付机构回传；可保留本次待核对并重新收款。","","完整候选索引；表达式内字面量可能是接口参数，是否实际展示以文案决策表与浏览器证据为准"
"src/normalized-ui/staff-actions/AssistedOrderSheet.tsx","556","StaffPaymentChoice","jsx-expression-literal","支付成功后页面会自动更新；客人也可以打开桌码中的“本桌已点”，从自己的手机继续这笔付款。","","完整候选索引；表达式内字面量可能是接口参数，是否实际展示以文案决策表与浏览器证据为准"
"src/normalized-ui/staff-actions/AssistedOrderSheet.tsx","557","StaffPaymentChoice","jsx-expression-literal","正在查询，可继续其他操作","","完整候选索引；表达式内字面量可能是接口参数，是否实际展示以文案决策表与浏览器证据为准"
"src/normalized-ui/staff-actions/AssistedOrderSheet.tsx","557","StaffPaymentChoice","jsx-expression-literal","查询结果","","完整候选索引；表达式内字面量可能是接口参数，是否实际展示以文案决策表与浏览器证据为准"
"src/normalized-ui/staff-actions/AssistedOrderSheet.tsx","558","StaffPaymentChoice","jsx-text","暂时收起","","完整候选索引；表达式内字面量可能是接口参数，是否实际展示以文案决策表与浏览器证据为准"
"src/normalized-ui/staff-actions/AssistedOrderSheet.tsx","560","StaffPaymentChoice","jsx-text","付款已受理，正在确认到账","","完整候选索引；表达式内字面量可能是接口参数，是否实际展示以文案决策表与浏览器证据为准"
"src/normalized-ui/staff-actions/AssistedOrderSheet.tsx","562","StaffPaymentChoice","jsx-expression-literal","仍在等待支付机构回传；可保留旧单待核对并重新收款。","","完整候选索引；表达式内字面量可能是接口参数，是否实际展示以文案决策表与浏览器证据为准"
"src/normalized-ui/staff-actions/AssistedOrderSheet.tsx","563","StaffPaymentChoice","jsx-expression-literal","支付成功后自动同步；若需另收一笔，请先保留旧单待核对。","","完整候选索引；表达式内字面量可能是接口参数，是否实际展示以文案决策表与浏览器证据为准"
"src/normalized-ui/staff-actions/AssistedOrderSheet.tsx","564","StaffPaymentChoice","jsx-expression-literal","正在查询，可继续其他操作","","完整候选索引；表达式内字面量可能是接口参数，是否实际展示以文案决策表与浏览器证据为准"
"src/normalized-ui/staff-actions/AssistedOrderSheet.tsx","564","StaffPaymentChoice","jsx-expression-literal","查询结果","","完整候选索引；表达式内字面量可能是接口参数，是否实际展示以文案决策表与浏览器证据为准"
"src/normalized-ui/staff-actions/AssistedOrderSheet.tsx","565","StaffPaymentChoice","jsx-text","完成","","完整候选索引；表达式内字面量可能是接口参数，是否实际展示以文案决策表与浏览器证据为准"
"src/normalized-ui/staff-actions/AssistedOrderSheet.tsx","568","StaffPaymentChoice","jsx-text","客人扫二维码","","完整候选索引；表达式内字面量可能是接口参数，是否实际展示以文案决策表与浏览器证据为准"
"src/normalized-ui/staff-actions/AssistedOrderSheet.tsx","568","StaffPaymentChoice","jsx-text","平板显示付款码","","完整候选索引；表达式内字面量可能是接口参数，是否实际展示以文案决策表与浏览器证据为准"
"src/normalized-ui/staff-actions/AssistedOrderSheet.tsx","569","StaffPaymentChoice","jsx-text","扫客人付款码","","完整候选索引；表达式内字面量可能是接口参数，是否实际展示以文案决策表与浏览器证据为准"
"src/normalized-ui/staff-actions/AssistedOrderSheet.tsx","569","StaffPaymentChoice","jsx-text","摄像头或扫码枪","","完整候选索引；表达式内字面量可能是接口参数，是否实际展示以文案决策表与浏览器证据为准"
"src/normalized-ui/staff-actions/AssistedOrderSheet.tsx","572","StaffPaymentChoice","jsx-text","这笔订单已经出现在桌码“本桌已点”中，客人可直接用自己的手机付款。","","完整候选索引；表达式内字面量可能是接口参数，是否实际展示以文案决策表与浏览器证据为准"
"src/normalized-ui/staff-actions/AssistedOrderSheet.tsx","575","StaffPaymentChoice","jsx-text","正在安全发起，请勿重复操作","","完整候选索引；表达式内字面量可能是接口参数，是否实际展示以文案决策表与浏览器证据为准"
"src/normalized-ui/staff-actions/AssistedOrderSheet.tsx","616","ManualCollectionChoice","attribute:aria-label","现场收款登记","","完整候选索引；表达式内字面量可能是接口参数，是否实际展示以文案决策表与浏览器证据为准"
"src/normalized-ui/staff-actions/AssistedOrderSheet.tsx","617","ManualCollectionChoice","jsx-text","已实际收到现场款项？","","完整候选索引；表达式内字面量可能是接口参数，是否实际展示以文案决策表与浏览器证据为准"
"src/normalized-ui/staff-actions/AssistedOrderSheet.tsx","618","ManualCollectionChoice","jsx-text","只在款项已到账后登记；员工、时间、凭证和方式会进入日结对账。","","完整候选索引；表达式内字面量可能是接口参数，是否实际展示以文案决策表与浏览器证据为准"
"src/normalized-ui/staff-actions/AssistedOrderSheet.tsx","620","ManualCollectionChoice","jsx-text","现金已收","","完整候选索引；表达式内字面量可能是接口参数，是否实际展示以文案决策表与浏览器证据为准"
"src/normalized-ui/staff-actions/AssistedOrderSheet.tsx","620","ManualCollectionChoice","jsx-text","登记现金凭证","","完整候选索引；表达式内字面量可能是接口参数，是否实际展示以文案决策表与浏览器证据为准"
"src/normalized-ui/staff-actions/AssistedOrderSheet.tsx","621","ManualCollectionChoice","jsx-text","实体POS已收","","完整候选索引；表达式内字面量可能是接口参数，是否实际展示以文案决策表与浏览器证据为准"
"src/normalized-ui/staff-actions/AssistedOrderSheet.tsx","621","ManualCollectionChoice","jsx-text","登记终端与小票","","完整候选索引；表达式内字面量可能是接口参数，是否实际展示以文案决策表与浏览器证据为准"
"src/normalized-ui/staff-actions/AssistedOrderSheet.tsx","622","ManualCollectionChoice","jsx-text","其他方式已收","","完整候选索引；表达式内字面量可能是接口参数，是否实际展示以文案决策表与浏览器证据为准"
"src/normalized-ui/staff-actions/AssistedOrderSheet.tsx","622","ManualCollectionChoice","jsx-text","登记外部凭证","","完整候选索引；表达式内字面量可能是接口参数，是否实际展示以文案决策表与浏览器证据为准"
"src/normalized-ui/staff-actions/AssistedOrderSheet.tsx","624","ManualCollectionChoice","jsx-expression-literal","external_manual","","完整候选索引；表达式内字面量可能是接口参数，是否实际展示以文案决策表与浏览器证据为准"
"src/normalized-ui/staff-actions/AssistedOrderSheet.tsx","624","ManualCollectionChoice","jsx-text","实际方式","","完整候选索引；表达式内字面量可能是接口参数，是否实际展示以文案决策表与浏览器证据为准"
"src/normalized-ui/staff-actions/AssistedOrderSheet.tsx","624","ManualCollectionChoice","jsx-text","银行转账","","完整候选索引；表达式内字面量可能是接口参数，是否实际展示以文案决策表与浏览器证据为准"
"src/normalized-ui/staff-actions/AssistedOrderSheet.tsx","624","ManualCollectionChoice","jsx-text","其他扫码或数字钱包","","完整候选索引；表达式内字面量可能是接口参数，是否实际展示以文案决策表与浏览器证据为准"
"src/normalized-ui/staff-actions/AssistedOrderSheet.tsx","624","ManualCollectionChoice","jsx-text","储值卡或代金凭证","","完整候选索引；表达式内字面量可能是接口参数，是否实际展示以文案决策表与浏览器证据为准"
"src/normalized-ui/staff-actions/AssistedOrderSheet.tsx","624","ManualCollectionChoice","jsx-text","公司账户结算","","完整候选索引；表达式内字面量可能是接口参数，是否实际展示以文案决策表与浏览器证据为准"
"src/normalized-ui/staff-actions/AssistedOrderSheet.tsx","624","ManualCollectionChoice","jsx-text","其他经批准方式","","完整候选索引；表达式内字面量可能是接口参数，是否实际展示以文案决策表与浏览器证据为准"
"src/normalized-ui/staff-actions/AssistedOrderSheet.tsx","625","ManualCollectionChoice","jsx-expression-literal","cash","","完整候选索引；表达式内字面量可能是接口参数，是否实际展示以文案决策表与浏览器证据为准"
"src/normalized-ui/staff-actions/AssistedOrderSheet.tsx","625","ManualCollectionChoice","jsx-expression-literal","现金凭证号","","完整候选索引；表达式内字面量可能是接口参数，是否实际展示以文案决策表与浏览器证据为准"
"src/normalized-ui/staff-actions/AssistedOrderSheet.tsx","625","ManualCollectionChoice","jsx-expression-literal","physical_pos","","完整候选索引；表达式内字面量可能是接口参数，是否实际展示以文案决策表与浏览器证据为准"
"src/normalized-ui/staff-actions/AssistedOrderSheet.tsx","625","ManualCollectionChoice","jsx-expression-literal","POS小票/交易号","","完整候选索引；表达式内字面量可能是接口参数，是否实际展示以文案决策表与浏览器证据为准"
"src/normalized-ui/staff-actions/AssistedOrderSheet.tsx","625","ManualCollectionChoice","jsx-expression-literal","外部交易号或凭证号","","完整候选索引；表达式内字面量可能是接口参数，是否实际展示以文案决策表与浏览器证据为准"
"src/normalized-ui/staff-actions/AssistedOrderSheet.tsx","626","ManualCollectionChoice","jsx-expression-literal","physical_pos","","完整候选索引；表达式内字面量可能是接口参数，是否实际展示以文案决策表与浏览器证据为准"
"src/normalized-ui/staff-actions/AssistedOrderSheet.tsx","626","ManualCollectionChoice","jsx-text","POS终端编号","","完整候选索引；表达式内字面量可能是接口参数，是否实际展示以文案决策表与浏览器证据为准"
"src/normalized-ui/staff-actions/AssistedOrderSheet.tsx","627","ManualCollectionChoice","jsx-expression-literal","external_manual","","完整候选索引；表达式内字面量可能是接口参数，是否实际展示以文案决策表与浏览器证据为准"
"src/normalized-ui/staff-actions/AssistedOrderSheet.tsx","627","ManualCollectionChoice","jsx-text","收款说明","","完整候选索引；表达式内字面量可能是接口参数，是否实际展示以文案决策表与浏览器证据为准"
"src/normalized-ui/staff-actions/AssistedOrderSheet.tsx","628","ManualCollectionChoice","jsx-text","请再次确认：已实际收到","","完整候选索引；表达式内字面量可能是接口参数，是否实际展示以文案决策表与浏览器证据为准"
"src/normalized-ui/staff-actions/AssistedOrderSheet.tsx","628","ManualCollectionChoice","jsx-text","，凭证“","","完整候选索引；表达式内字面量可能是接口参数，是否实际展示以文案决策表与浏览器证据为准"
"src/normalized-ui/staff-actions/AssistedOrderSheet.tsx","628","ManualCollectionChoice","jsx-text","”真实可复核。确认后订单会结清并进入日结。","","完整候选索引；表达式内字面量可能是接口参数，是否实际展示以文案决策表与浏览器证据为准"
"src/normalized-ui/staff-actions/AssistedOrderSheet.tsx","630","ManualCollectionChoice","jsx-text","返回","","完整候选索引；表达式内字面量可能是接口参数，是否实际展示以文案决策表与浏览器证据为准"
"src/normalized-ui/staff-actions/AssistedOrderSheet.tsx","631","ManualCollectionChoice","jsx-expression-literal","确认已到账并登记","","完整候选索引；表达式内字面量可能是接口参数，是否实际展示以文案决策表与浏览器证据为准"
"src/normalized-ui/staff-actions/AssistedOrderSheet.tsx","631","ManualCollectionChoice","jsx-expression-literal","核对并继续","","完整候选索引；表达式内字面量可能是接口参数，是否实际展示以文案决策表与浏览器证据为准"
"src/normalized-ui/staff-actions/DeliveryBatchComposer.tsx","10","submit","feedback","先填写本批需要配送的数量","","完整候选索引；表达式内字面量可能是接口参数，是否实际展示以文案决策表与浏览器证据为准"
"src/normalized-ui/staff-actions/DeliveryBatchComposer.tsx","12","submit","feedback","本批已确认，配送票后台生成；打印失败不影响送达操作。","","完整候选索引；表达式内字面量可能是接口参数，是否实际展示以文案决策表与浏览器证据为准"
"src/normalized-ui/staff-actions/DeliveryBatchComposer.tsx","17","DeliveryBatchComposer","jsx-text","合并本批配送单","","完整候选索引；表达式内字面量可能是接口参数，是否实际展示以文案决策表与浏览器证据为准"
"src/normalized-ui/staff-actions/DeliveryBatchComposer.tsx","17","DeliveryBatchComposer","jsx-text","只选同一桌次、同一工作站；填2即本批送2，剩余数量可留到下一批。本批备齐不代表送达；分批配送时，必须等该项所有数量都送到后再点“全部已送达”。打印失败不妨碍现场配送。","","完整候选索引；表达式内字面量可能是接口参数，是否实际展示以文案决策表与浏览器证据为准"
"src/normalized-ui/staff-actions/DeliveryBatchComposer.tsx","19","DeliveryBatchComposer","jsx-expression-literal","kitchen","","完整候选索引；表达式内字面量可能是接口参数，是否实际展示以文案决策表与浏览器证据为准"
"src/normalized-ui/staff-actions/DeliveryBatchComposer.tsx","19","DeliveryBatchComposer","jsx-expression-literal","后厨","","完整候选索引；表达式内字面量可能是接口参数，是否实际展示以文案决策表与浏览器证据为准"
"src/normalized-ui/staff-actions/DeliveryBatchComposer.tsx","19","DeliveryBatchComposer","jsx-expression-literal","吧台","","完整候选索引；表达式内字面量可能是接口参数，是否实际展示以文案决策表与浏览器证据为准"
"src/normalized-ui/staff-actions/DeliveryBatchComposer.tsx","19","DeliveryBatchComposer","jsx-text","· 未合单","","完整候选索引；表达式内字面量可能是接口参数，是否实际展示以文案决策表与浏览器证据为准"
"src/normalized-ui/staff-actions/DeliveryBatchComposer.tsx","20","DeliveryBatchComposer","jsx-template-text","本批数量","","完整候选索引；表达式内字面量可能是接口参数，是否实际展示以文案决策表与浏览器证据为准"
"src/normalized-ui/staff-actions/DeliveryBatchComposer.tsx","22","DeliveryBatchComposer","jsx-expression-literal","正在确认本批…","","完整候选索引；表达式内字面量可能是接口参数，是否实际展示以文案决策表与浏览器证据为准"
"src/normalized-ui/staff-actions/DeliveryBatchComposer.tsx","22","DeliveryBatchComposer","jsx-expression-literal","确认本批备齐并生成配送单","","完整候选索引；表达式内字面量可能是接口参数，是否实际展示以文案决策表与浏览器证据为准"
"src/normalized-ui/staff-actions/FulfillmentHistoryPanel.tsx","46","FulfillmentHistoryPanel","jsx-expression-literal","prepared","","完整候选索引；表达式内字面量可能是接口参数，是否实际展示以文案决策表与浏览器证据为准"
"src/normalized-ui/staff-actions/FulfillmentHistoryPanel.tsx","46","FulfillmentHistoryPanel","jsx-expression-literal","我的历史制作","","完整候选索引；表达式内字面量可能是接口参数，是否实际展示以文案决策表与浏览器证据为准"
"src/normalized-ui/staff-actions/FulfillmentHistoryPanel.tsx","46","FulfillmentHistoryPanel","jsx-expression-literal","我的历史送达","","完整候选索引；表达式内字面量可能是接口参数，是否实际展示以文案决策表与浏览器证据为准"
"src/normalized-ui/staff-actions/FulfillmentHistoryPanel.tsx","48","FulfillmentHistoryPanel","jsx-text","营业日","","完整候选索引；表达式内字面量可能是接口参数，是否实际展示以文案决策表与浏览器证据为准"
"src/normalized-ui/staff-actions/FulfillmentHistoryPanel.tsx","49","FulfillmentHistoryPanel","jsx-text","桌号","","完整候选索引；表达式内字面量可能是接口参数，是否实际展示以文案决策表与浏览器证据为准"
"src/normalized-ui/staff-actions/FulfillmentHistoryPanel.tsx","49","FulfillmentHistoryPanel","attribute:placeholder","全部桌台","","完整候选索引；表达式内字面量可能是接口参数，是否实际展示以文案决策表与浏览器证据为准"
"src/normalized-ui/staff-actions/FulfillmentHistoryPanel.tsx","50","FulfillmentHistoryPanel","jsx-text","刷新","","完整候选索引；表达式内字面量可能是接口参数，是否实际展示以文案决策表与浏览器证据为准"
"src/normalized-ui/staff-actions/FulfillmentHistoryPanel.tsx","52","FulfillmentHistoryPanel","jsx-expression-literal","；当前保留上次成功记录。","","完整候选索引；表达式内字面量可能是接口参数，是否实际展示以文案决策表与浏览器证据为准"
"src/normalized-ui/staff-actions/FulfillmentHistoryPanel.tsx","53","FulfillmentHistoryPanel","jsx-text","正在读取历史","","完整候选索引；表达式内字面量可能是接口参数，是否实际展示以文案决策表与浏览器证据为准"
"src/normalized-ui/staff-actions/FulfillmentHistoryPanel.tsx","57","FulfillmentHistoryPanel","jsx-template-text","原单","","完整候选索引；表达式内字面量可能是接口参数，是否实际展示以文案决策表与浏览器证据为准"
"src/normalized-ui/staff-actions/FulfillmentHistoryPanel.tsx","57","FulfillmentHistoryPanel","jsx-template-text","本人","","完整候选索引；表达式内字面量可能是接口参数，是否实际展示以文案决策表与浏览器证据为准"
"src/normalized-ui/staff-actions/FulfillmentHistoryPanel.tsx","57","FulfillmentHistoryPanel","jsx-expression-literal","prepared","","完整候选索引；表达式内字面量可能是接口参数，是否实际展示以文案决策表与浏览器证据为准"
"src/normalized-ui/staff-actions/FulfillmentHistoryPanel.tsx","57","FulfillmentHistoryPanel","jsx-expression-literal","制作","","完整候选索引；表达式内字面量可能是接口参数，是否实际展示以文案决策表与浏览器证据为准"
"src/normalized-ui/staff-actions/FulfillmentHistoryPanel.tsx","57","FulfillmentHistoryPanel","jsx-expression-literal","送达","","完整候选索引；表达式内字面量可能是接口参数，是否实际展示以文案决策表与浏览器证据为准"
"src/normalized-ui/staff-actions/FulfillmentHistoryPanel.tsx","58","FulfillmentHistoryPanel","jsx-text","商品处理","","完整候选索引；表达式内字面量可能是接口参数，是否实际展示以文案决策表与浏览器证据为准"
"src/normalized-ui/staff-actions/FulfillmentHistoryPanel.tsx","59","FulfillmentHistoryPanel","jsx-expression-literal","prepared","","完整候选索引；表达式内字面量可能是接口参数，是否实际展示以文案决策表与浏览器证据为准"
"src/normalized-ui/staff-actions/FulfillmentHistoryPanel.tsx","59","FulfillmentHistoryPanel","jsx-expression-literal","prepared","","完整候选索引；表达式内字面量可能是接口参数，是否实际展示以文案决策表与浏览器证据为准"
"src/normalized-ui/staff-actions/FulfillmentHistoryPanel.tsx","60","FulfillmentHistoryPanel","jsx-expression-literal","prepared","","完整候选索引；表达式内字面量可能是接口参数，是否实际展示以文案决策表与浏览器证据为准"
"src/normalized-ui/staff-actions/FulfillmentHistoryPanel.tsx","60","FulfillmentHistoryPanel","jsx-expression-literal","zh-CN","","完整候选索引；表达式内字面量可能是接口参数，是否实际展示以文案决策表与浏览器证据为准"
"src/normalized-ui/staff-actions/FulfillmentHistoryPanel.tsx","60","FulfillmentHistoryPanel","jsx-expression-literal","Asia/Shanghai","","完整候选索引；表达式内字面量可能是接口参数，是否实际展示以文案决策表与浏览器证据为准"
"src/normalized-ui/staff-actions/FulfillmentHistoryPanel.tsx","60","FulfillmentHistoryPanel","jsx-expression-literal","完成时间未留存","","完整候选索引；表达式内字面量可能是接口参数，是否实际展示以文案决策表与浏览器证据为准"
"src/normalized-ui/staff-actions/FulfillmentHistoryPanel.tsx","63","FulfillmentHistoryPanel","jsx-text","该营业日没有本人","","完整候选索引；表达式内字面量可能是接口参数，是否实际展示以文案决策表与浏览器证据为准"
"src/normalized-ui/staff-actions/FulfillmentHistoryPanel.tsx","63","FulfillmentHistoryPanel","jsx-expression-literal","prepared","","完整候选索引；表达式内字面量可能是接口参数，是否实际展示以文案决策表与浏览器证据为准"
"src/normalized-ui/staff-actions/FulfillmentHistoryPanel.tsx","63","FulfillmentHistoryPanel","jsx-expression-literal","制作完成","","完整候选索引；表达式内字面量可能是接口参数，是否实际展示以文案决策表与浏览器证据为准"
"src/normalized-ui/staff-actions/FulfillmentHistoryPanel.tsx","63","FulfillmentHistoryPanel","jsx-expression-literal","确认送达","","完整候选索引；表达式内字面量可能是接口参数，是否实际展示以文案决策表与浏览器证据为准"
"src/normalized-ui/staff-actions/FulfillmentHistoryPanel.tsx","63","FulfillmentHistoryPanel","jsx-text","记录。","","完整候选索引；表达式内字面量可能是接口参数，是否实际展示以文案决策表与浏览器证据为准"
"src/normalized-ui/staff-actions/FulfillmentHistoryPanel.tsx","64","FulfillmentHistoryPanel","jsx-text","上一页","","完整候选索引；表达式内字面量可能是接口参数，是否实际展示以文案决策表与浏览器证据为准"
"src/normalized-ui/staff-actions/FulfillmentHistoryPanel.tsx","64","FulfillmentHistoryPanel","jsx-text","下一页","","完整候选索引；表达式内字面量可能是接口参数，是否实际展示以文案决策表与浏览器证据为准"
"src/normalized-ui/staff-actions/ParticipantMovementSheet.tsx","54","previewAction","feedback","请选择目标桌并填写实际移动人数","","完整候选索引；表达式内字面量可能是接口参数，是否实际展示以文案决策表与浏览器证据为准"
"src/normalized-ui/staff-actions/ParticipantMovementSheet.tsx","60","previewAction","feedback","拆桌至少选择一名已识别顾客","","完整候选索引；表达式内字面量可能是接口参数，是否实际展示以文案决策表与浏览器证据为准"
"src/normalized-ui/staff-actions/ParticipantMovementSheet.tsx","63","previewAction","feedback","人员并桌需要选择顾客；如需全员并桌，请点击“选择全部”并确认整桌人数","","完整候选索引；表达式内字面量可能是接口参数，是否实际展示以文案决策表与浏览器证据为准"
"src/normalized-ui/staff-actions/ParticipantMovementSheet.tsx","65","previewAction","feedback","移动人数不能少于已选择的顾客人数","","完整候选索引；表达式内字面量可能是接口参数，是否实际展示以文案决策表与浏览器证据为准"
"src/normalized-ui/staff-actions/ParticipantMovementSheet.tsx","67","previewAction","feedback","拆桌后源桌必须至少保留一人；全员移动请使用人员并桌","","完整候选索引；表达式内字面量可能是接口参数，是否实际展示以文案决策表与浏览器证据为准"
"src/normalized-ui/staff-actions/ParticipantMovementSheet.tsx","70","previewAction","feedback","移动人数不能超过源桌当前人数","","完整候选索引；表达式内字面量可能是接口参数，是否实际展示以文案决策表与浏览器证据为准"
"src/normalized-ui/staff-actions/ParticipantMovementSheet.tsx","74","previewAction","feedback","全员并桌必须选择源桌全部已识别顾客","","完整候选索引；表达式内字面量可能是接口参数，是否实际展示以文案决策表与浏览器证据为准"
"src/normalized-ui/staff-actions/ParticipantMovementSheet.tsx","90","ParticipantMovementSheet","attribute:aria-label","人员拆并桌","","完整候选索引；表达式内字面量可能是接口参数，是否实际展示以文案决策表与浏览器证据为准"
"src/normalized-ui/staff-actions/ParticipantMovementSheet.tsx","92","ParticipantMovementSheet","jsx-text","人员拆并桌","","完整候选索引；表达式内字面量可能是接口参数，是否实际展示以文案决策表与浏览器证据为准"
"src/normalized-ui/staff-actions/ParticipantMovementSheet.tsx","92","ParticipantMovementSheet","jsx-text","· 当前","","完整候选索引；表达式内字面量可能是接口参数，是否实际展示以文案决策表与浏览器证据为准"
"src/normalized-ui/staff-actions/ParticipantMovementSheet.tsx","93","ParticipantMovementSheet","attribute:aria-label","关闭","","完整候选索引；表达式内字面量可能是接口参数，是否实际展示以文案决策表与浏览器证据为准"
"src/normalized-ui/staff-actions/ParticipantMovementSheet.tsx","94","ParticipantMovementSheet","jsx-expression-literal","loading","","完整候选索引；表达式内字面量可能是接口参数，是否实际展示以文案决策表与浏览器证据为准"
"src/normalized-ui/staff-actions/ParticipantMovementSheet.tsx","99","ParticipantMovementSheet","jsx-expression-literal","preview","","完整候选索引；表达式内字面量可能是接口参数，是否实际展示以文案决策表与浏览器证据为准"
"src/normalized-ui/staff-actions/ParticipantMovementSheet.tsx","99","ParticipantMovementSheet","jsx-expression-literal","saving","","完整候选索引；表达式内字面量可能是接口参数，是否实际展示以文案决策表与浏览器证据为准"
"src/normalized-ui/staff-actions/ParticipantMovementSheet.tsx","94","ParticipantMovementSheet","jsx-text","正在核对当前位置…","","完整候选索引；表达式内字面量可能是接口参数，是否实际展示以文案决策表与浏览器证据为准"
"src/normalized-ui/staff-actions/ParticipantMovementSheet.tsx","96","ParticipantMovementSheet","jsx-text","人员拆桌","","完整候选索引；表达式内字面量可能是接口参数，是否实际展示以文案决策表与浏览器证据为准"
"src/normalized-ui/staff-actions/ParticipantMovementSheet.tsx","97","ParticipantMovementSheet","jsx-text","人员并桌","","完整候选索引；表达式内字面量可能是接口参数，是否实际展示以文案决策表与浏览器证据为准"
"src/normalized-ui/staff-actions/ParticipantMovementSheet.tsx","99","ParticipantMovementSheet","jsx-expression-literal","preview","","完整候选索引；表达式内字面量可能是接口参数，是否实际展示以文案决策表与浏览器证据为准"
"src/normalized-ui/staff-actions/ParticipantMovementSheet.tsx","99","ParticipantMovementSheet","jsx-expression-literal","saving","","完整候选索引；表达式内字面量可能是接口参数，是否实际展示以文案决策表与浏览器证据为准"
"src/normalized-ui/staff-actions/ParticipantMovementSheet.tsx","100","ParticipantMovementSheet","jsx-text","只移动明确选中的顾客位置；历史订单、付款、任务和观察不复制。","","完整候选索引；表达式内字面量可能是接口参数，是否实际展示以文案决策表与浏览器证据为准"
"src/normalized-ui/staff-actions/ParticipantMovementSheet.tsx","102","ParticipantMovementSheet","jsx-expression-literal","participant_merge","","完整候选索引；表达式内字面量可能是接口参数，是否实际展示以文案决策表与浏览器证据为准"
"src/normalized-ui/staff-actions/ParticipantMovementSheet.tsx","104","ParticipantMovementSheet","jsx-text","选择全部（仅业务已结清时可全员并桌）","","完整候选索引；表达式内字面量可能是接口参数，是否实际展示以文案决策表与浏览器证据为准"
"src/normalized-ui/staff-actions/ParticipantMovementSheet.tsx","108","ParticipantMovementSheet","jsx-expression-literal","member","","完整候选索引；表达式内字面量可能是接口参数，是否实际展示以文案决策表与浏览器证据为准"
"src/normalized-ui/staff-actions/ParticipantMovementSheet.tsx","108","ParticipantMovementSheet","jsx-expression-literal","会员","","完整候选索引；表达式内字面量可能是接口参数，是否实际展示以文案决策表与浏览器证据为准"
"src/normalized-ui/staff-actions/ParticipantMovementSheet.tsx","108","ParticipantMovementSheet","jsx-expression-literal","identified","","完整候选索引；表达式内字面量可能是接口参数，是否实际展示以文案决策表与浏览器证据为准"
"src/normalized-ui/staff-actions/ParticipantMovementSheet.tsx","108","ParticipantMovementSheet","jsx-expression-literal","已识别顾客","","完整候选索引；表达式内字面量可能是接口参数，是否实际展示以文案决策表与浏览器证据为准"
"src/normalized-ui/staff-actions/ParticipantMovementSheet.tsx","108","ParticipantMovementSheet","jsx-expression-literal","临时顾客","","完整候选索引；表达式内字面量可能是接口参数，是否实际展示以文案决策表与浏览器证据为准"
"src/normalized-ui/staff-actions/ParticipantMovementSheet.tsx","109","ParticipantMovementSheet","jsx-expression-literal","请当面确认身份","","完整候选索引；表达式内字面量可能是接口参数，是否实际展示以文案决策表与浏览器证据为准"
"src/normalized-ui/staff-actions/ParticipantMovementSheet.tsx","109","ParticipantMovementSheet","jsx-expression-literal","无座位标签，请逐人确认","","完整候选索引；表达式内字面量可能是接口参数，是否实际展示以文案决策表与浏览器证据为准"
"src/normalized-ui/staff-actions/ParticipantMovementSheet.tsx","111","ParticipantMovementSheet","jsx-text","本桌尚无已识别顾客。仅在全部业务结清后可按整桌人数并入另一营业桌。","","完整候选索引；表达式内字面量可能是接口参数，是否实际展示以文案决策表与浏览器证据为准"
"src/normalized-ui/staff-actions/ParticipantMovementSheet.tsx","113","ParticipantMovementSheet","jsx-text","实际移动人数","","完整候选索引；表达式内字面量可能是接口参数，是否实际展示以文案决策表与浏览器证据为准"
"src/normalized-ui/staff-actions/ParticipantMovementSheet.tsx","114","ParticipantMovementSheet","jsx-text","目标桌","","完整候选索引；表达式内字面量可能是接口参数，是否实际展示以文案决策表与浏览器证据为准"
"src/normalized-ui/staff-actions/ParticipantMovementSheet.tsx","114","ParticipantMovementSheet","jsx-text","请选择","","完整候选索引；表达式内字面量可能是接口参数，是否实际展示以文案决策表与浏览器证据为准"
"src/normalized-ui/staff-actions/ParticipantMovementSheet.tsx","115","ParticipantMovementSheet","jsx-expression-literal","participant_split","","完整候选索引；表达式内字面量可能是接口参数，是否实际展示以文案决策表与浏览器证据为准"
"src/normalized-ui/staff-actions/ParticipantMovementSheet.tsx","115","ParticipantMovementSheet","jsx-expression-literal","空闲","","完整候选索引；表达式内字面量可能是接口参数，是否实际展示以文案决策表与浏览器证据为准"
"src/normalized-ui/staff-actions/ParticipantMovementSheet.tsx","116","ParticipantMovementSheet","jsx-text","现场原因","","完整候选索引；表达式内字面量可能是接口参数，是否实际展示以文案决策表与浏览器证据为准"
"src/normalized-ui/staff-actions/ParticipantMovementSheet.tsx","117","ParticipantMovementSheet","jsx-text","加座与安全说明","","完整候选索引；表达式内字面量可能是接口参数，是否实际展示以文案决策表与浏览器证据为准"
"src/normalized-ui/staff-actions/ParticipantMovementSheet.tsx","118","ParticipantMovementSheet","jsx-template-text","目标容量","","完整候选索引；表达式内字面量可能是接口参数，是否实际展示以文案决策表与浏览器证据为准"
"src/normalized-ui/staff-actions/ParticipantMovementSheet.tsx","118","ParticipantMovementSheet","jsx-template-text","人，请说明临时加座与通道确认","","完整候选索引；表达式内字面量可能是接口参数，是否实际展示以文案决策表与浏览器证据为准"
"src/normalized-ui/staff-actions/ParticipantMovementSheet.tsx","120","ParticipantMovementSheet","jsx-text","下一步：执行前预检","","完整候选索引；表达式内字面量可能是接口参数，是否实际展示以文案决策表与浏览器证据为准"
"src/normalized-ui/staff-actions/ParticipantMovementSheet.tsx","122","ParticipantMovementSheet","jsx-text","基础条件已核对，提交时仍检查未结业务","","完整候选索引；表达式内字面量可能是接口参数，是否实际展示以文案决策表与浏览器证据为准"
"src/normalized-ui/staff-actions/ParticipantMovementSheet.tsx","123","ParticipantMovementSheet","jsx-text","请先处理以下未结事项：","","完整候选索引；表达式内字面量可能是接口参数，是否实际展示以文案决策表与浏览器证据为准"
"src/normalized-ui/staff-actions/ParticipantMovementSheet.tsx","124","ParticipantMovementSheet","jsx-text","项；","","完整候选索引；表达式内字面量可能是接口参数，是否实际展示以文案决策表与浏览器证据为准"
"src/normalized-ui/staff-actions/ParticipantMovementSheet.tsx","126","ParticipantMovementSheet","jsx-expression-literal","participant_split","","完整候选索引；表达式内字面量可能是接口参数，是否实际展示以文案决策表与浏览器证据为准"
"src/normalized-ui/staff-actions/ParticipantMovementSheet.tsx","126","ParticipantMovementSheet","jsx-expression-literal","人员拆桌","","完整候选索引；表达式内字面量可能是接口参数，是否实际展示以文案决策表与浏览器证据为准"
"src/normalized-ui/staff-actions/ParticipantMovementSheet.tsx","126","ParticipantMovementSheet","jsx-expression-literal","人员并桌","","完整候选索引；表达式内字面量可能是接口参数，是否实际展示以文案决策表与浏览器证据为准"
"src/normalized-ui/staff-actions/ParticipantMovementSheet.tsx","127","ParticipantMovementSheet","jsx-text","移动人数：","","完整候选索引；表达式内字面量可能是接口参数，是否实际展示以文案决策表与浏览器证据为准"
"src/normalized-ui/staff-actions/ParticipantMovementSheet.tsx","127","ParticipantMovementSheet","jsx-text","人；已识别顾客：","","完整候选索引；表达式内字面量可能是接口参数，是否实际展示以文案决策表与浏览器证据为准"
"src/normalized-ui/staff-actions/ParticipantMovementSheet.tsx","128","ParticipantMovementSheet","jsx-text","预计目标桌：","","完整候选索引；表达式内字面量可能是接口参数，是否实际展示以文案决策表与浏览器证据为准"
"src/normalized-ui/staff-actions/ParticipantMovementSheet.tsx","128","ParticipantMovementSheet","jsx-text","/ 容量","","完整候选索引；表达式内字面量可能是接口参数，是否实际展示以文案决策表与浏览器证据为准"
"src/normalized-ui/staff-actions/ParticipantMovementSheet.tsx","128","ParticipantMovementSheet","jsx-expression-literal","（已填写加座说明）","","完整候选索引；表达式内字面量可能是接口参数，是否实际展示以文案决策表与浏览器证据为准"
"src/normalized-ui/staff-actions/ParticipantMovementSheet.tsx","129","ParticipantMovementSheet","jsx-text","角色调整：","","完整候选索引；表达式内字面量可能是接口参数，是否实际展示以文案决策表与浏览器证据为准"
"src/normalized-ui/staff-actions/ParticipantMovementSheet.tsx","130","ParticipantMovementSheet","jsx-text","现场原因：","","完整候选索引；表达式内字面量可能是接口参数，是否实际展示以文案决策表与浏览器证据为准"
"src/normalized-ui/staff-actions/ParticipantMovementSheet.tsx","130","ParticipantMovementSheet","jsx-text","加座说明：","","完整候选索引；表达式内字面量可能是接口参数，是否实际展示以文案决策表与浏览器证据为准"
"src/normalized-ui/staff-actions/ParticipantMovementSheet.tsx","131","ParticipantMovementSheet","jsx-text","转桌后请让顾客扫描新桌二维码","","完整候选索引；表达式内字面量可能是接口参数，是否实际展示以文案决策表与浏览器证据为准"
"src/normalized-ui/staff-actions/ParticipantMovementSheet.tsx","133","ParticipantMovementSheet","jsx-expression-literal","saving","","完整候选索引；表达式内字面量可能是接口参数，是否实际展示以文案决策表与浏览器证据为准"
"src/normalized-ui/staff-actions/ParticipantMovementSheet.tsx","133","ParticipantMovementSheet","jsx-text","确认执行","","完整候选索引；表达式内字面量可能是接口参数，是否实际展示以文案决策表与浏览器证据为准"
"src/normalized-ui/staff-actions/ParticipantMovementSheet.tsx","134","ParticipantMovementSheet","jsx-text","返回修改","","完整候选索引；表达式内字面量可能是接口参数，是否实际展示以文案决策表与浏览器证据为准"
"src/normalized-ui/staff-actions/ParticipantMovementSheet.tsx","139","ParticipantMovementSheet","jsx-text","刷新名单并重新预检","","完整候选索引；表达式内字面量可能是接口参数，是否实际展示以文案决策表与浏览器证据为准"
"src/normalized-ui/staff-actions/ResponsibilityAssignmentPanel.tsx","174","ResponsibilityAssignmentPanel","attribute:aria-label","责任桌人员安排","","完整候选索引；表达式内字面量可能是接口参数，是否实际展示以文案决策表与浏览器证据为准"
"src/normalized-ui/staff-actions/ResponsibilityAssignmentPanel.tsx","176","ResponsibilityAssignmentPanel","jsx-text","人员与责任桌","","完整候选索引；表达式内字面量可能是接口参数，是否实际展示以文案决策表与浏览器证据为准"
"src/normalized-ui/staff-actions/ResponsibilityAssignmentPanel.tsx","176","ResponsibilityAssignmentPanel","jsx-text","安排主服务员、候补或临时支援","","完整候选索引；表达式内字面量可能是接口参数，是否实际展示以文案决策表与浏览器证据为准"
"src/normalized-ui/staff-actions/ResponsibilityAssignmentPanel.tsx","177","ResponsibilityAssignmentPanel","jsx-template-text","项生效中","","完整候选索引；表达式内字面量可能是接口参数，是否实际展示以文案决策表与浏览器证据为准"
"src/normalized-ui/staff-actions/ResponsibilityAssignmentPanel.tsx","177","ResponsibilityAssignmentPanel","jsx-expression-literal","可批量安排","","完整候选索引；表达式内字面量可能是接口参数，是否实际展示以文案决策表与浏览器证据为准"
"src/normalized-ui/staff-actions/ResponsibilityAssignmentPanel.tsx","181","ResponsibilityAssignmentPanel","jsx-expression-literal","loading","","完整候选索引；表达式内字面量可能是接口参数，是否实际展示以文案决策表与浏览器证据为准"
"src/normalized-ui/staff-actions/ResponsibilityAssignmentPanel.tsx","181","ResponsibilityAssignmentPanel","jsx-text","正在读取人员与责任桌","","完整候选索引；表达式内字面量可能是接口参数，是否实际展示以文案决策表与浏览器证据为准"
"src/normalized-ui/staff-actions/ResponsibilityAssignmentPanel.tsx","182","ResponsibilityAssignmentPanel","jsx-expression-literal","success","","完整候选索引；表达式内字面量可能是接口参数，是否实际展示以文案决策表与浏览器证据为准"
"src/normalized-ui/staff-actions/ResponsibilityAssignmentPanel.tsx","183","ResponsibilityAssignmentPanel","jsx-expression-literal","error","","完整候选索引；表达式内字面量可能是接口参数，是否实际展示以文案决策表与浏览器证据为准"
"src/normalized-ui/staff-actions/ResponsibilityAssignmentPanel.tsx","183","ResponsibilityAssignmentPanel","jsx-text","重新读取","","完整候选索引；表达式内字面量可能是接口参数，是否实际展示以文案决策表与浏览器证据为准"
"src/normalized-ui/staff-actions/ResponsibilityAssignmentPanel.tsx","184","ResponsibilityAssignmentPanel","jsx-expression-literal","ready","","完整候选索引；表达式内字面量可能是接口参数，是否实际展示以文案决策表与浏览器证据为准"
"src/normalized-ui/staff-actions/ResponsibilityAssignmentPanel.tsx","185","ResponsibilityAssignmentPanel","jsx-text","仅有“分配责任桌台”权限的岗位可发布。所选桌台将一起安排；如有冲突，本次安排不会生效","","完整候选索引；表达式内字面量可能是接口参数，是否实际展示以文案决策表与浏览器证据为准"
"src/normalized-ui/staff-actions/ResponsibilityAssignmentPanel.tsx","187","ResponsibilityAssignmentPanel","jsx-text","员工","","完整候选索引；表达式内字面量可能是接口参数，是否实际展示以文案决策表与浏览器证据为准"
"src/normalized-ui/staff-actions/ResponsibilityAssignmentPanel.tsx","188","ResponsibilityAssignmentPanel","jsx-text","本次岗位","","完整候选索引；表达式内字面量可能是接口参数，是否实际展示以文案决策表与浏览器证据为准"
"src/normalized-ui/staff-actions/ResponsibilityAssignmentPanel.tsx","189","ResponsibilityAssignmentPanel","jsx-text","责任类型","","完整候选索引；表达式内字面量可能是接口参数，是否实际展示以文案决策表与浏览器证据为准"
"src/normalized-ui/staff-actions/ResponsibilityAssignmentPanel.tsx","189","ResponsibilityAssignmentPanel","jsx-text","主服务员","","完整候选索引；表达式内字面量可能是接口参数，是否实际展示以文案决策表与浏览器证据为准"
"src/normalized-ui/staff-actions/ResponsibilityAssignmentPanel.tsx","189","ResponsibilityAssignmentPanel","jsx-text","候补服务员","","完整候选索引；表达式内字面量可能是接口参数，是否实际展示以文案决策表与浏览器证据为准"
"src/normalized-ui/staff-actions/ResponsibilityAssignmentPanel.tsx","189","ResponsibilityAssignmentPanel","jsx-text","临时支援","","完整候选索引；表达式内字面量可能是接口参数，是否实际展示以文案决策表与浏览器证据为准"
"src/normalized-ui/staff-actions/ResponsibilityAssignmentPanel.tsx","190","ResponsibilityAssignmentPanel","jsx-text","开始时间","","完整候选索引；表达式内字面量可能是接口参数，是否实际展示以文案决策表与浏览器证据为准"
"src/normalized-ui/staff-actions/ResponsibilityAssignmentPanel.tsx","191","ResponsibilityAssignmentPanel","jsx-text","结束时间（可不填）","","完整候选索引；表达式内字面量可能是接口参数，是否实际展示以文案决策表与浏览器证据为准"
"src/normalized-ui/staff-actions/ResponsibilityAssignmentPanel.tsx","192","ResponsibilityAssignmentPanel","jsx-text","安排原因","","完整候选索引；表达式内字面量可能是接口参数，是否实际展示以文案决策表与浏览器证据为准"
"src/normalized-ui/staff-actions/ResponsibilityAssignmentPanel.tsx","192","ResponsibilityAssignmentPanel","attribute:placeholder","例如：周五晚班室外区主服务安排","","完整候选索引；表达式内字面量可能是接口参数，是否实际展示以文案决策表与浏览器证据为准"
"src/normalized-ui/staff-actions/ResponsibilityAssignmentPanel.tsx","196","ResponsibilityAssignmentPanel","jsx-text","选择责任区域或桌台","","完整候选索引；表达式内字面量可能是接口参数，是否实际展示以文案决策表与浏览器证据为准"
"src/normalized-ui/staff-actions/ResponsibilityAssignmentPanel.tsx","196","ResponsibilityAssignmentPanel","jsx-text","已选","","完整候选索引；表达式内字面量可能是接口参数，是否实际展示以文案决策表与浏览器证据为准"
"src/normalized-ui/staff-actions/ResponsibilityAssignmentPanel.tsx","199","ResponsibilityAssignmentPanel","attribute:aria-label","搜索责任区域或桌台","","完整候选索引；表达式内字面量可能是接口参数，是否实际展示以文案决策表与浏览器证据为准"
"src/normalized-ui/staff-actions/ResponsibilityAssignmentPanel.tsx","199","ResponsibilityAssignmentPanel","attribute:placeholder","输入桌号或区域，例如 W01、室外","","完整候选索引；表达式内字面量可能是接口参数，是否实际展示以文案决策表与浏览器证据为准"
"src/normalized-ui/staff-actions/ResponsibilityAssignmentPanel.tsx","205","ResponsibilityAssignmentPanel","attribute:aria-label","清空责任桌搜索","","完整候选索引；表达式内字面量可能是接口参数，是否实际展示以文案决策表与浏览器证据为准"
"src/normalized-ui/staff-actions/ResponsibilityAssignmentPanel.tsx","207","ResponsibilityAssignmentPanel","attribute:aria-label","已选责任桌","","完整候选索引；表达式内字面量可能是接口参数，是否实际展示以文案决策表与浏览器证据为准"
"src/normalized-ui/staff-actions/ResponsibilityAssignmentPanel.tsx","208","ResponsibilityAssignmentPanel","jsx-text","本次已选","","完整候选索引；表达式内字面量可能是接口参数，是否实际展示以文案决策表与浏览器证据为准"
"src/normalized-ui/staff-actions/ResponsibilityAssignmentPanel.tsx","208","ResponsibilityAssignmentPanel","jsx-text","清空","","完整候选索引；表达式内字面量可能是接口参数，是否实际展示以文案决策表与浏览器证据为准"
"src/normalized-ui/staff-actions/ResponsibilityAssignmentPanel.tsx","209","ResponsibilityAssignmentPanel","jsx-template-text","移除","","完整候选索引；表达式内字面量可能是接口参数，是否实际展示以文案决策表与浏览器证据为准"
"src/normalized-ui/staff-actions/ResponsibilityAssignmentPanel.tsx","219","ResponsibilityAssignmentPanel","jsx-template-text","· 已选","","完整候选索引；表达式内字面量可能是接口参数，是否实际展示以文案决策表与浏览器证据为准"
"src/normalized-ui/staff-actions/ResponsibilityAssignmentPanel.tsx","222","ResponsibilityAssignmentPanel","jsx-expression-literal","取消整区","","完整候选索引；表达式内字面量可能是接口参数，是否实际展示以文案决策表与浏览器证据为准"
"src/normalized-ui/staff-actions/ResponsibilityAssignmentPanel.tsx","222","ResponsibilityAssignmentPanel","jsx-expression-literal","选择整区","","完整候选索引；表达式内字面量可能是接口参数，是否实际展示以文案决策表与浏览器证据为准"
"src/normalized-ui/staff-actions/ResponsibilityAssignmentPanel.tsx","227","ResponsibilityAssignmentPanel","jsx-text","没有匹配的区域或桌台","","完整候选索引；表达式内字面量可能是接口参数，是否实际展示以文案决策表与浏览器证据为准"
"src/normalized-ui/staff-actions/ResponsibilityAssignmentPanel.tsx","230","ResponsibilityAssignmentPanel","jsx-text","发布","","完整候选索引；表达式内字面量可能是接口参数，是否实际展示以文案决策表与浏览器证据为准"
"src/normalized-ui/staff-actions/ResponsibilityAssignmentPanel.tsx","230","ResponsibilityAssignmentPanel","jsx-template-text","张桌台","","完整候选索引；表达式内字面量可能是接口参数，是否实际展示以文案决策表与浏览器证据为准"
"src/normalized-ui/staff-actions/ResponsibilityAssignmentPanel.tsx","230","ResponsibilityAssignmentPanel","jsx-expression-literal","责任安排","","完整候选索引；表达式内字面量可能是接口参数，是否实际展示以文案决策表与浏览器证据为准"
"src/normalized-ui/staff-actions/ResponsibilityAssignmentPanel.tsx","232","ResponsibilityAssignmentPanel","attribute:aria-label","当前责任安排","","完整候选索引；表达式内字面量可能是接口参数，是否实际展示以文案决策表与浏览器证据为准"
"src/normalized-ui/staff-actions/ResponsibilityAssignmentPanel.tsx","233","ResponsibilityAssignmentPanel","jsx-text","当前生效","","完整候选索引；表达式内字面量可能是接口参数，是否实际展示以文案决策表与浏览器证据为准"
"src/normalized-ui/staff-actions/ResponsibilityAssignmentPanel.tsx","234","ResponsibilityAssignmentPanel","jsx-text","还没有生效中的责任桌安排。","","完整候选索引；表达式内字面量可能是接口参数，是否实际展示以文案决策表与浏览器证据为准"
"src/normalized-ui/staff-actions/ResponsibilityAssignmentPanel.tsx","236","ResponsibilityAssignmentPanel","jsx-expression-literal","再次确认结束","","完整候选索引；表达式内字面量可能是接口参数，是否实际展示以文案决策表与浏览器证据为准"
"src/normalized-ui/staff-actions/ResponsibilityAssignmentPanel.tsx","236","ResponsibilityAssignmentPanel","jsx-expression-literal","结束责任","","完整候选索引；表达式内字面量可能是接口参数，是否实际展示以文案决策表与浏览器证据为准"
"src/normalized-ui/staff-actions/staff-actions-model.ts","25","(module)","display-definition","不确定（按常规服务）","","完整候选索引；表达式内字面量可能是接口参数，是否实际展示以文案决策表与浏览器证据为准"
"src/normalized-ui/staff-actions/staff-actions-model.ts","26","(module)","display-definition","兄弟","","完整候选索引；表达式内字面量可能是接口参数，是否实际展示以文案决策表与浏览器证据为准"
"src/normalized-ui/staff-actions/staff-actions-model.ts","27","(module)","display-definition","商务","","完整候选索引；表达式内字面量可能是接口参数，是否实际展示以文案决策表与浏览器证据为准"
"src/normalized-ui/staff-actions/staff-actions-model.ts","28","(module)","display-definition","情侣","","完整候选索引；表达式内字面量可能是接口参数，是否实际展示以文案决策表与浏览器证据为准"
"src/normalized-ui/staff-actions/staff-actions-model.ts","29","(module)","display-definition","闺蜜","","完整候选索引；表达式内字面量可能是接口参数，是否实际展示以文案决策表与浏览器证据为准"
"src/normalized-ui/staff-actions/staff-actions-model.ts","30","(module)","display-definition","单人","","完整候选索引；表达式内字面量可能是接口参数，是否实际展示以文案决策表与浏览器证据为准"
"src/normalized-ui/staff-actions/staff-actions-model.ts","167","(module)","display-definition","开心","","完整候选索引；表达式内字面量可能是接口参数，是否实际展示以文案决策表与浏览器证据为准"
"src/normalized-ui/staff-actions/staff-actions-model.ts","168","(module)","display-definition","兴奋","","完整候选索引；表达式内字面量可能是接口参数，是否实际展示以文案决策表与浏览器证据为准"
"src/normalized-ui/staff-actions/staff-actions-model.ts","169","(module)","display-definition","听歌","","完整候选索引；表达式内字面量可能是接口参数，是否实际展示以文案决策表与浏览器证据为准"
"src/normalized-ui/staff-actions/staff-actions-model.ts","170","(module)","display-definition","想互动","","完整候选索引；表达式内字面量可能是接口参数，是否实际展示以文案决策表与浏览器证据为准"
"src/normalized-ui/staff-actions/staff-actions-model.ts","171","(module)","display-definition","庆祝","","完整候选索引；表达式内字面量可能是接口参数，是否实际展示以文案决策表与浏览器证据为准"
"src/normalized-ui/staff-actions/staff-actions-model.ts","172","(module)","display-definition","安静","","完整候选索引；表达式内字面量可能是接口参数，是否实际展示以文案决策表与浏览器证据为准"
"src/normalized-ui/staff-actions/staff-actions-model.ts","173","(module)","display-definition","有点累","","完整候选索引；表达式内字面量可能是接口参数，是否实际展示以文案决策表与浏览器证据为准"
"src/normalized-ui/staff-actions/staff-actions-model.ts","174","(module)","display-definition","不太舒服","","完整候选索引；表达式内字面量可能是接口参数，是否实际展示以文案决策表与浏览器证据为准"
"src/normalized-ui/staff-actions/staff-actions-model.ts","178","tableMoodPresentation","display-definition","客人状态","","完整候选索引；表达式内字面量可能是接口参数，是否实际展示以文案决策表与浏览器证据为准"
"src/normalized-ui/staff-actions/StaffActionsPanel.tsx","619","closeTable","display-definition","请再次确认结台。系统会先核对付款和出品；有未结事项时会保留桌台并说明原因。","","完整候选索引；表达式内字面量可能是接口参数，是否实际展示以文案决策表与浏览器证据为准"
"src/normalized-ui/staff-actions/StaffActionsPanel.tsx","655","closeAfterCustomerLeft","display-definition","请再次确认：顾客已离店。系统会释放物理桌台，取消未履约部分；付款、退款和对账后续会原样保留给收银处理。","","完整候选索引；表达式内字面量可能是接口参数，是否实际展示以文案决策表与浏览器证据为准"
"src/normalized-ui/staff-actions/StaffActionsPanel.tsx","748","overridePriority","display-definition","填写优先安排调整原因","","完整候选索引；表达式内字面量可能是接口参数，是否实际展示以文案决策表与浏览器证据为准"
"src/normalized-ui/staff-actions/StaffActionsPanel.tsx","750","overridePriority","display-definition","调整原因","","完整候选索引；表达式内字面量可能是接口参数，是否实际展示以文案决策表与浏览器证据为准"
"src/normalized-ui/staff-actions/StaffActionsPanel.tsx","753","overridePriority","display-definition","请填写至少2个字的队列调整原因。","","完整候选索引；表达式内字面量可能是接口参数，是否实际展示以文案决策表与浏览器证据为准"
"src/normalized-ui/staff-actions/StaffActionsPanel.tsx","759","overridePriority","display-definition","优先安排顺序已调整；不会绕过门店容量，也不承诺固定桌位。","","完整候选索引；表达式内字面量可能是接口参数，是否实际展示以文案决策表与浏览器证据为准"
"src/normalized-ui/staff-actions/StaffActionsPanel.tsx","769","transferTable","display-definition","请选择有效的目标桌台","","完整候选索引；表达式内字面量可能是接口参数，是否实际展示以文案决策表与浏览器证据为准"
"src/normalized-ui/staff-actions/StaffActionsPanel.tsx","804","completeServiceTask","display-definition","投诉需要值班经理简要记录现场处理结果后再完成","","完整候选索引；表达式内字面量可能是接口参数，是否实际展示以文案决策表与浏览器证据为准"
"src/normalized-ui/staff-actions/StaffActionsPanel.tsx","873","recoverKdsResults","display-definition","原制作/送达操作结果已恢复","","完整候选索引；表达式内字面量可能是接口参数，是否实际展示以文案决策表与浏览器证据为准"
"src/normalized-ui/staff-actions/StaffActionsPanel.tsx","890","cancelCarryoverFulfillment","display-definition","跨营业日遗留取消需要出品异常处理权限，请交给值班经理。","","完整候选索引；表达式内字面量可能是接口参数，是否实际展示以文案决策表与浏览器证据为准"
"src/normalized-ui/staff-actions/StaffActionsPanel.tsx","894","cancelCarryoverFulfillment","display-definition","请记录遗留原因和现场核对结果，至少4个字。","","完整候选索引；表达式内字面量可能是接口参数，是否实际展示以文案决策表与浏览器证据为准"
"src/normalized-ui/staff-actions/StaffActionsPanel.tsx","898","cancelCarryoverFulfillment","display-definition","请再次确认：只取消这项历史出品，不会改写原营业日收入。","","完整候选索引；表达式内字面量可能是接口参数，是否实际展示以文案决策表与浏览器证据为准"
"src/normalized-ui/staff-actions/StaffActionsPanel.tsx","933","cancelAllCarryoverFulfillment","display-definition","批量处理前请填写至少4个字的现场核对原因。","","完整候选索引；表达式内字面量可能是接口参数，是否实际展示以文案决策表与浏览器证据为准"
"src/normalized-ui/staff-actions/StaffActionsPanel.tsx","974","redeemAnnualGift","display-definition","请选择已发布的原礼遇商品或合规替代品","","完整候选索引；表达式内字面量可能是接口参数，是否实际展示以文案决策表与浏览器证据为准"
"src/normalized-ui/staff-actions/StaffActionsPanel.tsx","977","redeemAnnualGift","display-definition","使用替代品必须填写至少2个字的替换原因","","完整候选索引；表达式内字面量可能是接口参数，是否实际展示以文案决策表与浏览器证据为准"
"src/normalized-ui/staff-actions/StaffActionsPanel.tsx","980","redeemAnnualGift","display-definition","确认核销会员礼遇","","完整候选索引；表达式内字面量可能是接口参数，是否实际展示以文案决策表与浏览器证据为准"
"src/normalized-ui/staff-actions/StaffActionsPanel.tsx","989","redeemAnnualGift","display-definition","会员礼遇已核销并进入待出品；制作送达后才会完成","","完整候选索引；表达式内字面量可能是接口参数，是否实际展示以文案决策表与浏览器证据为准"
"src/normalized-ui/staff-actions/StaffActionsPanel.tsx","998","redeemDailySnack","display-definition","确认核销每日点心","","完整候选索引；表达式内字面量可能是接口参数，是否实际展示以文案决策表与浏览器证据为准"
"src/normalized-ui/staff-actions/StaffActionsPanel.tsx","1005","redeemDailySnack","display-definition","每日点心已核销并进入待出品","","完整候选索引；表达式内字面量可能是接口参数，是否实际展示以文案决策表与浏览器证据为准"
"src/normalized-ui/staff-actions/StaffActionsPanel.tsx","1013","cancelAnnualGift","display-definition","填写取消暂留现场原因","","完整候选索引；表达式内字面量可能是接口参数，是否实际展示以文案决策表与浏览器证据为准"
"src/normalized-ui/staff-actions/StaffActionsPanel.tsx","1013","cancelAnnualGift","display-definition","现场原因","","完整候选索引；表达式内字面量可能是接口参数，是否实际展示以文案决策表与浏览器证据为准"
"src/normalized-ui/staff-actions/StaffActionsPanel.tsx","1014","cancelAnnualGift","display-definition","必须填写取消原因，礼遇暂留未释放","","完整候选索引；表达式内字面量可能是接口参数，是否实际展示以文案决策表与浏览器证据为准"
"src/normalized-ui/staff-actions/StaffActionsPanel.tsx","1019","cancelAnnualGift","display-definition","生日或节日礼遇暂留已取消并释放","","完整候选索引；表达式内字面量可能是接口参数，是否实际展示以文案决策表与浏览器证据为准"
"src/normalized-ui/staff-actions/StaffActionsPanel.tsx","1027","cancelDailySnack","display-definition","填写取消暂留现场原因","","完整候选索引；表达式内字面量可能是接口参数，是否实际展示以文案决策表与浏览器证据为准"
"src/normalized-ui/staff-actions/StaffActionsPanel.tsx","1027","cancelDailySnack","display-definition","取消暂留前，请填写至少2个字的现场原因。","","完整候选索引；表达式内字面量可能是接口参数，是否实际展示以文案决策表与浏览器证据为准"
"src/normalized-ui/staff-actions/StaffActionsPanel.tsx","1027","cancelDailySnack","display-definition","现场原因","","完整候选索引；表达式内字面量可能是接口参数，是否实际展示以文案决策表与浏览器证据为准"
"src/normalized-ui/staff-actions/StaffActionsPanel.tsx","1028","cancelDailySnack","display-definition","必须填写取消原因，暂留未释放","","完整候选索引；表达式内字面量可能是接口参数，是否实际展示以文案决策表与浏览器证据为准"
"src/normalized-ui/staff-actions/StaffActionsPanel.tsx","1032","cancelDailySnack","display-definition","每日点心暂留已取消并释放","","完整候选索引；表达式内字面量可能是接口参数，是否实际展示以文案决策表与浏览器证据为准"
"src/normalized-ui/staff-actions/StaffActionsPanel.tsx","1046","acceptMemberCode","display-definition","当前负责桌台没有与该会员码或核销码匹配的待办","","完整候选索引；表达式内字面量可能是接口参数，是否实际展示以文案决策表与浏览器证据为准"
"src/normalized-ui/staff-actions/StaffActionsPanel.tsx","1050","StaffActionsPanel","jsx-text","正在读取现场","","完整候选索引；表达式内字面量可能是接口参数，是否实际展示以文案决策表与浏览器证据为准"
"src/normalized-ui/staff-actions/StaffActionsPanel.tsx","1054","StaffActionsPanel","attribute:aria-label","现场高频操作","","完整候选索引；表达式内字面量可能是接口参数，是否实际展示以文案决策表与浏览器证据为准"
"src/normalized-ui/staff-actions/StaffActionsPanel.tsx","1058","StaffActionsPanel","jsx-expression-literal","tables","","完整候选索引；表达式内字面量可能是接口参数，是否实际展示以文案决策表与浏览器证据为准"
"src/normalized-ui/staff-actions/StaffActionsPanel.tsx","1058","StaffActionsPanel","jsx-expression-literal","现场调度","","完整候选索引；表达式内字面量可能是接口参数，是否实际展示以文案决策表与浏览器证据为准"
"src/normalized-ui/staff-actions/StaffActionsPanel.tsx","1058","StaffActionsPanel","jsx-expression-literal","tasks","","完整候选索引；表达式内字面量可能是接口参数，是否实际展示以文案决策表与浏览器证据为准"
"src/normalized-ui/staff-actions/StaffActionsPanel.tsx","1058","StaffActionsPanel","jsx-expression-literal","服务执行","","完整候选索引；表达式内字面量可能是接口参数，是否实际展示以文案决策表与浏览器证据为准"
"src/normalized-ui/staff-actions/StaffActionsPanel.tsx","1058","StaffActionsPanel","jsx-expression-literal","fulfillment","","完整候选索引；表达式内字面量可能是接口参数，是否实际展示以文案决策表与浏览器证据为准"
"src/normalized-ui/staff-actions/StaffActionsPanel.tsx","1058","StaffActionsPanel","jsx-expression-literal","制作与送达","","完整候选索引；表达式内字面量可能是接口参数，是否实际展示以文案决策表与浏览器证据为准"
"src/normalized-ui/staff-actions/StaffActionsPanel.tsx","1058","StaffActionsPanel","jsx-expression-literal","预约接待","","完整候选索引；表达式内字面量可能是接口参数，是否实际展示以文案决策表与浏览器证据为准"
"src/normalized-ui/staff-actions/StaffActionsPanel.tsx","1059","StaffActionsPanel","jsx-expression-literal","tables","","完整候选索引；表达式内字面量可能是接口参数，是否实际展示以文案决策表与浏览器证据为准"
"src/normalized-ui/staff-actions/StaffActionsPanel.tsx","1059","StaffActionsPanel","jsx-expression-literal","找到桌台，直接处理","","完整候选索引；表达式内字面量可能是接口参数，是否实际展示以文案决策表与浏览器证据为准"
"src/normalized-ui/staff-actions/StaffActionsPanel.tsx","1059","StaffActionsPanel","jsx-expression-literal","tasks","","完整候选索引；表达式内字面量可能是接口参数，是否实际展示以文案决策表与浏览器证据为准"
"src/normalized-ui/staff-actions/StaffActionsPanel.tsx","1059","StaffActionsPanel","jsx-expression-literal","只看需要服务的事","","完整候选索引；表达式内字面量可能是接口参数，是否实际展示以文案决策表与浏览器证据为准"
"src/normalized-ui/staff-actions/StaffActionsPanel.tsx","1059","StaffActionsPanel","jsx-expression-literal","fulfillment","","完整候选索引；表达式内字面量可能是接口参数，是否实际展示以文案决策表与浏览器证据为准"
"src/normalized-ui/staff-actions/StaffActionsPanel.tsx","1059","StaffActionsPanel","jsx-expression-literal","只做当前下一步","","完整候选索引；表达式内字面量可能是接口参数，是否实际展示以文案决策表与浏览器证据为准"
"src/normalized-ui/staff-actions/StaffActionsPanel.tsx","1059","StaffActionsPanel","jsx-expression-literal","确认预约与到店","","完整候选索引；表达式内字面量可能是接口参数，是否实际展示以文案决策表与浏览器证据为准"
"src/normalized-ui/staff-actions/StaffActionsPanel.tsx","1061","StaffActionsPanel","attribute:aria-label","刷新现场","","完整候选索引；表达式内字面量可能是接口参数，是否实际展示以文案决策表与浏览器证据为准"
"src/normalized-ui/staff-actions/StaffActionsPanel.tsx","1067","StaffActionsPanel","jsx-expression-literal","error","","完整候选索引；表达式内字面量可能是接口参数，是否实际展示以文案决策表与浏览器证据为准"
"src/normalized-ui/staff-actions/StaffActionsPanel.tsx","1067","StaffActionsPanel","jsx-expression-literal","attention","","完整候选索引；表达式内字面量可能是接口参数，是否实际展示以文案决策表与浏览器证据为准"
"src/normalized-ui/staff-actions/StaffActionsPanel.tsx","1067","StaffActionsPanel","jsx-expression-literal","guidance","","完整候选索引；表达式内字面量可能是接口参数，是否实际展示以文案决策表与浏览器证据为准"
"src/normalized-ui/staff-actions/StaffActionsPanel.tsx","1069","StaffActionsPanel","attribute:aria-label","关闭提示","","完整候选索引；表达式内字面量可能是接口参数，是否实际展示以文案决策表与浏览器证据为准"
"src/normalized-ui/staff-actions/StaffActionsPanel.tsx","1072","StaffActionsPanel","jsx-expression-literal","error","","完整候选索引；表达式内字面量可能是接口参数，是否实际展示以文案决策表与浏览器证据为准"
"src/normalized-ui/staff-actions/StaffActionsPanel.tsx","1072","StaffActionsPanel","jsx-text","刷新失败，当前显示上次成功数据。","","完整候选索引；表达式内字面量可能是接口参数，是否实际展示以文案决策表与浏览器证据为准"
"src/normalized-ui/staff-actions/StaffActionsPanel.tsx","1074","StaffActionsPanel","jsx-expression-literal","tables","","完整候选索引；表达式内字面量可能是接口参数，是否实际展示以文案决策表与浏览器证据为准"
"src/normalized-ui/staff-actions/StaffActionsPanel.tsx","1076","StaffActionsPanel","jsx-expression-literal","table.assignment.manage","","完整候选索引；表达式内字面量可能是接口参数，是否实际展示以文案决策表与浏览器证据为准"
"src/normalized-ui/staff-actions/StaffActionsPanel.tsx","1080","StaffActionsPanel","attribute:placeholder","搜索桌号或区域","","完整候选索引；表达式内字面量可能是接口参数，是否实际展示以文案决策表与浏览器证据为准"
"src/normalized-ui/staff-actions/StaffActionsPanel.tsx","1080","StaffActionsPanel","attribute:aria-label","搜索桌号或区域","","完整候选索引；表达式内字面量可能是接口参数，是否实际展示以文案决策表与浏览器证据为准"
"src/normalized-ui/staff-actions/StaffActionsPanel.tsx","1081","StaffActionsPanel","jsx-text","区域","","完整候选索引；表达式内字面量可能是接口参数，是否实际展示以文案决策表与浏览器证据为准"
"src/normalized-ui/staff-actions/StaffActionsPanel.tsx","1081","StaffActionsPanel","attribute:aria-label","按区域筛选桌台","","完整候选索引；表达式内字面量可能是接口参数，是否实际展示以文案决策表与浏览器证据为准"
"src/normalized-ui/staff-actions/StaffActionsPanel.tsx","1082","StaffActionsPanel","jsx-text","全部区域","","完整候选索引；表达式内字面量可能是接口参数，是否实际展示以文案决策表与浏览器证据为准"
"src/normalized-ui/staff-actions/StaffActionsPanel.tsx","1085","StaffActionsPanel","attribute:aria-label","桌台显示范围","","完整候选索引；表达式内字面量可能是接口参数，是否实际展示以文案决策表与浏览器证据为准"
"src/normalized-ui/staff-actions/StaffActionsPanel.tsx","1086","StaffActionsPanel","jsx-text","营业中","","完整候选索引；表达式内字面量可能是接口参数，是否实际展示以文案决策表与浏览器证据为准"
"src/normalized-ui/staff-actions/StaffActionsPanel.tsx","1087","StaffActionsPanel","jsx-text","待支付","","完整候选索引；表达式内字面量可能是接口参数，是否实际展示以文案决策表与浏览器证据为准"
"src/normalized-ui/staff-actions/StaffActionsPanel.tsx","1087","StaffActionsPanel","jsx-template-text","桌待支付","","完整候选索引；表达式内字面量可能是接口参数，是否实际展示以文案决策表与浏览器证据为准"
"src/normalized-ui/staff-actions/StaffActionsPanel.tsx","1088","StaffActionsPanel","jsx-text","负责桌","","完整候选索引；表达式内字面量可能是接口参数，是否实际展示以文案决策表与浏览器证据为准"
"src/normalized-ui/staff-actions/StaffActionsPanel.tsx","1089","StaffActionsPanel","jsx-text","全部","","完整候选索引；表达式内字面量可能是接口参数，是否实际展示以文案决策表与浏览器证据为准"
"src/normalized-ui/staff-actions/StaffActionsPanel.tsx","1089","StaffActionsPanel","jsx-template-text","桌有支付或退款异常","","完整候选索引；表达式内字面量可能是接口参数，是否实际展示以文案决策表与浏览器证据为准"
"src/normalized-ui/staff-actions/StaffActionsPanel.tsx","1094","StaffActionsPanel","jsx-template-text","张桌待收款","","完整候选索引；表达式内字面量可能是接口参数，是否实际展示以文案决策表与浏览器证据为准"
"src/normalized-ui/staff-actions/StaffActionsPanel.tsx","1095","StaffActionsPanel","jsx-template-text","张桌退款待处理","","完整候选索引；表达式内字面量可能是接口参数，是否实际展示以文案决策表与浏览器证据为准"
"src/normalized-ui/staff-actions/StaffActionsPanel.tsx","1096","StaffActionsPanel","jsx-template-text","张桌退款由系统核对中","","完整候选索引；表达式内字面量可能是接口参数，是否实际展示以文案决策表与浏览器证据为准"
"src/normalized-ui/staff-actions/StaffActionsPanel.tsx","1098","StaffActionsPanel","jsx-expression-literal","退款正在处理，到账后会更新结果。","","完整候选索引；表达式内字面量可能是接口参数，是否实际展示以文案决策表与浏览器证据为准"
"src/normalized-ui/staff-actions/StaffActionsPanel.tsx","1099","StaffActionsPanel","jsx-expression-literal","有待核对的款项，请进入收银查看详情并继续处理。","","完整候选索引；表达式内字面量可能是接口参数，是否实际展示以文案决策表与浏览器证据为准"
"src/normalized-ui/staff-actions/StaffActionsPanel.tsx","1100","StaffActionsPanel","jsx-text","查看待支付","","完整候选索引；表达式内字面量可能是接口参数，是否实际展示以文案决策表与浏览器证据为准"
"src/normalized-ui/staff-actions/StaffActionsPanel.tsx","1101","StaffActionsPanel","jsx-expression-literal","处理退款","","完整候选索引；表达式内字面量可能是接口参数，是否实际展示以文案决策表与浏览器证据为准"
"src/normalized-ui/staff-actions/StaffActionsPanel.tsx","1101","StaffActionsPanel","jsx-expression-literal","查看退款进度","","完整候选索引；表达式内字面量可能是接口参数，是否实际展示以文案决策表与浏览器证据为准"
"src/normalized-ui/staff-actions/StaffActionsPanel.tsx","1103","StaffActionsPanel","jsx-text","当前范围没有桌台","","完整候选索引；表达式内字面量可能是接口参数，是否实际展示以文案决策表与浏览器证据为准"
"src/normalized-ui/staff-actions/StaffActionsPanel.tsx","1103","StaffActionsPanel","jsx-text","可搜索桌号，或切换到“全部”查看完整桌图。","","完整候选索引；表达式内字面量可能是接口参数，是否实际展示以文案决策表与浏览器证据为准"
"src/normalized-ui/staff-actions/StaffActionsPanel.tsx","1103","StaffActionsPanel","jsx-text","查看全部桌台","","完整候选索引；表达式内字面量可能是接口参数，是否实际展示以文案决策表与浏览器证据为准"
"src/normalized-ui/staff-actions/StaffActionsPanel.tsx","1114","StaffActionsPanel","jsx-expression-literal","payment.collect.all_tables","","完整候选索引；表达式内字面量可能是接口参数，是否实际展示以文案决策表与浏览器证据为准"
"src/normalized-ui/staff-actions/StaffActionsPanel.tsx","1117","StaffActionsPanel","jsx-expression-literal","payment_exception","","完整候选索引；表达式内字面量可能是接口参数，是否实际展示以文案决策表与浏览器证据为准"
"src/normalized-ui/staff-actions/StaffActionsPanel.tsx","1127","StaffActionsPanel","jsx-template-text","人 · 空台","","完整候选索引；表达式内字面量可能是接口参数，是否实际展示以文案决策表与浏览器证据为准"
"src/normalized-ui/staff-actions/StaffActionsPanel.tsx","1127","StaffActionsPanel","jsx-template-text","人 ·","","完整候选索引；表达式内字面量可能是接口参数，是否实际展示以文案决策表与浏览器证据为准"
"src/normalized-ui/staff-actions/StaffActionsPanel.tsx","1127","StaffActionsPanel","jsx-expression-literal","closing","","完整候选索引；表达式内字面量可能是接口参数，是否实际展示以文案决策表与浏览器证据为准"
"src/normalized-ui/staff-actions/StaffActionsPanel.tsx","1127","StaffActionsPanel","jsx-expression-literal","结台中 ·","","完整候选索引；表达式内字面量可能是接口参数，是否实际展示以文案决策表与浏览器证据为准"
"src/normalized-ui/staff-actions/StaffActionsPanel.tsx","1128","StaffActionsPanel","jsx-text","已点 ¥","","完整候选索引；表达式内字面量可能是接口参数，是否实际展示以文案决策表与浏览器证据为准"
"src/normalized-ui/staff-actions/StaffActionsPanel.tsx","1129","StaffActionsPanel","jsx-text","已退 ¥","","完整候选索引；表达式内字面量可能是接口参数，是否实际展示以文案决策表与浏览器证据为准"
"src/normalized-ui/staff-actions/StaffActionsPanel.tsx","1129","StaffActionsPanel","jsx-text","· 净收 ¥","","完整候选索引；表达式内字面量可能是接口参数，是否实际展示以文案决策表与浏览器证据为准"
"src/normalized-ui/staff-actions/StaffActionsPanel.tsx","1130","StaffActionsPanel","jsx-template-text","笔未收","","完整候选索引；表达式内字面量可能是接口参数，是否实际展示以文案决策表与浏览器证据为准"
"src/normalized-ui/staff-actions/StaffActionsPanel.tsx","1130","StaffActionsPanel","jsx-template-text","笔确认中","","完整候选索引；表达式内字面量可能是接口参数，是否实际展示以文案决策表与浏览器证据为准"
"src/normalized-ui/staff-actions/StaffActionsPanel.tsx","1130","StaffActionsPanel","jsx-expression-literal","退款待办","","完整候选索引；表达式内字面量可能是接口参数，是否实际展示以文案决策表与浏览器证据为准"
"src/normalized-ui/staff-actions/StaffActionsPanel.tsx","1130","StaffActionsPanel","jsx-expression-literal","退款核对中","","完整候选索引；表达式内字面量可能是接口参数，是否实际展示以文案决策表与浏览器证据为准"
"src/normalized-ui/staff-actions/StaffActionsPanel.tsx","1131","StaffActionsPanel","attribute:aria-label","支付或退款待办","","完整候选索引；表达式内字面量可能是接口参数，是否实际展示以文案决策表与浏览器证据为准"
"src/normalized-ui/staff-actions/StaffActionsPanel.tsx","1132","StaffActionsPanel","jsx-text","负责桌","","完整候选索引；表达式内字面量可能是接口参数，是否实际展示以文案决策表与浏览器证据为准"
"src/normalized-ui/staff-actions/StaffActionsPanel.tsx","1134","StaffActionsPanel","jsx-template-text","客人状态：","","完整候选索引；表达式内字面量可能是接口参数，是否实际展示以文案决策表与浏览器证据为准"
"src/normalized-ui/staff-actions/StaffActionsPanel.tsx","1134","StaffActionsPanel","jsx-template-text","客人状态：","","完整候选索引；表达式内字面量可能是接口参数，是否实际展示以文案决策表与浏览器证据为准"
"src/normalized-ui/staff-actions/StaffActionsPanel.tsx","1140","StaffActionsPanel","jsx-template-text","直接收款","","完整候选索引；表达式内字面量可能是接口参数，是否实际展示以文案决策表与浏览器证据为准"
"src/normalized-ui/staff-actions/StaffActionsPanel.tsx","1147","StaffActionsPanel","jsx-text","收款","","完整候选索引；表达式内字面量可能是接口参数，是否实际展示以文案决策表与浏览器证据为准"
"src/normalized-ui/staff-actions/StaffActionsPanel.tsx","1207","StaffActionsPanel","jsx-template-text","会员权益","","完整候选索引；表达式内字面量可能是接口参数，是否实际展示以文案决策表与浏览器证据为准"
"src/normalized-ui/staff-actions/StaffActionsPanel.tsx","1223","StaffActionsPanel","jsx-expression-literal","tasks","","完整候选索引；表达式内字面量可能是接口参数，是否实际展示以文案决策表与浏览器证据为准"
"src/normalized-ui/staff-actions/StaffActionsPanel.tsx","1224","StaffActionsPanel","jsx-expression-literal","tasks","","完整候选索引；表达式内字面量可能是接口参数，是否实际展示以文案决策表与浏览器证据为准"
"src/normalized-ui/staff-actions/StaffActionsPanel.tsx","1226","StaffActionsPanel","attribute:placeholder","输入会员号或核销码","","完整候选索引；表达式内字面量可能是接口参数，是否实际展示以文案决策表与浏览器证据为准"
"src/normalized-ui/staff-actions/StaffActionsPanel.tsx","1226","StaffActionsPanel","attribute:aria-label","输入会员号或核销码","","完整候选索引；表达式内字面量可能是接口参数，是否实际展示以文案决策表与浏览器证据为准"
"src/normalized-ui/staff-actions/StaffActionsPanel.tsx","1227","StaffActionsPanel","jsx-text","扫描会员码","","完整候选索引；表达式内字面量可能是接口参数，是否实际展示以文案决策表与浏览器证据为准"
"src/normalized-ui/staff-actions/StaffActionsPanel.tsx","1229","StaffActionsPanel","attribute:title","会员权益待办","","完整候选索引；表达式内字面量可能是接口参数，是否实际展示以文案决策表与浏览器证据为准"
"src/normalized-ui/staff-actions/StaffActionsPanel.tsx","1244","StaffActionsPanel","jsx-template-text","查看","","完整候选索引；表达式内字面量可能是接口参数，是否实际展示以文案决策表与浏览器证据为准"
"src/normalized-ui/staff-actions/StaffActionsPanel.tsx","1244","StaffActionsPanel","jsx-template-text","详情","","完整候选索引；表达式内字面量可能是接口参数，是否实际展示以文案决策表与浏览器证据为准"
"src/normalized-ui/staff-actions/StaffActionsPanel.tsx","1257","StaffActionsPanel","jsx-expression-literal","manager_resolution","","完整候选索引；表达式内字面量可能是接口参数，是否实际展示以文案决策表与浏览器证据为准"
"src/normalized-ui/staff-actions/StaffActionsPanel.tsx","1258","StaffActionsPanel","jsx-expression-literal","值班经理处理 · 需留结果","","完整候选索引；表达式内字面量可能是接口参数，是否实际展示以文案决策表与浏览器证据为准"
"src/normalized-ui/staff-actions/StaffActionsPanel.tsx","1260","StaffActionsPanel","jsx-expression-literal","我负责的桌台 · 一键完成","","完整候选索引；表达式内字面量可能是接口参数，是否实际展示以文案决策表与浏览器证据为准"
"src/normalized-ui/staff-actions/StaffActionsPanel.tsx","1261","StaffActionsPanel","jsx-expression-literal","urgent","","完整候选索引；表达式内字面量可能是接口参数，是否实际展示以文案决策表与浏览器证据为准"
"src/normalized-ui/staff-actions/StaffActionsPanel.tsx","1261","StaffActionsPanel","jsx-expression-literal","紧急","","完整候选索引；表达式内字面量可能是接口参数，是否实际展示以文案决策表与浏览器证据为准"
"src/normalized-ui/staff-actions/StaffActionsPanel.tsx","1261","StaffActionsPanel","jsx-expression-literal","high","","完整候选索引；表达式内字面量可能是接口参数，是否实际展示以文案决策表与浏览器证据为准"
"src/normalized-ui/staff-actions/StaffActionsPanel.tsx","1261","StaffActionsPanel","jsx-expression-literal","优先处理","","完整候选索引；表达式内字面量可能是接口参数，是否实际展示以文案决策表与浏览器证据为准"
"src/normalized-ui/staff-actions/StaffActionsPanel.tsx","1261","StaffActionsPanel","jsx-expression-literal","待处理","","完整候选索引；表达式内字面量可能是接口参数，是否实际展示以文案决策表与浏览器证据为准"
"src/normalized-ui/staff-actions/StaffActionsPanel.tsx","1262","StaffActionsPanel","jsx-expression-literal","manager_resolution","","完整候选索引；表达式内字面量可能是接口参数，是否实际展示以文案决策表与浏览器证据为准"
"src/normalized-ui/staff-actions/StaffActionsPanel.tsx","1263","StaffActionsPanel","attribute:placeholder","简要记录客人诉求和处理结果","","完整候选索引；表达式内字面量可能是接口参数，是否实际展示以文案决策表与浏览器证据为准"
"src/normalized-ui/staff-actions/StaffActionsPanel.tsx","1268","StaffActionsPanel","jsx-template-text","投诉处理结果","","完整候选索引；表达式内字面量可能是接口参数，是否实际展示以文案决策表与浏览器证据为准"
"src/normalized-ui/staff-actions/StaffActionsPanel.tsx","1273","StaffActionsPanel","jsx-expression-literal","goods.redelivery","","完整候选索引；表达式内字面量可能是接口参数，是否实际展示以文案决策表与浏览器证据为准"
"src/normalized-ui/staff-actions/StaffActionsPanel.tsx","1273","StaffActionsPanel","jsx-expression-literal","refund.request","","完整候选索引；表达式内字面量可能是接口参数，是否实际展示以文案决策表与浏览器证据为准"
"src/normalized-ui/staff-actions/StaffActionsPanel.tsx","1273","StaffActionsPanel","jsx-expression-literal","service.execute","","完整候选索引；表达式内字面量可能是接口参数，是否实际展示以文案决策表与浏览器证据为准"
"src/normalized-ui/staff-actions/StaffActionsPanel.tsx","1273","StaffActionsPanel","jsx-text","核对补送份数","","完整候选索引；表达式内字面量可能是接口参数，是否实际展示以文案决策表与浏览器证据为准"
"src/normalized-ui/staff-actions/StaffActionsPanel.tsx","1275","StaffActionsPanel","jsx-expression-literal","manager_resolution","","完整候选索引；表达式内字面量可能是接口参数，是否实际展示以文案决策表与浏览器证据为准"
"src/normalized-ui/staff-actions/StaffActionsPanel.tsx","1275","StaffActionsPanel","jsx-expression-literal","记录并完成","","完整候选索引；表达式内字面量可能是接口参数，是否实际展示以文案决策表与浏览器证据为准"
"src/normalized-ui/staff-actions/StaffActionsPanel.tsx","1275","StaffActionsPanel","jsx-expression-literal","完成","","完整候选索引；表达式内字面量可能是接口参数，是否实际展示以文案决策表与浏览器证据为准"
"src/normalized-ui/staff-actions/StaffActionsPanel.tsx","1278","StaffActionsPanel","jsx-text","查看说明","","完整候选索引；表达式内字面量可能是接口参数，是否实际展示以文案决策表与浏览器证据为准"
"src/normalized-ui/staff-actions/StaffActionsPanel.tsx","1283","StaffActionsPanel","jsx-text","还有","","完整候选索引；表达式内字面量可能是接口参数，是否实际展示以文案决策表与浏览器证据为准"
"src/normalized-ui/staff-actions/StaffActionsPanel.tsx","1283","StaffActionsPanel","jsx-text","项，完成当前事项后自动补入","","完整候选索引；表达式内字面量可能是接口参数，是否实际展示以文案决策表与浏览器证据为准"
"src/normalized-ui/staff-actions/StaffActionsPanel.tsx","1288","StaffActionsPanel","jsx-expression-literal","fulfillment","","完整候选索引；表达式内字面量可能是接口参数，是否实际展示以文案决策表与浏览器证据为准"
"src/normalized-ui/staff-actions/StaffActionsPanel.tsx","1290","StaffActionsPanel","jsx-expression-literal","prepared","","完整候选索引；表达式内字面量可能是接口参数，是否实际展示以文案决策表与浏览器证据为准"
"src/normalized-ui/staff-actions/StaffActionsPanel.tsx","1290","StaffActionsPanel","jsx-expression-literal","delivered","","完整候选索引；表达式内字面量可能是接口参数，是否实际展示以文案决策表与浏览器证据为准"
"src/normalized-ui/staff-actions/StaffActionsPanel.tsx","1289","StaffActionsPanel","jsx-text","有制作/送达操作结果待确认。","","完整候选索引；表达式内字面量可能是接口参数，是否实际展示以文案决策表与浏览器证据为准"
"src/normalized-ui/staff-actions/StaffActionsPanel.tsx","1289","StaffActionsPanel","jsx-expression-literal","kds:recover","","完整候选索引；表达式内字面量可能是接口参数，是否实际展示以文案决策表与浏览器证据为准"
"src/normalized-ui/staff-actions/StaffActionsPanel.tsx","1289","StaffActionsPanel","jsx-expression-literal","正在恢复…","","完整候选索引；表达式内字面量可能是接口参数，是否实际展示以文案决策表与浏览器证据为准"
"src/normalized-ui/staff-actions/StaffActionsPanel.tsx","1289","StaffActionsPanel","jsx-expression-literal","恢复上次结果","","完整候选索引；表达式内字面量可能是接口参数，是否实际展示以文案决策表与浏览器证据为准"
"src/normalized-ui/staff-actions/StaffActionsPanel.tsx","1289","StaffActionsPanel","jsx-text","当前设备会话已失效，恢复登录后可继续原任务。","","完整候选索引；表达式内字面量可能是接口参数，是否实际展示以文案决策表与浏览器证据为准"
"src/normalized-ui/staff-actions/StaffActionsPanel.tsx","1289","StaffActionsPanel","jsx-text","恢复登录","","完整候选索引；表达式内字面量可能是接口参数，是否实际展示以文案决策表与浏览器证据为准"
"src/normalized-ui/staff-actions/StaffActionsPanel.tsx","1289","StaffActionsPanel","jsx-text","待制作（","","完整候选索引；表达式内字面量可能是接口参数，是否实际展示以文案决策表与浏览器证据为准"
"src/normalized-ui/staff-actions/StaffActionsPanel.tsx","1289","StaffActionsPanel","jsx-text","待取送（","","完整候选索引；表达式内字面量可能是接口参数，是否实际展示以文案决策表与浏览器证据为准"
"src/normalized-ui/staff-actions/StaffActionsPanel.tsx","1289","StaffActionsPanel","jsx-expression-literal","order.history.view","","完整候选索引；表达式内字面量可能是接口参数，是否实际展示以文案决策表与浏览器证据为准"
"src/normalized-ui/staff-actions/StaffActionsPanel.tsx","1289","StaffActionsPanel","jsx-expression-literal","order.history.all","","完整候选索引；表达式内字面量可能是接口参数，是否实际展示以文案决策表与浏览器证据为准"
"src/normalized-ui/staff-actions/StaffActionsPanel.tsx","1289","StaffActionsPanel","jsx-expression-literal","kds.prepare","","完整候选索引；表达式内字面量可能是接口参数，是否实际展示以文案决策表与浏览器证据为准"
"src/normalized-ui/staff-actions/StaffActionsPanel.tsx","1289","StaffActionsPanel","jsx-expression-literal","kds.deliver","","完整候选索引；表达式内字面量可能是接口参数，是否实际展示以文案决策表与浏览器证据为准"
"src/normalized-ui/staff-actions/StaffActionsPanel.tsx","1289","StaffActionsPanel","jsx-expression-literal","kds.prepare","","完整候选索引；表达式内字面量可能是接口参数，是否实际展示以文案决策表与浏览器证据为准"
"src/normalized-ui/staff-actions/StaffActionsPanel.tsx","1289","StaffActionsPanel","jsx-text","我的已制作","","完整候选索引；表达式内字面量可能是接口参数，是否实际展示以文案决策表与浏览器证据为准"
"src/normalized-ui/staff-actions/StaffActionsPanel.tsx","1289","StaffActionsPanel","jsx-expression-literal","kds.deliver","","完整候选索引；表达式内字面量可能是接口参数，是否实际展示以文案决策表与浏览器证据为准"
"src/normalized-ui/staff-actions/StaffActionsPanel.tsx","1289","StaffActionsPanel","jsx-text","我的已送达","","完整候选索引；表达式内字面量可能是接口参数，是否实际展示以文案决策表与浏览器证据为准"
"src/normalized-ui/staff-actions/StaffActionsPanel.tsx","1290","StaffActionsPanel","jsx-expression-literal","prepared","","完整候选索引；表达式内字面量可能是接口参数，是否实际展示以文案决策表与浏览器证据为准"
"src/normalized-ui/staff-actions/StaffActionsPanel.tsx","1290","StaffActionsPanel","jsx-expression-literal","delivered","","完整候选索引；表达式内字面量可能是接口参数，是否实际展示以文案决策表与浏览器证据为准"
"src/normalized-ui/staff-actions/StaffActionsPanel.tsx","1292","StaffActionsPanel","jsx-text","此设备有旧版待确认操作，但未记录操作员工。相关任务已暂停确认，请由值班经理核对原订单；原记录已保留。","","完整候选索引；表达式内字面量可能是接口参数，是否实际展示以文案决策表与浏览器证据为准"
"src/normalized-ui/staff-actions/StaffActionsPanel.tsx","1293","StaffActionsPanel","jsx-text","出品更新失败，保留上次列表；恢复后才能继续确认。","","完整候选索引；表达式内字面量可能是接口参数，是否实际展示以文案决策表与浏览器证据为准"
"src/normalized-ui/staff-actions/StaffActionsPanel.tsx","1293","StaffActionsPanel","jsx-text","重新读取出品","","完整候选索引；表达式内字面量可能是接口参数，是否实际展示以文案决策表与浏览器证据为准"
"src/normalized-ui/staff-actions/StaffActionsPanel.tsx","1294","StaffActionsPanel","jsx-text","查找待办","","完整候选索引；表达式内字面量可能是接口参数，是否实际展示以文案决策表与浏览器证据为准"
"src/normalized-ui/staff-actions/StaffActionsPanel.tsx","1294","StaffActionsPanel","attribute:aria-label","按桌号或品名查找出品","","完整候选索引；表达式内字面量可能是接口参数，是否实际展示以文案决策表与浏览器证据为准"
"src/normalized-ui/staff-actions/StaffActionsPanel.tsx","1294","StaffActionsPanel","attribute:placeholder","桌号或品名","","完整候选索引；表达式内字面量可能是接口参数，是否实际展示以文案决策表与浏览器证据为准"
"src/normalized-ui/staff-actions/StaffActionsPanel.tsx","1295","StaffActionsPanel","jsx-expression-literal","kds.deliver","","完整候选索引；表达式内字面量可能是接口参数，是否实际展示以文案决策表与浏览器证据为准"
"src/normalized-ui/staff-actions/StaffActionsPanel.tsx","1297","StaffActionsPanel","jsx-expression-literal","kds.exception.manage","","完整候选索引；表达式内字面量可能是接口参数，是否实际展示以文案决策表与浏览器证据为准"
"src/normalized-ui/staff-actions/StaffActionsPanel.tsx","1299","StaffActionsPanel","jsx-text","历史遗留","","完整候选索引；表达式内字面量可能是接口参数，是否实际展示以文案决策表与浏览器证据为准"
"src/normalized-ui/staff-actions/StaffActionsPanel.tsx","1299","StaffActionsPanel","jsx-text","确认现场不再出品后，可一次说明、逐项留痕结案。","","完整候选索引；表达式内字面量可能是接口参数，是否实际展示以文案决策表与浏览器证据为准"
"src/normalized-ui/staff-actions/StaffActionsPanel.tsx","1300","StaffActionsPanel","attribute:placeholder","填写共同的现场核对原因（至少4字）","","完整候选索引；表达式内字面量可能是接口参数，是否实际展示以文案决策表与浏览器证据为准"
"src/normalized-ui/staff-actions/StaffActionsPanel.tsx","1300","StaffActionsPanel","attribute:aria-label","历史遗留批量结案原因","","完整候选索引；表达式内字面量可能是接口参数，是否实际展示以文案决策表与浏览器证据为准"
"src/normalized-ui/staff-actions/StaffActionsPanel.tsx","1301","StaffActionsPanel","jsx-expression-literal","kds-cancel:all-carryover","","完整候选索引；表达式内字面量可能是接口参数，是否实际展示以文案决策表与浏览器证据为准"
"src/normalized-ui/staff-actions/StaffActionsPanel.tsx","1301","StaffActionsPanel","jsx-expression-literal","正在逐项结案","","完整候选索引；表达式内字面量可能是接口参数，是否实际展示以文案决策表与浏览器证据为准"
"src/normalized-ui/staff-actions/StaffActionsPanel.tsx","1301","StaffActionsPanel","jsx-expression-literal","批量标记不再出品","","完整候选索引；表达式内字面量可能是接口参数，是否实际展示以文案决策表与浏览器证据为准"
"src/normalized-ui/staff-actions/StaffActionsPanel.tsx","1305","StaffActionsPanel","jsx-expression-literal","delivery","","完整候选索引；表达式内字面量可能是接口参数，是否实际展示以文案决策表与浏览器证据为准"
"src/normalized-ui/staff-actions/StaffActionsPanel.tsx","1305","StaffActionsPanel","jsx-expression-literal","delivery","","完整候选索引；表达式内字面量可能是接口参数，是否实际展示以文案决策表与浏览器证据为准"
"src/normalized-ui/staff-actions/StaffActionsPanel.tsx","1305","StaffActionsPanel","jsx-expression-literal","production","","完整候选索引；表达式内字面量可能是接口参数，是否实际展示以文案决策表与浏览器证据为准"
"src/normalized-ui/staff-actions/StaffActionsPanel.tsx","1306","StaffActionsPanel","jsx-expression-literal","failed","","完整候选索引；表达式内字面量可能是接口参数，是否实际展示以文案决策表与浏览器证据为准"
"src/normalized-ui/staff-actions/StaffActionsPanel.tsx","1306","StaffActionsPanel","jsx-expression-literal","kds.exception.manage","","完整候选索引；表达式内字面量可能是接口参数，是否实际展示以文案决策表与浏览器证据为准"
"src/normalized-ui/staff-actions/StaffActionsPanel.tsx","1306","StaffActionsPanel","jsx-expression-literal","kds.deliver","","完整候选索引；表达式内字面量可能是接口参数，是否实际展示以文案决策表与浏览器证据为准"
"src/normalized-ui/staff-actions/StaffActionsPanel.tsx","1306","StaffActionsPanel","jsx-expression-literal","kds.prepare","","完整候选索引；表达式内字面量可能是接口参数，是否实际展示以文案决策表与浏览器证据为准"
"src/normalized-ui/staff-actions/StaffActionsPanel.tsx","1313","StaffActionsPanel","jsx-template-text","查看","","完整候选索引；表达式内字面量可能是接口参数，是否实际展示以文案决策表与浏览器证据为准"
"src/normalized-ui/staff-actions/StaffActionsPanel.tsx","1313","StaffActionsPanel","jsx-template-text","出品详情","","完整候选索引；表达式内字面量可能是接口参数，是否实际展示以文案决策表与浏览器证据为准"
"src/normalized-ui/staff-actions/StaffActionsPanel.tsx","1325","StaffActionsPanel","jsx-expression-literal","bar","","完整候选索引；表达式内字面量可能是接口参数，是否实际展示以文案决策表与浏览器证据为准"
"src/normalized-ui/staff-actions/StaffActionsPanel.tsx","1325","StaffActionsPanel","jsx-expression-literal","吧台","","完整候选索引；表达式内字面量可能是接口参数，是否实际展示以文案决策表与浏览器证据为准"
"src/normalized-ui/staff-actions/StaffActionsPanel.tsx","1325","StaffActionsPanel","jsx-expression-literal","kitchen","","完整候选索引；表达式内字面量可能是接口参数，是否实际展示以文案决策表与浏览器证据为准"
"src/normalized-ui/staff-actions/StaffActionsPanel.tsx","1325","StaffActionsPanel","jsx-expression-literal","后厨","","完整候选索引；表达式内字面量可能是接口参数，是否实际展示以文案决策表与浏览器证据为准"
"src/normalized-ui/staff-actions/StaffActionsPanel.tsx","1325","StaffActionsPanel","jsx-expression-literal","收银","","完整候选索引；表达式内字面量可能是接口参数，是否实际展示以文案决策表与浏览器证据为准"
"src/normalized-ui/staff-actions/StaffActionsPanel.tsx","1325","StaffActionsPanel","jsx-expression-literal","failed","","完整候选索引；表达式内字面量可能是接口参数，是否实际展示以文案决策表与浏览器证据为准"
"src/normalized-ui/staff-actions/StaffActionsPanel.tsx","1325","StaffActionsPanel","jsx-template-text","制作失败：","","完整候选索引；表达式内字面量可能是接口参数，是否实际展示以文案决策表与浏览器证据为准"
"src/normalized-ui/staff-actions/StaffActionsPanel.tsx","1325","StaffActionsPanel","jsx-template-text","；核对后选择重做或不再出品","","完整候选索引；表达式内字面量可能是接口参数，是否实际展示以文案决策表与浏览器证据为准"
"src/normalized-ui/staff-actions/StaffActionsPanel.tsx","1325","StaffActionsPanel","jsx-expression-literal","历史失败原因未留存，请向当班制作人员核对","","完整候选索引；表达式内字面量可能是接口参数，是否实际展示以文案决策表与浏览器证据为准"
"src/normalized-ui/staff-actions/StaffActionsPanel.tsx","1325","StaffActionsPanel","jsx-expression-literal","待配送","","完整候选索引；表达式内字面量可能是接口参数，是否实际展示以文案决策表与浏览器证据为准"
"src/normalized-ui/staff-actions/StaffActionsPanel.tsx","1325","StaffActionsPanel","jsx-expression-literal","待制作","","完整候选索引；表达式内字面量可能是接口参数，是否实际展示以文案决策表与浏览器证据为准"
"src/normalized-ui/staff-actions/StaffActionsPanel.tsx","1327","StaffActionsPanel","jsx-expression-literal","套餐内菜品，不另计价","","完整候选索引；表达式内字面量可能是接口参数，是否实际展示以文案决策表与浏览器证据为准"
"src/normalized-ui/staff-actions/StaffActionsPanel.tsx","1327","StaffActionsPanel","jsx-template-text","单价 ¥","","完整候选索引；表达式内字面量可能是接口参数，是否实际展示以文案决策表与浏览器证据为准"
"src/normalized-ui/staff-actions/StaffActionsPanel.tsx","1327","StaffActionsPanel","jsx-template-text","· 优惠后小计 ¥","","完整候选索引；表达式内字面量可能是接口参数，是否实际展示以文案决策表与浏览器证据为准"
"src/normalized-ui/staff-actions/StaffActionsPanel.tsx","1329","StaffActionsPanel","jsx-expression-literal","syncing","","完整候选索引；表达式内字面量可能是接口参数，是否实际展示以文案决策表与浏览器证据为准"
"src/normalized-ui/staff-actions/StaffActionsPanel.tsx","1329","StaffActionsPanel","jsx-text","操作已确认，正在同步最新数量，请勿重复制作或送达。","","完整候选索引；表达式内字面量可能是接口参数，是否实际展示以文案决策表与浏览器证据为准"
"src/normalized-ui/staff-actions/StaffActionsPanel.tsx","1330","StaffActionsPanel","jsx-text","待制作","","完整候选索引；表达式内字面量可能是接口参数，是否实际展示以文案决策表与浏览器证据为准"
"src/normalized-ui/staff-actions/StaffActionsPanel.tsx","1330","StaffActionsPanel","jsx-text","· 已备齐","","完整候选索引；表达式内字面量可能是接口参数，是否实际展示以文案决策表与浏览器证据为准"
"src/normalized-ui/staff-actions/StaffActionsPanel.tsx","1330","StaffActionsPanel","jsx-text","· 暂停","","完整候选索引；表达式内字面量可能是接口参数，是否实际展示以文案决策表与浏览器证据为准"
"src/normalized-ui/staff-actions/StaffActionsPanel.tsx","1330","StaffActionsPanel","jsx-text","· 已停止","","完整候选索引；表达式内字面量可能是接口参数，是否实际展示以文案决策表与浏览器证据为准"
"src/normalized-ui/staff-actions/StaffActionsPanel.tsx","1330","StaffActionsPanel","jsx-text","· 已送达","","完整候选索引；表达式内字面量可能是接口参数，是否实际展示以文案决策表与浏览器证据为准"
"src/normalized-ui/staff-actions/StaffActionsPanel.tsx","1331","StaffActionsPanel","jsx-text","前营业日遗留 · 原营业日","","完整候选索引；表达式内字面量可能是接口参数，是否实际展示以文案决策表与浏览器证据为准"
"src/normalized-ui/staff-actions/StaffActionsPanel.tsx","1331","StaffActionsPanel","jsx-text","，处理结果仍归原订单","","完整候选索引；表达式内字面量可能是接口参数，是否实际展示以文案决策表与浏览器证据为准"
"src/normalized-ui/staff-actions/StaffActionsPanel.tsx","1332","StaffActionsPanel","jsx-text","备注：","","完整候选索引；表达式内字面量可能是接口参数，是否实际展示以文案决策表与浏览器证据为准"
"src/normalized-ui/staff-actions/StaffActionsPanel.tsx","1333","StaffActionsPanel","jsx-text","已超时，优先处理","","完整候选索引；表达式内字面量可能是接口参数，是否实际展示以文案决策表与浏览器证据为准"
"src/normalized-ui/staff-actions/StaffActionsPanel.tsx","1334","StaffActionsPanel","jsx-text","当前账号可查看，不能确认","","完整候选索引；表达式内字面量可能是接口参数，是否实际展示以文案决策表与浏览器证据为准"
"src/normalized-ui/staff-actions/StaffActionsPanel.tsx","1334","StaffActionsPanel","jsx-expression-literal","failed","","完整候选索引；表达式内字面量可能是接口参数，是否实际展示以文案决策表与浏览器证据为准"
"src/normalized-ui/staff-actions/StaffActionsPanel.tsx","1334","StaffActionsPanel","jsx-expression-literal","重新制作","","完整候选索引；表达式内字面量可能是接口参数，是否实际展示以文案决策表与浏览器证据为准"
"src/normalized-ui/staff-actions/StaffActionsPanel.tsx","1334","StaffActionsPanel","jsx-expression-literal","送达","","完整候选索引；表达式内字面量可能是接口参数，是否实际展示以文案决策表与浏览器证据为准"
"src/normalized-ui/staff-actions/StaffActionsPanel.tsx","1334","StaffActionsPanel","jsx-expression-literal","制作","","完整候选索引；表达式内字面量可能是接口参数，是否实际展示以文案决策表与浏览器证据为准"
"src/normalized-ui/staff-actions/StaffActionsPanel.tsx","1335","StaffActionsPanel","jsx-expression-literal","kds.exception.manage","","完整候选索引；表达式内字面量可能是接口参数，是否实际展示以文案决策表与浏览器证据为准"
"src/normalized-ui/staff-actions/StaffActionsPanel.tsx","1336","StaffActionsPanel","attribute:placeholder","若不再出品，记录取消原因和现场核对结果","","完整候选索引；表达式内字面量可能是接口参数，是否实际展示以文案决策表与浏览器证据为准"
"src/normalized-ui/staff-actions/StaffActionsPanel.tsx","1341","StaffActionsPanel","jsx-template-text","历史出品取消说明","","完整候选索引；表达式内字面量可能是接口参数，是否实际展示以文案决策表与浏览器证据为准"
"src/normalized-ui/staff-actions/StaffActionsPanel.tsx","1350","StaffActionsPanel","jsx-expression-literal","refund.request","","完整候选索引；表达式内字面量可能是接口参数，是否实际展示以文案决策表与浏览器证据为准"
"src/normalized-ui/staff-actions/StaffActionsPanel.tsx","1350","StaffActionsPanel","jsx-text","商品处理","","完整候选索引；表达式内字面量可能是接口参数，是否实际展示以文案决策表与浏览器证据为准"
"src/normalized-ui/staff-actions/StaffActionsPanel.tsx","1351","StaffActionsPanel","jsx-expression-literal","remake","","完整候选索引；表达式内字面量可能是接口参数，是否实际展示以文案决策表与浏览器证据为准"
"src/normalized-ui/staff-actions/StaffActionsPanel.tsx","1351","StaffActionsPanel","jsx-text","本次份数","","完整候选索引；表达式内字面量可能是接口参数，是否实际展示以文案决策表与浏览器证据为准"
"src/normalized-ui/staff-actions/StaffActionsPanel.tsx","1352","StaffActionsPanel","jsx-template-text","本次","","完整候选索引；表达式内字面量可能是接口参数，是否实际展示以文案决策表与浏览器证据为准"
"src/normalized-ui/staff-actions/StaffActionsPanel.tsx","1352","StaffActionsPanel","jsx-template-text","份数","","完整候选索引；表达式内字面量可能是接口参数，是否实际展示以文案决策表与浏览器证据为准"
"src/normalized-ui/staff-actions/StaffActionsPanel.tsx","1352","StaffActionsPanel","jsx-expression-literal","deliver","","完整候选索引；表达式内字面量可能是接口参数，是否实际展示以文案决策表与浏览器证据为准"
"src/normalized-ui/staff-actions/StaffActionsPanel.tsx","1352","StaffActionsPanel","jsx-expression-literal","送达","","完整候选索引；表达式内字面量可能是接口参数，是否实际展示以文案决策表与浏览器证据为准"
"src/normalized-ui/staff-actions/StaffActionsPanel.tsx","1352","StaffActionsPanel","jsx-expression-literal","完成","","完整候选索引；表达式内字面量可能是接口参数，是否实际展示以文案决策表与浏览器证据为准"
"src/normalized-ui/staff-actions/StaffActionsPanel.tsx","1357","StaffActionsPanel","jsx-expression-literal","deliver","","完整候选索引；表达式内字面量可能是接口参数，是否实际展示以文案决策表与浏览器证据为准"
"src/normalized-ui/staff-actions/StaffActionsPanel.tsx","1358","StaffActionsPanel","jsx-expression-literal","syncing","","完整候选索引；表达式内字面量可能是接口参数，是否实际展示以文案决策表与浏览器证据为准"
"src/normalized-ui/staff-actions/StaffActionsPanel.tsx","1358","StaffActionsPanel","jsx-expression-literal","已确认，等待同步","","完整候选索引；表达式内字面量可能是接口参数，是否实际展示以文案决策表与浏览器证据为准"
"src/normalized-ui/staff-actions/StaffActionsPanel.tsx","1358","StaffActionsPanel","jsx-expression-literal","submitting","","完整候选索引；表达式内字面量可能是接口参数，是否实际展示以文案决策表与浏览器证据为准"
"src/normalized-ui/staff-actions/StaffActionsPanel.tsx","1358","StaffActionsPanel","jsx-expression-literal","正在确认…","","完整候选索引；表达式内字面量可能是接口参数，是否实际展示以文案决策表与浏览器证据为准"
"src/normalized-ui/staff-actions/StaffActionsPanel.tsx","1358","StaffActionsPanel","jsx-expression-literal","结果待确认","","完整候选索引；表达式内字面量可能是接口参数，是否实际展示以文案决策表与浏览器证据为准"
"src/normalized-ui/staff-actions/StaffActionsPanel.tsx","1358","StaffActionsPanel","jsx-expression-literal","deliver","","完整候选索引；表达式内字面量可能是接口参数，是否实际展示以文案决策表与浏览器证据为准"
"src/normalized-ui/staff-actions/StaffActionsPanel.tsx","1358","StaffActionsPanel","jsx-expression-literal","本次已送达","","完整候选索引；表达式内字面量可能是接口参数，是否实际展示以文案决策表与浏览器证据为准"
"src/normalized-ui/staff-actions/StaffActionsPanel.tsx","1358","StaffActionsPanel","jsx-expression-literal","全部已送达","","完整候选索引；表达式内字面量可能是接口参数，是否实际展示以文案决策表与浏览器证据为准"
"src/normalized-ui/staff-actions/StaffActionsPanel.tsx","1358","StaffActionsPanel","jsx-expression-literal","remake","","完整候选索引；表达式内字面量可能是接口参数，是否实际展示以文案决策表与浏览器证据为准"
"src/normalized-ui/staff-actions/StaffActionsPanel.tsx","1358","StaffActionsPanel","jsx-expression-literal","重新制作","","完整候选索引；表达式内字面量可能是接口参数，是否实际展示以文案决策表与浏览器证据为准"
"src/normalized-ui/staff-actions/StaffActionsPanel.tsx","1358","StaffActionsPanel","jsx-expression-literal","制作完成","","完整候选索引；表达式内字面量可能是接口参数，是否实际展示以文案决策表与浏览器证据为准"
"src/normalized-ui/staff-actions/StaffActionsPanel.tsx","1362","StaffActionsPanel","jsx-text","查看权限说明","","完整候选索引；表达式内字面量可能是接口参数，是否实际展示以文案决策表与浏览器证据为准"
"src/normalized-ui/staff-actions/StaffActionsPanel.tsx","1364","StaffActionsPanel","jsx-expression-literal","kds.exception.manage","","完整候选索引；表达式内字面量可能是接口参数，是否实际展示以文案决策表与浏览器证据为准"
"src/normalized-ui/staff-actions/StaffActionsPanel.tsx","1371","StaffActionsPanel","jsx-expression-literal","确认取消遗留","","完整候选索引；表达式内字面量可能是接口参数，是否实际展示以文案决策表与浏览器证据为准"
"src/normalized-ui/staff-actions/StaffActionsPanel.tsx","1371","StaffActionsPanel","jsx-expression-literal","不再出品","","完整候选索引；表达式内字面量可能是接口参数，是否实际展示以文案决策表与浏览器证据为准"
"src/normalized-ui/staff-actions/StaffActionsPanel.tsx","1380","StaffActionsPanel","jsx-text","再显示24项（还有","","完整候选索引；表达式内字面量可能是接口参数，是否实际展示以文案决策表与浏览器证据为准"
"src/normalized-ui/staff-actions/StaffActionsPanel.tsx","1380","StaffActionsPanel","jsx-text","项）","","完整候选索引；表达式内字面量可能是接口参数，是否实际展示以文案决策表与浏览器证据为准"
"src/normalized-ui/staff-actions/StaffActionsPanel.tsx","1386","StaffActionsPanel","jsx-expression-literal","reservations","","完整候选索引；表达式内字面量可能是接口参数，是否实际展示以文案决策表与浏览器证据为准"
"src/normalized-ui/staff-actions/StaffActionsPanel.tsx","1406","StaffActionsPanel","jsx-expression-literal","操作正在后台确认","","完整候选索引；表达式内字面量可能是接口参数，是否实际展示以文案决策表与浏览器证据为准"
"src/normalized-ui/staff-actions/StaffActionsPanel.tsx","1451","StaffActionsPanel","attribute:title","扫描会员码或点心核销码","","完整候选索引；表达式内字面量可能是接口参数，是否实际展示以文案决策表与浏览器证据为准"
"src/normalized-ui/staff-actions/StaffActionsPanel.tsx","1473","MemberBenefitTaskCards","jsx-text","当前范围没有会员权益暂留。","","完整候选索引；表达式内字面量可能是接口参数，是否实际展示以文案决策表与浏览器证据为准"
"src/normalized-ui/staff-actions/StaffActionsPanel.tsx","1479","MemberBenefitTaskCards","jsx-expression-literal","会员号待确认","","完整候选索引；表达式内字面量可能是接口参数，是否实际展示以文案决策表与浏览器证据为准"
"src/normalized-ui/staff-actions/StaffActionsPanel.tsx","1479","MemberBenefitTaskCards","jsx-expression-literal","顾客姓名未设置","","完整候选索引；表达式内字面量可能是接口参数，是否实际展示以文案决策表与浏览器证据为准"
"src/normalized-ui/staff-actions/StaffActionsPanel.tsx","1479","MemberBenefitTaskCards","jsx-text","· 暂留至","","完整候选索引；表达式内字面量可能是接口参数，是否实际展示以文案决策表与浏览器证据为准"
"src/normalized-ui/staff-actions/StaffActionsPanel.tsx","1480","MemberBenefitTaskCards","jsx-text","本次出品","","完整候选索引；表达式内字面量可能是接口参数，是否实际展示以文案决策表与浏览器证据为准"
"src/normalized-ui/staff-actions/StaffActionsPanel.tsx","1481","MemberBenefitTaskCards","jsx-expression-literal","（原礼遇）","","完整候选索引；表达式内字面量可能是接口参数，是否实际展示以文案决策表与浏览器证据为准"
"src/normalized-ui/staff-actions/StaffActionsPanel.tsx","1481","MemberBenefitTaskCards","jsx-expression-literal","（合规替代）","","完整候选索引；表达式内字面量可能是接口参数，是否实际展示以文案决策表与浏览器证据为准"
"src/normalized-ui/staff-actions/StaffActionsPanel.tsx","1483","MemberBenefitTaskCards","jsx-text","替换原因","","完整候选索引；表达式内字面量可能是接口参数，是否实际展示以文案决策表与浏览器证据为准"
"src/normalized-ui/staff-actions/StaffActionsPanel.tsx","1485","MemberBenefitTaskCards","jsx-expression-literal","请说明顾客选择或合规原因","","完整候选索引；表达式内字面量可能是接口参数，是否实际展示以文案决策表与浏览器证据为准"
"src/normalized-ui/staff-actions/StaffActionsPanel.tsx","1488","MemberBenefitTaskCards","jsx-template-text","member-gift:","","完整候选索引；表达式内字面量可能是接口参数，是否实际展示以文案决策表与浏览器证据为准"
"src/normalized-ui/staff-actions/StaffActionsPanel.tsx","1488","MemberBenefitTaskCards","jsx-expression-literal","正在核销","","完整候选索引；表达式内字面量可能是接口参数，是否实际展示以文案决策表与浏览器证据为准"
"src/normalized-ui/staff-actions/StaffActionsPanel.tsx","1488","MemberBenefitTaskCards","jsx-expression-literal","二次确认并出品","","完整候选索引；表达式内字面量可能是接口参数，是否实际展示以文案决策表与浏览器证据为准"
"src/normalized-ui/staff-actions/StaffActionsPanel.tsx","1490","MemberBenefitTaskCards","jsx-template-text","member-gift-cancel:","","完整候选索引；表达式内字面量可能是接口参数，是否实际展示以文案决策表与浏览器证据为准"
"src/normalized-ui/staff-actions/StaffActionsPanel.tsx","1490","MemberBenefitTaskCards","jsx-expression-literal","正在取消","","完整候选索引；表达式内字面量可能是接口参数，是否实际展示以文案决策表与浏览器证据为准"
"src/normalized-ui/staff-actions/StaffActionsPanel.tsx","1490","MemberBenefitTaskCards","jsx-expression-literal","取消暂留","","完整候选索引；表达式内字面量可能是接口参数，是否实际展示以文案决策表与浏览器证据为准"
"src/normalized-ui/staff-actions/StaffActionsPanel.tsx","1495","MemberBenefitTaskCards","jsx-expression-literal","当前桌台","","完整候选索引；表达式内字面量可能是接口参数，是否实际展示以文案决策表与浏览器证据为准"
"src/normalized-ui/staff-actions/StaffActionsPanel.tsx","1496","MemberBenefitTaskCards","jsx-expression-literal","会员号待确认","","完整候选索引；表达式内字面量可能是接口参数，是否实际展示以文案决策表与浏览器证据为准"
"src/normalized-ui/staff-actions/StaffActionsPanel.tsx","1496","MemberBenefitTaskCards","jsx-text","· 核销码","","完整候选索引；表达式内字面量可能是接口参数，是否实际展示以文案决策表与浏览器证据为准"
"src/normalized-ui/staff-actions/StaffActionsPanel.tsx","1499","MemberBenefitTaskCards","jsx-expression-literal","reserved","","完整候选索引；表达式内字面量可能是接口参数，是否实际展示以文案决策表与浏览器证据为准"
"src/normalized-ui/staff-actions/StaffActionsPanel.tsx","1501","MemberBenefitTaskCards","jsx-template-text","member-snack:","","完整候选索引；表达式内字面量可能是接口参数，是否实际展示以文案决策表与浏览器证据为准"
"src/normalized-ui/staff-actions/StaffActionsPanel.tsx","1501","MemberBenefitTaskCards","jsx-expression-literal","正在核销","","完整候选索引；表达式内字面量可能是接口参数，是否实际展示以文案决策表与浏览器证据为准"
"src/normalized-ui/staff-actions/StaffActionsPanel.tsx","1501","MemberBenefitTaskCards","jsx-expression-literal","确认核销并出品","","完整候选索引；表达式内字面量可能是接口参数，是否实际展示以文案决策表与浏览器证据为准"
"src/normalized-ui/staff-actions/StaffActionsPanel.tsx","1504","MemberBenefitTaskCards","jsx-template-text","member-snack-cancel:","","完整候选索引；表达式内字面量可能是接口参数，是否实际展示以文案决策表与浏览器证据为准"
"src/normalized-ui/staff-actions/StaffActionsPanel.tsx","1504","MemberBenefitTaskCards","jsx-expression-literal","正在取消","","完整候选索引；表达式内字面量可能是接口参数，是否实际展示以文案决策表与浏览器证据为准"
"src/normalized-ui/staff-actions/StaffActionsPanel.tsx","1504","MemberBenefitTaskCards","jsx-expression-literal","取消暂留","","完整候选索引；表达式内字面量可能是接口参数，是否实际展示以文案决策表与浏览器证据为准"
"src/normalized-ui/staff-actions/StaffActionsPanel.tsx","1593","PriorityQueue","attribute:aria-label","优先安排队列","","完整候选索引；表达式内字面量可能是接口参数，是否实际展示以文案决策表与浏览器证据为准"
"src/normalized-ui/staff-actions/StaffActionsPanel.tsx","1593","PriorityQueue","jsx-text","优先安排队列","","完整候选索引；表达式内字面量可能是接口参数，是否实际展示以文案决策表与浏览器证据为准"
"src/normalized-ui/staff-actions/StaffActionsPanel.tsx","1593","PriorityQueue","jsx-text","同一到店时段先按会员规则；手动调整必须留原因，不改变容量或桌位承诺。","","完整候选索引；表达式内字面量可能是接口参数，是否实际展示以文案决策表与浏览器证据为准"
"src/normalized-ui/staff-actions/StaffActionsPanel.tsx","1593","PriorityQueue","jsx-expression-literal","waitlist","","完整候选索引；表达式内字面量可能是接口参数，是否实际展示以文案决策表与浏览器证据为准"
"src/normalized-ui/staff-actions/StaffActionsPanel.tsx","1593","PriorityQueue","jsx-expression-literal","候位","","完整候选索引；表达式内字面量可能是接口参数，是否实际展示以文案决策表与浏览器证据为准"
"src/normalized-ui/staff-actions/StaffActionsPanel.tsx","1593","PriorityQueue","jsx-expression-literal","预约","","完整候选索引；表达式内字面量可能是接口参数，是否实际展示以文案决策表与浏览器证据为准"
"src/normalized-ui/staff-actions/StaffActionsPanel.tsx","1593","PriorityQueue","jsx-expression-literal","普通安排","","完整候选索引；表达式内字面量可能是接口参数，是否实际展示以文案决策表与浏览器证据为准"
"src/normalized-ui/staff-actions/StaffActionsPanel.tsx","1593","PriorityQueue","jsx-expression-literal","会员优先安排","","完整候选索引；表达式内字面量可能是接口参数，是否实际展示以文案决策表与浏览器证据为准"
"src/normalized-ui/staff-actions/StaffActionsPanel.tsx","1593","PriorityQueue","jsx-template-text","· 已","","完整候选索引；表达式内字面量可能是接口参数，是否实际展示以文案决策表与浏览器证据为准"
"src/normalized-ui/staff-actions/StaffActionsPanel.tsx","1593","PriorityQueue","jsx-expression-literal","promote","","完整候选索引；表达式内字面量可能是接口参数，是否实际展示以文案决策表与浏览器证据为准"
"src/normalized-ui/staff-actions/StaffActionsPanel.tsx","1593","PriorityQueue","jsx-expression-literal","上调","","完整候选索引；表达式内字面量可能是接口参数，是否实际展示以文案决策表与浏览器证据为准"
"src/normalized-ui/staff-actions/StaffActionsPanel.tsx","1593","PriorityQueue","jsx-expression-literal","demote","","完整候选索引；表达式内字面量可能是接口参数，是否实际展示以文案决策表与浏览器证据为准"
"src/normalized-ui/staff-actions/StaffActionsPanel.tsx","1593","PriorityQueue","jsx-expression-literal","下调","","完整候选索引；表达式内字面量可能是接口参数，是否实际展示以文案决策表与浏览器证据为准"
"src/normalized-ui/staff-actions/StaffActionsPanel.tsx","1593","PriorityQueue","jsx-expression-literal","恢复默认","","完整候选索引；表达式内字面量可能是接口参数，是否实际展示以文案决策表与浏览器证据为准"
"src/normalized-ui/staff-actions/StaffActionsPanel.tsx","1593","PriorityQueue","jsx-text","原因：","","完整候选索引；表达式内字面量可能是接口参数，是否实际展示以文案决策表与浏览器证据为准"
"src/normalized-ui/staff-actions/StaffActionsPanel.tsx","1593","PriorityQueue","jsx-text","上调","","完整候选索引；表达式内字面量可能是接口参数，是否实际展示以文案决策表与浏览器证据为准"
"src/normalized-ui/staff-actions/StaffActionsPanel.tsx","1593","PriorityQueue","jsx-text","下调","","完整候选索引；表达式内字面量可能是接口参数，是否实际展示以文案决策表与浏览器证据为准"
"src/normalized-ui/staff-actions/StaffActionsPanel.tsx","1593","PriorityQueue","jsx-text","恢复默认","","完整候选索引；表达式内字面量可能是接口参数，是否实际展示以文案决策表与浏览器证据为准"
"src/normalized-ui/staff-actions/StaffActionsPanel.tsx","1614","ReservationList","jsx-text","正在读取预约","","完整候选索引；表达式内字面量可能是接口参数，是否实际展示以文案决策表与浏览器证据为准"
"src/normalized-ui/staff-actions/StaffActionsPanel.tsx","1619","ReservationList","attribute:aria-label","预约工作台","","完整候选索引；表达式内字面量可能是接口参数，是否实际展示以文案决策表与浏览器证据为准"
"src/normalized-ui/staff-actions/StaffActionsPanel.tsx","1621","ReservationList","jsx-text","预约与到店","","完整候选索引；表达式内字面量可能是接口参数，是否实际展示以文案决策表与浏览器证据为准"
"src/normalized-ui/staff-actions/StaffActionsPanel.tsx","1621","ReservationList","jsx-expression-literal","carryover","","完整候选索引；表达式内字面量可能是接口参数，是否实际展示以文案决策表与浏览器证据为准"
"src/normalized-ui/staff-actions/StaffActionsPanel.tsx","1621","ReservationList","jsx-expression-literal","跨日仍未闭环的预约","","完整候选索引；表达式内字面量可能是接口参数，是否实际展示以文案决策表与浏览器证据为准"
"src/normalized-ui/staff-actions/StaffActionsPanel.tsx","1621","ReservationList","jsx-expression-literal","history","","完整候选索引；表达式内字面量可能是接口参数，是否实际展示以文案决策表与浏览器证据为准"
"src/normalized-ui/staff-actions/StaffActionsPanel.tsx","1621","ReservationList","jsx-expression-literal","按原日期查询历史预约","","完整候选索引；表达式内字面量可能是接口参数，是否实际展示以文案决策表与浏览器证据为准"
"src/normalized-ui/staff-actions/StaffActionsPanel.tsx","1621","ReservationList","jsx-expression-literal","待确认预约和当日到店安排","","完整候选索引；表达式内字面量可能是接口参数，是否实际展示以文案决策表与浏览器证据为准"
"src/normalized-ui/staff-actions/StaffActionsPanel.tsx","1622","ReservationList","jsx-text","刷新","","完整候选索引；表达式内字面量可能是接口参数，是否实际展示以文案决策表与浏览器证据为准"
"src/normalized-ui/staff-actions/StaffActionsPanel.tsx","1624","ReservationList","attribute:aria-label","预约范围","","完整候选索引；表达式内字面量可能是接口参数，是否实际展示以文案决策表与浏览器证据为准"
"src/normalized-ui/staff-actions/StaffActionsPanel.tsx","1625","ReservationList","jsx-text","当前营业日","","完整候选索引；表达式内字面量可能是接口参数，是否实际展示以文案决策表与浏览器证据为准"
"src/normalized-ui/staff-actions/StaffActionsPanel.tsx","1626","ReservationList","jsx-text","跨日未闭环","","完整候选索引；表达式内字面量可能是接口参数，是否实际展示以文案决策表与浏览器证据为准"
"src/normalized-ui/staff-actions/StaffActionsPanel.tsx","1627","ReservationList","jsx-text","历史查询","","完整候选索引；表达式内字面量可能是接口参数，是否实际展示以文案决策表与浏览器证据为准"
"src/normalized-ui/staff-actions/StaffActionsPanel.tsx","1629","ReservationList","jsx-expression-literal","history","","完整候选索引；表达式内字面量可能是接口参数，是否实际展示以文案决策表与浏览器证据为准"
"src/normalized-ui/staff-actions/StaffActionsPanel.tsx","1630","ReservationList","jsx-text","开始日期","","完整候选索引；表达式内字面量可能是接口参数，是否实际展示以文案决策表与浏览器证据为准"
"src/normalized-ui/staff-actions/StaffActionsPanel.tsx","1631","ReservationList","jsx-text","结束日期","","完整候选索引；表达式内字面量可能是接口参数，是否实际展示以文案决策表与浏览器证据为准"
"src/normalized-ui/staff-actions/StaffActionsPanel.tsx","1632","ReservationList","jsx-text","查询","","完整候选索引；表达式内字面量可能是接口参数，是否实际展示以文案决策表与浏览器证据为准"
"src/normalized-ui/staff-actions/StaffActionsPanel.tsx","1636","ReservationList","jsx-template-text","reservation:","","完整候选索引；表达式内字面量可能是接口参数，是否实际展示以文案决策表与浏览器证据为准"
"src/normalized-ui/staff-actions/StaffActionsPanel.tsx","1638","ReservationList","jsx-expression-literal","held","","完整候选索引；表达式内字面量可能是接口参数，是否实际展示以文案决策表与浏览器证据为准"
"src/normalized-ui/staff-actions/StaffActionsPanel.tsx","1638","ReservationList","jsx-expression-literal","confirmed","","完整候选索引；表达式内字面量可能是接口参数，是否实际展示以文案决策表与浏览器证据为准"
"src/normalized-ui/staff-actions/StaffActionsPanel.tsx","1640","ReservationList","jsx-expression-literal","待安排桌位","","完整候选索引；表达式内字面量可能是接口参数，是否实际展示以文案决策表与浏览器证据为准"
"src/normalized-ui/staff-actions/StaffActionsPanel.tsx","1635","ReservationList","jsx-text","当前没有待处理预约","","完整候选索引；表达式内字面量可能是接口参数，是否实际展示以文案决策表与浏览器证据为准"
"src/normalized-ui/staff-actions/StaffActionsPanel.tsx","1644","ReservationList","jsx-text","人 ·","","完整候选索引；表达式内字面量可能是接口参数，是否实际展示以文案决策表与浏览器证据为准"
"src/normalized-ui/staff-actions/StaffActionsPanel.tsx","1648","ReservationList","jsx-expression-literal","联系方式已保护","","完整候选索引；表达式内字面量可能是接口参数，是否实际展示以文案决策表与浏览器证据为准"
"src/normalized-ui/staff-actions/StaffActionsPanel.tsx","1648","ReservationList","jsx-expression-literal","未留联系方式","","完整候选索引；表达式内字面量可能是接口参数，是否实际展示以文案决策表与浏览器证据为准"
"src/normalized-ui/staff-actions/StaffActionsPanel.tsx","1649","ReservationList","jsx-text","位置偏好：","","完整候选索引；表达式内字面量可能是接口参数，是否实际展示以文案决策表与浏览器证据为准"
"src/normalized-ui/staff-actions/StaffActionsPanel.tsx","1650","ReservationList","jsx-text","备注：","","完整候选索引；表达式内字面量可能是接口参数，是否实际展示以文案决策表与浏览器证据为准"
"src/normalized-ui/staff-actions/StaffActionsPanel.tsx","1653","ReservationList","jsx-expression-literal","pending","","完整候选索引；表达式内字面量可能是接口参数，是否实际展示以文案决策表与浏览器证据为准"
"src/normalized-ui/staff-actions/StaffActionsPanel.tsx","1655","ReservationList","jsx-expression-literal","确认中…","","完整候选索引；表达式内字面量可能是接口参数，是否实际展示以文案决策表与浏览器证据为准"
"src/normalized-ui/staff-actions/StaffActionsPanel.tsx","1655","ReservationList","jsx-expression-literal","确认预约","","完整候选索引；表达式内字面量可能是接口参数，是否实际展示以文案决策表与浏览器证据为准"
"src/normalized-ui/staff-actions/StaffActionsPanel.tsx","1658","ReservationList","jsx-expression-literal","confirmed","","完整候选索引；表达式内字面量可能是接口参数，是否实际展示以文案决策表与浏览器证据为准"
"src/normalized-ui/staff-actions/StaffActionsPanel.tsx","1660","ReservationList","jsx-expression-literal","登记中…","","完整候选索引；表达式内字面量可能是接口参数，是否实际展示以文案决策表与浏览器证据为准"
"src/normalized-ui/staff-actions/StaffActionsPanel.tsx","1660","ReservationList","jsx-expression-literal","客人到店","","完整候选索引；表达式内字面量可能是接口参数，是否实际展示以文案决策表与浏览器证据为准"
"src/normalized-ui/staff-actions/StaffActionsPanel.tsx","1663","ReservationList","jsx-expression-literal","arrived","","完整候选索引；表达式内字面量可能是接口参数，是否实际展示以文案决策表与浏览器证据为准"
"src/normalized-ui/staff-actions/StaffActionsPanel.tsx","1663","ReservationList","jsx-expression-literal","seated","","完整候选索引；表达式内字面量可能是接口参数，是否实际展示以文案决策表与浏览器证据为准"
"src/normalized-ui/staff-actions/StaffActionsPanel.tsx","1665","ReservationList","jsx-expression-literal","归档中…","","完整候选索引；表达式内字面量可能是接口参数，是否实际展示以文案决策表与浏览器证据为准"
"src/normalized-ui/staff-actions/StaffActionsPanel.tsx","1665","ReservationList","jsx-expression-literal","完成接待","","完整候选索引；表达式内字面量可能是接口参数，是否实际展示以文案决策表与浏览器证据为准"
"src/normalized-ui/staff-actions/StaffActionsPanel.tsx","1769","TableActionSheet","jsx-expression-literal","正在结台…","","完整候选索引；表达式内字面量可能是接口参数，是否实际展示以文案决策表与浏览器证据为准"
"src/normalized-ui/staff-actions/StaffActionsPanel.tsx","1769","TableActionSheet","jsx-expression-literal","closing","","完整候选索引；表达式内字面量可能是接口参数，是否实际展示以文案决策表与浏览器证据为准"
"src/normalized-ui/staff-actions/StaffActionsPanel.tsx","1769","TableActionSheet","jsx-expression-literal","确认完成结台","","完整候选索引；表达式内字面量可能是接口参数，是否实际展示以文案决策表与浏览器证据为准"
"src/normalized-ui/staff-actions/StaffActionsPanel.tsx","1769","TableActionSheet","jsx-expression-literal","确认结台","","完整候选索引；表达式内字面量可能是接口参数，是否实际展示以文案决策表与浏览器证据为准"
"src/normalized-ui/staff-actions/StaffActionsPanel.tsx","1769","TableActionSheet","jsx-expression-literal","closing","","完整候选索引；表达式内字面量可能是接口参数，是否实际展示以文案决策表与浏览器证据为准"
"src/normalized-ui/staff-actions/StaffActionsPanel.tsx","1769","TableActionSheet","jsx-expression-literal","继续结台","","完整候选索引；表达式内字面量可能是接口参数，是否实际展示以文案决策表与浏览器证据为准"
"src/normalized-ui/staff-actions/StaffActionsPanel.tsx","1769","TableActionSheet","jsx-expression-literal","准备结台","","完整候选索引；表达式内字面量可能是接口参数，是否实际展示以文案决策表与浏览器证据为准"
"src/normalized-ui/staff-actions/StaffActionsPanel.tsx","1771","TableActionSheet","jsx-text","关台说明","","完整候选索引；表达式内字面量可能是接口参数，是否实际展示以文案决策表与浏览器证据为准"
"src/normalized-ui/staff-actions/StaffActionsPanel.tsx","1817","TableActionSheet","jsx-template-text","桌台操作","","完整候选索引；表达式内字面量可能是接口参数，是否实际展示以文案决策表与浏览器证据为准"
"src/normalized-ui/staff-actions/StaffActionsPanel.tsx","1820","TableActionSheet","jsx-text","· 容量","","完整候选索引；表达式内字面量可能是接口参数，是否实际展示以文案决策表与浏览器证据为准"
"src/normalized-ui/staff-actions/StaffActionsPanel.tsx","1821","TableActionSheet","jsx-expression-literal","空闲","","完整候选索引；表达式内字面量可能是接口参数，是否实际展示以文案决策表与浏览器证据为准"
"src/normalized-ui/staff-actions/StaffActionsPanel.tsx","1821","TableActionSheet","jsx-expression-literal","closing","","完整候选索引；表达式内字面量可能是接口参数，是否实际展示以文案决策表与浏览器证据为准"
"src/normalized-ui/staff-actions/StaffActionsPanel.tsx","1821","TableActionSheet","jsx-expression-literal","结台中","","完整候选索引；表达式内字面量可能是接口参数，是否实际展示以文案决策表与浏览器证据为准"
"src/normalized-ui/staff-actions/StaffActionsPanel.tsx","1821","TableActionSheet","jsx-expression-literal","已开台","","完整候选索引；表达式内字面量可能是接口参数，是否实际展示以文案决策表与浏览器证据为准"
"src/normalized-ui/staff-actions/StaffActionsPanel.tsx","1822","TableActionSheet","attribute:aria-label","关闭桌台操作","","完整候选索引；表达式内字面量可能是接口参数，是否实际展示以文案决策表与浏览器证据为准"
"src/normalized-ui/staff-actions/StaffActionsPanel.tsx","1827","TableActionSheet","jsx-text","实际到店人数","","完整候选索引；表达式内字面量可能是接口参数，是否实际展示以文案决策表与浏览器证据为准"
"src/normalized-ui/staff-actions/StaffActionsPanel.tsx","1832","TableActionSheet","attribute:aria-label","实际到店人数","","完整候选索引；表达式内字面量可能是接口参数，是否实际展示以文案决策表与浏览器证据为准"
"src/normalized-ui/staff-actions/StaffActionsPanel.tsx","1832","TableActionSheet","attribute:placeholder","其他","","完整候选索引；表达式内字面量可能是接口参数，是否实际展示以文案决策表与浏览器证据为准"
"src/normalized-ui/staff-actions/StaffActionsPanel.tsx","1843","TableActionSheet","jsx-expression-literal","table.open","","完整候选索引；表达式内字面量可能是接口参数，是否实际展示以文案决策表与浏览器证据为准"
"src/normalized-ui/staff-actions/StaffActionsPanel.tsx","1845","TableActionSheet","jsx-text","客群场景（可选）","","完整候选索引；表达式内字面量可能是接口参数，是否实际展示以文案决策表与浏览器证据为准"
"src/normalized-ui/staff-actions/StaffActionsPanel.tsx","1846","TableActionSheet","attribute:aria-label","客群场景（可选）","","完整候选索引；表达式内字面量可能是接口参数，是否实际展示以文案决策表与浏览器证据为准"
"src/normalized-ui/staff-actions/StaffActionsPanel.tsx","1859","TableActionSheet","jsx-text","加座说明","","完整候选索引；表达式内字面量可能是接口参数，是否实际展示以文案决策表与浏览器证据为准"
"src/normalized-ui/staff-actions/StaffActionsPanel.tsx","1860","TableActionSheet","attribute:placeholder","例如：现场加2把椅子，通道已确认","","完整候选索引；表达式内字面量可能是接口参数，是否实际展示以文案决策表与浏览器证据为准"
"src/normalized-ui/staff-actions/StaffActionsPanel.tsx","1863","TableActionSheet","jsx-expression-literal","table.open","","完整候选索引；表达式内字面量可能是接口参数，是否实际展示以文案决策表与浏览器证据为准"
"src/normalized-ui/staff-actions/StaffActionsPanel.tsx","1865","TableActionSheet","jsx-text","确认开台","","完整候选索引；表达式内字面量可能是接口参数，是否实际展示以文案决策表与浏览器证据为准"
"src/normalized-ui/staff-actions/StaffActionsPanel.tsx","1868","TableActionSheet","jsx-text","联系有权限同事开台","","完整候选索引；表达式内字面量可能是接口参数，是否实际展示以文案决策表与浏览器证据为准"
"src/normalized-ui/staff-actions/StaffActionsPanel.tsx","1873","TableActionSheet","jsx-expression-literal","closing","","完整候选索引；表达式内字面量可能是接口参数，是否实际展示以文案决策表与浏览器证据为准"
"src/normalized-ui/staff-actions/StaffActionsPanel.tsx","1873","TableActionSheet","jsx-expression-literal","结台待完成，请先处理下方提示","","完整候选索引；表达式内字面量可能是接口参数，是否实际展示以文案决策表与浏览器证据为准"
"src/normalized-ui/staff-actions/StaffActionsPanel.tsx","1873","TableActionSheet","jsx-expression-literal","本桌服务进行中","","完整候选索引；表达式内字面量可能是接口参数，是否实际展示以文案决策表与浏览器证据为准"
"src/normalized-ui/staff-actions/StaffActionsPanel.tsx","1874","TableActionSheet","jsx-text","顾客购物车已锁定：","","完整候选索引；表达式内字面量可能是接口参数，是否实际展示以文案决策表与浏览器证据为准"
"src/normalized-ui/staff-actions/StaffActionsPanel.tsx","1874","TableActionSheet","jsx-text","顾客仍可查看，服务人员核对完成后请恢复修改。","","完整候选索引；表达式内字面量可能是接口参数，是否实际展示以文案决策表与浏览器证据为准"
"src/normalized-ui/staff-actions/StaffActionsPanel.tsx","1875","TableActionSheet","jsx-text","暂不能结台：","","完整候选索引；表达式内字面量可能是接口参数，是否实际展示以文案决策表与浏览器证据为准"
"src/normalized-ui/staff-actions/StaffActionsPanel.tsx","1876","TableActionSheet","jsx-expression-literal","table.close","","完整候选索引；表达式内字面量可能是接口参数，是否实际展示以文案决策表与浏览器证据为准"
"src/normalized-ui/staff-actions/StaffActionsPanel.tsx","1876","TableActionSheet","jsx-expression-literal","table.turnover_unsettled","","完整候选索引；表达式内字面量可能是接口参数，是否实际展示以文案决策表与浏览器证据为准"
"src/normalized-ui/staff-actions/StaffActionsPanel.tsx","1877","TableActionSheet","attribute:aria-label","顾客离店翻台处理","","完整候选索引；表达式内字面量可能是接口参数，是否实际展示以文案决策表与浏览器证据为准"
"src/normalized-ui/staff-actions/StaffActionsPanel.tsx","1879","TableActionSheet","jsx-text","顾客已离店？财务待跟进不阻断翻台","","完整候选索引；表达式内字面量可能是接口参数，是否实际展示以文案决策表与浏览器证据为准"
"src/normalized-ui/staff-actions/StaffActionsPanel.tsx","1880","TableActionSheet","jsx-text","释放本桌并取消未履约部分；付款、退款和对账仍由收银继续处理。","","完整候选索引；表达式内字面量可能是接口参数，是否实际展示以文案决策表与浏览器证据为准"
"src/normalized-ui/staff-actions/StaffActionsPanel.tsx","1884","TableActionSheet","jsx-text","查看桌账/收款","","完整候选索引；表达式内字面量可能是接口参数，是否实际展示以文案决策表与浏览器证据为准"
"src/normalized-ui/staff-actions/StaffActionsPanel.tsx","1887","TableActionSheet","jsx-expression-literal","正在处理…","","完整候选索引；表达式内字面量可能是接口参数，是否实际展示以文案决策表与浏览器证据为准"
"src/normalized-ui/staff-actions/StaffActionsPanel.tsx","1887","TableActionSheet","jsx-expression-literal","再次确认，立即翻台","","完整候选索引；表达式内字面量可能是接口参数，是否实际展示以文案决策表与浏览器证据为准"
"src/normalized-ui/staff-actions/StaffActionsPanel.tsx","1887","TableActionSheet","jsx-expression-literal","顾客离店，立即翻台","","完整候选索引；表达式内字面量可能是接口参数，是否实际展示以文案决策表与浏览器证据为准"
"src/normalized-ui/staff-actions/StaffActionsPanel.tsx","1890","TableActionSheet","jsx-text","暂不翻台","","完整候选索引；表达式内字面量可能是接口参数，是否实际展示以文案决策表与浏览器证据为准"
"src/normalized-ui/staff-actions/StaffActionsPanel.tsx","1893","TableActionSheet","attribute:aria-label","本桌常用操作","","完整候选索引；表达式内字面量可能是接口参数，是否实际展示以文案决策表与浏览器证据为准"
"src/normalized-ui/staff-actions/StaffActionsPanel.tsx","1895","TableActionSheet","jsx-text","本桌收款","","完整候选索引；表达式内字面量可能是接口参数，是否实际展示以文案决策表与浏览器证据为准"
"src/normalized-ui/staff-actions/StaffActionsPanel.tsx","1897","TableActionSheet","jsx-expression-literal","order.create","","完整候选索引；表达式内字面量可能是接口参数，是否实际展示以文案决策表与浏览器证据为准"
"src/normalized-ui/staff-actions/StaffActionsPanel.tsx","1898","TableActionSheet","jsx-text","协助点单","","完整候选索引；表达式内字面量可能是接口参数，是否实际展示以文案决策表与浏览器证据为准"
"src/normalized-ui/staff-actions/StaffActionsPanel.tsx","1900","TableActionSheet","jsx-expression-literal","observation.record","","完整候选索引；表达式内字面量可能是接口参数，是否实际展示以文案决策表与浏览器证据为准"
"src/normalized-ui/staff-actions/StaffActionsPanel.tsx","1901","TableActionSheet","jsx-text","记录桌台情况","","完整候选索引；表达式内字面量可能是接口参数，是否实际展示以文案决策表与浏览器证据为准"
"src/normalized-ui/staff-actions/StaffActionsPanel.tsx","1904","TableActionSheet","jsx-expression-literal","guest.cart.freeze","","完整候选索引；表达式内字面量可能是接口参数，是否实际展示以文案决策表与浏览器证据为准"
"src/normalized-ui/staff-actions/StaffActionsPanel.tsx","1905","TableActionSheet","jsx-text","恢复顾客修改","","完整候选索引；表达式内字面量可能是接口参数，是否实际展示以文案决策表与浏览器证据为准"
"src/normalized-ui/staff-actions/StaffActionsPanel.tsx","1909","TableActionSheet","jsx-text","更多操作","","完整候选索引；表达式内字面量可能是接口参数，是否实际展示以文案决策表与浏览器证据为准"
"src/normalized-ui/staff-actions/StaffActionsPanel.tsx","1909","TableActionSheet","jsx-text","赠送、推荐、转桌与结台","","完整候选索引；表达式内字面量可能是接口参数，是否实际展示以文案决策表与浏览器证据为准"
"src/normalized-ui/staff-actions/StaffActionsPanel.tsx","1910","TableActionSheet","attribute:aria-label","更多桌台操作","","完整候选索引；表达式内字面量可能是接口参数，是否实际展示以文案决策表与浏览器证据为准"
"src/normalized-ui/staff-actions/StaffActionsPanel.tsx","1911","TableActionSheet","jsx-expression-literal","recommendation.staff.modify","","完整候选索引；表达式内字面量可能是接口参数，是否实际展示以文案决策表与浏览器证据为准"
"src/normalized-ui/staff-actions/StaffActionsPanel.tsx","1912","TableActionSheet","jsx-text","查看/调整推荐","","完整候选索引；表达式内字面量可能是接口参数，是否实际展示以文案决策表与浏览器证据为准"
"src/normalized-ui/staff-actions/StaffActionsPanel.tsx","1914","TableActionSheet","jsx-expression-literal","order.create","","完整候选索引；表达式内字面量可能是接口参数，是否实际展示以文案决策表与浏览器证据为准"
"src/normalized-ui/staff-actions/StaffActionsPanel.tsx","1914","TableActionSheet","jsx-expression-literal","order.gift","","完整候选索引；表达式内字面量可能是接口参数，是否实际展示以文案决策表与浏览器证据为准"
"src/normalized-ui/staff-actions/StaffActionsPanel.tsx","1915","TableActionSheet","jsx-text","赠送商品","","完整候选索引；表达式内字面量可能是接口参数，是否实际展示以文案决策表与浏览器证据为准"
"src/normalized-ui/staff-actions/StaffActionsPanel.tsx","1917","TableActionSheet","jsx-expression-literal","table.transfer","","完整候选索引；表达式内字面量可能是接口参数，是否实际展示以文案决策表与浏览器证据为准"
"src/normalized-ui/staff-actions/StaffActionsPanel.tsx","1918","TableActionSheet","jsx-text","转桌","","完整候选索引；表达式内字面量可能是接口参数，是否实际展示以文案决策表与浏览器证据为准"
"src/normalized-ui/staff-actions/StaffActionsPanel.tsx","1919","TableActionSheet","jsx-text","转桌说明","","完整候选索引；表达式内字面量可能是接口参数，是否实际展示以文案决策表与浏览器证据为准"
"src/normalized-ui/staff-actions/StaffActionsPanel.tsx","1920","TableActionSheet","jsx-expression-literal","table.participation.manage","","完整候选索引；表达式内字面量可能是接口参数，是否实际展示以文案决策表与浏览器证据为准"
"src/normalized-ui/staff-actions/StaffActionsPanel.tsx","1921","TableActionSheet","jsx-text","人员拆并桌","","完整候选索引；表达式内字面量可能是接口参数，是否实际展示以文案决策表与浏览器证据为准"
"src/normalized-ui/staff-actions/StaffActionsPanel.tsx","1923","TableActionSheet","jsx-expression-literal","guest.cart.freeze","","完整候选索引；表达式内字面量可能是接口参数，是否实际展示以文案决策表与浏览器证据为准"
"src/normalized-ui/staff-actions/StaffActionsPanel.tsx","1924","TableActionSheet","jsx-text","锁定顾客购物车","","完整候选索引；表达式内字面量可能是接口参数，是否实际展示以文案决策表与浏览器证据为准"
"src/normalized-ui/staff-actions/StaffActionsPanel.tsx","1927","TableActionSheet","jsx-expression-literal","table.close","","完整候选索引；表达式内字面量可能是接口参数，是否实际展示以文案决策表与浏览器证据为准"
"src/normalized-ui/staff-actions/StaffActionsPanel.tsx","1927","TableActionSheet","jsx-expression-literal","table.turnover_unsettled","","完整候选索引；表达式内字面量可能是接口参数，是否实际展示以文案决策表与浏览器证据为准"
"src/normalized-ui/staff-actions/StaffActionsPanel.tsx","1929","TableActionSheet","jsx-expression-literal","正在处理…","","完整候选索引；表达式内字面量可能是接口参数，是否实际展示以文案决策表与浏览器证据为准"
"src/normalized-ui/staff-actions/StaffActionsPanel.tsx","1929","TableActionSheet","jsx-expression-literal","确认立即翻台","","完整候选索引；表达式内字面量可能是接口参数，是否实际展示以文案决策表与浏览器证据为准"
"src/normalized-ui/staff-actions/StaffActionsPanel.tsx","1929","TableActionSheet","jsx-expression-literal","顾客离店，立即翻台","","完整候选索引；表达式内字面量可能是接口参数，是否实际展示以文案决策表与浏览器证据为准"
"src/normalized-ui/staff-actions/StaffActionsPanel.tsx","1934","TableActionSheet","jsx-text","确认后核对付款和制作送达情况；全部处理完才会结束本桌。仍有未结事项时保留桌台。","","完整候选索引；表达式内字面量可能是接口参数，是否实际展示以文案决策表与浏览器证据为准"
"src/normalized-ui/staff-actions/StaffActionsPanel.tsx","1935","TableActionSheet","jsx-text","确认后释放桌台并取消未履约部分。未结付款、退款继续由收银跟进，不代表账务结清。","","完整候选索引；表达式内字面量可能是接口参数，是否实际展示以文案决策表与浏览器证据为准"
"src/normalized-ui/staff-actions/StaffActionsPanel.tsx","1936","TableActionSheet","jsx-text","取消关台","","完整候选索引；表达式内字面量可能是接口参数，是否实际展示以文案决策表与浏览器证据为准"
"src/normalized-ui/staff-actions/StaffActionsPanel.tsx","1939","TableActionSheet","jsx-text","选择空闲目标桌台","","完整候选索引；表达式内字面量可能是接口参数，是否实际展示以文案决策表与浏览器证据为准"
"src/normalized-ui/staff-actions/StaffActionsPanel.tsx","1950","TableActionSheet","jsx-text","当前没有可转入的空闲桌台。","","完整候选索引；表达式内字面量可能是接口参数，是否实际展示以文案决策表与浏览器证据为准"
"src/normalized-ui/staff-actions/StaffActionsPanel.tsx","1952","TableActionSheet","jsx-text","加座说明","","完整候选索引；表达式内字面量可能是接口参数，是否实际展示以文案决策表与浏览器证据为准"
"src/normalized-ui/staff-actions/StaffActionsPanel.tsx","1952","TableActionSheet","attribute:placeholder","说明加座及现场安全确认","","完整候选索引；表达式内字面量可能是接口参数，是否实际展示以文案决策表与浏览器证据为准"
"src/normalized-ui/staff-actions/StaffActionsPanel.tsx","1954","TableActionSheet","jsx-text","确认转桌","","完整候选索引；表达式内字面量可能是接口参数，是否实际展示以文案决策表与浏览器证据为准"
"src/normalized-ui/staff-actions/TableObservationSheet.tsx","133","TableObservationSheet","jsx-template-text","记录桌台情况","","完整候选索引；表达式内字面量可能是接口参数，是否实际展示以文案决策表与浏览器证据为准"
"src/normalized-ui/staff-actions/TableObservationSheet.tsx","135","TableObservationSheet","jsx-text","· 当前桌次","","完整候选索引；表达式内字面量可能是接口参数，是否实际展示以文案决策表与浏览器证据为准"
"src/normalized-ui/staff-actions/TableObservationSheet.tsx","135","TableObservationSheet","jsx-text","记录桌台情况","","完整候选索引；表达式内字面量可能是接口参数，是否实际展示以文案决策表与浏览器证据为准"
"src/normalized-ui/staff-actions/TableObservationSheet.tsx","135","TableObservationSheet","attribute:aria-label","关闭","","完整候选索引；表达式内字面量可能是接口参数，是否实际展示以文案决策表与浏览器证据为准"
"src/normalized-ui/staff-actions/TableObservationSheet.tsx","137","TableObservationSheet","attribute:aria-label","新增桌台记录","","完整候选索引；表达式内字面量可能是接口参数，是否实际展示以文案决策表与浏览器证据为准"
"src/normalized-ui/staff-actions/TableObservationSheet.tsx","138","TableObservationSheet","jsx-text","直接写看到的事实、客人原话或你的判断。系统只从本桌真实订单寻找商品，不确定时会保留“不确定”。","事实","完整候选索引；表达式内字面量可能是接口参数，是否实际展示以文案决策表与浏览器证据为准"
"src/normalized-ui/staff-actions/TableObservationSheet.tsx","139","TableObservationSheet","jsx-text","一句话记录","","完整候选索引；表达式内字面量可能是接口参数，是否实际展示以文案决策表与浏览器证据为准"
"src/normalized-ui/staff-actions/TableObservationSheet.tsx","139","TableObservationSheet","attribute:placeholder","例如：客人说红色那杯太甜，薯条剩了一大半，我感觉可能上晚了。","","完整候选索引；表达式内字面量可能是接口参数，是否实际展示以文案决策表与浏览器证据为准"
"src/normalized-ui/staff-actions/TableObservationSheet.tsx","140","TableObservationSheet","jsx-text","需要马上处理","","完整候选索引；表达式内字面量可能是接口参数，是否实际展示以文案决策表与浏览器证据为准"
"src/normalized-ui/staff-actions/TableObservationSheet.tsx","140","TableObservationSheet","jsx-text","确认后同时生成现场服务任务；退款、赠送、换酒仍需有权限人员审批。","","完整候选索引；表达式内字面量可能是接口参数，是否实际展示以文案决策表与浏览器证据为准"
"src/normalized-ui/staff-actions/TableObservationSheet.tsx","142","TableObservationSheet","jsx-expression-literal","parse","","完整候选索引；表达式内字面量可能是接口参数，是否实际展示以文案决策表与浏览器证据为准"
"src/normalized-ui/staff-actions/TableObservationSheet.tsx","142","TableObservationSheet","jsx-text","识别并核对","","完整候选索引；表达式内字面量可能是接口参数，是否实际展示以文案决策表与浏览器证据为准"
"src/normalized-ui/staff-actions/TableObservationSheet.tsx","163","ObservationReview","jsx-text","请核对后保存","","完整候选索引；表达式内字面量可能是接口参数，是否实际展示以文案决策表与浏览器证据为准"
"src/normalized-ui/staff-actions/TableObservationSheet.tsx","163","ObservationReview","jsx-text","总体把握","","完整候选索引；表达式内字面量可能是接口参数，是否实际展示以文案决策表与浏览器证据为准"
"src/normalized-ui/staff-actions/TableObservationSheet.tsx","163","ObservationReview","jsx-text","% ·","","完整候选索引；表达式内字面量可能是接口参数，是否实际展示以文案决策表与浏览器证据为准"
"src/normalized-ui/staff-actions/TableObservationSheet.tsx","163","ObservationReview","jsx-text","个本桌真实订单候选","","完整候选索引；表达式内字面量可能是接口参数，是否实际展示以文案决策表与浏览器证据为准"
"src/normalized-ui/staff-actions/TableObservationSheet.tsx","164","ObservationReview","jsx-expression-literal","需要马上处理","","完整候选索引；表达式内字面量可能是接口参数，是否实际展示以文案决策表与浏览器证据为准"
"src/normalized-ui/staff-actions/TableObservationSheet.tsx","164","ObservationReview","jsx-expression-literal","只记录，不派现场任务","","完整候选索引；表达式内字面量可能是接口参数，是否实际展示以文案决策表与浏览器证据为准"
"src/normalized-ui/staff-actions/TableObservationSheet.tsx","164","ObservationReview","jsx-expression-literal","保存成功后生成一条服务任务","","完整候选索引；表达式内字面量可能是接口参数，是否实际展示以文案决策表与浏览器证据为准"
"src/normalized-ui/staff-actions/TableObservationSheet.tsx","164","ObservationReview","jsx-expression-literal","可在返回修改原话后重新选择","","完整候选索引；表达式内字面量可能是接口参数，是否实际展示以文案决策表与浏览器证据为准"
"src/normalized-ui/staff-actions/TableObservationSheet.tsx","165","ObservationReview","jsx-expression-literal","暂时无法确定具体商品，将按桌台情况保存原话，避免编造结论。","","完整候选索引；表达式内字面量可能是接口参数，是否实际展示以文案决策表与浏览器证据为准"
"src/normalized-ui/staff-actions/TableObservationSheet.tsx","166","ObservationReview","jsx-text","没有在本桌真实订单中找到可靠商品，将保存原话和桌台级记录。","","完整候选索引；表达式内字面量可能是接口参数，是否实际展示以文案决策表与浏览器证据为准"
"src/normalized-ui/staff-actions/TableObservationSheet.tsx","166","ObservationReview","attribute:aria-label","选择关联商品","","完整候选索引；表达式内字面量可能是接口参数，是否实际展示以文案决策表与浏览器证据为准"
"src/normalized-ui/staff-actions/TableObservationSheet.tsx","166","ObservationReview","jsx-text","原文线索“","","完整候选索引；表达式内字面量可能是接口参数，是否实际展示以文案决策表与浏览器证据为准"
"src/normalized-ui/staff-actions/TableObservationSheet.tsx","166","ObservationReview","jsx-text","” ·","","完整候选索引；表达式内字面量可能是接口参数，是否实际展示以文案决策表与浏览器证据为准"
"src/normalized-ui/staff-actions/TableObservationSheet.tsx","166","ObservationReview","jsx-text","不关联具体商品","","完整候选索引；表达式内字面量可能是接口参数，是否实际展示以文案决策表与浏览器证据为准"
"src/normalized-ui/staff-actions/TableObservationSheet.tsx","166","ObservationReview","jsx-text","只保存为本桌情况，避免错误归因","","完整候选索引；表达式内字面量可能是接口参数，是否实际展示以文案决策表与浏览器证据为准"
"src/normalized-ui/staff-actions/TableObservationSheet.tsx","168","ObservationReview","jsx-text","信息来源","","完整候选索引；表达式内字面量可能是接口参数，是否实际展示以文案决策表与浏览器证据为准"
"src/normalized-ui/staff-actions/TableObservationSheet.tsx","169","ObservationReview","jsx-text","情况类型","","完整候选索引；表达式内字面量可能是接口参数，是否实际展示以文案决策表与浏览器证据为准"
"src/normalized-ui/staff-actions/TableObservationSheet.tsx","170","ObservationReview","jsx-text","程度","","完整候选索引；表达式内字面量可能是接口参数，是否实际展示以文案决策表与浏览器证据为准"
"src/normalized-ui/staff-actions/TableObservationSheet.tsx","170","ObservationReview","jsx-text","未说明","","完整候选索引；表达式内字面量可能是接口参数，是否实际展示以文案决策表与浏览器证据为准"
"src/normalized-ui/staff-actions/TableObservationSheet.tsx","172","ObservationReview","jsx-text","返回修改原话","","完整候选索引；表达式内字面量可能是接口参数，是否实际展示以文案决策表与浏览器证据为准"
"src/normalized-ui/staff-actions/TableObservationSheet.tsx","172","ObservationReview","jsx-text","确认保存","","完整候选索引；表达式内字面量可能是接口参数，是否实际展示以文案决策表与浏览器证据为准"
"src/normalized-ui/staff-actions/TableObservationSheet.tsx","184","RecentObservations","attribute:aria-label","最近已确认记录","","完整候选索引；表达式内字面量可能是接口参数，是否实际展示以文案决策表与浏览器证据为准"
"src/normalized-ui/staff-actions/TableObservationSheet.tsx","185","RecentObservations","jsx-text","最近已确认","","完整候选索引；表达式内字面量可能是接口参数，是否实际展示以文案决策表与浏览器证据为准"
"src/normalized-ui/staff-actions/TableObservationSheet.tsx","185","RecentObservations","jsx-text","最多显示本桌最近5条","","完整候选索引；表达式内字面量可能是接口参数，是否实际展示以文案决策表与浏览器证据为准"
"src/normalized-ui/staff-actions/TableObservationSheet.tsx","185","RecentObservations","jsx-text","刷新","","完整候选索引；表达式内字面量可能是接口参数，是否实际展示以文案决策表与浏览器证据为准"
"src/normalized-ui/staff-actions/TableObservationSheet.tsx","187","RecentObservations","jsx-text","正在读取","","完整候选索引；表达式内字面量可能是接口参数，是否实际展示以文案决策表与浏览器证据为准"
"src/normalized-ui/staff-actions/TableObservationSheet.tsx","188","RecentObservations","jsx-text","本桌还没有已确认记录","","完整候选索引；表达式内字面量可能是接口参数，是否实际展示以文案决策表与浏览器证据为准"
"src/normalized-ui/staff-actions/TableObservationSheet.tsx","190","RecentObservations","jsx-expression-literal","观察原话仅授权人员可见","","完整候选索引；表达式内字面量可能是接口参数，是否实际展示以文案决策表与浏览器证据为准"
"src/normalized-ui/staff-actions/TableObservationSheet.tsx","190","RecentObservations","jsx-expression-literal","仅记录","","完整候选索引；表达式内字面量可能是接口参数，是否实际展示以文案决策表与浏览器证据为准"
"src/normalized-ui/staff-actions/TableObservationSheet.tsx","192","RecentObservations","jsx-text","查看修订记录（","","完整候选索引；表达式内字面量可能是接口参数，是否实际展示以文案决策表与浏览器证据为准"
"src/normalized-ui/staff-actions/TableObservationSheet.tsx","192","RecentObservations","jsx-text","原因：","","完整候选索引；表达式内字面量可能是接口参数，是否实际展示以文案决策表与浏览器证据为准"
"src/normalized-ui/staff-actions/TableObservationSheet.tsx","192","RecentObservations","jsx-text","修订前：","","完整候选索引；表达式内字面量可能是接口参数，是否实际展示以文案决策表与浏览器证据为准"
"src/normalized-ui/staff-actions/TableObservationSheet.tsx","192","RecentObservations","jsx-text","修订后：","","完整候选索引；表达式内字面量可能是接口参数，是否实际展示以文案决策表与浏览器证据为准"
"src/normalized-ui/staff-actions/TableObservationSheet.tsx","210","ObservationEventRow","jsx-expression-literal","桌台情况","","完整候选索引；表达式内字面量可能是接口参数，是否实际展示以文案决策表与浏览器证据为准"
"src/normalized-ui/staff-actions/TableObservationSheet.tsx","210","ObservationEventRow","jsx-text","修正","","完整候选索引；表达式内字面量可能是接口参数，是否实际展示以文案决策表与浏览器证据为准"
"src/normalized-ui/staff-actions/TableObservationSheet.tsx","212","ObservationEventRow","jsx-text","原值：","","完整候选索引；表达式内字面量可能是接口参数，是否实际展示以文案决策表与浏览器证据为准"
"src/normalized-ui/staff-actions/TableObservationSheet.tsx","212","ObservationEventRow","jsx-text","。修订会追加新版本，不覆盖历史。","","完整候选索引；表达式内字面量可能是接口参数，是否实际展示以文案决策表与浏览器证据为准"
"src/normalized-ui/staff-actions/TableObservationSheet.tsx","214","ObservationEventRow","jsx-text","信息来源","","完整候选索引；表达式内字面量可能是接口参数，是否实际展示以文案决策表与浏览器证据为准"
"src/normalized-ui/staff-actions/TableObservationSheet.tsx","215","ObservationEventRow","jsx-text","情况类型","","完整候选索引；表达式内字面量可能是接口参数，是否实际展示以文案决策表与浏览器证据为准"
"src/normalized-ui/staff-actions/TableObservationSheet.tsx","216","ObservationEventRow","jsx-text","程度","","完整候选索引；表达式内字面量可能是接口参数，是否实际展示以文案决策表与浏览器证据为准"
"src/normalized-ui/staff-actions/TableObservationSheet.tsx","216","ObservationEventRow","jsx-text","未说明","","完整候选索引；表达式内字面量可能是接口参数，是否实际展示以文案决策表与浏览器证据为准"
"src/normalized-ui/staff-actions/TableObservationSheet.tsx","218","ObservationEventRow","jsx-text","修正原因","","完整候选索引；表达式内字面量可能是接口参数，是否实际展示以文案决策表与浏览器证据为准"
"src/normalized-ui/staff-actions/TableObservationSheet.tsx","218","ObservationEventRow","attribute:placeholder","必填，例如：客人补充说明后更正","","完整候选索引；表达式内字面量可能是接口参数，是否实际展示以文案决策表与浏览器证据为准"
"src/normalized-ui/staff-actions/TableObservationSheet.tsx","219","ObservationEventRow","jsx-text","取消","","完整候选索引；表达式内字面量可能是接口参数，是否实际展示以文案决策表与浏览器证据为准"
"src/normalized-ui/staff-actions/TableObservationSheet.tsx","219","ObservationEventRow","jsx-text","保存修订","","完整候选索引；表达式内字面量可能是接口参数，是否实际展示以文案决策表与浏览器证据为准"
"src/normalized-ui/staff-actions/TableObservationSheet.tsx","225","(module)","display-definition","看到的事实","事实","完整候选索引；表达式内字面量可能是接口参数，是否实际展示以文案决策表与浏览器证据为准"
"src/normalized-ui/staff-actions/TableObservationSheet.tsx","225","(module)","display-definition","客人原话","","完整候选索引；表达式内字面量可能是接口参数，是否实际展示以文案决策表与浏览器证据为准"
"src/normalized-ui/staff-actions/TableObservationSheet.tsx","226","(module)","display-definition","员工判断","","完整候选索引；表达式内字面量可能是接口参数，是否实际展示以文案决策表与浏览器证据为准"
"src/normalized-ui/staff-actions/TableObservationSheet.tsx","229","(module)","display-definition","有剩余","","完整候选索引；表达式内字面量可能是接口参数，是否实际展示以文案决策表与浏览器证据为准"
"src/normalized-ui/staff-actions/TableObservationSheet.tsx","229","(module)","display-definition","饮用/食用较少","","完整候选索引；表达式内字面量可能是接口参数，是否实际展示以文案决策表与浏览器证据为准"
"src/normalized-ui/staff-actions/TableObservationSheet.tsx","230","(module)","display-definition","表扬","","完整候选索引；表达式内字面量可能是接口参数，是否实际展示以文案决策表与浏览器证据为准"
"src/normalized-ui/staff-actions/TableObservationSheet.tsx","230","(module)","display-definition","投诉","","完整候选索引；表达式内字面量可能是接口参数，是否实际展示以文案决策表与浏览器证据为准"
"src/normalized-ui/staff-actions/TableObservationSheet.tsx","230","(module)","display-definition","太甜","","完整候选索引；表达式内字面量可能是接口参数，是否实际展示以文案决策表与浏览器证据为准"
"src/normalized-ui/staff-actions/TableObservationSheet.tsx","231","(module)","display-definition","太冷","","完整候选索引；表达式内字面量可能是接口参数，是否实际展示以文案决策表与浏览器证据为准"
"src/normalized-ui/staff-actions/TableObservationSheet.tsx","231","(module)","display-definition","上桌较晚","","完整候选索引；表达式内字面量可能是接口参数，是否实际展示以文案决策表与浏览器证据为准"
"src/normalized-ui/staff-actions/TableObservationSheet.tsx","232","(module)","display-definition","呈现问题","","完整候选索引；表达式内字面量可能是接口参数，是否实际展示以文案决策表与浏览器证据为准"
"src/normalized-ui/staff-actions/TableObservationSheet.tsx","232","(module)","display-definition","份量问题","","完整候选索引；表达式内字面量可能是接口参数，是否实际展示以文案决策表与浏览器证据为准"
"src/normalized-ui/staff-actions/TableObservationSheet.tsx","232","(module)","display-definition","其他","","完整候选索引；表达式内字面量可能是接口参数，是否实际展示以文案决策表与浏览器证据为准"
"src/normalized-ui/staff-actions/TableObservationSheet.tsx","235","(module)","display-definition","少量","","完整候选索引；表达式内字面量可能是接口参数，是否实际展示以文案决策表与浏览器证据为准"
"src/normalized-ui/staff-actions/TableObservationSheet.tsx","235","(module)","display-definition","约一半","","完整候选索引；表达式内字面量可能是接口参数，是否实际展示以文案决策表与浏览器证据为准"
"src/normalized-ui/staff-actions/TableObservationSheet.tsx","235","(module)","display-definition","大部分","","完整候选索引；表达式内字面量可能是接口参数，是否实际展示以文案决策表与浏览器证据为准"
"src/normalized-ui/staff-actions/TableObservationSheet.tsx","236","(module)","display-definition","几乎未动","","完整候选索引；表达式内字面量可能是接口参数，是否实际展示以文案决策表与浏览器证据为准"
"src/normalized-ui/staff-actions/TableObservationSheet.tsx","236","(module)","display-definition","不确定","","完整候选索引；表达式内字面量可能是接口参数，是否实际展示以文案决策表与浏览器证据为准"
"src/normalized-ui/staff-actions/TableOrderStatusPanel.tsx","20","(module)","display-definition","已送达","","完整候选索引；表达式内字面量可能是接口参数，是否实际展示以文案决策表与浏览器证据为准"
"src/normalized-ui/staff-actions/TableOrderStatusPanel.tsx","21","(module)","display-definition","待送达","","完整候选索引；表达式内字面量可能是接口参数，是否实际展示以文案决策表与浏览器证据为准"
"src/normalized-ui/staff-actions/TableOrderStatusPanel.tsx","22","(module)","display-definition","制作中","","完整候选索引；表达式内字面量可能是接口参数，是否实际展示以文案决策表与浏览器证据为准"
"src/normalized-ui/staff-actions/TableOrderStatusPanel.tsx","23","(module)","display-definition","待制作","","完整候选索引；表达式内字面量可能是接口参数，是否实际展示以文案决策表与浏览器证据为准"
"src/normalized-ui/staff-actions/TableOrderStatusPanel.tsx","24","(module)","display-definition","待付款","","完整候选索引；表达式内字面量可能是接口参数，是否实际展示以文案决策表与浏览器证据为准"
"src/normalized-ui/staff-actions/TableOrderStatusPanel.tsx","25","(module)","display-definition","无需出品","","完整候选索引；表达式内字面量可能是接口参数，是否实际展示以文案决策表与浏览器证据为准"
"src/normalized-ui/staff-actions/TableOrderStatusPanel.tsx","26","(module)","display-definition","已取消","","完整候选索引；表达式内字面量可能是接口参数，是否实际展示以文案决策表与浏览器证据为准"
"src/normalized-ui/staff-actions/TableOrderStatusPanel.tsx","27","(module)","display-definition","待处理","","完整候选索引；表达式内字面量可能是接口参数，是否实际展示以文案决策表与浏览器证据为准"
"src/normalized-ui/staff-actions/TableOrderStatusPanel.tsx","93","TableOrderStatusContent","jsx-template-text","本桌点单详情","","完整候选索引；表达式内字面量可能是接口参数，是否实际展示以文案决策表与浏览器证据为准"
"src/normalized-ui/staff-actions/TableOrderStatusPanel.tsx","95","TableOrderStatusContent","jsx-text","本桌点单","","完整候选索引；表达式内字面量可能是接口参数，是否实际展示以文案决策表与浏览器证据为准"
"src/normalized-ui/staff-actions/TableOrderStatusPanel.tsx","95","TableOrderStatusContent","jsx-text","已上 / 未上以送达记录为准","","完整候选索引；表达式内字面量可能是接口参数，是否实际展示以文案决策表与浏览器证据为准"
"src/normalized-ui/staff-actions/TableOrderStatusPanel.tsx","96","TableOrderStatusContent","attribute:aria-label","刷新本桌点单状态","","完整候选索引；表达式内字面量可能是接口参数，是否实际展示以文案决策表与浏览器证据为准"
"src/normalized-ui/staff-actions/TableOrderStatusPanel.tsx","97","TableOrderStatusContent","jsx-text","刷新","","完整候选索引；表达式内字面量可能是接口参数，是否实际展示以文案决策表与浏览器证据为准"
"src/normalized-ui/staff-actions/TableOrderStatusPanel.tsx","100","TableOrderStatusContent","jsx-expression-literal","数据待更新 ·","","完整候选索引；表达式内字面量可能是接口参数，是否实际展示以文案决策表与浏览器证据为准"
"src/normalized-ui/staff-actions/TableOrderStatusPanel.tsx","100","TableOrderStatusContent","jsx-text","最近更新","","完整候选索引；表达式内字面量可能是接口参数，是否实际展示以文案决策表与浏览器证据为准"
"src/normalized-ui/staff-actions/TableOrderStatusPanel.tsx","100","TableOrderStatusContent","jsx-expression-literal","zh-CN","","完整候选索引；表达式内字面量可能是接口参数，是否实际展示以文案决策表与浏览器证据为准"
"src/normalized-ui/staff-actions/TableOrderStatusPanel.tsx","101","TableOrderStatusContent","jsx-text","正在读取本桌点单","","完整候选索引；表达式内字面量可能是接口参数，是否实际展示以文案决策表与浏览器证据为准"
"src/normalized-ui/staff-actions/TableOrderStatusPanel.tsx","103","TableOrderStatusContent","jsx-text","本桌暂时没有已提交的商品。","","完整候选索引；表达式内字面量可能是接口参数，是否实际展示以文案决策表与浏览器证据为准"
"src/normalized-ui/staff-actions/TableOrderStatusPanel.tsx","105","TableOrderStatusContent","attribute:aria-label","本桌消费金额","","完整候选索引；表达式内字面量可能是接口参数，是否实际展示以文案决策表与浏览器证据为准"
"src/normalized-ui/staff-actions/TableOrderStatusPanel.tsx","105","TableOrderStatusContent","jsx-text","消费原金额","","完整候选索引；表达式内字面量可能是接口参数，是否实际展示以文案决策表与浏览器证据为准"
"src/normalized-ui/staff-actions/TableOrderStatusPanel.tsx","105","TableOrderStatusContent","jsx-expression-literal","待更新","","完整候选索引；表达式内字面量可能是接口参数，是否实际展示以文案决策表与浏览器证据为准"
"src/normalized-ui/staff-actions/TableOrderStatusPanel.tsx","106","TableOrderStatusContent","jsx-template-text","· 已退款 ¥","","完整候选索引；表达式内字面量可能是接口参数，是否实际展示以文案决策表与浏览器证据为准"
"src/normalized-ui/staff-actions/TableOrderStatusPanel.tsx","107","TableOrderStatusContent","jsx-template-text","· 套餐按单点价补差 ¥","","完整候选索引；表达式内字面量可能是接口参数，是否实际展示以文案决策表与浏览器证据为准"
"src/normalized-ui/staff-actions/TableOrderStatusPanel.tsx","108","TableOrderStatusContent","jsx-template-text","· 退菜减额 ¥","","完整候选索引；表达式内字面量可能是接口参数，是否实际展示以文案决策表与浏览器证据为准"
"src/normalized-ui/staff-actions/TableOrderStatusPanel.tsx","109","TableOrderStatusContent","jsx-text","· 原成交金额含优惠，实收及待收请查看收款明细","","完整候选索引；表达式内字面量可能是接口参数，是否实际展示以文案决策表与浏览器证据为准"
"src/normalized-ui/staff-actions/TableOrderStatusPanel.tsx","110","TableOrderStatusContent","attribute:aria-label","出品汇总","","完整候选索引；表达式内字面量可能是接口参数，是否实际展示以文案决策表与浏览器证据为准"
"src/normalized-ui/staff-actions/TableOrderStatusPanel.tsx","111","TableOrderStatusContent","jsx-text","已上","","完整候选索引；表达式内字面量可能是接口参数，是否实际展示以文案决策表与浏览器证据为准"
"src/normalized-ui/staff-actions/TableOrderStatusPanel.tsx","112","TableOrderStatusContent","jsx-text","未上","","完整候选索引；表达式内字面量可能是接口参数，是否实际展示以文案决策表与浏览器证据为准"
"src/normalized-ui/staff-actions/TableOrderStatusPanel.tsx","113","TableOrderStatusContent","jsx-text","待核对","","完整候选索引；表达式内字面量可能是接口参数，是否实际展示以文案决策表与浏览器证据为准"
"src/normalized-ui/staff-actions/TableOrderStatusPanel.tsx","118","TableOrderStatusContent","jsx-expression-literal","refunded","","完整候选索引；表达式内字面量可能是接口参数，是否实际展示以文案决策表与浏览器证据为准"
"src/normalized-ui/staff-actions/TableOrderStatusPanel.tsx","118","TableOrderStatusContent","jsx-expression-literal","已退款 ·","","完整候选索引；表达式内字面量可能是接口参数，是否实际展示以文案决策表与浏览器证据为准"
"src/normalized-ui/staff-actions/TableOrderStatusPanel.tsx","118","TableOrderStatusContent","jsx-expression-literal","partially_refunded","","完整候选索引；表达式内字面量可能是接口参数，是否实际展示以文案决策表与浏览器证据为准"
"src/normalized-ui/staff-actions/TableOrderStatusPanel.tsx","118","TableOrderStatusContent","jsx-expression-literal","含退款 ·","","完整候选索引；表达式内字面量可能是接口参数，是否实际展示以文案决策表与浏览器证据为准"
"src/normalized-ui/staff-actions/TableOrderStatusPanel.tsx","118","TableOrderStatusContent","jsx-text","个商品","","完整候选索引；表达式内字面量可能是接口参数，是否实际展示以文案决策表与浏览器证据为准"
"src/normalized-ui/staff-actions/TableOrderStatusPanel.tsx","119","TableOrderStatusContent","jsx-text","换品新单 · 原单","","完整候选索引；表达式内字面量可能是接口参数，是否实际展示以文案决策表与浏览器证据为准"
"src/normalized-ui/staff-actions/TableOrderStatusPanel.tsx","119","TableOrderStatusContent","jsx-text","；分别收退款。","","完整候选索引；表达式内字面量可能是接口参数，是否实际展示以文案决策表与浏览器证据为准"
"src/normalized-ui/staff-actions/TableOrderStatusPanel.tsx","120","TableOrderStatusContent","jsx-text","查看换品原商品","","完整候选索引；表达式内字面量可能是接口参数，是否实际展示以文案决策表与浏览器证据为准"
"src/normalized-ui/staff-actions/TableOrderStatusPanel.tsx","124","TableOrderStatusContent","jsx-expression-literal","已含套餐，不另收费","","完整候选索引；表达式内字面量可能是接口参数，是否实际展示以文案决策表与浏览器证据为准"
"src/normalized-ui/staff-actions/TableOrderStatusPanel.tsx","124","TableOrderStatusContent","jsx-template-text","单价 ¥","","完整候选索引；表达式内字面量可能是接口参数，是否实际展示以文案决策表与浏览器证据为准"
"src/normalized-ui/staff-actions/TableOrderStatusPanel.tsx","124","TableOrderStatusContent","jsx-template-text","· 小计 ¥","","完整候选索引；表达式内字面量可能是接口参数，是否实际展示以文案决策表与浏览器证据为准"
"src/normalized-ui/staff-actions/TableOrderStatusPanel.tsx","124","TableOrderStatusContent","jsx-expression-literal","成交金额暂未读取","","完整候选索引；表达式内字面量可能是接口参数，是否实际展示以文案决策表与浏览器证据为准"
"src/normalized-ui/staff-actions/TableOrderStatusPanel.tsx","124","TableOrderStatusContent","jsx-text","已退 ¥","","完整候选索引；表达式内字面量可能是接口参数，是否实际展示以文案决策表与浏览器证据为准"
"src/normalized-ui/staff-actions/TableOrderStatusPanel.tsx","125","TableOrderStatusContent","jsx-text","暂停","","完整候选索引；表达式内字面量可能是接口参数，是否实际展示以文案决策表与浏览器证据为准"
"src/normalized-ui/staff-actions/TableOrderStatusPanel.tsx","125","TableOrderStatusContent","jsx-text","· 停止","","完整候选索引；表达式内字面量可能是接口参数，是否实际展示以文案决策表与浏览器证据为准"
"src/normalized-ui/staff-actions/TableOrderStatusPanel.tsx","125","TableOrderStatusContent","jsx-text","· 已备齐","","完整候选索引；表达式内字面量可能是接口参数，是否实际展示以文案决策表与浏览器证据为准"
"src/normalized-ui/staff-actions/TableOrderStatusPanel.tsx","125","TableOrderStatusContent","jsx-text","· 已送达","","完整候选索引；表达式内字面量可能是接口参数，是否实际展示以文案决策表与浏览器证据为准"
"src/normalized-ui/staff-actions/TableOrderStatusPanel.tsx","128","TableOrderStatusContent","jsx-expression-literal","处理套餐内商品","","完整候选索引；表达式内字面量可能是接口参数，是否实际展示以文案决策表与浏览器证据为准"
"src/normalized-ui/staff-actions/TableOrderStatusPanel.tsx","128","TableOrderStatusContent","jsx-expression-literal","停止 / 退款","","完整候选索引；表达式内字面量可能是接口参数，是否实际展示以文案决策表与浏览器证据为准"
"src/normalized-ui/staff-actions/TableOrderStatusPanel.tsx","128","TableOrderStatusContent","jsx-expression-literal","处理原申请","","完整候选索引；表达式内字面量可能是接口参数，是否实际展示以文案决策表与浏览器证据为准"
"src/normalized-ui/staff-actions/TableOrderStatusPanel.tsx","146","presentOrderDetailsError","display-definition","本桌点单暂未显示，收款不受影响。","","完整候选索引；表达式内字面量可能是接口参数，是否实际展示以文案决策表与浏览器证据为准"
"src/normalized-ui/staff-actions/TableOrderStatusPanel.tsx","148","presentOrderDetailsError","display-definition","当前无权查看本桌点单。","","完整候选索引；表达式内字面量可能是接口参数，是否实际展示以文案决策表与浏览器证据为准"
"src/normalized-ui/staff-actions/TableOrderStatusPanel.tsx","149","presentOrderDetailsError","display-definition","登录状态已失效，请重新进入。","","完整候选索引；表达式内字面量可能是接口参数，是否实际展示以文案决策表与浏览器证据为准"
"src/normalized-ui/staff-actions/TableOrderStatusPanel.tsx","164","OrderDetailsErrorNotice","jsx-expression-literal","已复制","","完整候选索引；表达式内字面量可能是接口参数，是否实际展示以文案决策表与浏览器证据为准"
"src/normalized-ui/staff-actions/TableOrderStatusPanel.tsx","164","OrderDetailsErrorNotice","jsx-expression-literal","复制参考号","","完整候选索引；表达式内字面量可能是接口参数，是否实际展示以文案决策表与浏览器证据为准"
"src/normalized-ui/staff-actions/TablePaymentSheet.tsx","112","synchronize","feedback","支付渠道已确认本次未成功，可以重新发起收款。","","完整候选索引；表达式内字面量可能是接口参数，是否实际展示以文案决策表与浏览器证据为准"
"src/normalized-ui/staff-actions/TablePaymentSheet.tsx","180","queryPayment","feedback","支付渠道已确认本次未成功，可以重新发起收款。","","完整候选索引；表达式内字面量可能是接口参数，是否实际展示以文案决策表与浏览器证据为准"
"src/normalized-ui/staff-actions/TablePaymentSheet.tsx","236","TablePaymentSheet","jsx-template-text","本桌收款","","完整候选索引；表达式内字面量可能是接口参数，是否实际展示以文案决策表与浏览器证据为准"
"src/normalized-ui/staff-actions/TablePaymentSheet.tsx","239","TablePaymentSheet","jsx-text","· 仅本桌未结订单","","完整候选索引；表达式内字面量可能是接口参数，是否实际展示以文案决策表与浏览器证据为准"
"src/normalized-ui/staff-actions/TablePaymentSheet.tsx","239","TablePaymentSheet","jsx-text","本桌收款","","完整候选索引；表达式内字面量可能是接口参数，是否实际展示以文案决策表与浏览器证据为准"
"src/normalized-ui/staff-actions/TablePaymentSheet.tsx","240","TablePaymentSheet","attribute:aria-label","关闭本桌收款","","完整候选索引；表达式内字面量可能是接口参数，是否实际展示以文案决策表与浏览器证据为准"
"src/normalized-ui/staff-actions/TablePaymentSheet.tsx","242","TablePaymentSheet","jsx-text","默认合并本桌未结订单，可取消勾选或填写本次部分收款金额。原支付未知不阻塞再次收款；退款后的重新收款仍需收银授权。","","完整候选索引；表达式内字面量可能是接口参数，是否实际展示以文案决策表与浏览器证据为准"
"src/normalized-ui/staff-actions/TablePaymentSheet.tsx","244","TablePaymentSheet","attribute:aria-label","上次现金登记待核对","","完整候选索引；表达式内字面量可能是接口参数，是否实际展示以文案决策表与浏览器证据为准"
"src/normalized-ui/staff-actions/TablePaymentSheet.tsx","245","TablePaymentSheet","jsx-text","上次","","完整候选索引；表达式内字面量可能是接口参数，是否实际展示以文案决策表与浏览器证据为准"
"src/normalized-ui/staff-actions/TablePaymentSheet.tsx","245","TablePaymentSheet","jsx-expression-literal","CNY","CNY","完整候选索引；表达式内字面量可能是接口参数，是否实际展示以文案决策表与浏览器证据为准"
"src/normalized-ui/staff-actions/TablePaymentSheet.tsx","245","TablePaymentSheet","jsx-text","现金登记结果待核对","","完整候选索引；表达式内字面量可能是接口参数，是否实际展示以文案决策表与浏览器证据为准"
"src/normalized-ui/staff-actions/TablePaymentSheet.tsx","246","TablePaymentSheet","jsx-text","核对会沿用原登记，不会再记一笔。确认结果后再办理下一笔真实收款。","","完整候选索引；表达式内字面量可能是接口参数，是否实际展示以文案决策表与浏览器证据为准"
"src/normalized-ui/staff-actions/TablePaymentSheet.tsx","248","TablePaymentSheet","jsx-text","核对上次现金登记","","完整候选索引；表达式内字面量可能是接口参数，是否实际展示以文案决策表与浏览器证据为准"
"src/normalized-ui/staff-actions/TablePaymentSheet.tsx","249","TablePaymentSheet","jsx-text","请由原经办员工登录核对；也可到收银页面按凭证查询。当前账号不会代为重发。","","完整候选索引；表达式内字面量可能是接口参数，是否实际展示以文案决策表与浏览器证据为准"
"src/normalized-ui/staff-actions/TablePaymentSheet.tsx","250","TablePaymentSheet","jsx-text","登记凭证","","完整候选索引；表达式内字面量可能是接口参数，是否实际展示以文案决策表与浏览器证据为准"
"src/normalized-ui/staff-actions/TablePaymentSheet.tsx","253","TablePaymentSheet","jsx-text","重新读取本桌收款","","完整候选索引；表达式内字面量可能是接口参数，是否实际展示以文案决策表与浏览器证据为准"
"src/normalized-ui/staff-actions/TablePaymentSheet.tsx","254","TablePaymentSheet","jsx-text","正在读取本桌未结订单","","完整候选索引；表达式内字面量可能是接口参数，是否实际展示以文案决策表与浏览器证据为准"
"src/normalized-ui/staff-actions/TablePaymentSheet.tsx","254","TablePaymentSheet","jsx-text","本桌没有需要再次收款的订单。","","完整候选索引；表达式内字面量可能是接口参数，是否实际展示以文案决策表与浏览器证据为准"
"src/normalized-ui/staff-actions/TablePaymentSheet.tsx","255","TablePaymentSheet","attribute:aria-label","本桌本次收款合计","","完整候选索引；表达式内字面量可能是接口参数，是否实际展示以文案决策表与浏览器证据为准"
"src/normalized-ui/staff-actions/TablePaymentSheet.tsx","256","TablePaymentSheet","jsx-text","已选","","完整候选索引；表达式内字面量可能是接口参数，是否实际展示以文案决策表与浏览器证据为准"
"src/normalized-ui/staff-actions/TablePaymentSheet.tsx","256","TablePaymentSheet","jsx-text","单 · 待收","","完整候选索引；表达式内字面量可能是接口参数，是否实际展示以文案决策表与浏览器证据为准"
"src/normalized-ui/staff-actions/TablePaymentSheet.tsx","256","TablePaymentSheet","jsx-expression-literal","CNY","CNY","完整候选索引；表达式内字面量可能是接口参数，是否实际展示以文案决策表与浏览器证据为准"
"src/normalized-ui/staff-actions/TablePaymentSheet.tsx","257","TablePaymentSheet","jsx-text","本次","","完整候选索引；表达式内字面量可能是接口参数，是否实际展示以文案决策表与浏览器证据为准"
"src/normalized-ui/staff-actions/TablePaymentSheet.tsx","257","TablePaymentSheet","jsx-expression-literal","CNY","CNY","完整候选索引；表达式内字面量可能是接口参数，是否实际展示以文案决策表与浏览器证据为准"
"src/normalized-ui/staff-actions/TablePaymentSheet.tsx","257","TablePaymentSheet","jsx-expression-literal","请填写有效金额","","完整候选索引；表达式内字面量可能是接口参数，是否实际展示以文案决策表与浏览器证据为准"
"src/normalized-ui/staff-actions/TablePaymentSheet.tsx","259","TablePaymentSheet","attribute:aria-label","本桌未结订单","","完整候选索引；表达式内字面量可能是接口参数，是否实际展示以文案决策表与浏览器证据为准"
"src/normalized-ui/staff-actions/TablePaymentSheet.tsx","264","TablePaymentSheet","jsx-expression-literal","待收款 · 原支付未确认","","完整候选索引；表达式内字面量可能是接口参数，是否实际展示以文案决策表与浏览器证据为准"
"src/normalized-ui/staff-actions/TablePaymentSheet.tsx","264","TablePaymentSheet","jsx-expression-literal","partially_refunded","","完整候选索引；表达式内字面量可能是接口参数，是否实际展示以文案决策表与浏览器证据为准"
"src/normalized-ui/staff-actions/TablePaymentSheet.tsx","264","TablePaymentSheet","jsx-expression-literal","退款后待补收","","完整候选索引；表达式内字面量可能是接口参数，是否实际展示以文案决策表与浏览器证据为准"
"src/normalized-ui/staff-actions/TablePaymentSheet.tsx","264","TablePaymentSheet","jsx-expression-literal","待收款","","完整候选索引；表达式内字面量可能是接口参数，是否实际展示以文案决策表与浏览器证据为准"
"src/normalized-ui/staff-actions/TablePaymentSheet.tsx","268","TablePaymentSheet","attribute:aria-label","再次发起本桌收款","","完整候选索引；表达式内字面量可能是接口参数，是否实际展示以文案决策表与浏览器证据为准"
"src/normalized-ui/staff-actions/TablePaymentSheet.tsx","269","TablePaymentSheet","jsx-text","已选","","完整候选索引；表达式内字面量可能是接口参数，是否实际展示以文案决策表与浏览器证据为准"
"src/normalized-ui/staff-actions/TablePaymentSheet.tsx","269","TablePaymentSheet","jsx-text","单 · 待收","","完整候选索引；表达式内字面量可能是接口参数，是否实际展示以文案决策表与浏览器证据为准"
"src/normalized-ui/staff-actions/TablePaymentSheet.tsx","269","TablePaymentSheet","jsx-expression-literal","原支付结果尚未确认，可直接选择收款方式。","","完整候选索引；表达式内字面量可能是接口参数，是否实际展示以文案决策表与浏览器证据为准"
"src/normalized-ui/staff-actions/TablePaymentSheet.tsx","269","TablePaymentSheet","jsx-expression-literal","选择顾客扫码、扫描付款码，或确认现金已收。","","完整候选索引；表达式内字面量可能是接口参数，是否实际展示以文案决策表与浏览器证据为准"
"src/normalized-ui/staff-actions/TablePaymentSheet.tsx","270","TablePaymentSheet","jsx-text","本次收款金额（元）","","完整候选索引；表达式内字面量可能是接口参数，是否实际展示以文案决策表与浏览器证据为准"
"src/normalized-ui/staff-actions/TablePaymentSheet.tsx","271","TablePaymentSheet","jsx-text","请选择订单，金额须大于0且不超过所选待收金额，最多两位小数。","","完整候选索引；表达式内字面量可能是接口参数，是否实际展示以文案决策表与浏览器证据为准"
"src/normalized-ui/staff-actions/TablePaymentSheet.tsx","272","TablePaymentSheet","jsx-text","查看本次分摊顺序","","完整候选索引；表达式内字面量可能是接口参数，是否实际展示以文案决策表与浏览器证据为准"
"src/normalized-ui/staff-actions/TablePaymentSheet.tsx","272","TablePaymentSheet","jsx-text","按下单时间从早到晚分摊，先付清较早订单，剩余用于下一单；原订单及退款归属分别保留。","","完整候选索引；表达式内字面量可能是接口参数，是否实际展示以文案决策表与浏览器证据为准"
"src/normalized-ui/staff-actions/TablePaymentSheet.tsx","273","TablePaymentSheet","jsx-expression-literal","succeeded","","完整候选索引；表达式内字面量可能是接口参数，是否实际展示以文案决策表与浏览器证据为准"
"src/normalized-ui/staff-actions/TablePaymentSheet.tsx","273","TablePaymentSheet","jsx-text","支付成功，订单余额已刷新","","完整候选索引；表达式内字面量可能是接口参数，是否实际展示以文案决策表与浏览器证据为准"
"src/normalized-ui/staff-actions/TablePaymentSheet.tsx","274","TablePaymentSheet","jsx-expression-literal","succeeded","","完整候选索引；表达式内字面量可能是接口参数，是否实际展示以文案决策表与浏览器证据为准"
"src/normalized-ui/staff-actions/TablePaymentSheet.tsx","276","TablePaymentSheet","jsx-text","原支付记录","","完整候选索引；表达式内字面量可能是接口参数，是否实际展示以文案决策表与浏览器证据为准"
"src/normalized-ui/staff-actions/TablePaymentSheet.tsx","277","TablePaymentSheet","jsx-expression-literal","pending","","完整候选索引；表达式内字面量可能是接口参数，是否实际展示以文案决策表与浏览器证据为准"
"src/normalized-ui/staff-actions/TablePaymentSheet.tsx","277","TablePaymentSheet","jsx-expression-literal","本次结果尚未确认，可继续收款；后台会继续核对实际到账。","","完整候选索引；表达式内字面量可能是接口参数，是否实际展示以文案决策表与浏览器证据为准"
"src/normalized-ui/staff-actions/TablePaymentSheet.tsx","277","TablePaymentSheet","jsx-expression-literal","succeeded","","完整候选索引；表达式内字面量可能是接口参数，是否实际展示以文案决策表与浏览器证据为准"
"src/normalized-ui/staff-actions/TablePaymentSheet.tsx","277","TablePaymentSheet","jsx-expression-literal","本次已确认到账","","完整候选索引；表达式内字面量可能是接口参数，是否实际展示以文案决策表与浏览器证据为准"
"src/normalized-ui/staff-actions/TablePaymentSheet.tsx","277","TablePaymentSheet","jsx-expression-literal","渠道已确认本次未成功，可再次收款。","","完整候选索引；表达式内字面量可能是接口参数，是否实际展示以文案决策表与浏览器证据为准"
"src/normalized-ui/staff-actions/TablePaymentSheet.tsx","278","TablePaymentSheet","jsx-expression-literal","正在读取","","完整候选索引；表达式内字面量可能是接口参数，是否实际展示以文案决策表与浏览器证据为准"
"src/normalized-ui/staff-actions/TablePaymentSheet.tsx","278","TablePaymentSheet","jsx-expression-literal","查看原支付结果","","完整候选索引；表达式内字面量可能是接口参数，是否实际展示以文案决策表与浏览器证据为准"
"src/normalized-ui/staff-actions/TablePaymentSheet.tsx","281","TablePaymentSheet","jsx-text","正在安全发起，请勿重复操作","","完整候选索引；表达式内字面量可能是接口参数，是否实际展示以文案决策表与浏览器证据为准"
"src/normalized-ui/staff-actions/TablePaymentSheet.tsx","300","PaymentButtons","jsx-text","调出付款二维码","","完整候选索引；表达式内字面量可能是接口参数，是否实际展示以文案决策表与浏览器证据为准"
"src/normalized-ui/staff-actions/TablePaymentSheet.tsx","300","PaymentButtons","jsx-text","顾客扫码付款","","完整候选索引；表达式内字面量可能是接口参数，是否实际展示以文案决策表与浏览器证据为准"
"src/normalized-ui/staff-actions/TablePaymentSheet.tsx","301","PaymentButtons","jsx-text","扫描顾客付款码","","完整候选索引；表达式内字面量可能是接口参数，是否实际展示以文案决策表与浏览器证据为准"
"src/normalized-ui/staff-actions/TablePaymentSheet.tsx","301","PaymentButtons","jsx-text","摄像头或扫码枪","","完整候选索引；表达式内字面量可能是接口参数，是否实际展示以文案决策表与浏览器证据为准"
"src/normalized-ui/staff-actions/TablePaymentSheet.tsx","302","PaymentButtons","jsx-text","现金已收","","完整候选索引；表达式内字面量可能是接口参数，是否实际展示以文案决策表与浏览器证据为准"
"src/normalized-ui/staff-actions/TablePaymentSheet.tsx","302","PaymentButtons","jsx-text","确认后直接登记","","完整候选索引；表达式内字面量可能是接口参数，是否实际展示以文案决策表与浏览器证据为准"
"src/normalized-ui/staff-actions/TableRecommendationSheet.tsx","10","(module)","display-definition","顾客明确提出","","完整候选索引；表达式内字面量可能是接口参数，是否实际展示以文案决策表与浏览器证据为准"
"src/normalized-ui/staff-actions/TableRecommendationSheet.tsx","11","(module)","display-definition","现场可售替换","","完整候选索引；表达式内字面量可能是接口参数，是否实际展示以文案决策表与浏览器证据为准"
"src/normalized-ui/staff-actions/TableRecommendationSheet.tsx","12","(module)","display-definition","服务补救","","完整候选索引；表达式内字面量可能是接口参数，是否实际展示以文案决策表与浏览器证据为准"
"src/normalized-ui/staff-actions/TableRecommendationSheet.tsx","13","(module)","display-definition","员工结合现场建议","","完整候选索引；表达式内字面量可能是接口参数，是否实际展示以文案决策表与浏览器证据为准"
"src/normalized-ui/staff-actions/TableRecommendationSheet.tsx","69","TableRecommendationSheet","jsx-template-text","桌台推荐","","完整候选索引；表达式内字面量可能是接口参数，是否实际展示以文案决策表与浏览器证据为准"
"src/normalized-ui/staff-actions/TableRecommendationSheet.tsx","71","TableRecommendationSheet","jsx-text","协助调整推荐","","完整候选索引；表达式内字面量可能是接口参数，是否实际展示以文案决策表与浏览器证据为准"
"src/normalized-ui/staff-actions/TableRecommendationSheet.tsx","72","TableRecommendationSheet","attribute:aria-label","关闭推荐调整","","完整候选索引；表达式内字面量可能是接口参数，是否实际展示以文案决策表与浏览器证据为准"
"src/normalized-ui/staff-actions/TableRecommendationSheet.tsx","74","TableRecommendationSheet","jsx-text","只可在系统已经生成的方案间调整；这条记录不会改推荐规则，也不代表顾客已下单。","","完整候选索引；表达式内字面量可能是接口参数，是否实际展示以文案决策表与浏览器证据为准"
"src/normalized-ui/staff-actions/TableRecommendationSheet.tsx","75","TableRecommendationSheet","jsx-text","正在读取本桌推荐","","完整候选索引；表达式内字面量可能是接口参数，是否实际展示以文案决策表与浏览器证据为准"
"src/normalized-ui/staff-actions/TableRecommendationSheet.tsx","76","TableRecommendationSheet","jsx-text","本桌尚未生成推荐，请让顾客先在点单页获取方案。","","完整候选索引；表达式内字面量可能是接口参数，是否实际展示以文案决策表与浏览器证据为准"
"src/normalized-ui/staff-actions/TableRecommendationSheet.tsx","78","TableRecommendationSheet","jsx-text","系统原方案","","完整候选索引；表达式内字面量可能是接口参数，是否实际展示以文案决策表与浏览器证据为准"
"src/normalized-ui/staff-actions/TableRecommendationSheet.tsx","82","TableRecommendationSheet","jsx-text","协助调整为","","完整候选索引；表达式内字面量可能是接口参数，是否实际展示以文案决策表与浏览器证据为准"
"src/normalized-ui/staff-actions/TableRecommendationSheet.tsx","86","TableRecommendationSheet","jsx-text","调整原因","","完整候选索引；表达式内字面量可能是接口参数，是否实际展示以文案决策表与浏览器证据为准"
"src/normalized-ui/staff-actions/TableRecommendationSheet.tsx","90","TableRecommendationSheet","jsx-expression-literal","正在确认…","","完整候选索引；表达式内字面量可能是接口参数，是否实际展示以文案决策表与浏览器证据为准"
"src/normalized-ui/staff-actions/TableRecommendationSheet.tsx","90","TableRecommendationSheet","jsx-expression-literal","确认记录调整","","完整候选索引；表达式内字面量可能是接口参数，是否实际展示以文案决策表与浏览器证据为准"
"src/normalized-ui/staff-actions/TableRecommendationSheet.tsx","92","TableRecommendationSheet","jsx-text","重新读取本桌推荐","","完整候选索引；表达式内字面量可能是接口参数，是否实际展示以文案决策表与浏览器证据为准"
"src/normalized-ui/staff-navigation-model.ts","4","(module)","display-definition","现场服务","","完整候选索引；表达式内字面量可能是接口参数，是否实际展示以文案决策表与浏览器证据为准"
"src/normalized-ui/staff-navigation-model.ts","5","(module)","display-definition","制作与传菜","","完整候选索引；表达式内字面量可能是接口参数，是否实际展示以文案决策表与浏览器证据为准"
"src/normalized-ui/staff-navigation-model.ts","6","(module)","display-definition","收银","","完整候选索引；表达式内字面量可能是接口参数，是否实际展示以文案决策表与浏览器证据为准"
"src/normalized-ui/staff-navigation-model.ts","7","(module)","display-definition","管理","","完整候选索引；表达式内字面量可能是接口参数，是否实际展示以文案决策表与浏览器证据为准"
"src/normalized-ui/staff-todo-model.ts","44","staffTodoSources","display-definition","现场服务","","完整候选索引；表达式内字面量可能是接口参数，是否实际展示以文案决策表与浏览器证据为准"
"src/normalized-ui/staff-todo-model.ts","56","staffTodoSources","display-definition","生日与节日礼遇","","完整候选索引；表达式内字面量可能是接口参数，是否实际展示以文案决策表与浏览器证据为准"
"src/normalized-ui/staff-todo-model.ts","61","staffTodoSources","display-definition","每日点心","","完整候选索引；表达式内字面量可能是接口参数，是否实际展示以文案决策表与浏览器证据为准"
"src/normalized-ui/staff-todo-model.ts","69","staffTodoSources","display-definition","积分兑换","","完整候选索引；表达式内字面量可能是接口参数，是否实际展示以文案决策表与浏览器证据为准"
"src/normalized-ui/staff-todo-model.ts","76","staffTodoSources","display-definition","礼遇出品异常","","完整候选索引；表达式内字面量可能是接口参数，是否实际展示以文案决策表与浏览器证据为准"
"src/normalized-ui/staff-todo-model.ts","85","staffTodoSources","display-definition","退款","","完整候选索引；表达式内字面量可能是接口参数，是否实际展示以文案决策表与浏览器证据为准"
"src/normalized-ui/staff-todo-model.ts","110","staffTodoSources","display-definition","打印失败","","完整候选索引；表达式内字面量可能是接口参数，是否实际展示以文案决策表与浏览器证据为准"
"src/normalized-ui/StaffAccessManagementPanel.tsx","74","StaffAccessManagementPanel","display-definition","权限状态没有读取成功","","完整候选索引；表达式内字面量可能是接口参数，是否实际展示以文案决策表与浏览器证据为准"
"src/normalized-ui/StaffAccessManagementPanel.tsx","144","applyBeverageLaunchPackage","display-definition","已预览“酒水上架管理员”权限包","","完整候选索引；表达式内字面量可能是接口参数，是否实际展示以文案决策表与浏览器证据为准"
"src/normalized-ui/StaffAccessManagementPanel.tsx","169","deploy","display-definition","配置没有发布成功","","完整候选索引；表达式内字面量可能是接口参数，是否实际展示以文案决策表与浏览器证据为准"
"src/normalized-ui/StaffAccessManagementPanel.tsx","181","createEmployee","display-definition","员工账号已建立并复核","","完整候选索引；表达式内字面量可能是接口参数，是否实际展示以文案决策表与浏览器证据为准"
"src/normalized-ui/StaffAccessManagementPanel.tsx","183","createEmployee","display-definition","员工账号没有建立成功","","完整候选索引；表达式内字面量可能是接口参数，是否实际展示以文案决策表与浏览器证据为准"
"src/normalized-ui/StaffAccessManagementPanel.tsx","201","StaffAccessManagementPanel","jsx-text","正在核对人员与权限","","完整候选索引；表达式内字面量可能是接口参数，是否实际展示以文案决策表与浏览器证据为准"
"src/normalized-ui/StaffAccessManagementPanel.tsx","202","StaffAccessManagementPanel","jsx-text","重新读取","","完整候选索引；表达式内字面量可能是接口参数，是否实际展示以文案决策表与浏览器证据为准"
"src/normalized-ui/StaffAccessManagementPanel.tsx","207","StaffAccessManagementPanel","jsx-expression-literal","success","","完整候选索引；表达式内字面量可能是接口参数，是否实际展示以文案决策表与浏览器证据为准"
"src/normalized-ui/StaffAccessManagementPanel.tsx","211","StaffAccessManagementPanel","attribute:aria-label","权限管理摘要","","完整候选索引；表达式内字面量可能是接口参数，是否实际展示以文案决策表与浏览器证据为准"
"src/normalized-ui/StaffAccessManagementPanel.tsx","212","StaffAccessManagementPanel","jsx-text","在岗员工","","完整候选索引；表达式内字面量可能是接口参数，是否实际展示以文案决策表与浏览器证据为准"
"src/normalized-ui/StaffAccessManagementPanel.tsx","213","StaffAccessManagementPanel","jsx-text","岗位模板","","完整候选索引；表达式内字面量可能是接口参数，是否实际展示以文案决策表与浏览器证据为准"
"src/normalized-ui/StaffAccessManagementPanel.tsx","214","StaffAccessManagementPanel","jsx-text","权限能力","","完整候选索引；表达式内字面量可能是接口参数，是否实际展示以文案决策表与浏览器证据为准"
"src/normalized-ui/StaffAccessManagementPanel.tsx","218","StaffAccessManagementPanel","jsx-text","员工账号管理","","完整候选索引；表达式内字面量可能是接口参数，是否实际展示以文案决策表与浏览器证据为准"
"src/normalized-ui/StaffAccessManagementPanel.tsx","218","StaffAccessManagementPanel","jsx-text","新增、分岗、停用或恢复；历史记录不会删除","","完整候选索引；表达式内字面量可能是接口参数，是否实际展示以文案决策表与浏览器证据为准"
"src/normalized-ui/StaffAccessManagementPanel.tsx","220","StaffAccessManagementPanel","jsx-text","员工账号","","完整候选索引；表达式内字面量可能是接口参数，是否实际展示以文案决策表与浏览器证据为准"
"src/normalized-ui/StaffAccessManagementPanel.tsx","220","StaffAccessManagementPanel","attribute:placeholder","如：LIYAN","","完整候选索引；表达式内字面量可能是接口参数，是否实际展示以文案决策表与浏览器证据为准"
"src/normalized-ui/StaffAccessManagementPanel.tsx","221","StaffAccessManagementPanel","jsx-text","员工姓名","","完整候选索引；表达式内字面量可能是接口参数，是否实际展示以文案决策表与浏览器证据为准"
"src/normalized-ui/StaffAccessManagementPanel.tsx","221","StaffAccessManagementPanel","attribute:placeholder","如：李艳","","完整候选索引；表达式内字面量可能是接口参数，是否实际展示以文案决策表与浏览器证据为准"
"src/normalized-ui/StaffAccessManagementPanel.tsx","222","StaffAccessManagementPanel","jsx-text","初始PIN","","完整候选索引；表达式内字面量可能是接口参数，是否实际展示以文案决策表与浏览器证据为准"
"src/normalized-ui/StaffAccessManagementPanel.tsx","222","StaffAccessManagementPanel","attribute:placeholder","4位数字","","完整候选索引；表达式内字面量可能是接口参数，是否实际展示以文案决策表与浏览器证据为准"
"src/normalized-ui/StaffAccessManagementPanel.tsx","223","StaffAccessManagementPanel","jsx-text","初始岗位","","完整候选索引；表达式内字面量可能是接口参数，是否实际展示以文案决策表与浏览器证据为准"
"src/normalized-ui/StaffAccessManagementPanel.tsx","223","StaffAccessManagementPanel","jsx-text","请选择","","完整候选索引；表达式内字面量可能是接口参数，是否实际展示以文案决策表与浏览器证据为准"
"src/normalized-ui/StaffAccessManagementPanel.tsx","224","StaffAccessManagementPanel","jsx-text","建立原因","","完整候选索引；表达式内字面量可能是接口参数，是否实际展示以文案决策表与浏览器证据为准"
"src/normalized-ui/StaffAccessManagementPanel.tsx","225","StaffAccessManagementPanel","jsx-expression-literal","正在处理","","完整候选索引；表达式内字面量可能是接口参数，是否实际展示以文案决策表与浏览器证据为准"
"src/normalized-ui/StaffAccessManagementPanel.tsx","225","StaffAccessManagementPanel","jsx-expression-literal","建立员工账号","","完整候选索引；表达式内字面量可能是接口参数，是否实际展示以文案决策表与浏览器证据为准"
"src/normalized-ui/StaffAccessManagementPanel.tsx","227","StaffAccessManagementPanel","jsx-expression-literal","未分岗","","完整候选索引；表达式内字面量可能是接口参数，是否实际展示以文案决策表与浏览器证据为准"
"src/normalized-ui/StaffAccessManagementPanel.tsx","227","StaffAccessManagementPanel","jsx-expression-literal","active","","完整候选索引；表达式内字面量可能是接口参数，是否实际展示以文案决策表与浏览器证据为准"
"src/normalized-ui/StaffAccessManagementPanel.tsx","227","StaffAccessManagementPanel","jsx-expression-literal","在岗","","完整候选索引；表达式内字面量可能是接口参数，是否实际展示以文案决策表与浏览器证据为准"
"src/normalized-ui/StaffAccessManagementPanel.tsx","227","StaffAccessManagementPanel","jsx-expression-literal","已停用","","完整候选索引；表达式内字面量可能是接口参数，是否实际展示以文案决策表与浏览器证据为准"
"src/normalized-ui/StaffAccessManagementPanel.tsx","227","StaffAccessManagementPanel","jsx-expression-literal","active","","完整候选索引；表达式内字面量可能是接口参数，是否实际展示以文案决策表与浏览器证据为准"
"src/normalized-ui/StaffAccessManagementPanel.tsx","227","StaffAccessManagementPanel","jsx-expression-literal","active","","完整候选索引；表达式内字面量可能是接口参数，是否实际展示以文案决策表与浏览器证据为准"
"src/normalized-ui/StaffAccessManagementPanel.tsx","227","StaffAccessManagementPanel","jsx-expression-literal","停用","","完整候选索引；表达式内字面量可能是接口参数，是否实际展示以文案决策表与浏览器证据为准"
"src/normalized-ui/StaffAccessManagementPanel.tsx","227","StaffAccessManagementPanel","jsx-expression-literal","恢复","","完整候选索引；表达式内字面量可能是接口参数，是否实际展示以文案决策表与浏览器证据为准"
"src/normalized-ui/StaffAccessManagementPanel.tsx","228","StaffAccessManagementPanel","jsx-text","PIN只用于门店员工登录，不在页面回显；工资模块不保存银行卡，也不自动转账。","","完整候选索引；表达式内字面量可能是接口参数，是否实际展示以文案决策表与浏览器证据为准"
"src/normalized-ui/StaffAccessManagementPanel.tsx","232","StaffAccessManagementPanel","jsx-text","按职责分区，修改后统一发布","","完整候选索引；表达式内字面量可能是接口参数，是否实际展示以文案决策表与浏览器证据为准"
"src/normalized-ui/StaffAccessManagementPanel.tsx","232","StaffAccessManagementPanel","jsx-text","管理员控制中心","","完整候选索引；表达式内字面量可能是接口参数，是否实际展示以文案决策表与浏览器证据为准"
"src/normalized-ui/StaffAccessManagementPanel.tsx","234","StaffAccessManagementPanel","attribute:title","岗位权限","","完整候选索引；表达式内字面量可能是接口参数，是否实际展示以文案决策表与浏览器证据为准"
"src/normalized-ui/StaffAccessManagementPanel.tsx","235","StaffAccessManagementPanel","attribute:title","员工例外","","完整候选索引；表达式内字面量可能是接口参数，是否实际展示以文案决策表与浏览器证据为准"
"src/normalized-ui/StaffAccessManagementPanel.tsx","236","StaffAccessManagementPanel","attribute:title","审批与范围","","完整候选索引；表达式内字面量可能是接口参数，是否实际展示以文案决策表与浏览器证据为准"
"src/normalized-ui/StaffAccessManagementPanel.tsx","237","StaffAccessManagementPanel","attribute:title","退款复核","","完整候选索引；表达式内字面量可能是接口参数，是否实际展示以文案决策表与浏览器证据为准"
"src/normalized-ui/StaffAccessManagementPanel.tsx","238","StaffAccessManagementPanel","attribute:title","入口与设备","","完整候选索引；表达式内字面量可能是接口参数，是否实际展示以文案决策表与浏览器证据为准"
"src/normalized-ui/StaffAccessManagementPanel.tsx","244","StaffAccessManagementPanel","jsx-expression-literal","employee","","完整候选索引；表达式内字面量可能是接口参数，是否实际展示以文案决策表与浏览器证据为准"
"src/normalized-ui/StaffAccessManagementPanel.tsx","244","StaffAccessManagementPanel","jsx-expression-literal","选择员工","","完整候选索引；表达式内字面量可能是接口参数，是否实际展示以文案决策表与浏览器证据为准"
"src/normalized-ui/StaffAccessManagementPanel.tsx","244","StaffAccessManagementPanel","jsx-expression-literal","选择岗位","","完整候选索引；表达式内字面量可能是接口参数，是否实际展示以文案决策表与浏览器证据为准"
"src/normalized-ui/StaffAccessManagementPanel.tsx","244","StaffAccessManagementPanel","jsx-expression-literal","employee","","完整候选索引；表达式内字面量可能是接口参数，是否实际展示以文案决策表与浏览器证据为准"
"src/normalized-ui/StaffAccessManagementPanel.tsx","244","StaffAccessManagementPanel","jsx-expression-literal","选择员工","","完整候选索引；表达式内字面量可能是接口参数，是否实际展示以文案决策表与浏览器证据为准"
"src/normalized-ui/StaffAccessManagementPanel.tsx","244","StaffAccessManagementPanel","jsx-expression-literal","选择岗位","","完整候选索引；表达式内字面量可能是接口参数，是否实际展示以文案决策表与浏览器证据为准"
"src/normalized-ui/StaffAccessManagementPanel.tsx","245","StaffAccessManagementPanel","jsx-text","请选择","","完整候选索引；表达式内字面量可能是接口参数，是否实际展示以文案决策表与浏览器证据为准"
"src/normalized-ui/StaffAccessManagementPanel.tsx","246","StaffAccessManagementPanel","jsx-expression-literal","employee","","完整候选索引；表达式内字面量可能是接口参数，是否实际展示以文案决策表与浏览器证据为准"
"src/normalized-ui/StaffAccessManagementPanel.tsx","247","StaffAccessManagementPanel","jsx-expression-literal","未分岗","","完整候选索引；表达式内字面量可能是接口参数，是否实际展示以文案决策表与浏览器证据为准"
"src/normalized-ui/StaffAccessManagementPanel.tsx","248","StaffAccessManagementPanel","jsx-text","人）","","完整候选索引；表达式内字面量可能是接口参数，是否实际展示以文案决策表与浏览器证据为准"
"src/normalized-ui/StaffAccessManagementPanel.tsx","251","StaffAccessManagementPanel","jsx-expression-literal","refund","","完整候选索引；表达式内字面量可能是接口参数，是否实际展示以文案决策表与浏览器证据为准"
"src/normalized-ui/StaffAccessManagementPanel.tsx","254","StaffAccessManagementPanel","jsx-expression-literal","employee","","完整候选索引；表达式内字面量可能是接口参数，是否实际展示以文案决策表与浏览器证据为准"
"src/normalized-ui/StaffAccessManagementPanel.tsx","255","StaffAccessManagementPanel","jsx-expression-literal","role","","完整候选索引；表达式内字面量可能是接口参数，是否实际展示以文案决策表与浏览器证据为准"
"src/normalized-ui/StaffAccessManagementPanel.tsx","255","StaffAccessManagementPanel","jsx-expression-literal","employee","","完整候选索引；表达式内字面量可能是接口参数，是否实际展示以文案决策表与浏览器证据为准"
"src/normalized-ui/StaffAccessManagementPanel.tsx","260","StaffAccessManagementPanel","jsx-expression-literal","policy","","完整候选索引；表达式内字面量可能是接口参数，是否实际展示以文案决策表与浏览器证据为准"
"src/normalized-ui/StaffAccessManagementPanel.tsx","264","StaffAccessManagementPanel","jsx-expression-literal","navigation","","完整候选索引；表达式内字面量可能是接口参数，是否实际展示以文案决策表与浏览器证据为准"
"src/normalized-ui/StaffAccessManagementPanel.tsx","254","StaffAccessManagementPanel","jsx-expression-literal","employee","","完整候选索引；表达式内字面量可能是接口参数，是否实际展示以文案决策表与浏览器证据为准"
"src/normalized-ui/StaffAccessManagementPanel.tsx","254","StaffAccessManagementPanel","jsx-text","中文权限包：酒水上架管理员","","完整候选索引；表达式内字面量可能是接口参数，是否实际展示以文案决策表与浏览器证据为准"
"src/normalized-ui/StaffAccessManagementPanel.tsx","254","StaffAccessManagementPanel","jsx-text","批量预览扫码入库、商品、配方、定价、渠道、受控图片和发布；个人明确拒绝优先，高风险审批不打包。","","完整候选索引；表达式内字面量可能是接口参数，是否实际展示以文案决策表与浏览器证据为准"
"src/normalized-ui/StaffAccessManagementPanel.tsx","254","StaffAccessManagementPanel","jsx-text","套用并预览","","完整候选索引；表达式内字面量可能是接口参数，是否实际展示以文案决策表与浏览器证据为准"
"src/normalized-ui/StaffAccessManagementPanel.tsx","255","StaffAccessManagementPanel","jsx-expression-literal","role","","完整候选索引；表达式内字面量可能是接口参数，是否实际展示以文案决策表与浏览器证据为准"
"src/normalized-ui/StaffAccessManagementPanel.tsx","255","StaffAccessManagementPanel","jsx-expression-literal","employee","","完整候选索引；表达式内字面量可能是接口参数，是否实际展示以文案决策表与浏览器证据为准"
"src/normalized-ui/StaffAccessManagementPanel.tsx","260","StaffAccessManagementPanel","jsx-expression-literal","policy","","完整候选索引；表达式内字面量可能是接口参数，是否实际展示以文案决策表与浏览器证据为准"
"src/normalized-ui/StaffAccessManagementPanel.tsx","264","StaffAccessManagementPanel","jsx-expression-literal","navigation","","完整候选索引；表达式内字面量可能是接口参数，是否实际展示以文案决策表与浏览器证据为准"
"src/normalized-ui/StaffAccessManagementPanel.tsx","269","StaffAccessManagementPanel","jsx-text","发布原因","","完整候选索引；表达式内字面量可能是接口参数，是否实际展示以文案决策表与浏览器证据为准"
"src/normalized-ui/StaffAccessManagementPanel.tsx","269","StaffAccessManagementPanel","attribute:aria-label","发布原因","","完整候选索引；表达式内字面量可能是接口参数，是否实际展示以文案决策表与浏览器证据为准"
"src/normalized-ui/StaffAccessManagementPanel.tsx","271","StaffAccessManagementPanel","jsx-expression-literal","正在发布并复核","","完整候选索引；表达式内字面量可能是接口参数，是否实际展示以文案决策表与浏览器证据为准"
"src/normalized-ui/StaffAccessManagementPanel.tsx","271","StaffAccessManagementPanel","jsx-template-text","发布","","完整候选索引；表达式内字面量可能是接口参数，是否实际展示以文案决策表与浏览器证据为准"
"src/normalized-ui/StaffAccessManagementPanel.tsx","271","StaffAccessManagementPanel","jsx-template-text","项修改","","完整候选索引；表达式内字面量可能是接口参数，是否实际展示以文案决策表与浏览器证据为准"
"src/normalized-ui/StaffAccessManagementPanel.tsx","273","StaffAccessManagementPanel","jsx-text","未发布不会改变员工权限；服务端整批写入、重新读取并留痕，任何一项失败都会全部回滚。","服务端","完整候选索引；表达式内字面量可能是接口参数，是否实际展示以文案决策表与浏览器证据为准"
"src/normalized-ui/StaffAccessManagementPanel.tsx","295","PermissionEditor","attribute:placeholder","搜索权限名称","","完整候选索引；表达式内字面量可能是接口参数，是否实际展示以文案决策表与浏览器证据为准"
"src/normalized-ui/StaffAccessManagementPanel.tsx","296","PermissionEditor","attribute:aria-label","权限类别","","完整候选索引；表达式内字面量可能是接口参数，是否实际展示以文案决策表与浏览器证据为准"
"src/normalized-ui/StaffAccessManagementPanel.tsx","296","PermissionEditor","jsx-text","全部类别","","完整候选索引；表达式内字面量可能是接口参数，是否实际展示以文案决策表与浏览器证据为准"
"src/normalized-ui/StaffAccessManagementPanel.tsx","302","PermissionEditor","jsx-expression-literal","role","","完整候选索引；表达式内字面量可能是接口参数，是否实际展示以文案决策表与浏览器证据为准"
"src/normalized-ui/StaffAccessManagementPanel.tsx","304","PermissionEditor","jsx-text","授权后显示：","","完整候选索引；表达式内字面量可能是接口参数，是否实际展示以文案决策表与浏览器证据为准"
"src/normalized-ui/StaffAccessManagementPanel.tsx","305","PermissionEditor","jsx-expression-literal","role","","完整候选索引；表达式内字面量可能是接口参数，是否实际展示以文案决策表与浏览器证据为准"
"src/normalized-ui/StaffAccessManagementPanel.tsx","306","PermissionEditor","jsx-expression-literal","允许","","完整候选索引；表达式内字面量可能是接口参数，是否实际展示以文案决策表与浏览器证据为准"
"src/normalized-ui/StaffAccessManagementPanel.tsx","306","PermissionEditor","jsx-expression-literal","不允许","","完整候选索引；表达式内字面量可能是接口参数，是否实际展示以文案决策表与浏览器证据为准"
"src/normalized-ui/StaffAccessManagementPanel.tsx","307","PermissionEditor","jsx-template-text","员工例外","","完整候选索引；表达式内字面量可能是接口参数，是否实际展示以文案决策表与浏览器证据为准"
"src/normalized-ui/StaffAccessManagementPanel.tsx","307","PermissionEditor","jsx-text","随岗位","","完整候选索引；表达式内字面量可能是接口参数，是否实际展示以文案决策表与浏览器证据为准"
"src/normalized-ui/StaffAccessManagementPanel.tsx","307","PermissionEditor","jsx-text","额外允许","","完整候选索引；表达式内字面量可能是接口参数，是否实际展示以文案决策表与浏览器证据为准"
"src/normalized-ui/StaffAccessManagementPanel.tsx","307","PermissionEditor","jsx-text","明确禁止","","完整候选索引；表达式内字面量可能是接口参数，是否实际展示以文案决策表与浏览器证据为准"
"src/normalized-ui/StaffAccessManagementPanel.tsx","310","PermissionEditor","jsx-text","没有匹配的权限。","","完整候选索引；表达式内字面量可能是接口参数，是否实际展示以文案决策表与浏览器证据为准"
"src/normalized-ui/StaffAccessManagementPanel.tsx","330","PolicyEditor","jsx-text","资金操作额度","","完整候选索引；表达式内字面量可能是接口参数，是否实际展示以文案决策表与浏览器证据为准"
"src/normalized-ui/StaffAccessManagementPanel.tsx","330","PolicyEditor","jsx-text","岗位、发起和复核额度可配置；退款发起人与复核人必须分离。","","完整候选索引；表达式内字面量可能是接口参数，是否实际展示以文案决策表与浏览器证据为准"
"src/normalized-ui/StaffAccessManagementPanel.tsx","334","PolicyEditor","jsx-expression-literal","controls","","完整候选索引；表达式内字面量可能是接口参数，是否实际展示以文案决策表与浏览器证据为准"
"src/normalized-ui/StaffAccessManagementPanel.tsx","336","PolicyEditor","jsx-template-text","启用","","完整候选索引；表达式内字面量可能是接口参数，是否实际展示以文案决策表与浏览器证据为准"
"src/normalized-ui/StaffAccessManagementPanel.tsx","336","PolicyEditor","jsx-expression-literal","启用","","完整候选索引；表达式内字面量可能是接口参数，是否实际展示以文案决策表与浏览器证据为准"
"src/normalized-ui/StaffAccessManagementPanel.tsx","336","PolicyEditor","jsx-expression-literal","停用","","完整候选索引；表达式内字面量可能是接口参数，是否实际展示以文案决策表与浏览器证据为准"
"src/normalized-ui/StaffAccessManagementPanel.tsx","337","PolicyEditor","jsx-expression-literal","请先在岗位权限中授予对应能力","","完整候选索引；表达式内字面量可能是接口参数，是否实际展示以文案决策表与浏览器证据为准"
"src/normalized-ui/StaffAccessManagementPanel.tsx","338","PolicyEditor","jsx-text","单次上限","","完整候选索引；表达式内字面量可能是接口参数，是否实际展示以文案决策表与浏览器证据为准"
"src/normalized-ui/StaffAccessManagementPanel.tsx","338","PolicyEditor","jsx-template-text","单次上限","","完整候选索引；表达式内字面量可能是接口参数，是否实际展示以文案决策表与浏览器证据为准"
"src/normalized-ui/StaffAccessManagementPanel.tsx","339","PolicyEditor","jsx-expression-literal","discount_percent","","完整候选索引；表达式内字面量可能是接口参数，是否实际展示以文案决策表与浏览器证据为准"
"src/normalized-ui/StaffAccessManagementPanel.tsx","339","PolicyEditor","jsx-text","最高折扣","","完整候选索引；表达式内字面量可能是接口参数，是否实际展示以文案决策表与浏览器证据为准"
"src/normalized-ui/StaffAccessManagementPanel.tsx","339","PolicyEditor","jsx-template-text","最高折扣","","完整候选索引；表达式内字面量可能是接口参数，是否实际展示以文案决策表与浏览器证据为准"
"src/normalized-ui/StaffAccessManagementPanel.tsx","340","PolicyEditor","jsx-expression-literal","second_actor","","完整候选索引；表达式内字面量可能是接口参数，是否实际展示以文案决策表与浏览器证据为准"
"src/normalized-ui/StaffAccessManagementPanel.tsx","340","PolicyEditor","jsx-text","强制不同员工复核（不可关闭）","","完整候选索引；表达式内字面量可能是接口参数，是否实际展示以文案决策表与浏览器证据为准"
"src/normalized-ui/StaffAccessManagementPanel.tsx","345","PolicyEditor","jsx-text","数据范围","","完整候选索引；表达式内字面量可能是接口参数，是否实际展示以文案决策表与浏览器证据为准"
"src/normalized-ui/StaffAccessManagementPanel.tsx","345","PolicyEditor","jsx-text","只设置岗位确需处理的数据；全店权限可能覆盖范围限制。","","完整候选索引；表达式内字面量可能是接口参数，是否实际展示以文案决策表与浏览器证据为准"
"src/normalized-ui/StaffAccessManagementPanel.tsx","347","PolicyEditor","jsx-expression-literal","editor","","完整候选索引；表达式内字面量可能是接口参数，是否实际展示以文案决策表与浏览器证据为准"
"src/normalized-ui/StaffAccessManagementPanel.tsx","351","PolicyEditor","jsx-expression-literal","disabledWhenAnyPermission","","完整候选索引；表达式内字面量可能是接口参数，是否实际展示以文案决策表与浏览器证据为准"
"src/normalized-ui/StaffAccessManagementPanel.tsx","353","PolicyEditor","jsx-expression-literal","area_multi","","完整候选索引；表达式内字面量可能是接口参数，是否实际展示以文案决策表与浏览器证据为准"
"src/normalized-ui/StaffAccessManagementPanel.tsx","354","PolicyEditor","jsx-expression-literal","employee_multi","","完整候选索引；表达式内字面量可能是接口参数，是否实际展示以文案决策表与浏览器证据为准"
"src/normalized-ui/StaffAccessManagementPanel.tsx","354","PolicyEditor","jsx-expression-literal","active","","完整候选索引；表达式内字面量可能是接口参数，是否实际展示以文案决策表与浏览器证据为准"
"src/normalized-ui/StaffAccessManagementPanel.tsx","355","PolicyEditor","jsx-expression-literal","options","","完整候选索引；表达式内字面量可能是接口参数，是否实际展示以文案决策表与浏览器证据为准"
"src/normalized-ui/StaffAccessManagementPanel.tsx","358","PolicyEditor","jsx-expression-literal","boolean","boolean","完整候选索引；表达式内字面量可能是接口参数，是否实际展示以文案决策表与浏览器证据为准"
"src/normalized-ui/StaffAccessManagementPanel.tsx","359","PolicyEditor","jsx-expression-literal","multi_choice","","完整候选索引；表达式内字面量可能是接口参数，是否实际展示以文案决策表与浏览器证据为准"
"src/normalized-ui/StaffAccessManagementPanel.tsx","359","PolicyEditor","jsx-expression-literal","area_multi","","完整候选索引；表达式内字面量可能是接口参数，是否实际展示以文案决策表与浏览器证据为准"
"src/normalized-ui/StaffAccessManagementPanel.tsx","359","PolicyEditor","jsx-expression-literal","employee_multi","","完整候选索引；表达式内字面量可能是接口参数，是否实际展示以文案决策表与浏览器证据为准"
"src/normalized-ui/StaffAccessManagementPanel.tsx","363","PolicyEditor","jsx-expression-literal","boolean","boolean","完整候选索引；表达式内字面量可能是接口参数，是否实际展示以文案决策表与浏览器证据为准"
"src/normalized-ui/StaffAccessManagementPanel.tsx","363","PolicyEditor","jsx-expression-literal","multi_choice","","完整候选索引；表达式内字面量可能是接口参数，是否实际展示以文案决策表与浏览器证据为准"
"src/normalized-ui/StaffAccessManagementPanel.tsx","363","PolicyEditor","jsx-expression-literal","area_multi","","完整候选索引；表达式内字面量可能是接口参数，是否实际展示以文案决策表与浏览器证据为准"
"src/normalized-ui/StaffAccessManagementPanel.tsx","363","PolicyEditor","jsx-expression-literal","employee_multi","","完整候选索引；表达式内字面量可能是接口参数，是否实际展示以文案决策表与浏览器证据为准"
"src/normalized-ui/StaffAccessManagementPanel.tsx","363","PolicyEditor","jsx-text","当前页面版本不支持此编辑器，原配置保持不变。","","完整候选索引；表达式内字面量可能是接口参数，是否实际展示以文案决策表与浏览器证据为准"
"src/normalized-ui/StaffAccessManagementPanel.tsx","364","PolicyEditor","jsx-text","请先授予对应权限，或取消覆盖本范围的全店权限。","","完整候选索引；表达式内字面量可能是接口参数，是否实际展示以文案决策表与浏览器证据为准"
"src/normalized-ui/StaffAccessManagementPanel.tsx","367","PolicyEditor","jsx-text","此岗位还有高级数据范围，当前保持原值，不会被本页覆盖。","","完整候选索引；表达式内字面量可能是接口参数，是否实际展示以文案决策表与浏览器证据为准"
"src/normalized-ui/StaffAccessManagementPanel.tsx","385","NavigationEditor","jsx-text","手机高频入口最多4个","","完整候选索引；表达式内字面量可能是接口参数，是否实际展示以文案决策表与浏览器证据为准"
"src/normalized-ui/StaffAccessManagementPanel.tsx","385","NavigationEditor","jsx-text","入口只决定工作台显示；实际操作仍由岗位权限控制，不能通过隐藏或显示入口越权。","","完整候选索引；表达式内字面量可能是接口参数，是否实际展示以文案决策表与浏览器证据为准"
"src/normalized-ui/StaffAccessManagementPanel.tsx","388","NavigationEditor","jsx-expression-literal","route","","完整候选索引；表达式内字面量可能是接口参数，是否实际展示以文案决策表与浏览器证据为准"
"src/normalized-ui/StaffAccessManagementPanel.tsx","390","NavigationEditor","jsx-template-text","入口","","完整候选索引；表达式内字面量可能是接口参数，是否实际展示以文案决策表与浏览器证据为准"
"src/normalized-ui/StaffAccessManagementPanel.tsx","390","NavigationEditor","jsx-expression-literal","显示","","完整候选索引；表达式内字面量可能是接口参数，是否实际展示以文案决策表与浏览器证据为准"
"src/normalized-ui/StaffAccessManagementPanel.tsx","390","NavigationEditor","jsx-expression-literal","隐藏","","完整候选索引；表达式内字面量可能是接口参数，是否实际展示以文案决策表与浏览器证据为准"
"src/normalized-ui/StaffAccessManagementPanel.tsx","391","NavigationEditor","jsx-expression-literal","route","","完整候选索引；表达式内字面量可能是接口参数，是否实际展示以文案决策表与浏览器证据为准"
"src/normalized-ui/StaffAccessManagementPanel.tsx","391","NavigationEditor","jsx-expression-literal","请先在岗位权限中授予对应能力","","完整候选索引；表达式内字面量可能是接口参数，是否实际展示以文案决策表与浏览器证据为准"
"src/normalized-ui/StaffAccessManagementPanel.tsx","392","NavigationEditor","jsx-template-text","高频入口","","完整候选索引；表达式内字面量可能是接口参数，是否实际展示以文案决策表与浏览器证据为准"
"src/normalized-ui/StaffAccessManagementPanel.tsx","392","NavigationEditor","jsx-text","高频","","完整候选索引；表达式内字面量可能是接口参数，是否实际展示以文案决策表与浏览器证据为准"
"src/normalized-ui/StaffAccessManagementPanel.tsx","395","NavigationEditor","jsx-text","设备本体独立管理","","完整候选索引；表达式内字面量可能是接口参数，是否实际展示以文案决策表与浏览器证据为准"
"src/normalized-ui/StaffAccessManagementPanel.tsx","395","NavigationEditor","jsx-text","这里配置谁能进入设备页面；打印机、耳机和摄像头的连接参数继续在“设备与打印”维护，避免人员权限和硬件配置互相覆盖。","","完整候选索引；表达式内字面量可能是接口参数，是否实际展示以文案决策表与浏览器证据为准"
"src/normalized-ui/StaffAccessManagementPanel.tsx","395","NavigationEditor","jsx-text","打开设备与打印","","完整候选索引；表达式内字面量可能是接口参数，是否实际展示以文案决策表与浏览器证据为准"
"src/normalized-ui/StaffMemberNavigation.tsx","4","(module)","display-definition","查询与办理","","完整候选索引；表达式内字面量可能是接口参数，是否实际展示以文案决策表与浏览器证据为准"
"src/normalized-ui/StaffMemberNavigation.tsx","5","(module)","display-definition","权益与规则","","完整候选索引；表达式内字面量可能是接口参数，是否实际展示以文案决策表与浏览器证据为准"
"src/normalized-ui/StaffMemberNavigation.tsx","16","StaffMemberNavigation","attribute:aria-label","会员工作台","","完整候选索引；表达式内字面量可能是接口参数，是否实际展示以文案决策表与浏览器证据为准"
"src/normalized-ui/StaffMemberNavigation.tsx","17","StaffMemberNavigation","jsx-text","会员服务与管理","","完整候选索引；表达式内字面量可能是接口参数，是否实际展示以文案决策表与浏览器证据为准"
"src/normalized-ui/StaffModulePanel.tsx","503","StaffModulePanel","display-definition","订单中心","","完整候选索引；表达式内字面量可能是接口参数，是否实际展示以文案决策表与浏览器证据为准"
"src/normalized-ui/StaffModulePanel.tsx","504","StaffModulePanel","display-definition","收银与退款","","完整候选索引；表达式内字面量可能是接口参数，是否实际展示以文案决策表与浏览器证据为准"
"src/normalized-ui/StaffModulePanel.tsx","505","StaffModulePanel","display-definition","演出与点歌","","完整候选索引；表达式内字面量可能是接口参数，是否实际展示以文案决策表与浏览器证据为准"
"src/normalized-ui/StaffModulePanel.tsx","506","StaffModulePanel","display-definition","库存与酒水上架","","完整候选索引；表达式内字面量可能是接口参数，是否实际展示以文案决策表与浏览器证据为准"
"src/normalized-ui/StaffModulePanel.tsx","507","StaffModulePanel","display-definition","经营数据","","完整候选索引；表达式内字面量可能是接口参数，是否实际展示以文案决策表与浏览器证据为准"
"src/normalized-ui/StaffModulePanel.tsx","508","StaffModulePanel","display-definition","客户体验与活动","","完整候选索引；表达式内字面量可能是接口参数，是否实际展示以文案决策表与浏览器证据为准"
"src/normalized-ui/StaffModulePanel.tsx","509","StaffModulePanel","display-definition","会员权益待办","","完整候选索引；表达式内字面量可能是接口参数，是否实际展示以文案决策表与浏览器证据为准"
"src/normalized-ui/StaffModulePanel.tsx","510","StaffModulePanel","display-definition","会员权益异常","","完整候选索引；表达式内字面量可能是接口参数，是否实际展示以文案决策表与浏览器证据为准"
"src/normalized-ui/StaffModulePanel.tsx","511","StaffModulePanel","display-definition","会员等级与权益","","完整候选索引；表达式内字面量可能是接口参数，是否实际展示以文案决策表与浏览器证据为准"
"src/normalized-ui/StaffModulePanel.tsx","512","StaffModulePanel","display-definition","会员规则草稿","","完整候选索引；表达式内字面量可能是接口参数，是否实际展示以文案决策表与浏览器证据为准"
"src/normalized-ui/StaffModulePanel.tsx","513","StaffModulePanel","display-definition","待审批会员规则","","完整候选索引；表达式内字面量可能是接口参数，是否实际展示以文案决策表与浏览器证据为准"
"src/normalized-ui/StaffModulePanel.tsx","514","StaffModulePanel","display-definition","会员规则发布","","完整候选索引；表达式内字面量可能是接口参数，是否实际展示以文案决策表与浏览器证据为准"
"src/normalized-ui/StaffModulePanel.tsx","515","StaffModulePanel","display-definition","会员账户查询","","完整候选索引；表达式内字面量可能是接口参数，是否实际展示以文案决策表与浏览器证据为准"
"src/normalized-ui/StaffModulePanel.tsx","516","StaffModulePanel","display-definition","其他会员经营配置","","完整候选索引；表达式内字面量可能是接口参数，是否实际展示以文案决策表与浏览器证据为准"
"src/normalized-ui/StaffModulePanel.tsx","517","StaffModulePanel","display-definition","设备与打印","","完整候选索引；表达式内字面量可能是接口参数，是否实际展示以文案决策表与浏览器证据为准"
"src/normalized-ui/StaffModulePanel.tsx","518","StaffModulePanel","display-definition","系统配置状态","","完整候选索引；表达式内字面量可能是接口参数，是否实际展示以文案决策表与浏览器证据为准"
"src/normalized-ui/StaffModulePanel.tsx","525","StaffModulePanel","jsx-text","工作台","","完整候选索引；表达式内字面量可能是接口参数，是否实际展示以文案决策表与浏览器证据为准"
"src/normalized-ui/StaffModulePanel.tsx","528","StaffModulePanel","jsx-template-text","刷新","","完整候选索引；表达式内字面量可能是接口参数，是否实际展示以文案决策表与浏览器证据为准"
"src/normalized-ui/StaffModulePanel.tsx","537","StaffModulePanel","jsx-text","上一营业日尚未完成的事项","","完整候选索引；表达式内字面量可能是接口参数，是否实际展示以文案决策表与浏览器证据为准"
"src/normalized-ui/StaffModulePanel.tsx","539","StaffModulePanel","jsx-template-text","订单","","完整候选索引；表达式内字面量可能是接口参数，是否实际展示以文案决策表与浏览器证据为准"
"src/normalized-ui/StaffModulePanel.tsx","540","StaffModulePanel","jsx-template-text","· ¥","","完整候选索引；表达式内字面量可能是接口参数，是否实际展示以文案决策表与浏览器证据为准"
"src/normalized-ui/StaffModulePanel.tsx","541","StaffModulePanel","jsx-text","下方是对应业务模块的实时数据；任何处理仍按当前权限和服务端状态复验。","服务端","完整候选索引；表达式内字面量可能是接口参数，是否实际展示以文案决策表与浏览器证据为准"
"src/normalized-ui/StaffModulePanel.tsx","543","StaffModulePanel","jsx-expression-literal","loading","","完整候选索引；表达式内字面量可能是接口参数，是否实际展示以文案决策表与浏览器证据为准"
"src/normalized-ui/StaffModulePanel.tsx","543","StaffModulePanel","jsx-text","正在读取最新状态","","完整候选索引；表达式内字面量可能是接口参数，是否实际展示以文案决策表与浏览器证据为准"
"src/normalized-ui/StaffModulePanel.tsx","544","StaffModulePanel","jsx-expression-literal","error","","完整候选索引；表达式内字面量可能是接口参数，是否实际展示以文案决策表与浏览器证据为准"
"src/normalized-ui/StaffModulePanel.tsx","544","StaffModulePanel","jsx-text","暂时没有接上","","完整候选索引；表达式内字面量可能是接口参数，是否实际展示以文案决策表与浏览器证据为准"
"src/normalized-ui/StaffModulePanel.tsx","544","StaffModulePanel","jsx-text","重试","","完整候选索引；表达式内字面量可能是接口参数，是否实际展示以文案决策表与浏览器证据为准"
"src/normalized-ui/StaffModulePanel.tsx","545","StaffModulePanel","jsx-expression-literal","ready","","完整候选索引；表达式内字面量可能是接口参数，是否实际展示以文案决策表与浏览器证据为准"
"src/normalized-ui/StaffModulePanel.tsx","545","StaffModulePanel","jsx-text","正在打开功能页面","","完整候选索引；表达式内字面量可能是接口参数，是否实际展示以文案决策表与浏览器证据为准"
"src/normalized-ui/StaffModulePanel.tsx","667","openPerformerEdit","feedback","请先建立演员资料","","完整候选索引；表达式内字面量可能是接口参数，是否实际展示以文案决策表与浏览器证据为准"
"src/normalized-ui/StaffModulePanel.tsx","687","importSongs","feedback","请选择演员","","完整候选索引；表达式内字面量可能是接口参数，是否实际展示以文案决策表与浏览器证据为准"
"src/normalized-ui/StaffModulePanel.tsx","695","importSongs","feedback","追加导入至少需要一首歌曲","","完整候选索引；表达式内字面量可能是接口参数，是否实际展示以文案决策表与浏览器证据为准"
"src/normalized-ui/StaffModulePanel.tsx","696","importSongs","display-definition","确认替换演员歌单","","完整候选索引；表达式内字面量可能是接口参数，是否实际展示以文案决策表与浏览器证据为准"
"src/normalized-ui/StaffModulePanel.tsx","727","deactivateSong","display-definition","确认停用歌曲","","完整候选索引；表达式内字面量可能是接口参数，是否实际展示以文案决策表与浏览器证据为准"
"src/normalized-ui/StaffModulePanel.tsx","738","createSchedule","feedback","请先建立演员资料","","完整候选索引；表达式内字面量可能是接口参数，是否实际展示以文案决策表与浏览器证据为准"
"src/normalized-ui/StaffModulePanel.tsx","748","createSchedule","feedback","结束时间必须晚于开始时间","","完整候选索引；表达式内字面量可能是接口参数，是否实际展示以文案决策表与浏览器证据为准"
"src/normalized-ui/StaffModulePanel.tsx","773","transitionPhase","display-definition","确认取消现场阶段记录","","完整候选索引；表达式内字面量可能是接口参数，是否实际展示以文案决策表与浏览器证据为准"
"src/normalized-ui/StaffModulePanel.tsx","773","transitionPhase","display-definition","取消后受阶段限制的商品将停止推荐。","","完整候选索引；表达式内字面量可能是接口参数，是否实际展示以文案决策表与浏览器证据为准"
"src/normalized-ui/StaffModulePanel.tsx","787","transitionSong","feedback","请填写有效的点歌报价；免费可填0","","完整候选索引；表达式内字面量可能是接口参数，是否实际展示以文案决策表与浏览器证据为准"
"src/normalized-ui/StaffModulePanel.tsx","796","PerformanceModule","jsx-text","个演出时段 ·","","完整候选索引；表达式内字面量可能是接口参数，是否实际展示以文案决策表与浏览器证据为准"
"src/normalized-ui/StaffModulePanel.tsx","796","PerformanceModule","jsx-text","条点歌需求","","完整候选索引；表达式内字面量可能是接口参数，是否实际展示以文案决策表与浏览器证据为准"
"src/normalized-ui/StaffModulePanel.tsx","798","PerformanceModule","jsx-text","新增演员","","完整候选索引；表达式内字面量可能是接口参数，是否实际展示以文案决策表与浏览器证据为准"
"src/normalized-ui/StaffModulePanel.tsx","798","PerformanceModule","jsx-text","编辑演员","","完整候选索引；表达式内字面量可能是接口参数，是否实际展示以文案决策表与浏览器证据为准"
"src/normalized-ui/StaffModulePanel.tsx","798","PerformanceModule","jsx-text","维护歌单","","完整候选索引；表达式内字面量可能是接口参数，是否实际展示以文案决策表与浏览器证据为准"
"src/normalized-ui/StaffModulePanel.tsx","798","PerformanceModule","jsx-text","新增演出场次","","完整候选索引；表达式内字面量可能是接口参数，是否实际展示以文案决策表与浏览器证据为准"
"src/normalized-ui/StaffModulePanel.tsx","799","PerformanceModule","jsx-expression-literal","performer","","完整候选索引；表达式内字面量可能是接口参数，是否实际展示以文案决策表与浏览器证据为准"
"src/normalized-ui/StaffModulePanel.tsx","799","PerformanceModule","jsx-text","新增演员资料","","完整候选索引；表达式内字面量可能是接口参数，是否实际展示以文案决策表与浏览器证据为准"
"src/normalized-ui/StaffModulePanel.tsx","799","PerformanceModule","jsx-text","演员资料和歌单需分别保存","","完整候选索引；表达式内字面量可能是接口参数，是否实际展示以文案决策表与浏览器证据为准"
"src/normalized-ui/StaffModulePanel.tsx","799","PerformanceModule","jsx-text","演员编号","","完整候选索引；表达式内字面量可能是接口参数，是否实际展示以文案决策表与浏览器证据为准"
"src/normalized-ui/StaffModulePanel.tsx","799","PerformanceModule","attribute:placeholder","例如 singer-liyan","","完整候选索引；表达式内字面量可能是接口参数，是否实际展示以文案决策表与浏览器证据为准"
"src/normalized-ui/StaffModulePanel.tsx","799","PerformanceModule","jsx-text","艺名","","完整候选索引；表达式内字面量可能是接口参数，是否实际展示以文案决策表与浏览器证据为准"
"src/normalized-ui/StaffModulePanel.tsx","799","PerformanceModule","jsx-text","风格标签","","完整候选索引；表达式内字面量可能是接口参数，是否实际展示以文案决策表与浏览器证据为准"
"src/normalized-ui/StaffModulePanel.tsx","799","PerformanceModule","attribute:placeholder","爵士，流行","","完整候选索引；表达式内字面量可能是接口参数，是否实际展示以文案决策表与浏览器证据为准"
"src/normalized-ui/StaffModulePanel.tsx","799","PerformanceModule","jsx-expression-literal","performer-create","","完整候选索引；表达式内字面量可能是接口参数，是否实际展示以文案决策表与浏览器证据为准"
"src/normalized-ui/StaffModulePanel.tsx","799","PerformanceModule","jsx-expression-literal","保存中","","完整候选索引；表达式内字面量可能是接口参数，是否实际展示以文案决策表与浏览器证据为准"
"src/normalized-ui/StaffModulePanel.tsx","799","PerformanceModule","jsx-expression-literal","保存演员","","完整候选索引；表达式内字面量可能是接口参数，是否实际展示以文案决策表与浏览器证据为准"
"src/normalized-ui/StaffModulePanel.tsx","800","PerformanceModule","jsx-expression-literal","performer-edit","","完整候选索引；表达式内字面量可能是接口参数，是否实际展示以文案决策表与浏览器证据为准"
"src/normalized-ui/StaffModulePanel.tsx","800","PerformanceModule","jsx-text","编辑演员资料","","完整候选索引；表达式内字面量可能是接口参数，是否实际展示以文案决策表与浏览器证据为准"
"src/normalized-ui/StaffModulePanel.tsx","800","PerformanceModule","jsx-text","演员编号","","完整候选索引；表达式内字面量可能是接口参数，是否实际展示以文案决策表与浏览器证据为准"
"src/normalized-ui/StaffModulePanel.tsx","800","PerformanceModule","jsx-text","保持不变；停用后不再进入顾客可选排班。","","完整候选索引；表达式内字面量可能是接口参数，是否实际展示以文案决策表与浏览器证据为准"
"src/normalized-ui/StaffModulePanel.tsx","800","PerformanceModule","jsx-text","演员","","完整候选索引；表达式内字面量可能是接口参数，是否实际展示以文案决策表与浏览器证据为准"
"src/normalized-ui/StaffModulePanel.tsx","800","PerformanceModule","jsx-text","艺名","","完整候选索引；表达式内字面量可能是接口参数，是否实际展示以文案决策表与浏览器证据为准"
"src/normalized-ui/StaffModulePanel.tsx","800","PerformanceModule","jsx-text","风格标签","","完整候选索引；表达式内字面量可能是接口参数，是否实际展示以文案决策表与浏览器证据为准"
"src/normalized-ui/StaffModulePanel.tsx","800","PerformanceModule","jsx-text","可用状态","","完整候选索引；表达式内字面量可能是接口参数，是否实际展示以文案决策表与浏览器证据为准"
"src/normalized-ui/StaffModulePanel.tsx","800","PerformanceModule","jsx-text","启用","","完整候选索引；表达式内字面量可能是接口参数，是否实际展示以文案决策表与浏览器证据为准"
"src/normalized-ui/StaffModulePanel.tsx","800","PerformanceModule","jsx-text","停用","","完整候选索引；表达式内字面量可能是接口参数，是否实际展示以文案决策表与浏览器证据为准"
"src/normalized-ui/StaffModulePanel.tsx","800","PerformanceModule","jsx-text","保存演员变更","","完整候选索引；表达式内字面量可能是接口参数，是否实际展示以文案决策表与浏览器证据为准"
"src/normalized-ui/StaffModulePanel.tsx","801","PerformanceModule","jsx-expression-literal","songs","","完整候选索引；表达式内字面量可能是接口参数，是否实际展示以文案决策表与浏览器证据为准"
"src/normalized-ui/StaffModulePanel.tsx","801","PerformanceModule","jsx-text","演员歌单","","完整候选索引；表达式内字面量可能是接口参数，是否实际展示以文案决策表与浏览器证据为准"
"src/normalized-ui/StaffModulePanel.tsx","801","PerformanceModule","jsx-text","可搜索、批量导入、逐首修改；点歌次数来自真实请求记录。","","完整候选索引；表达式内字面量可能是接口参数，是否实际展示以文案决策表与浏览器证据为准"
"src/normalized-ui/StaffModulePanel.tsx","801","PerformanceModule","jsx-text","演员","","完整候选索引；表达式内字面量可能是接口参数，是否实际展示以文案决策表与浏览器证据为准"
"src/normalized-ui/StaffModulePanel.tsx","801","PerformanceModule","jsx-text","搜索歌名、编号或别名","","完整候选索引；表达式内字面量可能是接口参数，是否实际展示以文案决策表与浏览器证据为准"
"src/normalized-ui/StaffModulePanel.tsx","801","PerformanceModule","attribute:placeholder","搜索歌名、编号或别名","","完整候选索引；表达式内字面量可能是接口参数，是否实际展示以文案决策表与浏览器证据为准"
"src/normalized-ui/StaffModulePanel.tsx","801","PerformanceModule","jsx-expression-literal","搜索中","","完整候选索引；表达式内字面量可能是接口参数，是否实际展示以文案决策表与浏览器证据为准"
"src/normalized-ui/StaffModulePanel.tsx","801","PerformanceModule","jsx-expression-literal","搜索","","完整候选索引；表达式内字面量可能是接口参数，是否实际展示以文案决策表与浏览器证据为准"
"src/normalized-ui/StaffModulePanel.tsx","801","PerformanceModule","jsx-text","批量导入","","完整候选索引；表达式内字面量可能是接口参数，是否实际展示以文案决策表与浏览器证据为准"
"src/normalized-ui/StaffModulePanel.tsx","801","PerformanceModule","jsx-text","每行格式：编号 | 歌名 | 别名1,别名2。编号和别名可留空。","","完整候选索引；表达式内字面量可能是接口参数，是否实际展示以文案决策表与浏览器证据为准"
"src/normalized-ui/StaffModulePanel.tsx","801","PerformanceModule","jsx-expression-literal","SONG-001 | 后来 | Hou Lai | 月亮代表我的心 | 月亮","","完整候选索引；表达式内字面量可能是接口参数，是否实际展示以文案决策表与浏览器证据为准"
"src/normalized-ui/StaffModulePanel.tsx","801","PerformanceModule","jsx-text","导入方式","","完整候选索引；表达式内字面量可能是接口参数，是否实际展示以文案决策表与浏览器证据为准"
"src/normalized-ui/StaffModulePanel.tsx","801","PerformanceModule","jsx-text","追加或更新","","完整候选索引；表达式内字面量可能是接口参数，是否实际展示以文案决策表与浏览器证据为准"
"src/normalized-ui/StaffModulePanel.tsx","801","PerformanceModule","jsx-text","整份替换","","完整候选索引；表达式内字面量可能是接口参数，是否实际展示以文案决策表与浏览器证据为准"
"src/normalized-ui/StaffModulePanel.tsx","801","PerformanceModule","jsx-text","开始导入","","完整候选索引；表达式内字面量可能是接口参数，是否实际展示以文案决策表与浏览器证据为准"
"src/normalized-ui/StaffModulePanel.tsx","801","PerformanceModule","jsx-text","修改单曲","","完整候选索引；表达式内字面量可能是接口参数，是否实际展示以文案决策表与浏览器证据为准"
"src/normalized-ui/StaffModulePanel.tsx","801","PerformanceModule","jsx-text","编号","","完整候选索引；表达式内字面量可能是接口参数，是否实际展示以文案决策表与浏览器证据为准"
"src/normalized-ui/StaffModulePanel.tsx","801","PerformanceModule","jsx-text","歌名","","完整候选索引；表达式内字面量可能是接口参数，是否实际展示以文案决策表与浏览器证据为准"
"src/normalized-ui/StaffModulePanel.tsx","801","PerformanceModule","jsx-text","别名","","完整候选索引；表达式内字面量可能是接口参数，是否实际展示以文案决策表与浏览器证据为准"
"src/normalized-ui/StaffModulePanel.tsx","801","PerformanceModule","jsx-text","保存","","完整候选索引；表达式内字面量可能是接口参数，是否实际展示以文案决策表与浏览器证据为准"
"src/normalized-ui/StaffModulePanel.tsx","801","PerformanceModule","jsx-text","取消","","完整候选索引；表达式内字面量可能是接口参数，是否实际展示以文案决策表与浏览器证据为准"
"src/normalized-ui/StaffModulePanel.tsx","801","PerformanceModule","jsx-expression-literal","正在读取歌单","","完整候选索引；表达式内字面量可能是接口参数，是否实际展示以文案决策表与浏览器证据为准"
"src/normalized-ui/StaffModulePanel.tsx","801","PerformanceModule","jsx-expression-literal","暂无匹配歌曲","","完整候选索引；表达式内字面量可能是接口参数，是否实际展示以文案决策表与浏览器证据为准"
"src/normalized-ui/StaffModulePanel.tsx","801","PerformanceModule","jsx-expression-literal","无编号","","完整候选索引；表达式内字面量可能是接口参数，是否实际展示以文案决策表与浏览器证据为准"
"src/normalized-ui/StaffModulePanel.tsx","801","PerformanceModule","jsx-text","点歌","","完整候选索引；表达式内字面量可能是接口参数，是否实际展示以文案决策表与浏览器证据为准"
"src/normalized-ui/StaffModulePanel.tsx","801","PerformanceModule","jsx-text","次 · 已演唱","","完整候选索引；表达式内字面量可能是接口参数，是否实际展示以文案决策表与浏览器证据为准"
"src/normalized-ui/StaffModulePanel.tsx","801","PerformanceModule","jsx-text","修改","","完整候选索引；表达式内字面量可能是接口参数，是否实际展示以文案决策表与浏览器证据为准"
"src/normalized-ui/StaffModulePanel.tsx","801","PerformanceModule","jsx-text","停用","","完整候选索引；表达式内字面量可能是接口参数，是否实际展示以文案决策表与浏览器证据为准"
"src/normalized-ui/StaffModulePanel.tsx","802","PerformanceModule","jsx-expression-literal","schedule","","完整候选索引；表达式内字面量可能是接口参数，是否实际展示以文案决策表与浏览器证据为准"
"src/normalized-ui/StaffModulePanel.tsx","802","PerformanceModule","jsx-text","新增演出场次","","完整候选索引；表达式内字面量可能是接口参数，是否实际展示以文案决策表与浏览器证据为准"
"src/normalized-ui/StaffModulePanel.tsx","802","PerformanceModule","jsx-text","保存后立即进入当前排班并对顾客可见，请先核对时间。","","完整候选索引；表达式内字面量可能是接口参数，是否实际展示以文案决策表与浏览器证据为准"
"src/normalized-ui/StaffModulePanel.tsx","802","PerformanceModule","jsx-text","演员","","完整候选索引；表达式内字面量可能是接口参数，是否实际展示以文案决策表与浏览器证据为准"
"src/normalized-ui/StaffModulePanel.tsx","802","PerformanceModule","jsx-text","请选择","","完整候选索引；表达式内字面量可能是接口参数，是否实际展示以文案决策表与浏览器证据为准"
"src/normalized-ui/StaffModulePanel.tsx","802","PerformanceModule","jsx-expression-literal","active","","完整候选索引；表达式内字面量可能是接口参数，是否实际展示以文案决策表与浏览器证据为准"
"src/normalized-ui/StaffModulePanel.tsx","802","PerformanceModule","jsx-text","开始时间","","完整候选索引；表达式内字面量可能是接口参数，是否实际展示以文案决策表与浏览器证据为准"
"src/normalized-ui/StaffModulePanel.tsx","802","PerformanceModule","jsx-text","结束时间","","完整候选索引；表达式内字面量可能是接口参数，是否实际展示以文案决策表与浏览器证据为准"
"src/normalized-ui/StaffModulePanel.tsx","802","PerformanceModule","jsx-expression-literal","schedule-create","","完整候选索引；表达式内字面量可能是接口参数，是否实际展示以文案决策表与浏览器证据为准"
"src/normalized-ui/StaffModulePanel.tsx","802","PerformanceModule","jsx-expression-literal","保存中","","完整候选索引；表达式内字面量可能是接口参数，是否实际展示以文案决策表与浏览器证据为准"
"src/normalized-ui/StaffModulePanel.tsx","802","PerformanceModule","jsx-expression-literal","确认保存并展示","","完整候选索引；表达式内字面量可能是接口参数，是否实际展示以文案决策表与浏览器证据为准"
"src/normalized-ui/StaffModulePanel.tsx","803","PerformanceModule","jsx-text","发现未关闭的阶段记录","","完整候选索引；表达式内字面量可能是接口参数，是否实际展示以文案决策表与浏览器证据为准"
"src/normalized-ui/StaffModulePanel.tsx","803","PerformanceModule","jsx-text","；对应场次已不在演出中，受限商品已停止推荐。","","完整候选索引；表达式内字面量可能是接口参数，是否实际展示以文案决策表与浏览器证据为准"
"src/normalized-ui/StaffModulePanel.tsx","803","PerformanceModule","jsx-text","取消过期记录","","完整候选索引；表达式内字面量可能是接口参数，是否实际展示以文案决策表与浏览器证据为准"
"src/normalized-ui/StaffModulePanel.tsx","806","PerformanceModule","jsx-expression-literal","active","","完整候选索引；表达式内字面量可能是接口参数，是否实际展示以文案决策表与浏览器证据为准"
"src/normalized-ui/StaffModulePanel.tsx","809","PerformanceModule","jsx-expression-literal","scheduled","","完整候选索引；表达式内字面量可能是接口参数，是否实际展示以文案决策表与浏览器证据为准"
"src/normalized-ui/StaffModulePanel.tsx","809","PerformanceModule","jsx-text","开始","","完整候选索引；表达式内字面量可能是接口参数，是否实际展示以文案决策表与浏览器证据为准"
"src/normalized-ui/StaffModulePanel.tsx","809","PerformanceModule","jsx-expression-literal","performing","","完整候选索引；表达式内字面量可能是接口参数，是否实际展示以文案决策表与浏览器证据为准"
"src/normalized-ui/StaffModulePanel.tsx","809","PerformanceModule","jsx-text","结束整场","","完整候选索引；表达式内字面量可能是接口参数，是否实际展示以文案决策表与浏览器证据为准"
"src/normalized-ui/StaffModulePanel.tsx","810","PerformanceModule","jsx-expression-literal","performing","","完整候选索引；表达式内字面量可能是接口参数，是否实际展示以文案决策表与浏览器证据为准"
"src/normalized-ui/StaffModulePanel.tsx","813","PerformanceModule","jsx-text","推荐阶段尚未确认","","完整候选索引；表达式内字面量可能是接口参数，是否实际展示以文案决策表与浏览器证据为准"
"src/normalized-ui/StaffModulePanel.tsx","813","PerformanceModule","jsx-text","受阶段限制的商品当前不会进入推荐。","","完整候选索引；表达式内字面量可能是接口参数，是否实际展示以文案决策表与浏览器证据为准"
"src/normalized-ui/StaffModulePanel.tsx","814","PerformanceModule","attribute:aria-label","现场演出阶段","","完整候选索引；表达式内字面量可能是接口参数，是否实际展示以文案决策表与浏览器证据为准"
"src/normalized-ui/StaffModulePanel.tsx","814","PerformanceModule","jsx-text","演出前","","完整候选索引；表达式内字面量可能是接口参数，是否实际展示以文案决策表与浏览器证据为准"
"src/normalized-ui/StaffModulePanel.tsx","814","PerformanceModule","jsx-text","不插电","","完整候选索引；表达式内字面量可能是接口参数，是否实际展示以文案决策表与浏览器证据为准"
"src/normalized-ui/StaffModulePanel.tsx","814","PerformanceModule","jsx-text","乐队现场","","完整候选索引；表达式内字面量可能是接口参数，是否实际展示以文案决策表与浏览器证据为准"
"src/normalized-ui/StaffModulePanel.tsx","814","PerformanceModule","jsx-text","中场","","完整候选索引；表达式内字面量可能是接口参数，是否实际展示以文案决策表与浏览器证据为准"
"src/normalized-ui/StaffModulePanel.tsx","814","PerformanceModule","jsx-text","演出后","","完整候选索引；表达式内字面量可能是接口参数，是否实际展示以文案决策表与浏览器证据为准"
"src/normalized-ui/StaffModulePanel.tsx","814","PerformanceModule","jsx-text","开始阶段","","完整候选索引；表达式内字面量可能是接口参数，是否实际展示以文案决策表与浏览器证据为准"
"src/normalized-ui/StaffModulePanel.tsx","817","PerformanceModule","jsx-text","开始 · 已作为推荐硬门禁","门禁","完整候选索引；表达式内字面量可能是接口参数，是否实际展示以文案决策表与浏览器证据为准"
"src/normalized-ui/StaffModulePanel.tsx","818","PerformanceModule","jsx-text","结束阶段","","完整候选索引；表达式内字面量可能是接口参数，是否实际展示以文案决策表与浏览器证据为准"
"src/normalized-ui/StaffModulePanel.tsx","818","PerformanceModule","jsx-text","取消记录","","完整候选索引；表达式内字面量可能是接口参数，是否实际展示以文案决策表与浏览器证据为准"
"src/normalized-ui/StaffModulePanel.tsx","826","PerformanceModule","jsx-text","点歌待办","","完整候选索引；表达式内字面量可能是接口参数，是否实际展示以文案决策表与浏览器证据为准"
"src/normalized-ui/StaffModulePanel.tsx","826","PerformanceModule","jsx-expression-literal","requested","","完整候选索引；表达式内字面量可能是接口参数，是否实际展示以文案决策表与浏览器证据为准"
"src/normalized-ui/StaffModulePanel.tsx","826","PerformanceModule","jsx-text","报价","","完整候选索引；表达式内字面量可能是接口参数，是否实际展示以文案决策表与浏览器证据为准"
"src/normalized-ui/StaffModulePanel.tsx","826","PerformanceModule","jsx-text","接受","","完整候选索引；表达式内字面量可能是接口参数，是否实际展示以文案决策表与浏览器证据为准"
"src/normalized-ui/StaffModulePanel.tsx","826","PerformanceModule","jsx-text","拒绝","","完整候选索引；表达式内字面量可能是接口参数，是否实际展示以文案决策表与浏览器证据为准"
"src/normalized-ui/StaffModulePanel.tsx","826","PerformanceModule","jsx-expression-literal","paid","","完整候选索引；表达式内字面量可能是接口参数，是否实际展示以文案决策表与浏览器证据为准"
"src/normalized-ui/StaffModulePanel.tsx","826","PerformanceModule","jsx-text","已演唱","","完整候选索引；表达式内字面量可能是接口参数，是否实际展示以文案决策表与浏览器证据为准"
"src/normalized-ui/StaffModulePanel.tsx","826","PerformanceModule","jsx-expression-literal","accepted","","完整候选索引；表达式内字面量可能是接口参数，是否实际展示以文案决策表与浏览器证据为准"
"src/normalized-ui/StaffModulePanel.tsx","826","PerformanceModule","jsx-text","取消","","完整候选索引；表达式内字面量可能是接口参数，是否实际展示以文案决策表与浏览器证据为准"
"src/normalized-ui/StaffModulePanel.tsx","927","acceptScan","feedback","条码已识别，请核对后继续","","完整候选索引；表达式内字面量可能是接口参数，是否实际展示以文案决策表与浏览器证据为准"
"src/normalized-ui/StaffModulePanel.tsx","937","createInventoryItem","feedback","物料编号需为1至64位字母、数字、点、下划线或连字符","","完整候选索引；表达式内字面量可能是接口参数，是否实际展示以文案决策表与浏览器证据为准"
"src/normalized-ui/StaffModulePanel.tsx","938","createInventoryItem","feedback","请填写2至200字的酒水物料名称","","完整候选索引；表达式内字面量可能是接口参数，是否实际展示以文案决策表与浏览器证据为准"
"src/normalized-ui/StaffModulePanel.tsx","939","createInventoryItem","feedback","安全库存必须是非负数字","","完整候选索引；表达式内字面量可能是接口参数，是否实际展示以文案决策表与浏览器证据为准"
"src/normalized-ui/StaffModulePanel.tsx","940","createInventoryItem","feedback","净含量必须是大于0的毫升数","","完整候选索引；表达式内字面量可能是接口参数，是否实际展示以文案决策表与浏览器证据为准"
"src/normalized-ui/StaffModulePanel.tsx","999","updateInventoryItem","feedback","库存数据暂时不可用，请刷新后重试","","完整候选索引；表达式内字面量可能是接口参数，是否实际展示以文案决策表与浏览器证据为准"
"src/normalized-ui/StaffModulePanel.tsx","1004","updateInventoryItem","feedback","请选择要编辑的库存物料","","完整候选索引；表达式内字面量可能是接口参数，是否实际展示以文案决策表与浏览器证据为准"
"src/normalized-ui/StaffModulePanel.tsx","1005","updateInventoryItem","feedback","请填写2至200字的物料名称","","完整候选索引；表达式内字面量可能是接口参数，是否实际展示以文案决策表与浏览器证据为准"
"src/normalized-ui/StaffModulePanel.tsx","1006","updateInventoryItem","feedback","安全库存必须是非负数字","","完整候选索引；表达式内字面量可能是接口参数，是否实际展示以文案决策表与浏览器证据为准"
"src/normalized-ui/StaffModulePanel.tsx","1007","updateInventoryItem","feedback","净含量必须是大于0的毫升数","","完整候选索引；表达式内字面量可能是接口参数，是否实际展示以文案决策表与浏览器证据为准"
"src/normalized-ui/StaffModulePanel.tsx","1030","submitInventoryAction","feedback","请选择物料并填写有效数量","","完整候选索引；表达式内字面量可能是接口参数，是否实际展示以文案决策表与浏览器证据为准"
"src/normalized-ui/StaffModulePanel.tsx","1032","submitInventoryAction","feedback","所选物料已不可用，请重新选择","","完整候选索引；表达式内字面量可能是接口参数，是否实际展示以文案决策表与浏览器证据为准"
"src/normalized-ui/StaffModulePanel.tsx","1043","submitInventoryAction","feedback","损耗必须填写原因","","完整候选索引；表达式内字面量可能是接口参数，是否实际展示以文案决策表与浏览器证据为准"
"src/normalized-ui/StaffModulePanel.tsx","1059","submitInventoryAction","feedback","盘点已提交，等待有审批权限的岗位复核","","完整候选索引；表达式内字面量可能是接口参数，是否实际展示以文案决策表与浏览器证据为准"
"src/normalized-ui/StaffModulePanel.tsx","1105","submitCostCorrection","feedback","请选择要核对成本的库存物料","","完整候选索引；表达式内字面量可能是接口参数，是否实际展示以文案决策表与浏览器证据为准"
"src/normalized-ui/StaffModulePanel.tsx","1106","submitCostCorrection","feedback","请填写有效的当前单位成本，最多保留八位小数","","完整候选索引；表达式内字面量可能是接口参数，是否实际展示以文案决策表与浏览器证据为准"
"src/normalized-ui/StaffModulePanel.tsx","1107","submitCostCorrection","feedback","请填写2至500字的更正原因","","完整候选索引；表达式内字面量可能是接口参数，是否实际展示以文案决策表与浏览器证据为准"
"src/normalized-ui/StaffModulePanel.tsx","1109","submitCostCorrection","display-definition","确认更正当前库存成本","","完整候选索引；表达式内字面量可能是接口参数，是否实际展示以文案决策表与浏览器证据为准"
"src/normalized-ui/StaffModulePanel.tsx","1145","createReceipt","feedback","请扫描或输入有效条码","","完整候选索引；表达式内字面量可能是接口参数，是否实际展示以文案决策表与浏览器证据为准"
"src/normalized-ui/StaffModulePanel.tsx","1146","createReceipt","feedback","请扫描条码或选择已建档酒款","","完整候选索引；表达式内字面量可能是接口参数，是否实际展示以文案决策表与浏览器证据为准"
"src/normalized-ui/StaffModulePanel.tsx","1148","createReceipt","feedback","本次总额最多保留两位小数","","完整候选索引；表达式内字面量可能是接口参数，是否实际展示以文案决策表与浏览器证据为准"
"src/normalized-ui/StaffModulePanel.tsx","1166","createReceipt","feedback","收货单已建立，库存尚未增加。请核对实物后进行第二次确认。","","完整候选索引；表达式内字面量可能是接口参数，是否实际展示以文案决策表与浏览器证据为准"
"src/normalized-ui/StaffModulePanel.tsx","1183","confirmReceipt","feedback","实物已确认入库，库存数量已更新","","完整候选索引；表达式内字面量可能是接口参数，是否实际展示以文案决策表与浏览器证据为准"
"src/normalized-ui/StaffModulePanel.tsx","1204","previewReceiptAndPublish","feedback","请先选择这次入库要关联发布的酒水商品和销售规格","","完整候选索引；表达式内字面量可能是接口参数，是否实际展示以文案决策表与浏览器证据为准"
"src/normalized-ui/StaffModulePanel.tsx","1212","previewReceiptAndPublish","feedback","发布预览已按本次收货成本、正式配方、实时库存和渠道生成；请逐项核对后再确认。","","完整候选索引；表达式内字面量可能是接口参数，是否实际展示以文案决策表与浏览器证据为准"
"src/normalized-ui/StaffModulePanel.tsx","1221","confirmReceiptAndPublish","feedback","请先选择这次入库要关联发布的酒水商品","","完整候选索引；表达式内字面量可能是接口参数，是否实际展示以文案决策表与浏览器证据为准"
"src/normalized-ui/StaffModulePanel.tsx","1223","confirmReceiptAndPublish","feedback","请先为当前收货单和商品生成发布预览，再确认入库发布","","完整候选索引；表达式内字面量可能是接口参数，是否实际展示以文案决策表与浏览器证据为准"
"src/normalized-ui/StaffModulePanel.tsx","1226","confirmReceiptAndPublish","display-definition","确认入库并发布","","完整候选索引；表达式内字面量可能是接口参数，是否实际展示以文案决策表与浏览器证据为准"
"src/normalized-ui/StaffModulePanel.tsx","1250","bindCode","feedback","请选择酒水物料并扫描有效条码","","完整候选索引；表达式内字面量可能是接口参数，是否实际展示以文案决策表与浏览器证据为准"
"src/normalized-ui/StaffModulePanel.tsx","1251","bindCode","feedback","请填写每个条码包装包含的有效数量","","完整候选索引；表达式内字面量可能是接口参数，是否实际展示以文案决策表与浏览器证据为准"
"src/normalized-ui/StaffModulePanel.tsx","1260","bindCode","feedback","条码已绑定。以后收货人员可直接扫码建立收货单。","","完整候选索引；表达式内字面量可能是接口参数，是否实际展示以文案决策表与浏览器证据为准"
"src/normalized-ui/StaffModulePanel.tsx","1270","InventoryModule","attribute:label","库存工作","","完整候选索引；表达式内字面量可能是接口参数，是否实际展示以文案决策表与浏览器证据为准"
"src/normalized-ui/StaffModulePanel.tsx","1271","InventoryModule","display-definition","收货与库存","","完整候选索引；表达式内字面量可能是接口参数，是否实际展示以文案决策表与浏览器证据为准"
"src/normalized-ui/StaffModulePanel.tsx","1272","InventoryModule","jsx-text","项低库存 ·","","完整候选索引；表达式内字面量可能是接口参数，是否实际展示以文案决策表与浏览器证据为准"
"src/normalized-ui/StaffModulePanel.tsx","1272","InventoryModule","jsx-text","项物料","","完整候选索引；表达式内字面量可能是接口参数，是否实际展示以文案决策表与浏览器证据为准"
"src/normalized-ui/StaffModulePanel.tsx","1272","InventoryModule","jsx-text","笔进货记录 ·","","完整候选索引；表达式内字面量可能是接口参数，是否实际展示以文案决策表与浏览器证据为准"
"src/normalized-ui/StaffModulePanel.tsx","1272","InventoryModule","jsx-text","笔存酒","","完整候选索引；表达式内字面量可能是接口参数，是否实际展示以文案决策表与浏览器证据为准"
"src/normalized-ui/StaffModulePanel.tsx","1273","InventoryModule","jsx-text","首次进货与上架指引","","完整候选索引；表达式内字面量可能是接口参数，是否实际展示以文案决策表与浏览器证据为准"
"src/normalized-ui/StaffModulePanel.tsx","1273","InventoryModule","attribute:aria-label","酒水从建档到小程序可售流程","","完整候选索引；表达式内字面量可能是接口参数，是否实际展示以文案决策表与浏览器证据为准"
"src/normalized-ui/StaffModulePanel.tsx","1273","InventoryModule","jsx-text","酒水四步入库发布","","完整候选索引；表达式内字面量可能是接口参数，是否实际展示以文案决策表与浏览器证据为准"
"src/normalized-ui/StaffModulePanel.tsx","1273","InventoryModule","jsx-text","同一物料可被整瓶、单杯、Shot 和鸡尾酒共同引用；发布必须先展示本次收货形成的真实成本与可售结果。","","完整候选索引；表达式内字面量可能是接口参数，是否实际展示以文案决策表与浏览器证据为准"
"src/normalized-ui/StaffModulePanel.tsx","1273","InventoryModule","jsx-text","4 步","","完整候选索引；表达式内字面量可能是接口参数，是否实际展示以文案决策表与浏览器证据为准"
"src/normalized-ui/StaffModulePanel.tsx","1273","InventoryModule","jsx-text","01","","完整候选索引；表达式内字面量可能是接口参数，是否实际展示以文案决策表与浏览器证据为准"
"src/normalized-ui/StaffModulePanel.tsx","1273","InventoryModule","jsx-text","扫码或建立物料","","完整候选索引；表达式内字面量可能是接口参数，是否实际展示以文案决策表与浏览器证据为准"
"src/normalized-ui/StaffModulePanel.tsx","1273","InventoryModule","jsx-text","登记净含量、瓶数、采购总额、批次和供应商。","","完整候选索引；表达式内字面量可能是接口参数，是否实际展示以文案决策表与浏览器证据为准"
"src/normalized-ui/StaffModulePanel.tsx","1273","InventoryModule","jsx-text","扫码入库","","完整候选索引；表达式内字面量可能是接口参数，是否实际展示以文案决策表与浏览器证据为准"
"src/normalized-ui/StaffModulePanel.tsx","1273","InventoryModule","jsx-text","02","","完整候选索引；表达式内字面量可能是接口参数，是否实际展示以文案决策表与浏览器证据为准"
"src/normalized-ui/StaffModulePanel.tsx","1273","InventoryModule","jsx-text","选择销售规格","","完整候选索引；表达式内字面量可能是接口参数，是否实际展示以文案决策表与浏览器证据为准"
"src/normalized-ui/StaffModulePanel.tsx","1273","InventoryModule","jsx-text","整瓶、单杯、Shot、鸡尾酒或自定义，均引用正式配方。","","完整候选索引；表达式内字面量可能是接口参数，是否实际展示以文案决策表与浏览器证据为准"
"src/normalized-ui/StaffModulePanel.tsx","1273","InventoryModule","jsx-text","配置","","完整候选索引；表达式内字面量可能是接口参数，是否实际展示以文案决策表与浏览器证据为准"
"src/normalized-ui/StaffModulePanel.tsx","1273","InventoryModule","jsx-text","03","","完整候选索引；表达式内字面量可能是接口参数，是否实际展示以文案决策表与浏览器证据为准"
"src/normalized-ui/StaffModulePanel.tsx","1273","InventoryModule","jsx-text","生成完整预览","","完整候选索引；表达式内字面量可能是接口参数，是否实际展示以文案决策表与浏览器证据为准"
"src/normalized-ui/StaffModulePanel.tsx","1273","InventoryModule","jsx-text","核对容量、单位/单份成本、扣减、可售份数、毛利和渠道。","","完整候选索引；表达式内字面量可能是接口参数，是否实际展示以文案决策表与浏览器证据为准"
"src/normalized-ui/StaffModulePanel.tsx","1273","InventoryModule","jsx-text","待预览","","完整候选索引；表达式内字面量可能是接口参数，是否实际展示以文案决策表与浏览器证据为准"
"src/normalized-ui/StaffModulePanel.tsx","1273","InventoryModule","jsx-text","04","","完整候选索引；表达式内字面量可能是接口参数，是否实际展示以文案决策表与浏览器证据为准"
"src/normalized-ui/StaffModulePanel.tsx","1273","InventoryModule","jsx-text","确认入库并发布","","完整候选索引；表达式内字面量可能是接口参数，是否实际展示以文案决策表与浏览器证据为准"
"src/normalized-ui/StaffModulePanel.tsx","1273","InventoryModule","jsx-text","确认前再次核对成本和可售数量，核对未通过时保留原库存。","","完整候选索引；表达式内字面量可能是接口参数，是否实际展示以文案决策表与浏览器证据为准"
"src/normalized-ui/StaffModulePanel.tsx","1273","InventoryModule","jsx-text","检查商品","","完整候选索引；表达式内字面量可能是接口参数，是否实际展示以文案决策表与浏览器证据为准"
"src/normalized-ui/StaffModulePanel.tsx","1276","InventoryModule","jsx-expression-literal","inventory.count.approve","","完整候选索引；表达式内字面量可能是接口参数，是否实际展示以文案决策表与浏览器证据为准"
"src/normalized-ui/StaffModulePanel.tsx","1280","InventoryModule","feedback","该物料暂不在当前库存列表，请刷新库存后核对物料状态，再提交新盘点。","","完整候选索引；表达式内字面量可能是接口参数，是否实际展示以文案决策表与浏览器证据为准"
"src/normalized-ui/StaffModulePanel.tsx","1282","InventoryModule","attribute:aria-label","库存操作","","完整候选索引；表达式内字面量可能是接口参数，是否实际展示以文案决策表与浏览器证据为准"
"src/normalized-ui/StaffModulePanel.tsx","1283","InventoryModule","jsx-text","新建库存物料","","完整候选索引；表达式内字面量可能是接口参数，是否实际展示以文案决策表与浏览器证据为准"
"src/normalized-ui/StaffModulePanel.tsx","1284","InventoryModule","jsx-text","手机扫码入库","","完整候选索引；表达式内字面量可能是接口参数，是否实际展示以文案决策表与浏览器证据为准"
"src/normalized-ui/StaffModulePanel.tsx","1285","InventoryModule","jsx-text","首次绑定条码","","完整候选索引；表达式内字面量可能是接口参数，是否实际展示以文案决策表与浏览器证据为准"
"src/normalized-ui/StaffModulePanel.tsx","1286","InventoryModule","jsx-text","单项盘点","","完整候选索引；表达式内字面量可能是接口参数，是否实际展示以文案决策表与浏览器证据为准"
"src/normalized-ui/StaffModulePanel.tsx","1287","InventoryModule","jsx-text","登记损耗","","完整候选索引；表达式内字面量可能是接口参数，是否实际展示以文案决策表与浏览器证据为准"
"src/normalized-ui/StaffModulePanel.tsx","1288","InventoryModule","jsx-text","核对后更正成本","","完整候选索引；表达式内字面量可能是接口参数，是否实际展示以文案决策表与浏览器证据为准"
"src/normalized-ui/StaffModulePanel.tsx","1290","InventoryModule","jsx-text","项在用酒水仍保留历史“瓶”底账。员工在配方、盘点和损耗中统一填写毫升，系统按已登记的单瓶净含量兼容换算；收货包装数和单位成本仍按底账单位显示，避免改写历史流水。","","完整候选索引；表达式内字面量可能是接口参数，是否实际展示以文案决策表与浏览器证据为准"
"src/normalized-ui/StaffModulePanel.tsx","1291","InventoryModule","jsx-text","关联销售商品与规格","","完整候选索引；表达式内字面量可能是接口参数，是否实际展示以文案决策表与浏览器证据为准"
"src/normalized-ui/StaffModulePanel.tsx","1291","InventoryModule","jsx-text","选择已配置商品","","完整候选索引；表达式内字面量可能是接口参数，是否实际展示以文案决策表与浏览器证据为准"
"src/normalized-ui/StaffModulePanel.tsx","1291","InventoryModule","jsx-expression-literal","active","","完整候选索引；表达式内字面量可能是接口参数，是否实际展示以文案决策表与浏览器证据为准"
"src/normalized-ui/StaffModulePanel.tsx","1291","InventoryModule","jsx-expression-literal","当前在售","","完整候选索引；表达式内字面量可能是接口参数，是否实际展示以文案决策表与浏览器证据为准"
"src/normalized-ui/StaffModulePanel.tsx","1291","InventoryModule","jsx-expression-literal","待发布","","完整候选索引；表达式内字面量可能是接口参数，是否实际展示以文案决策表与浏览器证据为准"
"src/normalized-ui/StaffModulePanel.tsx","1291","InventoryModule","jsx-text","这里选择销售规格对应的正式商品；多个规格可以共同引用同一库存物料。确认前必须生成成本与可售预览。","","完整候选索引；表达式内字面量可能是接口参数，是否实际展示以文案决策表与浏览器证据为准"
"src/normalized-ui/StaffModulePanel.tsx","1292","InventoryModule","jsx-text","当前账号可以确认收货，但无“查看采购成本”权限，因此不能读取毛利预览或执行一键发布；可先仅入库，再由酒水上架管理员处理。","","完整候选索引；表达式内字面量可能是接口参数，是否实际展示以文案决策表与浏览器证据为准"
"src/normalized-ui/StaffModulePanel.tsx","1293","InventoryModule","attribute:aria-label","入库发布预览","","完整候选索引；表达式内字面量可能是接口参数，是否实际展示以文案决策表与浏览器证据为准"
"src/normalized-ui/StaffModulePanel.tsx","1293","InventoryModule","jsx-text","配方第","","完整候选索引；表达式内字面量可能是接口参数，是否实际展示以文案决策表与浏览器证据为准"
"src/normalized-ui/StaffModulePanel.tsx","1293","InventoryModule","jsx-text","版 · 每批产出","","完整候选索引；表达式内字面量可能是接口参数，是否实际展示以文案决策表与浏览器证据为准"
"src/normalized-ui/StaffModulePanel.tsx","1293","InventoryModule","jsx-text","份 ·","","完整候选索引；表达式内字面量可能是接口参数，是否实际展示以文案决策表与浏览器证据为准"
"src/normalized-ui/StaffModulePanel.tsx","1293","InventoryModule","jsx-text","份可售","","完整候选索引；表达式内字面量可能是接口参数，是否实际展示以文案决策表与浏览器证据为准"
"src/normalized-ui/StaffModulePanel.tsx","1293","InventoryModule","jsx-text","单份成本","","完整候选索引；表达式内字面量可能是接口参数，是否实际展示以文案决策表与浏览器证据为准"
"src/normalized-ui/StaffModulePanel.tsx","1293","InventoryModule","jsx-text","标准售价","","完整候选索引；表达式内字面量可能是接口参数，是否实际展示以文案决策表与浏览器证据为准"
"src/normalized-ui/StaffModulePanel.tsx","1293","InventoryModule","jsx-text","单份毛利","","完整候选索引；表达式内字面量可能是接口参数，是否实际展示以文案决策表与浏览器证据为准"
"src/normalized-ui/StaffModulePanel.tsx","1293","InventoryModule","jsx-text","毛利率","","完整候选索引；表达式内字面量可能是接口参数，是否实际展示以文案决策表与浏览器证据为准"
"src/normalized-ui/StaffModulePanel.tsx","1293","InventoryModule","jsx-text","本次增加","","完整候选索引；表达式内字面量可能是接口参数，是否实际展示以文案决策表与浏览器证据为准"
"src/normalized-ui/StaffModulePanel.tsx","1293","InventoryModule","jsx-text","· 入库后可用","","完整候选索引；表达式内字面量可能是接口参数，是否实际展示以文案决策表与浏览器证据为准"
"src/normalized-ui/StaffModulePanel.tsx","1293","InventoryModule","jsx-text","库存单位成本 ¥","","完整候选索引；表达式内字面量可能是接口参数，是否实际展示以文案决策表与浏览器证据为准"
"src/normalized-ui/StaffModulePanel.tsx","1293","InventoryModule","jsx-text","每份扣减","","完整候选索引；表达式内字面量可能是接口参数，是否实际展示以文案决策表与浏览器证据为准"
"src/normalized-ui/StaffModulePanel.tsx","1293","InventoryModule","jsx-text","· 成本 ¥","","完整候选索引；表达式内字面量可能是接口参数，是否实际展示以文案决策表与浏览器证据为准"
"src/normalized-ui/StaffModulePanel.tsx","1293","InventoryModule","jsx-text","渠道：顾客扫码","","完整候选索引；表达式内字面量可能是接口参数，是否实际展示以文案决策表与浏览器证据为准"
"src/normalized-ui/StaffModulePanel.tsx","1293","InventoryModule","jsx-expression-literal","guest_qr","","完整候选索引；表达式内字面量可能是接口参数，是否实际展示以文案决策表与浏览器证据为准"
"src/normalized-ui/StaffModulePanel.tsx","1293","InventoryModule","jsx-expression-literal","可售","","完整候选索引；表达式内字面量可能是接口参数，是否实际展示以文案决策表与浏览器证据为准"
"src/normalized-ui/StaffModulePanel.tsx","1293","InventoryModule","jsx-expression-literal","未开放","","完整候选索引；表达式内字面量可能是接口参数，是否实际展示以文案决策表与浏览器证据为准"
"src/normalized-ui/StaffModulePanel.tsx","1293","InventoryModule","jsx-text","；员工协助","","完整候选索引；表达式内字面量可能是接口参数，是否实际展示以文案决策表与浏览器证据为准"
"src/normalized-ui/StaffModulePanel.tsx","1293","InventoryModule","jsx-expression-literal","staff_assisted","","完整候选索引；表达式内字面量可能是接口参数，是否实际展示以文案决策表与浏览器证据为准"
"src/normalized-ui/StaffModulePanel.tsx","1293","InventoryModule","jsx-expression-literal","可售","","完整候选索引；表达式内字面量可能是接口参数，是否实际展示以文案决策表与浏览器证据为准"
"src/normalized-ui/StaffModulePanel.tsx","1293","InventoryModule","jsx-expression-literal","未开放","","完整候选索引；表达式内字面量可能是接口参数，是否实际展示以文案决策表与浏览器证据为准"
"src/normalized-ui/StaffModulePanel.tsx","1293","InventoryModule","jsx-text","。确认时服务端会锁定并重新计算，预览不是绕过门禁的承诺。","服务端、门禁","完整候选索引；表达式内字面量可能是接口参数，是否实际展示以文案决策表与浏览器证据为准"
"src/normalized-ui/StaffModulePanel.tsx","1294","InventoryModule","jsx-expression-literal","create","","完整候选索引；表达式内字面量可能是接口参数，是否实际展示以文案决策表与浏览器证据为准"
"src/normalized-ui/StaffModulePanel.tsx","1295","InventoryModule","jsx-text","新建库存物料","","完整候选索引；表达式内字面量可能是接口参数，是否实际展示以文案决策表与浏览器证据为准"
"src/normalized-ui/StaffModulePanel.tsx","1295","InventoryModule","jsx-text","用于新酒款、食材、包装或配方原料。建立物料本身不增加库存；成本和数量请在后续收货单中如实登记并确认。","","完整候选索引；表达式内字面量可能是接口参数，是否实际展示以文案决策表与浏览器证据为准"
"src/normalized-ui/StaffModulePanel.tsx","1296","InventoryModule","jsx-text","物料编号","","完整候选索引；表达式内字面量可能是接口参数，是否实际展示以文案决策表与浏览器证据为准"
"src/normalized-ui/StaffModulePanel.tsx","1296","InventoryModule","attribute:placeholder","例如 WHISKY-SIM-700ML","","完整候选索引；表达式内字面量可能是接口参数，是否实际展示以文案决策表与浏览器证据为准"
"src/normalized-ui/StaffModulePanel.tsx","1297","InventoryModule","jsx-text","物料名称","","完整候选索引；表达式内字面量可能是接口参数，是否实际展示以文案决策表与浏览器证据为准"
"src/normalized-ui/StaffModulePanel.tsx","1297","InventoryModule","attribute:placeholder","例如 演练用威士忌 700ml","","完整候选索引；表达式内字面量可能是接口参数，是否实际展示以文案决策表与浏览器证据为准"
"src/normalized-ui/StaffModulePanel.tsx","1298","InventoryModule","jsx-text","库存品类","","完整候选索引；表达式内字面量可能是接口参数，是否实际展示以文案决策表与浏览器证据为准"
"src/normalized-ui/StaffModulePanel.tsx","1299","InventoryModule","jsx-text","库存单位","","完整候选索引；表达式内字面量可能是接口参数，是否实际展示以文案决策表与浏览器证据为准"
"src/normalized-ui/StaffModulePanel.tsx","1299","InventoryModule","jsx-text","毫升（ml）","","完整候选索引；表达式内字面量可能是接口参数，是否实际展示以文案决策表与浏览器证据为准"
"src/normalized-ui/StaffModulePanel.tsx","1299","InventoryModule","jsx-text","克（g）","","完整候选索引；表达式内字面量可能是接口参数，是否实际展示以文案决策表与浏览器证据为准"
"src/normalized-ui/StaffModulePanel.tsx","1299","InventoryModule","jsx-expression-literal","该品类按毫升入库和扣减；瓶数仅作为条码包装量。","","完整候选索引；表达式内字面量可能是接口参数，是否实际展示以文案决策表与浏览器证据为准"
"src/normalized-ui/StaffModulePanel.tsx","1299","InventoryModule","jsx-expression-literal","非液体物料按克或件管理；瓶、包等只作为包装描述。","","完整候选索引；表达式内字面量可能是接口参数，是否实际展示以文案决策表与浏览器证据为准"
"src/normalized-ui/StaffModulePanel.tsx","1300","InventoryModule","jsx-text","单瓶净含量","","完整候选索引；表达式内字面量可能是接口参数，是否实际展示以文案决策表与浏览器证据为准"
"src/normalized-ui/StaffModulePanel.tsx","1300","InventoryModule","attribute:placeholder","例如 700","","完整候选索引；表达式内字面量可能是接口参数，是否实际展示以文案决策表与浏览器证据为准"
"src/normalized-ui/StaffModulePanel.tsx","1300","InventoryModule","jsx-text","按毫升库存的酒水必须填写；条码包装量会自动要求与此一致。","","完整候选索引；表达式内字面量可能是接口参数，是否实际展示以文案决策表与浏览器证据为准"
"src/normalized-ui/StaffModulePanel.tsx","1301","InventoryModule","jsx-text","安全库存（选填）","","完整候选索引；表达式内字面量可能是接口参数，是否实际展示以文案决策表与浏览器证据为准"
"src/normalized-ui/StaffModulePanel.tsx","1301","InventoryModule","jsx-expression-literal","ml","","完整候选索引；表达式内字面量可能是接口参数，是否实际展示以文案决策表与浏览器证据为准"
"src/normalized-ui/StaffModulePanel.tsx","1301","InventoryModule","jsx-expression-literal","例如 1500","","完整候选索引；表达式内字面量可能是接口参数，是否实际展示以文案决策表与浏览器证据为准"
"src/normalized-ui/StaffModulePanel.tsx","1301","InventoryModule","jsx-expression-literal","例如 3","","完整候选索引；表达式内字面量可能是接口参数，是否实际展示以文案决策表与浏览器证据为准"
"src/normalized-ui/StaffModulePanel.tsx","1302","InventoryModule","jsx-expression-literal","正在建立","","完整候选索引；表达式内字面量可能是接口参数，是否实际展示以文案决策表与浏览器证据为准"
"src/normalized-ui/StaffModulePanel.tsx","1302","InventoryModule","jsx-expression-literal","建立物料并继续绑定条码","","完整候选索引；表达式内字面量可能是接口参数，是否实际展示以文案决策表与浏览器证据为准"
"src/normalized-ui/StaffModulePanel.tsx","1304","InventoryModule","jsx-expression-literal","edit","","完整候选索引；表达式内字面量可能是接口参数，是否实际展示以文案决策表与浏览器证据为准"
"src/normalized-ui/StaffModulePanel.tsx","1305","InventoryModule","jsx-text","编辑库存物料","","完整候选索引；表达式内字面量可能是接口参数，是否实际展示以文案决策表与浏览器证据为准"
"src/normalized-ui/StaffModulePanel.tsx","1305","InventoryModule","jsx-text","可修正名称、品类、净含量和安全库存；已有收货、盘点或配方记录的物料不直接改编号或库存单位，避免历史流水失真。","","完整候选索引；表达式内字面量可能是接口参数，是否实际展示以文案决策表与浏览器证据为准"
"src/normalized-ui/StaffModulePanel.tsx","1306","InventoryModule","jsx-text","物料名称","","完整候选索引；表达式内字面量可能是接口参数，是否实际展示以文案决策表与浏览器证据为准"
"src/normalized-ui/StaffModulePanel.tsx","1307","InventoryModule","jsx-text","库存品类","","完整候选索引；表达式内字面量可能是接口参数，是否实际展示以文案决策表与浏览器证据为准"
"src/normalized-ui/StaffModulePanel.tsx","1307","InventoryModule","jsx-text","当前品类（","","完整候选索引；表达式内字面量可能是接口参数，是否实际展示以文案决策表与浏览器证据为准"
"src/normalized-ui/StaffModulePanel.tsx","1308","InventoryModule","jsx-text","当前库存单位","","完整候选索引；表达式内字面量可能是接口参数，是否实际展示以文案决策表与浏览器证据为准"
"src/normalized-ui/StaffModulePanel.tsx","1308","InventoryModule","jsx-expression-literal","历史底账继续保留瓶单位；配方、盘点和损耗会按这里登记的单瓶净含量换算成毫升供员工录入。","","完整候选索引；表达式内字面量可能是接口参数，是否实际展示以文案决策表与浏览器证据为准"
"src/normalized-ui/StaffModulePanel.tsx","1308","InventoryModule","jsx-expression-literal","已有流水后不直接改库存单位。","","完整候选索引；表达式内字面量可能是接口参数，是否实际展示以文案决策表与浏览器证据为准"
"src/normalized-ui/StaffModulePanel.tsx","1309","InventoryModule","jsx-text","单瓶净含量（选填）","","完整候选索引；表达式内字面量可能是接口参数，是否实际展示以文案决策表与浏览器证据为准"
"src/normalized-ui/StaffModulePanel.tsx","1309","InventoryModule","attribute:placeholder","例如 700","","完整候选索引；表达式内字面量可能是接口参数，是否实际展示以文案决策表与浏览器证据为准"
"src/normalized-ui/StaffModulePanel.tsx","1310","InventoryModule","jsx-text","安全库存（选填）","","完整候选索引；表达式内字面量可能是接口参数，是否实际展示以文案决策表与浏览器证据为准"
"src/normalized-ui/StaffModulePanel.tsx","1311","InventoryModule","jsx-expression-literal","正在保存","","完整候选索引；表达式内字面量可能是接口参数，是否实际展示以文案决策表与浏览器证据为准"
"src/normalized-ui/StaffModulePanel.tsx","1311","InventoryModule","jsx-expression-literal","保存物料资料","","完整候选索引；表达式内字面量可能是接口参数，是否实际展示以文案决策表与浏览器证据为准"
"src/normalized-ui/StaffModulePanel.tsx","1313","InventoryModule","attribute:aria-label","待确认收货单","","完整候选索引；表达式内字面量可能是接口参数，是否实际展示以文案决策表与浏览器证据为准"
"src/normalized-ui/StaffModulePanel.tsx","1314","InventoryModule","jsx-text","待确认收货","","完整候选索引；表达式内字面量可能是接口参数，是否实际展示以文案决策表与浏览器证据为准"
"src/normalized-ui/StaffModulePanel.tsx","1314","InventoryModule","jsx-text","刷新或退出页面后仍可在这里继续。确认实物前不会增加库存。","","完整候选索引；表达式内字面量可能是接口参数，是否实际展示以文案决策表与浏览器证据为准"
"src/normalized-ui/StaffModulePanel.tsx","1315","InventoryModule","jsx-text","项 ·","","完整候选索引；表达式内字面量可能是接口参数，是否实际展示以文案决策表与浏览器证据为准"
"src/normalized-ui/StaffModulePanel.tsx","1315","InventoryModule","jsx-text","本单采购总额 ¥","","完整候选索引；表达式内字面量可能是接口参数，是否实际展示以文案决策表与浏览器证据为准"
"src/normalized-ui/StaffModulePanel.tsx","1315","InventoryModule","jsx-text","收货金额已保存；当前账号没有“查看采购成本”权限，金额在此隐藏。","","完整候选索引；表达式内字面量可能是接口参数，是否实际展示以文案决策表与浏览器证据为准"
"src/normalized-ui/StaffModulePanel.tsx","1315","InventoryModule","jsx-expression-literal","正在处理","","完整候选索引；表达式内字面量可能是接口参数，是否实际展示以文案决策表与浏览器证据为准"
"src/normalized-ui/StaffModulePanel.tsx","1315","InventoryModule","jsx-expression-literal","仅确认入库","","完整候选索引；表达式内字面量可能是接口参数，是否实际展示以文案决策表与浏览器证据为准"
"src/normalized-ui/StaffModulePanel.tsx","1315","InventoryModule","jsx-text","生成发布预览","","完整候选索引；表达式内字面量可能是接口参数，是否实际展示以文案决策表与浏览器证据为准"
"src/normalized-ui/StaffModulePanel.tsx","1315","InventoryModule","jsx-text","按预览确认发布","","完整候选索引；表达式内字面量可能是接口参数，是否实际展示以文案决策表与浏览器证据为准"
"src/normalized-ui/StaffModulePanel.tsx","1317","InventoryModule","attribute:aria-label","最近已确认收货","","完整候选索引；表达式内字面量可能是接口参数，是否实际展示以文案决策表与浏览器证据为准"
"src/normalized-ui/StaffModulePanel.tsx","1318","InventoryModule","jsx-text","最近已确认收货","","完整候选索引；表达式内字面量可能是接口参数，是否实际展示以文案决策表与浏览器证据为准"
"src/normalized-ui/StaffModulePanel.tsx","1318","InventoryModule","jsx-text","金额和自动换算的单位成本会从服务端重新读取；刷新页面后仍可核对。","服务端","完整候选索引；表达式内字面量可能是接口参数，是否实际展示以文案决策表与浏览器证据为准"
"src/normalized-ui/StaffModulePanel.tsx","1319","InventoryModule","jsx-text","项 · 已确认","","完整候选索引；表达式内字面量可能是接口参数，是否实际展示以文案决策表与浏览器证据为准"
"src/normalized-ui/StaffModulePanel.tsx","1319","InventoryModule","jsx-text","本单采购总额 ¥","","完整候选索引；表达式内字面量可能是接口参数，是否实际展示以文案决策表与浏览器证据为准"
"src/normalized-ui/StaffModulePanel.tsx","1321","InventoryModule","jsx-expression-literal","count","","完整候选索引；表达式内字面量可能是接口参数，是否实际展示以文案决策表与浏览器证据为准"
"src/normalized-ui/StaffModulePanel.tsx","1321","InventoryModule","jsx-expression-literal","waste","","完整候选索引；表达式内字面量可能是接口参数，是否实际展示以文案决策表与浏览器证据为准"
"src/normalized-ui/StaffModulePanel.tsx","1321","InventoryModule","jsx-expression-literal","count","","完整候选索引；表达式内字面量可能是接口参数，是否实际展示以文案决策表与浏览器证据为准"
"src/normalized-ui/StaffModulePanel.tsx","1321","InventoryModule","jsx-expression-literal","单项盘点","","完整候选索引；表达式内字面量可能是接口参数，是否实际展示以文案决策表与浏览器证据为准"
"src/normalized-ui/StaffModulePanel.tsx","1321","InventoryModule","jsx-expression-literal","登记损耗","","完整候选索引；表达式内字面量可能是接口参数，是否实际展示以文案决策表与浏览器证据为准"
"src/normalized-ui/StaffModulePanel.tsx","1321","InventoryModule","jsx-expression-literal","count","","完整候选索引；表达式内字面量可能是接口参数，是否实际展示以文案决策表与浏览器证据为准"
"src/normalized-ui/StaffModulePanel.tsx","1321","InventoryModule","jsx-expression-literal","提交后由有审批权限的岗位复核差异。液体统一填写毫升。","","完整候选索引；表达式内字面量可能是接口参数，是否实际展示以文案决策表与浏览器证据为准"
"src/normalized-ui/StaffModulePanel.tsx","1321","InventoryModule","jsx-expression-literal","提交后立即形成库存流水；液体统一填写毫升。","","完整候选索引；表达式内字面量可能是接口参数，是否实际展示以文案决策表与浏览器证据为准"
"src/normalized-ui/StaffModulePanel.tsx","1321","InventoryModule","jsx-text","物料","","完整候选索引；表达式内字面量可能是接口参数，是否实际展示以文案决策表与浏览器证据为准"
"src/normalized-ui/StaffModulePanel.tsx","1321","InventoryModule","jsx-text","请选择","","完整候选索引；表达式内字面量可能是接口参数，是否实际展示以文案决策表与浏览器证据为准"
"src/normalized-ui/StaffModulePanel.tsx","1321","InventoryModule","jsx-text","· 当前","","完整候选索引；表达式内字面量可能是接口参数，是否实际展示以文案决策表与浏览器证据为准"
"src/normalized-ui/StaffModulePanel.tsx","1321","InventoryModule","jsx-expression-literal","count","","完整候选索引；表达式内字面量可能是接口参数，是否实际展示以文案决策表与浏览器证据为准"
"src/normalized-ui/StaffModulePanel.tsx","1321","InventoryModule","jsx-expression-literal","实盘数量","","完整候选索引；表达式内字面量可能是接口参数，是否实际展示以文案决策表与浏览器证据为准"
"src/normalized-ui/StaffModulePanel.tsx","1321","InventoryModule","jsx-expression-literal","损耗数量","","完整候选索引；表达式内字面量可能是接口参数，是否实际展示以文案决策表与浏览器证据为准"
"src/normalized-ui/StaffModulePanel.tsx","1321","InventoryModule","jsx-expression-literal","waste","","完整候选索引；表达式内字面量可能是接口参数，是否实际展示以文案决策表与浏览器证据为准"
"src/normalized-ui/StaffModulePanel.tsx","1321","InventoryModule","jsx-text","损耗类型","","完整候选索引；表达式内字面量可能是接口参数，是否实际展示以文案决策表与浏览器证据为准"
"src/normalized-ui/StaffModulePanel.tsx","1321","InventoryModule","jsx-text","调酒失败","","完整候选索引；表达式内字面量可能是接口参数，是否实际展示以文案决策表与浏览器证据为准"
"src/normalized-ui/StaffModulePanel.tsx","1321","InventoryModule","jsx-text","报废","","完整候选索引；表达式内字面量可能是接口参数，是否实际展示以文案决策表与浏览器证据为准"
"src/normalized-ui/StaffModulePanel.tsx","1321","InventoryModule","jsx-text","过期","","完整候选索引；表达式内字面量可能是接口参数，是否实际展示以文案决策表与浏览器证据为准"
"src/normalized-ui/StaffModulePanel.tsx","1321","InventoryModule","jsx-text","试饮","","完整候选索引；表达式内字面量可能是接口参数，是否实际展示以文案决策表与浏览器证据为准"
"src/normalized-ui/StaffModulePanel.tsx","1321","InventoryModule","jsx-text","赠送","","完整候选索引；表达式内字面量可能是接口参数，是否实际展示以文案决策表与浏览器证据为准"
"src/normalized-ui/StaffModulePanel.tsx","1321","InventoryModule","jsx-text","盘点差异","","完整候选索引；表达式内字面量可能是接口参数，是否实际展示以文案决策表与浏览器证据为准"
"src/normalized-ui/StaffModulePanel.tsx","1321","InventoryModule","jsx-text","其他","","完整候选索引；表达式内字面量可能是接口参数，是否实际展示以文案决策表与浏览器证据为准"
"src/normalized-ui/StaffModulePanel.tsx","1321","InventoryModule","jsx-expression-literal","count","","完整候选索引；表达式内字面量可能是接口参数，是否实际展示以文案决策表与浏览器证据为准"
"src/normalized-ui/StaffModulePanel.tsx","1321","InventoryModule","jsx-expression-literal","差异说明（选填）","","完整候选索引；表达式内字面量可能是接口参数，是否实际展示以文案决策表与浏览器证据为准"
"src/normalized-ui/StaffModulePanel.tsx","1321","InventoryModule","jsx-expression-literal","损耗原因","","完整候选索引；表达式内字面量可能是接口参数，是否实际展示以文案决策表与浏览器证据为准"
"src/normalized-ui/StaffModulePanel.tsx","1321","InventoryModule","jsx-expression-literal","提交中","","完整候选索引；表达式内字面量可能是接口参数，是否实际展示以文案决策表与浏览器证据为准"
"src/normalized-ui/StaffModulePanel.tsx","1321","InventoryModule","jsx-expression-literal","count","","完整候选索引；表达式内字面量可能是接口参数，是否实际展示以文案决策表与浏览器证据为准"
"src/normalized-ui/StaffModulePanel.tsx","1321","InventoryModule","jsx-expression-literal","提交盘点复核","","完整候选索引；表达式内字面量可能是接口参数，是否实际展示以文案决策表与浏览器证据为准"
"src/normalized-ui/StaffModulePanel.tsx","1321","InventoryModule","jsx-expression-literal","确认登记损耗","","完整候选索引；表达式内字面量可能是接口参数，是否实际展示以文案决策表与浏览器证据为准"
"src/normalized-ui/StaffModulePanel.tsx","1322","InventoryModule","jsx-expression-literal","cost-correct","","完整候选索引；表达式内字面量可能是接口参数，是否实际展示以文案决策表与浏览器证据为准"
"src/normalized-ui/StaffModulePanel.tsx","1322","InventoryModule","jsx-text","核对后更正当前成本","","完整候选索引；表达式内字面量可能是接口参数，是否实际展示以文案决策表与浏览器证据为准"
"src/normalized-ui/StaffModulePanel.tsx","1322","InventoryModule","jsx-text","仅用于历史库存、盘点差异等无法由收货单自动恢复成本的情况。日常采购请继续只填数量和本批总额。","","完整候选索引；表达式内字面量可能是接口参数，是否实际展示以文案决策表与浏览器证据为准"
"src/normalized-ui/StaffModulePanel.tsx","1322","InventoryModule","jsx-text","物料","","完整候选索引；表达式内字面量可能是接口参数，是否实际展示以文案决策表与浏览器证据为准"
"src/normalized-ui/StaffModulePanel.tsx","1322","InventoryModule","jsx-text","请选择","","完整候选索引；表达式内字面量可能是接口参数，是否实际展示以文案决策表与浏览器证据为准"
"src/normalized-ui/StaffModulePanel.tsx","1322","InventoryModule","jsx-text","· 当前","","完整候选索引；表达式内字面量可能是接口参数，是否实际展示以文案决策表与浏览器证据为准"
"src/normalized-ui/StaffModulePanel.tsx","1322","InventoryModule","jsx-expression-literal","needs_review","","完整候选索引；表达式内字面量可能是接口参数，是否实际展示以文案决策表与浏览器证据为准"
"src/normalized-ui/StaffModulePanel.tsx","1322","InventoryModule","jsx-expression-literal","· 成本待核对","","完整候选索引；表达式内字面量可能是接口参数，是否实际展示以文案决策表与浏览器证据为准"
"src/normalized-ui/StaffModulePanel.tsx","1322","InventoryModule","jsx-text","核对后的当前单位成本","","完整候选索引；表达式内字面量可能是接口参数，是否实际展示以文案决策表与浏览器证据为准"
"src/normalized-ui/StaffModulePanel.tsx","1322","InventoryModule","attribute:placeholder","例如 0.1286","","完整候选索引；表达式内字面量可能是接口参数，是否实际展示以文案决策表与浏览器证据为准"
"src/normalized-ui/StaffModulePanel.tsx","1322","InventoryModule","jsx-expression-literal","当前为待补成本；保存后会建立可追溯的当前成本。","","完整候选索引；表达式内字面量可能是接口参数，是否实际展示以文案决策表与浏览器证据为准"
"src/normalized-ui/StaffModulePanel.tsx","1322","InventoryModule","jsx-template-text","当前为 ¥","","完整候选索引；表达式内字面量可能是接口参数，是否实际展示以文案决策表与浏览器证据为准"
"src/normalized-ui/StaffModulePanel.tsx","1322","InventoryModule","jsx-template-text","，请按凭证核对后填写新值。","","完整候选索引；表达式内字面量可能是接口参数，是否实际展示以文案决策表与浏览器证据为准"
"src/normalized-ui/StaffModulePanel.tsx","1322","InventoryModule","jsx-text","按毫升管理的酒水填写每毫升成本；系统会保存精确值，并自动更新后续配方和组合成本。","","完整候选索引；表达式内字面量可能是接口参数，是否实际展示以文案决策表与浏览器证据为准"
"src/normalized-ui/StaffModulePanel.tsx","1322","InventoryModule","jsx-text","更正原因","","完整候选索引；表达式内字面量可能是接口参数，是否实际展示以文案决策表与浏览器证据为准"
"src/normalized-ui/StaffModulePanel.tsx","1322","InventoryModule","attribute:placeholder","例如：盘点后核对到原始进货单","","完整候选索引；表达式内字面量可能是接口参数，是否实际展示以文案决策表与浏览器证据为准"
"src/normalized-ui/StaffModulePanel.tsx","1322","InventoryModule","jsx-expression-literal","正在保存","","完整候选索引；表达式内字面量可能是接口参数，是否实际展示以文案决策表与浏览器证据为准"
"src/normalized-ui/StaffModulePanel.tsx","1322","InventoryModule","jsx-expression-literal","保存更正并自动重算","","完整候选索引；表达式内字面量可能是接口参数，是否实际展示以文案决策表与浏览器证据为准"
"src/normalized-ui/StaffModulePanel.tsx","1323","InventoryModule","jsx-expression-literal","receive","","完整候选索引；表达式内字面量可能是接口参数，是否实际展示以文案决策表与浏览器证据为准"
"src/normalized-ui/StaffModulePanel.tsx","1324","InventoryModule","jsx-text","手机扫码建立收货单","","完整候选索引；表达式内字面量可能是接口参数，是否实际展示以文案决策表与浏览器证据为准"
"src/normalized-ui/StaffModulePanel.tsx","1324","InventoryModule","jsx-text","常规操作只需扫码或选择物料、填写数量和本批实际采购成本；第一步不会改变库存。","","完整候选索引；表达式内字面量可能是接口参数，是否实际展示以文案决策表与浏览器证据为准"
"src/normalized-ui/StaffModulePanel.tsx","1325","InventoryModule","jsx-text","商品包装条形码或二维码","","完整候选索引；表达式内字面量可能是接口参数，是否实际展示以文案决策表与浏览器证据为准"
"src/normalized-ui/StaffModulePanel.tsx","1325","InventoryModule","attribute:placeholder","扫码优先；也可在下方选择物料","","完整候选索引；表达式内字面量可能是接口参数，是否实际展示以文案决策表与浏览器证据为准"
"src/normalized-ui/StaffModulePanel.tsx","1325","InventoryModule","jsx-text","扫码","","完整候选索引；表达式内字面量可能是接口参数，是否实际展示以文案决策表与浏览器证据为准"
"src/normalized-ui/StaffModulePanel.tsx","1326","InventoryModule","jsx-text","已建档物料（扫码不可用时）","","完整候选索引；表达式内字面量可能是接口参数，是否实际展示以文案决策表与浏览器证据为准"
"src/normalized-ui/StaffModulePanel.tsx","1326","InventoryModule","jsx-text","不选，使用扫码","","完整候选索引；表达式内字面量可能是接口参数，是否实际展示以文案决策表与浏览器证据为准"
"src/normalized-ui/StaffModulePanel.tsx","1326","InventoryModule","jsx-template-text","每瓶","","完整候选索引；表达式内字面量可能是接口参数，是否实际展示以文案决策表与浏览器证据为准"
"src/normalized-ui/StaffModulePanel.tsx","1326","InventoryModule","jsx-template-text","毫升","","完整候选索引；表达式内字面量可能是接口参数，是否实际展示以文案决策表与浏览器证据为准"
"src/normalized-ui/StaffModulePanel.tsx","1327","InventoryModule","jsx-text","采购凭证号（选填）","","完整候选索引；表达式内字面量可能是接口参数，是否实际展示以文案决策表与浏览器证据为准"
"src/normalized-ui/StaffModulePanel.tsx","1327","InventoryModule","attribute:placeholder","送货单号；不填则由系统自动编号","","完整候选索引；表达式内字面量可能是接口参数，是否实际展示以文案决策表与浏览器证据为准"
"src/normalized-ui/StaffModulePanel.tsx","1328","InventoryModule","jsx-expression-literal","ml","","完整候选索引；表达式内字面量可能是接口参数，是否实际展示以文案决策表与浏览器证据为准"
"src/normalized-ui/StaffModulePanel.tsx","1328","InventoryModule","jsx-expression-literal","包装数量","","完整候选索引；表达式内字面量可能是接口参数，是否实际展示以文案决策表与浏览器证据为准"
"src/normalized-ui/StaffModulePanel.tsx","1328","InventoryModule","jsx-expression-literal","实际入库数量","","完整候选索引；表达式内字面量可能是接口参数，是否实际展示以文案决策表与浏览器证据为准"
"src/normalized-ui/StaffModulePanel.tsx","1329","InventoryModule","jsx-text","本批实际采购成本","","完整候选索引；表达式内字面量可能是接口参数，是否实际展示以文案决策表与浏览器证据为准"
"src/normalized-ui/StaffModulePanel.tsx","1329","InventoryModule","attribute:placeholder","0.00","","完整候选索引；表达式内字面量可能是接口参数，是否实际展示以文案决策表与浏览器证据为准"
"src/normalized-ui/StaffModulePanel.tsx","1329","InventoryModule","jsx-text","系统会按条码包装量和实际数量自动计算每瓶与库存单位成本，不需要填写 ¥/ml。","","完整候选索引；表达式内字面量可能是接口参数，是否实际展示以文案决策表与浏览器证据为准"
"src/normalized-ui/StaffModulePanel.tsx","1330","InventoryModule","jsx-text","供应商（选填）","","完整候选索引；表达式内字面量可能是接口参数，是否实际展示以文案决策表与浏览器证据为准"
"src/normalized-ui/StaffModulePanel.tsx","1331","InventoryModule","jsx-expression-literal","正在建立","","完整候选索引；表达式内字面量可能是接口参数，是否实际展示以文案决策表与浏览器证据为准"
"src/normalized-ui/StaffModulePanel.tsx","1331","InventoryModule","jsx-expression-literal","第一步：建立待收货单","","完整候选索引；表达式内字面量可能是接口参数，是否实际展示以文案决策表与浏览器证据为准"
"src/normalized-ui/StaffModulePanel.tsx","1333","InventoryModule","jsx-expression-literal","receive","","完整候选索引；表达式内字面量可能是接口参数，是否实际展示以文案决策表与浏览器证据为准"
"src/normalized-ui/StaffModulePanel.tsx","1333","InventoryModule","jsx-text","待实物确认","","完整候选索引；表达式内字面量可能是接口参数，是否实际展示以文案决策表与浏览器证据为准"
"src/normalized-ui/StaffModulePanel.tsx","1333","InventoryModule","jsx-template-text","物料","","完整候选索引；表达式内字面量可能是接口参数，是否实际展示以文案决策表与浏览器证据为准"
"src/normalized-ui/StaffModulePanel.tsx","1333","InventoryModule","jsx-expression-literal","已选物料","","完整候选索引；表达式内字面量可能是接口参数，是否实际展示以文案决策表与浏览器证据为准"
"src/normalized-ui/StaffModulePanel.tsx","1333","InventoryModule","jsx-template-text","条码","","完整候选索引；表达式内字面量可能是接口参数，是否实际展示以文案决策表与浏览器证据为准"
"src/normalized-ui/StaffModulePanel.tsx","1333","InventoryModule","jsx-text","· 凭证","","完整候选索引；表达式内字面量可能是接口参数，是否实际展示以文案决策表与浏览器证据为准"
"src/normalized-ui/StaffModulePanel.tsx","1333","InventoryModule","jsx-expression-literal","系统自动编号","","完整候选索引；表达式内字面量可能是接口参数，是否实际展示以文案决策表与浏览器证据为准"
"src/normalized-ui/StaffModulePanel.tsx","1333","InventoryModule","jsx-expression-literal","ml","","完整候选索引；表达式内字面量可能是接口参数，是否实际展示以文案决策表与浏览器证据为准"
"src/normalized-ui/StaffModulePanel.tsx","1333","InventoryModule","jsx-template-text","个包装","","完整候选索引；表达式内字面量可能是接口参数，是否实际展示以文案决策表与浏览器证据为准"
"src/normalized-ui/StaffModulePanel.tsx","1333","InventoryModule","jsx-text","· 总额 ¥","","完整候选索引；表达式内字面量可能是接口参数，是否实际展示以文案决策表与浏览器证据为准"
"src/normalized-ui/StaffModulePanel.tsx","1333","InventoryModule","jsx-text","。请核对净含量、数量、采购总额和送货单；发布前系统会按这张收货单重新核算单位成本。","","完整候选索引；表达式内字面量可能是接口参数，是否实际展示以文案决策表与浏览器证据为准"
"src/normalized-ui/StaffModulePanel.tsx","1333","InventoryModule","jsx-expression-literal","正在处理","","完整候选索引；表达式内字面量可能是接口参数，是否实际展示以文案决策表与浏览器证据为准"
"src/normalized-ui/StaffModulePanel.tsx","1333","InventoryModule","jsx-expression-literal","仅确认实物入库","","完整候选索引；表达式内字面量可能是接口参数，是否实际展示以文案决策表与浏览器证据为准"
"src/normalized-ui/StaffModulePanel.tsx","1333","InventoryModule","jsx-text","第三步：生成完整预览","","完整候选索引；表达式内字面量可能是接口参数，是否实际展示以文案决策表与浏览器证据为准"
"src/normalized-ui/StaffModulePanel.tsx","1333","InventoryModule","jsx-text","第四步：按预览入库发布","","完整候选索引；表达式内字面量可能是接口参数，是否实际展示以文案决策表与浏览器证据为准"
"src/normalized-ui/StaffModulePanel.tsx","1334","InventoryModule","jsx-expression-literal","bind","","完整候选索引；表达式内字面量可能是接口参数，是否实际展示以文案决策表与浏览器证据为准"
"src/normalized-ui/StaffModulePanel.tsx","1335","InventoryModule","jsx-text","首次绑定包装条码","","完整候选索引；表达式内字面量可能是接口参数，是否实际展示以文案决策表与浏览器证据为准"
"src/normalized-ui/StaffModulePanel.tsx","1335","InventoryModule","jsx-text","只在新物料或新包装首次出现时操作。条码只能绑定一个物料，绑定后普通收货岗位可直接扫码。","","完整候选索引；表达式内字面量可能是接口参数，是否实际展示以文案决策表与浏览器证据为准"
"src/normalized-ui/StaffModulePanel.tsx","1336","InventoryModule","jsx-text","库存物料","","完整候选索引；表达式内字面量可能是接口参数，是否实际展示以文案决策表与浏览器证据为准"
"src/normalized-ui/StaffModulePanel.tsx","1336","InventoryModule","jsx-text","请选择","","完整候选索引；表达式内字面量可能是接口参数，是否实际展示以文案决策表与浏览器证据为准"
"src/normalized-ui/StaffModulePanel.tsx","1336","InventoryModule","jsx-text","· 单位","","完整候选索引；表达式内字面量可能是接口参数，是否实际展示以文案决策表与浏览器证据为准"
"src/normalized-ui/StaffModulePanel.tsx","1337","InventoryModule","jsx-text","条形码或二维码","","完整候选索引；表达式内字面量可能是接口参数，是否实际展示以文案决策表与浏览器证据为准"
"src/normalized-ui/StaffModulePanel.tsx","1337","InventoryModule","jsx-text","扫码","","完整候选索引；表达式内字面量可能是接口参数，是否实际展示以文案决策表与浏览器证据为准"
"src/normalized-ui/StaffModulePanel.tsx","1338","InventoryModule","jsx-text","码类型","","完整候选索引；表达式内字面量可能是接口参数，是否实际展示以文案决策表与浏览器证据为准"
"src/normalized-ui/StaffModulePanel.tsx","1338","InventoryModule","jsx-text","商品条形码","","完整候选索引；表达式内字面量可能是接口参数，是否实际展示以文案决策表与浏览器证据为准"
"src/normalized-ui/StaffModulePanel.tsx","1338","InventoryModule","jsx-text","二维码","","完整候选索引；表达式内字面量可能是接口参数，是否实际展示以文案决策表与浏览器证据为准"
"src/normalized-ui/StaffModulePanel.tsx","1339","InventoryModule","jsx-text","每个条码包装计入数量","","完整候选索引；表达式内字面量可能是接口参数，是否实际展示以文案决策表与浏览器证据为准"
"src/normalized-ui/StaffModulePanel.tsx","1339","InventoryModule","jsx-text","例如750毫升酒瓶填750；按整件计数的物料填1。","","完整候选索引；表达式内字面量可能是接口参数，是否实际展示以文案决策表与浏览器证据为准"
"src/normalized-ui/StaffModulePanel.tsx","1340","InventoryModule","jsx-expression-literal","正在绑定","","完整候选索引；表达式内字面量可能是接口参数，是否实际展示以文案决策表与浏览器证据为准"
"src/normalized-ui/StaffModulePanel.tsx","1340","InventoryModule","jsx-expression-literal","确认绑定条码","","完整候选索引；表达式内字面量可能是接口参数，是否实际展示以文案决策表与浏览器证据为准"
"src/normalized-ui/StaffModulePanel.tsx","1342","InventoryModule","jsx-text","查看库存","","完整候选索引；表达式内字面量可能是接口参数，是否实际展示以文案决策表与浏览器证据为准"
"src/normalized-ui/StaffModulePanel.tsx","1342","InventoryModule","jsx-text","全部库存（","","完整候选索引；表达式内字面量可能是接口参数，是否实际展示以文案决策表与浏览器证据为准"
"src/normalized-ui/StaffModulePanel.tsx","1343","InventoryModule","jsx-text","· 可用","","完整候选索引；表达式内字面量可能是接口参数，是否实际展示以文案决策表与浏览器证据为准"
"src/normalized-ui/StaffModulePanel.tsx","1343","InventoryModule","jsx-template-text","· 每瓶","","完整候选索引；表达式内字面量可能是接口参数，是否实际展示以文案决策表与浏览器证据为准"
"src/normalized-ui/StaffModulePanel.tsx","1343","InventoryModule","jsx-template-text","毫升","","完整候选索引；表达式内字面量可能是接口参数，是否实际展示以文案决策表与浏览器证据为准"
"src/normalized-ui/StaffModulePanel.tsx","1343","InventoryModule","jsx-expression-literal","ml","","完整候选索引；表达式内字面量可能是接口参数，是否实际展示以文案决策表与浏览器证据为准"
"src/normalized-ui/StaffModulePanel.tsx","1343","InventoryModule","jsx-expression-literal","· 历史单位待核对","","完整候选索引；表达式内字面量可能是接口参数，是否实际展示以文案决策表与浏览器证据为准"
"src/normalized-ui/StaffModulePanel.tsx","1343","InventoryModule","jsx-text","最近确认入库","","完整候选索引；表达式内字面量可能是接口参数，是否实际展示以文案决策表与浏览器证据为准"
"src/normalized-ui/StaffModulePanel.tsx","1343","InventoryModule","jsx-expression-literal","complete","","完整候选索引；表达式内字面量可能是接口参数，是否实际展示以文案决策表与浏览器证据为准"
"src/normalized-ui/StaffModulePanel.tsx","1343","InventoryModule","jsx-expression-literal","manual_correction","","完整候选索引；表达式内字面量可能是接口参数，是否实际展示以文案决策表与浏览器证据为准"
"src/normalized-ui/StaffModulePanel.tsx","1343","InventoryModule","jsx-expression-literal","核对后当前成本","","完整候选索引；表达式内字面量可能是接口参数，是否实际展示以文案决策表与浏览器证据为准"
"src/normalized-ui/StaffModulePanel.tsx","1343","InventoryModule","jsx-expression-literal","当前加权成本","","完整候选索引；表达式内字面量可能是接口参数，是否实际展示以文案决策表与浏览器证据为准"
"src/normalized-ui/StaffModulePanel.tsx","1343","InventoryModule","jsx-template-text","· 最近采购 ¥","","完整候选索引；表达式内字面量可能是接口参数，是否实际展示以文案决策表与浏览器证据为准"
"src/normalized-ui/StaffModulePanel.tsx","1343","InventoryModule","jsx-expression-literal","needs_review","","完整候选索引；表达式内字面量可能是接口参数，是否实际展示以文案决策表与浏览器证据为准"
"src/normalized-ui/StaffModulePanel.tsx","1343","InventoryModule","jsx-expression-literal","成本待核对，不会猜测毛利","","完整候选索引；表达式内字面量可能是接口参数，是否实际展示以文案决策表与浏览器证据为准"
"src/normalized-ui/StaffModulePanel.tsx","1343","InventoryModule","jsx-expression-literal","尚无可用成本","","完整候选索引；表达式内字面量可能是接口参数，是否实际展示以文案决策表与浏览器证据为准"
"src/normalized-ui/StaffModulePanel.tsx","1343","InventoryModule","jsx-expression-literal","需补货","","完整候选索引；表达式内字面量可能是接口参数，是否实际展示以文案决策表与浏览器证据为准"
"src/normalized-ui/StaffModulePanel.tsx","1343","InventoryModule","jsx-expression-literal","正常","","完整候选索引；表达式内字面量可能是接口参数，是否实际展示以文案决策表与浏览器证据为准"
"src/normalized-ui/StaffModulePanel.tsx","1343","InventoryModule","jsx-text","录入实盘","","完整候选索引；表达式内字面量可能是接口参数，是否实际展示以文案决策表与浏览器证据为准"
"src/normalized-ui/StaffModulePanel.tsx","1343","InventoryModule","jsx-text","编辑资料","","完整候选索引；表达式内字面量可能是接口参数，是否实际展示以文案决策表与浏览器证据为准"
"src/normalized-ui/StaffModulePanel.tsx","1344","InventoryModule","jsx-text","酒水按配方扣减库存；小吃和水果标记为暂不管理库存时不拦截下单。盘点须复核后生效，扫码进货必须经过建立收货单和实物确认两步。","","完整候选索引；表达式内字面量可能是接口参数，是否实际展示以文案决策表与浏览器证据为准"
"src/normalized-ui/StaffModulePanel.tsx","1348","InventoryModule","display-definition","商品与上架","","完整候选索引；表达式内字面量可能是接口参数，是否实际展示以文案决策表与浏览器证据为准"
"src/normalized-ui/StaffModulePanel.tsx","1348","InventoryModule","feedback","已定位所选物料；更正后返回下方原商品，点击重新核算成本。","","完整候选索引；表达式内字面量可能是接口参数，是否实际展示以文案决策表与浏览器证据为准"
"src/normalized-ui/StaffModulePanel.tsx","1349","InventoryModule","display-definition","会员存酒","","完整候选索引；表达式内字面量可能是接口参数，是否实际展示以文案决策表与浏览器证据为准"
"src/normalized-ui/StaffModulePanel.tsx","1371","OperationsModule","jsx-text","费用与工资管理","","完整候选索引；表达式内字面量可能是接口参数，是否实际展示以文案决策表与浏览器证据为准"
"src/normalized-ui/StaffModulePanel.tsx","1372","OperationsModule","jsx-text","客户与销售","","完整候选索引；表达式内字面量可能是接口参数，是否实际展示以文案决策表与浏览器证据为准"
"src/normalized-ui/StaffModulePanel.tsx","1372","OperationsModule","jsx-text","仅显示当前账号权限范围内的销售归属，不展示门店利润与成本。","","完整候选索引；表达式内字面量可能是接口参数，是否实际展示以文案决策表与浏览器证据为准"
"src/normalized-ui/StaffModulePanel.tsx","1375","OperationsModule","jsx-text","费用与工资管理","","完整候选索引；表达式内字面量可能是接口参数，是否实际展示以文案决策表与浏览器证据为准"
"src/normalized-ui/StaffModulePanel.tsx","1377","OperationsModule","jsx-text","营业概览","","完整候选索引；表达式内字面量可能是接口参数，是否实际展示以文案决策表与浏览器证据为准"
"src/normalized-ui/StaffModulePanel.tsx","1377","OperationsModule","jsx-expression-literal","complete","","完整候选索引；表达式内字面量可能是接口参数，是否实际展示以文案决策表与浏览器证据为准"
"src/normalized-ui/StaffModulePanel.tsx","1377","OperationsModule","jsx-expression-literal","数据已完整核对","","完整候选索引；表达式内字面量可能是接口参数，是否实际展示以文案决策表与浏览器证据为准"
"src/normalized-ui/StaffModulePanel.tsx","1377","OperationsModule","jsx-expression-literal","当日数据暂估，后补成本会自动更新","","完整候选索引；表达式内字面量可能是接口参数，是否实际展示以文案决策表与浏览器证据为准"
"src/normalized-ui/StaffModulePanel.tsx","1379","OperationsModule","jsx-text","实收净额","","完整候选索引；表达式内字面量可能是接口参数，是否实际展示以文案决策表与浏览器证据为准"
"src/normalized-ui/StaffModulePanel.tsx","1380","OperationsModule","jsx-text","已售商品成本","","完整候选索引；表达式内字面量可能是接口参数，是否实际展示以文案决策表与浏览器证据为准"
"src/normalized-ui/StaffModulePanel.tsx","1381","OperationsModule","jsx-text","经营费用","","完整候选索引；表达式内字面量可能是接口参数，是否实际展示以文案决策表与浏览器证据为准"
"src/normalized-ui/StaffModulePanel.tsx","1382","OperationsModule","jsx-text","库存损耗","","完整候选索引；表达式内字面量可能是接口参数，是否实际展示以文案决策表与浏览器证据为准"
"src/normalized-ui/StaffModulePanel.tsx","1383","OperationsModule","jsx-text","毛利润","","完整候选索引；表达式内字面量可能是接口参数，是否实际展示以文案决策表与浏览器证据为准"
"src/normalized-ui/StaffModulePanel.tsx","1384","OperationsModule","jsx-text","经营利润","","完整候选索引；表达式内字面量可能是接口参数，是否实际展示以文案决策表与浏览器证据为准"
"src/normalized-ui/StaffModulePanel.tsx","1385","OperationsModule","jsx-text","现金结余（非利润）","","完整候选索引；表达式内字面量可能是接口参数，是否实际展示以文案决策表与浏览器证据为准"
"src/normalized-ui/StaffModulePanel.tsx","1387","OperationsModule","jsx-text","个已售单品和","","完整候选索引；表达式内字面量可能是接口参数，是否实际展示以文案决策表与浏览器证据为准"
"src/normalized-ui/StaffModulePanel.tsx","1387","OperationsModule","jsx-text","笔损耗缺少成本，当前利润只能作为暂估。","","完整候选索引；表达式内字面量可能是接口参数，是否实际展示以文案决策表与浏览器证据为准"
"src/normalized-ui/StaffModulePanel.tsx","1389","OperationsModule","jsx-text","费用与工资管理","","完整候选索引；表达式内字面量可能是接口参数，是否实际展示以文案决策表与浏览器证据为准"
"src/normalized-ui/StaffModulePanel.tsx","1434","run","feedback","请填写至少3个字的操作原因","","完整候选索引；表达式内字面量可能是接口参数，是否实际展示以文案决策表与浏览器证据为准"
"src/normalized-ui/StaffModulePanel.tsx","1455","retry","display-definition","确认重试打印任务","","完整候选索引；表达式内字面量可能是接口参数，是否实际展示以文案决策表与浏览器证据为准"
"src/normalized-ui/StaffModulePanel.tsx","1462","reprint","display-definition","核对后补打小票","","完整候选索引；表达式内字面量可能是接口参数，是否实际展示以文案决策表与浏览器证据为准"
"src/normalized-ui/StaffModulePanel.tsx","1462","reprint","display-definition","请先确认现场是否已出纸，避免重复制作。原成功、失败或未知记录均保留，新票标注“补打”，不会重新下单或收款。","","完整候选索引；表达式内字面量可能是接口参数，是否实际展示以文案决策表与浏览器证据为准"
"src/normalized-ui/StaffModulePanel.tsx","1502","savePrinter","feedback","Windows打印必须同时选择打印桥和打印机队列","","完整候选索引；表达式内字面量可能是接口参数，是否实际展示以文案决策表与浏览器证据为准"
"src/normalized-ui/StaffModulePanel.tsx","1535","saveRoute","feedback","请选择打印机，份数必须为1至5","","完整候选索引；表达式内字面量可能是接口参数，是否实际展示以文案决策表与浏览器证据为准"
"src/normalized-ui/StaffModulePanel.tsx","1567","revokeBridge","display-definition","确认撤销打印桥凭据","","完整候选索引；表达式内字面量可能是接口参数，是否实际展示以文案决策表与浏览器证据为准"
"src/normalized-ui/StaffModulePanel.tsx","1574","DevicesModule","jsx-text","台设备 ·","","完整候选索引；表达式内字面量可能是接口参数，是否实际展示以文案决策表与浏览器证据为准"
"src/normalized-ui/StaffModulePanel.tsx","1574","DevicesModule","jsx-text","项打印待办","","完整候选索引；表达式内字面量可能是接口参数，是否实际展示以文案决策表与浏览器证据为准"
"src/normalized-ui/StaffModulePanel.tsx","1574","DevicesModule","jsx-template-text","项需要管理员检查","","完整候选索引；表达式内字面量可能是接口参数，是否实际展示以文案决策表与浏览器证据为准"
"src/normalized-ui/StaffModulePanel.tsx","1574","DevicesModule","jsx-expression-literal","当前没有设备或打印异常","","完整候选索引；表达式内字面量可能是接口参数，是否实际展示以文案决策表与浏览器证据为准"
"src/normalized-ui/StaffModulePanel.tsx","1575","DevicesModule","jsx-text","本次操作原因","","完整候选索引；表达式内字面量可能是接口参数，是否实际展示以文案决策表与浏览器证据为准"
"src/normalized-ui/StaffModulePanel.tsx","1578","DevicesModule","jsx-text","打印机上线流程","","完整候选索引；表达式内字面量可能是接口参数，是否实际展示以文案决策表与浏览器证据为准"
"src/normalized-ui/StaffModulePanel.tsx","1578","DevicesModule","jsx-text","按顺序完成，配置、在线状态、路由和测试都集中在这里。","","完整候选索引；表达式内字面量可能是接口参数，是否实际展示以文案决策表与浏览器证据为准"
"src/normalized-ui/StaffModulePanel.tsx","1578","DevicesModule","jsx-expression-literal","active","","完整候选索引；表达式内字面量可能是接口参数，是否实际展示以文案决策表与浏览器证据为准"
"src/normalized-ui/StaffModulePanel.tsx","1578","DevicesModule","jsx-expression-literal","可联调","","完整候选索引；表达式内字面量可能是接口参数，是否实际展示以文案决策表与浏览器证据为准"
"src/normalized-ui/StaffModulePanel.tsx","1578","DevicesModule","jsx-expression-literal","待配置","","完整候选索引；表达式内字面量可能是接口参数，是否实际展示以文案决策表与浏览器证据为准"
"src/normalized-ui/StaffModulePanel.tsx","1580","DevicesModule","jsx-text","连接门店电脑","","完整候选索引；表达式内字面量可能是接口参数，是否实际展示以文案决策表与浏览器证据为准"
"src/normalized-ui/StaffModulePanel.tsx","1580","DevicesModule","jsx-text","安装Windows打印桥并用一次性码配对","","完整候选索引；表达式内字面量可能是接口参数，是否实际展示以文案决策表与浏览器证据为准"
"src/normalized-ui/StaffModulePanel.tsx","1580","DevicesModule","jsx-text","打开","","完整候选索引；表达式内字面量可能是接口参数，是否实际展示以文案决策表与浏览器证据为准"
"src/normalized-ui/StaffModulePanel.tsx","1581","DevicesModule","jsx-text","登记打印机","","完整候选索引；表达式内字面量可能是接口参数，是否实际展示以文案决策表与浏览器证据为准"
"src/normalized-ui/StaffModulePanel.tsx","1581","DevicesModule","jsx-text","填写Windows队列、纸宽和所在位置","","完整候选索引；表达式内字面量可能是接口参数，是否实际展示以文案决策表与浏览器证据为准"
"src/normalized-ui/StaffModulePanel.tsx","1581","DevicesModule","jsx-text","打开","","完整候选索引；表达式内字面量可能是接口参数，是否实际展示以文案决策表与浏览器证据为准"
"src/normalized-ui/StaffModulePanel.tsx","1582","DevicesModule","jsx-text","配置分流","","完整候选索引；表达式内字面量可能是接口参数，是否实际展示以文案决策表与浏览器证据为准"
"src/normalized-ui/StaffModulePanel.tsx","1582","DevicesModule","jsx-text","吧台、后厨、收银分别选择目标打印机","","完整候选索引；表达式内字面量可能是接口参数，是否实际展示以文案决策表与浏览器证据为准"
"src/normalized-ui/StaffModulePanel.tsx","1582","DevicesModule","jsx-text","打开","","完整候选索引；表达式内字面量可能是接口参数，是否实际展示以文案决策表与浏览器证据为准"
"src/normalized-ui/StaffModulePanel.tsx","1583","DevicesModule","jsx-text","测试并验收","","完整候选索引；表达式内字面量可能是接口参数，是否实际展示以文案决策表与浏览器证据为准"
"src/normalized-ui/StaffModulePanel.tsx","1583","DevicesModule","jsx-text","实体出纸后核对标题、桌号、订单号和备注","","完整候选索引；表达式内字面量可能是接口参数，是否实际展示以文案决策表与浏览器证据为准"
"src/normalized-ui/StaffModulePanel.tsx","1583","DevicesModule","jsx-text","查看设备","","完整候选索引；表达式内字面量可能是接口参数，是否实际展示以文案决策表与浏览器证据为准"
"src/normalized-ui/StaffModulePanel.tsx","1586","DevicesModule","jsx-expression-literal","bridge","","完整候选索引；表达式内字面量可能是接口参数，是否实际展示以文案决策表与浏览器证据为准"
"src/normalized-ui/StaffModulePanel.tsx","1587","DevicesModule","jsx-text","门店Windows打印桥","","完整候选索引；表达式内字面量可能是接口参数，是否实际展示以文案决策表与浏览器证据为准"
"src/normalized-ui/StaffModulePanel.tsx","1587","DevicesModule","jsx-text","打印桥作为系统服务随电脑开机启动，不使用员工账号；门店电脑只主动通过HTTPS领取任务。","","完整候选索引；表达式内字面量可能是接口参数，是否实际展示以文案决策表与浏览器证据为准"
"src/normalized-ui/StaffModulePanel.tsx","1588","DevicesModule","jsx-text","生成10分钟一次性配对码","","完整候选索引；表达式内字面量可能是接口参数，是否实际展示以文案决策表与浏览器证据为准"
"src/normalized-ui/StaffModulePanel.tsx","1589","DevicesModule","jsx-text","有效至","","完整候选索引；表达式内字面量可能是接口参数，是否实际展示以文案决策表与浏览器证据为准"
"src/normalized-ui/StaffModulePanel.tsx","1589","DevicesModule","jsx-text","。只输入到门店打印桥，不要发到群聊或截图留存。","","完整候选索引；表达式内字面量可能是接口参数，是否实际展示以文案决策表与浏览器证据为准"
"src/normalized-ui/StaffModulePanel.tsx","1590","DevicesModule","jsx-text","尚无已配对打印桥。","","完整候选索引；表达式内字面量可能是接口参数，是否实际展示以文案决策表与浏览器证据为准"
"src/normalized-ui/StaffModulePanel.tsx","1590","DevicesModule","jsx-text","· 版本","","完整候选索引；表达式内字面量可能是接口参数，是否实际展示以文案决策表与浏览器证据为准"
"src/normalized-ui/StaffModulePanel.tsx","1590","DevicesModule","jsx-text","台打印机","","完整候选索引；表达式内字面量可能是接口参数，是否实际展示以文案决策表与浏览器证据为准"
"src/normalized-ui/StaffModulePanel.tsx","1590","DevicesModule","jsx-expression-literal","revoked","","完整候选索引；表达式内字面量可能是接口参数，是否实际展示以文案决策表与浏览器证据为准"
"src/normalized-ui/StaffModulePanel.tsx","1590","DevicesModule","jsx-expression-literal","已撤销","","完整候选索引；表达式内字面量可能是接口参数，是否实际展示以文案决策表与浏览器证据为准"
"src/normalized-ui/StaffModulePanel.tsx","1590","DevicesModule","jsx-expression-literal","在线","","完整候选索引；表达式内字面量可能是接口参数，是否实际展示以文案决策表与浏览器证据为准"
"src/normalized-ui/StaffModulePanel.tsx","1590","DevicesModule","jsx-expression-literal","离线","","完整候选索引；表达式内字面量可能是接口参数，是否实际展示以文案决策表与浏览器证据为准"
"src/normalized-ui/StaffModulePanel.tsx","1590","DevicesModule","jsx-expression-literal","active","","完整候选索引；表达式内字面量可能是接口参数，是否实际展示以文案决策表与浏览器证据为准"
"src/normalized-ui/StaffModulePanel.tsx","1590","DevicesModule","jsx-text","撤销","","完整候选索引；表达式内字面量可能是接口参数，是否实际展示以文案决策表与浏览器证据为准"
"src/normalized-ui/StaffModulePanel.tsx","1592","DevicesModule","jsx-expression-literal","printer","","完整候选索引；表达式内字面量可能是接口参数，是否实际展示以文案决策表与浏览器证据为准"
"src/normalized-ui/StaffModulePanel.tsx","1593","DevicesModule","jsx-expression-literal","登记Windows打印机","","完整候选索引；表达式内字面量可能是接口参数，是否实际展示以文案决策表与浏览器证据为准"
"src/normalized-ui/StaffModulePanel.tsx","1593","DevicesModule","jsx-expression-literal","编辑打印机","","完整候选索引；表达式内字面量可能是接口参数，是否实际展示以文案决策表与浏览器证据为准"
"src/normalized-ui/StaffModulePanel.tsx","1593","DevicesModule","jsx-text","先在Windows“打印机和扫描仪”完成驱动和测试页；队列名称只从打印桥实际读取。","","完整候选索引；表达式内字面量可能是接口参数，是否实际展示以文案决策表与浏览器证据为准"
"src/normalized-ui/StaffModulePanel.tsx","1594","DevicesModule","jsx-text","设备编号","","完整候选索引；表达式内字面量可能是接口参数，是否实际展示以文案决策表与浏览器证据为准"
"src/normalized-ui/StaffModulePanel.tsx","1594","DevicesModule","attribute:title","只能用英文、数字、点、下划线和中划线，例如 batai 或 BAR-USB-01；中文请写在显示名称","","完整候选索引；表达式内字面量可能是接口参数，是否实际展示以文案决策表与浏览器证据为准"
"src/normalized-ui/StaffModulePanel.tsx","1594","DevicesModule","attribute:placeholder","例如 batai 或 BAR-USB-01","","完整候选索引；表达式内字面量可能是接口参数，是否实际展示以文案决策表与浏览器证据为准"
"src/normalized-ui/StaffModulePanel.tsx","1594","DevicesModule","jsx-text","编号不能用中文；中文名称填「显示名称」。","","完整候选索引；表达式内字面量可能是接口参数，是否实际展示以文案决策表与浏览器证据为准"
"src/normalized-ui/StaffModulePanel.tsx","1595","DevicesModule","jsx-text","显示名称","","完整候选索引；表达式内字面量可能是接口参数，是否实际展示以文案决策表与浏览器证据为准"
"src/normalized-ui/StaffModulePanel.tsx","1595","DevicesModule","attribute:placeholder","例如 收银吧台USB打印机","","完整候选索引；表达式内字面量可能是接口参数，是否实际展示以文案决策表与浏览器证据为准"
"src/normalized-ui/StaffModulePanel.tsx","1596","DevicesModule","jsx-text","所在位置","","完整候选索引；表达式内字面量可能是接口参数，是否实际展示以文案决策表与浏览器证据为准"
"src/normalized-ui/StaffModulePanel.tsx","1596","DevicesModule","jsx-text","收银/吧台","","完整候选索引；表达式内字面量可能是接口参数，是否实际展示以文案决策表与浏览器证据为准"
"src/normalized-ui/StaffModulePanel.tsx","1596","DevicesModule","jsx-text","吧台","","完整候选索引；表达式内字面量可能是接口参数，是否实际展示以文案决策表与浏览器证据为准"
"src/normalized-ui/StaffModulePanel.tsx","1596","DevicesModule","jsx-text","后厨","","完整候选索引；表达式内字面量可能是接口参数，是否实际展示以文案决策表与浏览器证据为准"
"src/normalized-ui/StaffModulePanel.tsx","1597","DevicesModule","jsx-text","打印桥","","完整候选索引；表达式内字面量可能是接口参数，是否实际展示以文案决策表与浏览器证据为准"
"src/normalized-ui/StaffModulePanel.tsx","1597","DevicesModule","jsx-text","请选择","","完整候选索引；表达式内字面量可能是接口参数，是否实际展示以文案决策表与浏览器证据为准"
"src/normalized-ui/StaffModulePanel.tsx","1597","DevicesModule","jsx-expression-literal","active","","完整候选索引；表达式内字面量可能是接口参数，是否实际展示以文案决策表与浏览器证据为准"
"src/normalized-ui/StaffModulePanel.tsx","1597","DevicesModule","jsx-expression-literal","在线","","完整候选索引；表达式内字面量可能是接口参数，是否实际展示以文案决策表与浏览器证据为准"
"src/normalized-ui/StaffModulePanel.tsx","1597","DevicesModule","jsx-expression-literal","离线","","完整候选索引；表达式内字面量可能是接口参数，是否实际展示以文案决策表与浏览器证据为准"
"src/normalized-ui/StaffModulePanel.tsx","1598","DevicesModule","jsx-text","Windows打印机队列","","完整候选索引；表达式内字面量可能是接口参数，是否实际展示以文案决策表与浏览器证据为准"
"src/normalized-ui/StaffModulePanel.tsx","1598","DevicesModule","jsx-expression-literal","请先选择打印桥","","完整候选索引；表达式内字面量可能是接口参数，是否实际展示以文案决策表与浏览器证据为准"
"src/normalized-ui/StaffModulePanel.tsx","1598","DevicesModule","jsx-expression-literal","尚未读取到队列，请确认打印桥在线","","完整候选索引；表达式内字面量可能是接口参数，是否实际展示以文案决策表与浏览器证据为准"
"src/normalized-ui/StaffModulePanel.tsx","1598","DevicesModule","jsx-expression-literal","请选择Windows队列","","完整候选索引；表达式内字面量可能是接口参数，是否实际展示以文案决策表与浏览器证据为准"
"src/normalized-ui/StaffModulePanel.tsx","1598","DevicesModule","jsx-text","队列由门店电脑自动上报，避免手工输入错误。","","完整候选索引；表达式内字面量可能是接口参数，是否实际展示以文案决策表与浏览器证据为准"
"src/normalized-ui/StaffModulePanel.tsx","1599","DevicesModule","jsx-text","打印规格","","完整候选索引；表达式内字面量可能是接口参数，是否实际展示以文案决策表与浏览器证据为准"
"src/normalized-ui/StaffModulePanel.tsx","1599","DevicesModule","jsx-text","80毫米热敏票据","","完整候选索引；表达式内字面量可能是接口参数，是否实际展示以文案决策表与浏览器证据为准"
"src/normalized-ui/StaffModulePanel.tsx","1599","DevicesModule","jsx-text","58毫米热敏票据","","完整候选索引；表达式内字面量可能是接口参数，是否实际展示以文案决策表与浏览器证据为准"
"src/normalized-ui/StaffModulePanel.tsx","1599","DevicesModule","jsx-text","Windows文本驱动","","完整候选索引；表达式内字面量可能是接口参数，是否实际展示以文案决策表与浏览器证据为准"
"src/normalized-ui/StaffModulePanel.tsx","1600","DevicesModule","jsx-text","保存打印机","","完整候选索引；表达式内字面量可能是接口参数，是否实际展示以文案决策表与浏览器证据为准"
"src/normalized-ui/StaffModulePanel.tsx","1600","DevicesModule","jsx-text","取消编辑","","完整候选索引；表达式内字面量可能是接口参数，是否实际展示以文案决策表与浏览器证据为准"
"src/normalized-ui/StaffModulePanel.tsx","1602","DevicesModule","jsx-expression-literal","route","","完整候选索引；表达式内字面量可能是接口参数，是否实际展示以文案决策表与浏览器证据为准"
"src/normalized-ui/StaffModulePanel.tsx","1603","DevicesModule","jsx-text","配置打印分流","","完整候选索引；表达式内字面量可能是接口参数，是否实际展示以文案决策表与浏览器证据为准"
"src/normalized-ui/StaffModulePanel.tsx","1603","DevicesModule","jsx-text","酒水制作单去吧台，小吃制作单去后厨，支付成功后的消费凭条去收银打印机。","","完整候选索引；表达式内字面量可能是接口参数，是否实际展示以文案决策表与浏览器证据为准"
"src/normalized-ui/StaffModulePanel.tsx","1604","DevicesModule","jsx-text","分流编号","","完整候选索引；表达式内字面量可能是接口参数，是否实际展示以文案决策表与浏览器证据为准"
"src/normalized-ui/StaffModulePanel.tsx","1604","DevicesModule","attribute:placeholder","例如 CASHIER-RECEIPT","","完整候选索引；表达式内字面量可能是接口参数，是否实际展示以文案决策表与浏览器证据为准"
"src/normalized-ui/StaffModulePanel.tsx","1605","DevicesModule","jsx-text","分流名称","","完整候选索引；表达式内字面量可能是接口参数，是否实际展示以文案决策表与浏览器证据为准"
"src/normalized-ui/StaffModulePanel.tsx","1605","DevicesModule","attribute:placeholder","例如 收银付款凭条","","完整候选索引；表达式内字面量可能是接口参数，是否实际展示以文案决策表与浏览器证据为准"
"src/normalized-ui/StaffModulePanel.tsx","1606","DevicesModule","jsx-text","业务内容","","完整候选索引；表达式内字面量可能是接口参数，是否实际展示以文案决策表与浏览器证据为准"
"src/normalized-ui/StaffModulePanel.tsx","1606","DevicesModule","jsx-text","酒水/调酒制作单","","完整候选索引；表达式内字面量可能是接口参数，是否实际展示以文案决策表与浏览器证据为准"
"src/normalized-ui/StaffModulePanel.tsx","1606","DevicesModule","jsx-text","小吃/食品制作单","","完整候选索引；表达式内字面量可能是接口参数，是否实际展示以文案决策表与浏览器证据为准"
"src/normalized-ui/StaffModulePanel.tsx","1606","DevicesModule","jsx-text","付款凭条","","完整候选索引；表达式内字面量可能是接口参数，是否实际展示以文案决策表与浏览器证据为准"
"src/normalized-ui/StaffModulePanel.tsx","1607","DevicesModule","jsx-text","目标打印机","","完整候选索引；表达式内字面量可能是接口参数，是否实际展示以文案决策表与浏览器证据为准"
"src/normalized-ui/StaffModulePanel.tsx","1607","DevicesModule","jsx-text","请选择","","完整候选索引；表达式内字面量可能是接口参数，是否实际展示以文案决策表与浏览器证据为准"
"src/normalized-ui/StaffModulePanel.tsx","1607","DevicesModule","jsx-expression-literal","printer","","完整候选索引；表达式内字面量可能是接口参数，是否实际展示以文案决策表与浏览器证据为准"
"src/normalized-ui/StaffModulePanel.tsx","1607","DevicesModule","jsx-expression-literal","active","","完整候选索引；表达式内字面量可能是接口参数，是否实际展示以文案决策表与浏览器证据为准"
"src/normalized-ui/StaffModulePanel.tsx","1607","DevicesModule","jsx-expression-literal","未配置队列","","完整候选索引；表达式内字面量可能是接口参数，是否实际展示以文案决策表与浏览器证据为准"
"src/normalized-ui/StaffModulePanel.tsx","1608","DevicesModule","jsx-text","打印份数","","完整候选索引；表达式内字面量可能是接口参数，是否实际展示以文案决策表与浏览器证据为准"
"src/normalized-ui/StaffModulePanel.tsx","1609","DevicesModule","jsx-text","保存打印分流","","完整候选索引；表达式内字面量可能是接口参数，是否实际展示以文案决策表与浏览器证据为准"
"src/normalized-ui/StaffModulePanel.tsx","1611","DevicesModule","jsx-text","当前打印分流","","完整候选索引；表达式内字面量可能是接口参数，是否实际展示以文案决策表与浏览器证据为准"
"src/normalized-ui/StaffModulePanel.tsx","1611","DevicesModule","jsx-expression-literal","打印机已移除","","完整候选索引；表达式内字面量可能是接口参数，是否实际展示以文案决策表与浏览器证据为准"
"src/normalized-ui/StaffModulePanel.tsx","1611","DevicesModule","jsx-expression-literal","active","","完整候选索引；表达式内字面量可能是接口参数，是否实际展示以文案决策表与浏览器证据为准"
"src/normalized-ui/StaffModulePanel.tsx","1611","DevicesModule","jsx-expression-literal","启用","","完整候选索引；表达式内字面量可能是接口参数，是否实际展示以文案决策表与浏览器证据为准"
"src/normalized-ui/StaffModulePanel.tsx","1611","DevicesModule","jsx-expression-literal","暂停","","完整候选索引；表达式内字面量可能是接口参数，是否实际展示以文案决策表与浏览器证据为准"
"src/normalized-ui/StaffModulePanel.tsx","1611","DevicesModule","jsx-text","编辑","","完整候选索引；表达式内字面量可能是接口参数，是否实际展示以文案决策表与浏览器证据为准"
"src/normalized-ui/StaffModulePanel.tsx","1611","DevicesModule","jsx-expression-literal","retired","","完整候选索引；表达式内字面量可能是接口参数，是否实际展示以文案决策表与浏览器证据为准"
"src/normalized-ui/StaffModulePanel.tsx","1611","DevicesModule","jsx-expression-literal","active","","完整候选索引；表达式内字面量可能是接口参数，是否实际展示以文案决策表与浏览器证据为准"
"src/normalized-ui/StaffModulePanel.tsx","1611","DevicesModule","jsx-expression-literal","暂停","","完整候选索引；表达式内字面量可能是接口参数，是否实际展示以文案决策表与浏览器证据为准"
"src/normalized-ui/StaffModulePanel.tsx","1611","DevicesModule","jsx-expression-literal","启用","","完整候选索引；表达式内字面量可能是接口参数，是否实际展示以文案决策表与浏览器证据为准"
"src/normalized-ui/StaffModulePanel.tsx","1612","DevicesModule","jsx-expression-literal","全店","","完整候选索引；表达式内字面量可能是接口参数，是否实际展示以文案决策表与浏览器证据为准"
"src/normalized-ui/StaffModulePanel.tsx","1612","DevicesModule","jsx-expression-literal","active","","完整候选索引；表达式内字面量可能是接口参数，是否实际展示以文案决策表与浏览器证据为准"
"src/normalized-ui/StaffModulePanel.tsx","1612","DevicesModule","jsx-expression-literal","启用","","完整候选索引；表达式内字面量可能是接口参数，是否实际展示以文案决策表与浏览器证据为准"
"src/normalized-ui/StaffModulePanel.tsx","1612","DevicesModule","jsx-expression-literal","paused","","完整候选索引；表达式内字面量可能是接口参数，是否实际展示以文案决策表与浏览器证据为准"
"src/normalized-ui/StaffModulePanel.tsx","1612","DevicesModule","jsx-expression-literal","暂停","","完整候选索引；表达式内字面量可能是接口参数，是否实际展示以文案决策表与浏览器证据为准"
"src/normalized-ui/StaffModulePanel.tsx","1612","DevicesModule","jsx-expression-literal","退役","","完整候选索引；表达式内字面量可能是接口参数，是否实际展示以文案决策表与浏览器证据为准"
"src/normalized-ui/StaffModulePanel.tsx","1612","DevicesModule","jsx-expression-literal","printer","","完整候选索引；表达式内字面量可能是接口参数，是否实际展示以文案决策表与浏览器证据为准"
"src/normalized-ui/StaffModulePanel.tsx","1612","DevicesModule","jsx-text","编辑","","完整候选索引；表达式内字面量可能是接口参数，是否实际展示以文案决策表与浏览器证据为准"
"src/normalized-ui/StaffModulePanel.tsx","1612","DevicesModule","jsx-expression-literal","printer","","完整候选索引；表达式内字面量可能是接口参数，是否实际展示以文案决策表与浏览器证据为准"
"src/normalized-ui/StaffModulePanel.tsx","1612","DevicesModule","jsx-expression-literal","retired","","完整候选索引；表达式内字面量可能是接口参数，是否实际展示以文案决策表与浏览器证据为准"
"src/normalized-ui/StaffModulePanel.tsx","1612","DevicesModule","jsx-expression-literal","active","","完整候选索引；表达式内字面量可能是接口参数，是否实际展示以文案决策表与浏览器证据为准"
"src/normalized-ui/StaffModulePanel.tsx","1612","DevicesModule","jsx-expression-literal","暂停","","完整候选索引；表达式内字面量可能是接口参数，是否实际展示以文案决策表与浏览器证据为准"
"src/normalized-ui/StaffModulePanel.tsx","1612","DevicesModule","jsx-expression-literal","启用","","完整候选索引；表达式内字面量可能是接口参数，是否实际展示以文案决策表与浏览器证据为准"
"src/normalized-ui/StaffModulePanel.tsx","1612","DevicesModule","jsx-text","检测","","完整候选索引；表达式内字面量可能是接口参数，是否实际展示以文案决策表与浏览器证据为准"
"src/normalized-ui/StaffModulePanel.tsx","1612","DevicesModule","jsx-expression-literal","online","","完整候选索引；表达式内字面量可能是接口参数，是否实际展示以文案决策表与浏览器证据为准"
"src/normalized-ui/StaffModulePanel.tsx","1612","DevicesModule","jsx-text","重连","","完整候选索引；表达式内字面量可能是接口参数，是否实际展示以文案决策表与浏览器证据为准"
"src/normalized-ui/StaffModulePanel.tsx","1612","DevicesModule","jsx-expression-literal","printer","","完整候选索引；表达式内字面量可能是接口参数，是否实际展示以文案决策表与浏览器证据为准"
"src/normalized-ui/StaffModulePanel.tsx","1612","DevicesModule","jsx-text","测试打印","","完整候选索引；表达式内字面量可能是接口参数，是否实际展示以文案决策表与浏览器证据为准"
"src/normalized-ui/StaffModulePanel.tsx","1613","DevicesModule","jsx-expression-literal","failed","","完整候选索引；表达式内字面量可能是接口参数，是否实际展示以文案决策表与浏览器证据为准"
"src/normalized-ui/StaffModulePanel.tsx","1613","DevicesModule","jsx-expression-literal","dead","","完整候选索引；表达式内字面量可能是接口参数，是否实际展示以文案决策表与浏览器证据为准"
"src/normalized-ui/StaffModulePanel.tsx","1613","DevicesModule","jsx-text","打印失败待办","","完整候选索引；表达式内字面量可能是接口参数，是否实际展示以文案决策表与浏览器证据为准"
"src/normalized-ui/StaffModulePanel.tsx","1613","DevicesModule","jsx-expression-literal","failed","","完整候选索引；表达式内字面量可能是接口参数，是否实际展示以文案决策表与浏览器证据为准"
"src/normalized-ui/StaffModulePanel.tsx","1613","DevicesModule","jsx-expression-literal","dead","","完整候选索引；表达式内字面量可能是接口参数，是否实际展示以文案决策表与浏览器证据为准"
"src/normalized-ui/StaffModulePanel.tsx","1613","DevicesModule","jsx-text","· 已尝试","","完整候选索引；表达式内字面量可能是接口参数，是否实际展示以文案决策表与浏览器证据为准"
"src/normalized-ui/StaffModulePanel.tsx","1613","DevicesModule","jsx-expression-literal","failed","","完整候选索引；表达式内字面量可能是接口参数，是否实际展示以文案决策表与浏览器证据为准"
"src/normalized-ui/StaffModulePanel.tsx","1613","DevicesModule","jsx-text","检查后重试","","完整候选索引；表达式内字面量可能是接口参数，是否实际展示以文案决策表与浏览器证据为准"
"src/normalized-ui/StaffModulePanel.tsx","1613","DevicesModule","jsx-text","核对后补打","","完整候选索引；表达式内字面量可能是接口参数，是否实际展示以文案决策表与浏览器证据为准"
"src/normalized-ui/StaffModulePanel.tsx","1613","DevicesModule","jsx-text","需打印处理权限","","完整候选索引；表达式内字面量可能是接口参数，是否实际展示以文案决策表与浏览器证据为准"
"src/normalized-ui/StaffModulePanel.tsx","1614","DevicesModule","jsx-expression-literal","printed","","完整候选索引；表达式内字面量可能是接口参数，是否实际展示以文案决策表与浏览器证据为准"
"src/normalized-ui/StaffModulePanel.tsx","1614","DevicesModule","jsx-text","收工补打","","完整候选索引；表达式内字面量可能是接口参数，是否实际展示以文案决策表与浏览器证据为准"
"src/normalized-ui/StaffModulePanel.tsx","1614","DevicesModule","jsx-text","按原票内容补打一张，票面注明“补打”；请填写原因，避免把失败任务当作补打。","","完整候选索引；表达式内字面量可能是接口参数，是否实际展示以文案决策表与浏览器证据为准"
"src/normalized-ui/StaffModulePanel.tsx","1614","DevicesModule","jsx-expression-literal","printed","","完整候选索引；表达式内字面量可能是接口参数，是否实际展示以文案决策表与浏览器证据为准"
"src/normalized-ui/StaffModulePanel.tsx","1614","DevicesModule","jsx-text","补打","","完整候选索引；表达式内字面量可能是接口参数，是否实际展示以文案决策表与浏览器证据为准"
"src/normalized-ui/StaffModulePanel.tsx","1615","DevicesModule","jsx-expression-literal","failed","","完整候选索引；表达式内字面量可能是接口参数，是否实际展示以文案决策表与浏览器证据为准"
"src/normalized-ui/StaffModulePanel.tsx","1615","DevicesModule","jsx-expression-literal","dead","","完整候选索引；表达式内字面量可能是接口参数，是否实际展示以文案决策表与浏览器证据为准"
"src/normalized-ui/StaffModulePanel.tsx","1615","DevicesModule","jsx-text","重试前必须确认设备在线并检查是否已实际出单；已停止自动重试的任务需核对后补打，不可盲目重复发送。","","完整候选索引；表达式内字面量可能是接口参数，是否实际展示以文案决策表与浏览器证据为准"
"src/normalized-ui/StaffModulePanel.tsx","1636","togglePayment","feedback","请填写至少3个字的调整原因","","完整候选索引；表达式内字面量可能是接口参数，是否实际展示以文案决策表与浏览器证据为准"
"src/normalized-ui/StaffModulePanel.tsx","1637","togglePayment","display-definition","顾客点单和员工协助收款将立即按新策略执行。","","完整候选索引；表达式内字面量可能是接口参数，是否实际展示以文案决策表与浏览器证据为准"
"src/normalized-ui/StaffModulePanel.tsx","1660","saveReservationPolicy","feedback","库存保留时间必须是2至30分钟的整数","","完整候选索引；表达式内字面量可能是接口参数，是否实际展示以文案决策表与浏览器证据为准"
"src/normalized-ui/StaffModulePanel.tsx","1663","saveReservationPolicy","feedback","请填写至少3个字的调整原因","","完整候选索引；表达式内字面量可能是接口参数，是否实际展示以文案决策表与浏览器证据为准"
"src/normalized-ui/StaffModulePanel.tsx","1664","saveReservationPolicy","display-definition","确认调整待付款库存保留","","完整候选索引；表达式内字面量可能是接口参数，是否实际展示以文案决策表与浏览器证据为准"
"src/normalized-ui/StaffModulePanel.tsx","1684","SettingsModule","jsx-text","项允许权限 ·","","完整候选索引；表达式内字面量可能是接口参数，是否实际展示以文案决策表与浏览器证据为准"
"src/normalized-ui/StaffModulePanel.tsx","1684","SettingsModule","jsx-text","项明确拒绝","","完整候选索引；表达式内字面量可能是接口参数，是否实际展示以文案决策表与浏览器证据为准"
"src/normalized-ui/StaffModulePanel.tsx","1686","SettingsModule","jsx-text","查看当前可配置范围","","完整候选索引；表达式内字面量可能是接口参数，是否实际展示以文案决策表与浏览器证据为准"
"src/normalized-ui/StaffModulePanel.tsx","1686","SettingsModule","jsx-text","员工、设备、演出、支付和门店数据","","完整候选索引；表达式内字面量可能是接口参数，是否实际展示以文案决策表与浏览器证据为准"
"src/normalized-ui/StaffModulePanel.tsx","1688","SettingsModule","jsx-text","员工与岗位","","完整候选索引；表达式内字面量可能是接口参数，是否实际展示以文案决策表与浏览器证据为准"
"src/normalized-ui/StaffModulePanel.tsx","1688","SettingsModule","jsx-expression-literal","staff.access.configure","","完整候选索引；表达式内字面量可能是接口参数，是否实际展示以文案决策表与浏览器证据为准"
"src/normalized-ui/StaffModulePanel.tsx","1688","SettingsModule","jsx-expression-literal","可配置并留痕","","完整候选索引；表达式内字面量可能是接口参数，是否实际展示以文案决策表与浏览器证据为准"
"src/normalized-ui/StaffModulePanel.tsx","1688","SettingsModule","jsx-expression-literal","只读","","完整候选索引；表达式内字面量可能是接口参数，是否实际展示以文案决策表与浏览器证据为准"
"src/normalized-ui/StaffModulePanel.tsx","1689","SettingsModule","jsx-text","设备与打印","","完整候选索引；表达式内字面量可能是接口参数，是否实际展示以文案决策表与浏览器证据为准"
"src/normalized-ui/StaffModulePanel.tsx","1689","SettingsModule","jsx-expression-literal","hardware.manage","","完整候选索引；表达式内字面量可能是接口参数，是否实际展示以文案决策表与浏览器证据为准"
"src/normalized-ui/StaffModulePanel.tsx","1689","SettingsModule","jsx-expression-literal","printer.manage","","完整候选索引；表达式内字面量可能是接口参数，是否实际展示以文案决策表与浏览器证据为准"
"src/normalized-ui/StaffModulePanel.tsx","1689","SettingsModule","jsx-expression-literal","可配置","","完整候选索引；表达式内字面量可能是接口参数，是否实际展示以文案决策表与浏览器证据为准"
"src/normalized-ui/StaffModulePanel.tsx","1689","SettingsModule","jsx-expression-literal","只读","","完整候选索引；表达式内字面量可能是接口参数，是否实际展示以文案决策表与浏览器证据为准"
"src/normalized-ui/StaffModulePanel.tsx","1690","SettingsModule","jsx-text","演员与演出","","完整候选索引；表达式内字面量可能是接口参数，是否实际展示以文案决策表与浏览器证据为准"
"src/normalized-ui/StaffModulePanel.tsx","1690","SettingsModule","jsx-expression-literal","song.manage","","完整候选索引；表达式内字面量可能是接口参数，是否实际展示以文案决策表与浏览器证据为准"
"src/normalized-ui/StaffModulePanel.tsx","1690","SettingsModule","jsx-expression-literal","可配置","","完整候选索引；表达式内字面量可能是接口参数，是否实际展示以文案决策表与浏览器证据为准"
"src/normalized-ui/StaffModulePanel.tsx","1690","SettingsModule","jsx-expression-literal","只读","","完整候选索引；表达式内字面量可能是接口参数，是否实际展示以文案决策表与浏览器证据为准"
"src/normalized-ui/StaffModulePanel.tsx","1691","SettingsModule","jsx-text","线上支付开关","","完整候选索引；表达式内字面量可能是接口参数，是否实际展示以文案决策表与浏览器证据为准"
"src/normalized-ui/StaffModulePanel.tsx","1691","SettingsModule","jsx-expression-literal","状态待读取","","完整候选索引；表达式内字面量可能是接口参数，是否实际展示以文案决策表与浏览器证据为准"
"src/normalized-ui/StaffModulePanel.tsx","1691","SettingsModule","jsx-expression-literal","无管理权限","","完整候选索引；表达式内字面量可能是接口参数，是否实际展示以文案决策表与浏览器证据为准"
"src/normalized-ui/StaffModulePanel.tsx","1694","SettingsModule","jsx-text","门店经营策略 · 版本","","完整候选索引；表达式内字面量可能是接口参数，是否实际展示以文案决策表与浏览器证据为准"
"src/normalized-ui/StaffModulePanel.tsx","1694","SettingsModule","jsx-expression-literal","simulation","","完整候选索引；表达式内字面量可能是接口参数，是否实际展示以文案决策表与浏览器证据为准"
"src/normalized-ui/StaffModulePanel.tsx","1694","SettingsModule","jsx-expression-literal","模拟渠道","","完整候选索引；表达式内字面量可能是接口参数，是否实际展示以文案决策表与浏览器证据为准"
"src/normalized-ui/StaffModulePanel.tsx","1694","SettingsModule","jsx-expression-literal","支付渠道已配置","","完整候选索引；表达式内字面量可能是接口参数，是否实际展示以文案决策表与浏览器证据为准"
"src/normalized-ui/StaffModulePanel.tsx","1694","SettingsModule","jsx-expression-literal","支付渠道未配置","","完整候选索引；表达式内字面量可能是接口参数，是否实际展示以文案决策表与浏览器证据为准"
"src/normalized-ui/StaffModulePanel.tsx","1694","SettingsModule","jsx-text","待付款库存保留时间","","完整候选索引；表达式内字面量可能是接口参数，是否实际展示以文案决策表与浏览器证据为准"
"src/normalized-ui/StaffModulePanel.tsx","1694","SettingsModule","jsx-text","分钟","","完整候选索引；表达式内字面量可能是接口参数，是否实际展示以文案决策表与浏览器证据为准"
"src/normalized-ui/StaffModulePanel.tsx","1694","SettingsModule","jsx-text","保存时限","","完整候选索引；表达式内字面量可能是接口参数，是否实际展示以文案决策表与浏览器证据为准"
"src/normalized-ui/StaffModulePanel.tsx","1694","SettingsModule","jsx-text","调整原因","","完整候选索引；表达式内字面量可能是接口参数，是否实际展示以文案决策表与浏览器证据为准"
"src/normalized-ui/StaffModulePanel.tsx","1694","SettingsModule","attribute:placeholder","例如：高峰期调整待付款库存保留时间","","完整候选索引；表达式内字面量可能是接口参数，是否实际展示以文案决策表与浏览器证据为准"
"src/normalized-ui/StaffModulePanel.tsx","1694","SettingsModule","jsx-expression-literal","正在更新","","完整候选索引；表达式内字面量可能是接口参数，是否实际展示以文案决策表与浏览器证据为准"
"src/normalized-ui/StaffModulePanel.tsx","1694","SettingsModule","jsx-expression-literal","关闭线上支付","","完整候选索引；表达式内字面量可能是接口参数，是否实际展示以文案决策表与浏览器证据为准"
"src/normalized-ui/StaffModulePanel.tsx","1694","SettingsModule","jsx-expression-literal","开放线上支付","","完整候选索引；表达式内字面量可能是接口参数，是否实际展示以文案决策表与浏览器证据为准"
"src/normalized-ui/StaffModulePanel.tsx","1694","SettingsModule","jsx-text","上次原因：","","完整候选索引；表达式内字面量可能是接口参数，是否实际展示以文案决策表与浏览器证据为准"
"src/normalized-ui/StaffModulePanel.tsx","1696","SettingsModule","jsx-text","支付安全边界","","完整候选索引；表达式内字面量可能是接口参数，是否实际展示以文案决策表与浏览器证据为准"
"src/normalized-ui/StaffModulePanel.tsx","1696","SettingsModule","jsx-text","支付渠道密钥和远端连接只能由受控部署配置提供，门店开关不会读取、显示或覆盖它们。修改时填写原因；系统保留操作记录；关闭只阻止新支付，不得中断在途回调、查单、退款或对账。","","完整候选索引；表达式内字面量可能是接口参数，是否实际展示以文案决策表与浏览器证据为准"
"src/normalized-ui/StaffModulePanel.tsx","1697","SettingsModule","jsx-expression-literal","table.manage","","完整候选索引；表达式内字面量可能是接口参数，是否实际展示以文案决策表与浏览器证据为准"
"src/normalized-ui/StaffModulePanel.tsx","1698","SettingsModule","jsx-expression-literal","staff.access.configure","","完整候选索引；表达式内字面量可能是接口参数，是否实际展示以文案决策表与浏览器证据为准"
"src/normalized-ui/StaffModulePanel.tsx","1699","SettingsModule","jsx-expression-literal","customer.public-profile.manage","","完整候选索引；表达式内字面量可能是接口参数，是否实际展示以文案决策表与浏览器证据为准"
"src/normalized-ui/StaffModulePanel.tsx","1700","SettingsModule","jsx-expression-literal","customer.public-profile.publish","","完整候选索引；表达式内字面量可能是接口参数，是否实际展示以文案决策表与浏览器证据为准"
"src/normalized-ui/StaffModulePanel.tsx","1701","SettingsModule","jsx-expression-literal","privacy.policy.view","","完整候选索引；表达式内字面量可能是接口参数，是否实际展示以文案决策表与浏览器证据为准"
"src/normalized-ui/StaffModulePanel.tsx","1702","SettingsModule","jsx-expression-literal","privacy.policy.manage","","完整候选索引；表达式内字面量可能是接口参数，是否实际展示以文案决策表与浏览器证据为准"
"src/normalized-ui/StaffModulePanel.tsx","1703","SettingsModule","jsx-expression-literal","privacy.policy.publish","","完整候选索引；表达式内字面量可能是接口参数，是否实际展示以文案决策表与浏览器证据为准"
"src/normalized-ui/StaffModulePanel.tsx","1708","EmptyState","jsx-text","有新数据时刷新后会自动出现。","","完整候选索引；表达式内字面量可能是接口参数，是否实际展示以文案决策表与浏览器证据为准"
"src/normalized-ui/StaffObjectFocus.tsx","29","StaffObjectFocus","jsx-text","这项记录尚未读到，可能已由同事处理或不在当前查询范围。请刷新原业务核对后继续。","","完整候选索引；表达式内字面量可能是接口参数，是否实际展示以文案决策表与浏览器证据为准"
"src/normalized-ui/StaffTodoPanel.tsx","65","StaffTodoPanel","jsx-text","待办事项","","完整候选索引；表达式内字面量可能是接口参数，是否实际展示以文案决策表与浏览器证据为准"
"src/normalized-ui/StaffTodoPanel.tsx","65","StaffTodoPanel","jsx-template-text","最近核对","","完整候选索引；表达式内字面量可能是接口参数，是否实际展示以文案决策表与浏览器证据为准"
"src/normalized-ui/StaffTodoPanel.tsx","65","StaffTodoPanel","jsx-template-text","· 当前已读取","","完整候选索引；表达式内字面量可能是接口参数，是否实际展示以文案决策表与浏览器证据为准"
"src/normalized-ui/StaffTodoPanel.tsx","65","StaffTodoPanel","jsx-expression-literal","正在读取各业务待办","","完整候选索引；表达式内字面量可能是接口参数，是否实际展示以文案决策表与浏览器证据为准"
"src/normalized-ui/StaffTodoPanel.tsx","65","StaffTodoPanel","jsx-expression-literal","读取中…","","完整候选索引；表达式内字面量可能是接口参数，是否实际展示以文案决策表与浏览器证据为准"
"src/normalized-ui/StaffTodoPanel.tsx","65","StaffTodoPanel","jsx-expression-literal","刷新待办","","完整候选索引；表达式内字面量可能是接口参数，是否实际展示以文案决策表与浏览器证据为准"
"src/normalized-ui/StaffTodoPanel.tsx","67","StaffTodoPanel","attribute:aria-label","待办处理状态","","完整候选索引；表达式内字面量可能是接口参数，是否实际展示以文案决策表与浏览器证据为准"
"src/normalized-ui/StaffTodoPanel.tsx","68","StaffTodoPanel","jsx-text","现在可处理","","完整候选索引；表达式内字面量可能是接口参数，是否实际展示以文案决策表与浏览器证据为准"
"src/normalized-ui/StaffTodoPanel.tsx","69","StaffTodoPanel","jsx-text","等待处理","","完整候选索引；表达式内字面量可能是接口参数，是否实际展示以文案决策表与浏览器证据为准"
"src/normalized-ui/StaffTodoPanel.tsx","71","StaffTodoPanel","jsx-text","业务","","完整候选索引；表达式内字面量可能是接口参数，是否实际展示以文案决策表与浏览器证据为准"
"src/normalized-ui/StaffTodoPanel.tsx","71","StaffTodoPanel","attribute:aria-label","待办业务","","完整候选索引；表达式内字面量可能是接口参数，是否实际展示以文案决策表与浏览器证据为准"
"src/normalized-ui/StaffTodoPanel.tsx","71","StaffTodoPanel","jsx-text","全部","","完整候选索引；表达式内字面量可能是接口参数，是否实际展示以文案决策表与浏览器证据为准"
"src/normalized-ui/StaffTodoPanel.tsx","73","StaffTodoPanel","jsx-text","部分待办未能更新","","完整候选索引；表达式内字面量可能是接口参数，是否实际展示以文案决策表与浏览器证据为准"
"src/normalized-ui/StaffTodoPanel.tsx","73","StaffTodoPanel","jsx-text","进入原业务核对","","完整候选索引；表达式内字面量可能是接口参数，是否实际展示以文案决策表与浏览器证据为准"
"src/normalized-ui/StaffTodoPanel.tsx","74","StaffTodoPanel","jsx-expression-literal","正在读取待办，请稍候","","完整候选索引；表达式内字面量可能是接口参数，是否实际展示以文案决策表与浏览器证据为准"
"src/normalized-ui/StaffTodoPanel.tsx","74","StaffTodoPanel","jsx-expression-literal","已读取的范围内没有匹配事项，请先重试未读到的业务。","","完整候选索引；表达式内字面量可能是接口参数，是否实际展示以文案决策表与浏览器证据为准"
"src/normalized-ui/StaffTodoPanel.tsx","74","StaffTodoPanel","jsx-expression-literal","已读取的范围内没有匹配事项。","","完整候选索引；表达式内字面量可能是接口参数，是否实际展示以文案决策表与浏览器证据为准"
"src/normalized-ui/StaffTodoPanel.tsx","75","StaffTodoPanel","jsx-text","上次数据，处理前需重新核对","","完整候选索引；表达式内字面量可能是接口参数，是否实际展示以文案决策表与浏览器证据为准"
"src/normalized-ui/StaffTodoPanel.tsx","78","StaffTodoPanel","jsx-text","显示更多待办（还有","","完整候选索引；表达式内字面量可能是接口参数，是否实际展示以文案决策表与浏览器证据为准"
"src/normalized-ui/StaffTodoPanel.tsx","78","StaffTodoPanel","jsx-text","项）","","完整候选索引；表达式内字面量可能是接口参数，是否实际展示以文案决策表与浏览器证据为准"
"src/normalized-ui/StaffTodoPanel.tsx","79","StaffTodoPanel","jsx-text","查询范围与更多记录","","完整候选索引；表达式内字面量可能是接口参数，是否实际展示以文案决策表与浏览器证据为准"
"src/normalized-ui/StaffTodoPanel.tsx","79","StaffTodoPanel","jsx-text","此处合并当前权限可读取的服务、会员、退款和打印记录，同一业务记录只计一次。退款按前 100 个订单及报名读取，打印按前 100 条失败记录读取；更早事项请进入对应业务继续查询。","","完整候选索引；表达式内字面量可能是接口参数，是否实际展示以文案决策表与浏览器证据为准"
"src/normalized-ui/StaffTodoPanel.tsx","79","StaffTodoPanel","jsx-text","全部","","完整候选索引；表达式内字面量可能是接口参数，是否实际展示以文案决策表与浏览器证据为准"
"src/normalized-ui/StaffTodoPanel.tsx","79","StaffTodoPanel","jsx-text","记录","","完整候选索引；表达式内字面量可能是接口参数，是否实际展示以文案决策表与浏览器证据为准"
"src/normalized-ui/VenueManagementPanel.tsx","109","VenueManagementPanel","attribute:aria-label","区域与桌台配置","","完整候选索引；表达式内字面量可能是接口参数，是否实际展示以文案决策表与浏览器证据为准"
"src/normalized-ui/VenueManagementPanel.tsx","110","VenueManagementPanel","jsx-text","区域、桌台与容量","","完整候选索引；表达式内字面量可能是接口参数，是否实际展示以文案决策表与浏览器证据为准"
"src/normalized-ui/VenueManagementPanel.tsx","110","VenueManagementPanel","jsx-text","新增、停用、排序、容量和最低消费","","完整候选索引；表达式内字面量可能是接口参数，是否实际展示以文案决策表与浏览器证据为准"
"src/normalized-ui/VenueManagementPanel.tsx","110","VenueManagementPanel","jsx-template-text","区 ·","","完整候选索引；表达式内字面量可能是接口参数，是否实际展示以文案决策表与浏览器证据为准"
"src/normalized-ui/VenueManagementPanel.tsx","110","VenueManagementPanel","jsx-expression-literal","门店配置","","完整候选索引；表达式内字面量可能是接口参数，是否实际展示以文案决策表与浏览器证据为准"
"src/normalized-ui/VenueManagementPanel.tsx","112","VenueManagementPanel","jsx-expression-literal","loading","","完整候选索引；表达式内字面量可能是接口参数，是否实际展示以文案决策表与浏览器证据为准"
"src/normalized-ui/VenueManagementPanel.tsx","112","VenueManagementPanel","jsx-text","正在读取桌台配置","","完整候选索引；表达式内字面量可能是接口参数，是否实际展示以文案决策表与浏览器证据为准"
"src/normalized-ui/VenueManagementPanel.tsx","113","VenueManagementPanel","jsx-expression-literal","success","","完整候选索引；表达式内字面量可能是接口参数，是否实际展示以文案决策表与浏览器证据为准"
"src/normalized-ui/VenueManagementPanel.tsx","114","VenueManagementPanel","jsx-expression-literal","error","","完整候选索引；表达式内字面量可能是接口参数，是否实际展示以文案决策表与浏览器证据为准"
"src/normalized-ui/VenueManagementPanel.tsx","114","VenueManagementPanel","jsx-text","重新读取","","完整候选索引；表达式内字面量可能是接口参数，是否实际展示以文案决策表与浏览器证据为准"
"src/normalized-ui/VenueManagementPanel.tsx","115","VenueManagementPanel","jsx-expression-literal","ready","","完整候选索引；表达式内字面量可能是接口参数，是否实际展示以文案决策表与浏览器证据为准"
"src/normalized-ui/VenueManagementPanel.tsx","116","VenueManagementPanel","jsx-text","新增区域","","完整候选索引；表达式内字面量可能是接口参数，是否实际展示以文案决策表与浏览器证据为准"
"src/normalized-ui/VenueManagementPanel.tsx","116","VenueManagementPanel","jsx-text","新增桌台","","完整候选索引；表达式内字面量可能是接口参数，是否实际展示以文案决策表与浏览器证据为准"
"src/normalized-ui/VenueManagementPanel.tsx","117","VenueManagementPanel","jsx-expression-literal","新增区域","","完整候选索引；表达式内字面量可能是接口参数，是否实际展示以文案决策表与浏览器证据为准"
"src/normalized-ui/VenueManagementPanel.tsx","117","VenueManagementPanel","jsx-template-text","编辑","","完整候选索引；表达式内字面量可能是接口参数，是否实际展示以文案决策表与浏览器证据为准"
"src/normalized-ui/VenueManagementPanel.tsx","117","VenueManagementPanel","jsx-text","取消","","完整候选索引；表达式内字面量可能是接口参数，是否实际展示以文案决策表与浏览器证据为准"
"src/normalized-ui/VenueManagementPanel.tsx","117","VenueManagementPanel","jsx-text","区域编号","","完整候选索引；表达式内字面量可能是接口参数，是否实际展示以文案决策表与浏览器证据为准"
"src/normalized-ui/VenueManagementPanel.tsx","117","VenueManagementPanel","jsx-text","区域名称","","完整候选索引；表达式内字面量可能是接口参数，是否实际展示以文案决策表与浏览器证据为准"
"src/normalized-ui/VenueManagementPanel.tsx","117","VenueManagementPanel","jsx-text","区域类型","","完整候选索引；表达式内字面量可能是接口参数，是否实际展示以文案决策表与浏览器证据为准"
"src/normalized-ui/VenueManagementPanel.tsx","117","VenueManagementPanel","jsx-text","室内","","完整候选索引；表达式内字面量可能是接口参数，是否实际展示以文案决策表与浏览器证据为准"
"src/normalized-ui/VenueManagementPanel.tsx","117","VenueManagementPanel","jsx-text","室外","","完整候选索引；表达式内字面量可能是接口参数，是否实际展示以文案决策表与浏览器证据为准"
"src/normalized-ui/VenueManagementPanel.tsx","117","VenueManagementPanel","jsx-text","吧台","","完整候选索引；表达式内字面量可能是接口参数，是否实际展示以文案决策表与浏览器证据为准"
"src/normalized-ui/VenueManagementPanel.tsx","117","VenueManagementPanel","jsx-text","舞台","","完整候选索引；表达式内字面量可能是接口参数，是否实际展示以文案决策表与浏览器证据为准"
"src/normalized-ui/VenueManagementPanel.tsx","117","VenueManagementPanel","jsx-text","VIP","","完整候选索引；表达式内字面量可能是接口参数，是否实际展示以文案决策表与浏览器证据为准"
"src/normalized-ui/VenueManagementPanel.tsx","117","VenueManagementPanel","jsx-text","其他","","完整候选索引；表达式内字面量可能是接口参数，是否实际展示以文案决策表与浏览器证据为准"
"src/normalized-ui/VenueManagementPanel.tsx","117","VenueManagementPanel","jsx-text","排序","","完整候选索引；表达式内字面量可能是接口参数，是否实际展示以文案决策表与浏览器证据为准"
"src/normalized-ui/VenueManagementPanel.tsx","117","VenueManagementPanel","jsx-text","状态","","完整候选索引；表达式内字面量可能是接口参数，是否实际展示以文案决策表与浏览器证据为准"
"src/normalized-ui/VenueManagementPanel.tsx","117","VenueManagementPanel","jsx-text","启用","","完整候选索引；表达式内字面量可能是接口参数，是否实际展示以文案决策表与浏览器证据为准"
"src/normalized-ui/VenueManagementPanel.tsx","117","VenueManagementPanel","jsx-text","暂停","","完整候选索引；表达式内字面量可能是接口参数，是否实际展示以文案决策表与浏览器证据为准"
"src/normalized-ui/VenueManagementPanel.tsx","117","VenueManagementPanel","jsx-text","停用","","完整候选索引；表达式内字面量可能是接口参数，是否实际展示以文案决策表与浏览器证据为准"
"src/normalized-ui/VenueManagementPanel.tsx","117","VenueManagementPanel","jsx-expression-literal","保存中","","完整候选索引；表达式内字面量可能是接口参数，是否实际展示以文案决策表与浏览器证据为准"
"src/normalized-ui/VenueManagementPanel.tsx","117","VenueManagementPanel","jsx-expression-literal","保存区域","","完整候选索引；表达式内字面量可能是接口参数，是否实际展示以文案决策表与浏览器证据为准"
"src/normalized-ui/VenueManagementPanel.tsx","118","VenueManagementPanel","jsx-expression-literal","新增桌台","","完整候选索引；表达式内字面量可能是接口参数，是否实际展示以文案决策表与浏览器证据为准"
"src/normalized-ui/VenueManagementPanel.tsx","118","VenueManagementPanel","jsx-template-text","编辑","","完整候选索引；表达式内字面量可能是接口参数，是否实际展示以文案决策表与浏览器证据为准"
"src/normalized-ui/VenueManagementPanel.tsx","118","VenueManagementPanel","jsx-text","取消","","完整候选索引；表达式内字面量可能是接口参数，是否实际展示以文案决策表与浏览器证据为准"
"src/normalized-ui/VenueManagementPanel.tsx","118","VenueManagementPanel","jsx-text","桌台编号","","完整候选索引；表达式内字面量可能是接口参数，是否实际展示以文案决策表与浏览器证据为准"
"src/normalized-ui/VenueManagementPanel.tsx","118","VenueManagementPanel","jsx-text","显示名称","","完整候选索引；表达式内字面量可能是接口参数，是否实际展示以文案决策表与浏览器证据为准"
"src/normalized-ui/VenueManagementPanel.tsx","118","VenueManagementPanel","jsx-text","所属区域","","完整候选索引；表达式内字面量可能是接口参数，是否实际展示以文案决策表与浏览器证据为准"
"src/normalized-ui/VenueManagementPanel.tsx","118","VenueManagementPanel","jsx-text","标准容量","","完整候选索引；表达式内字面量可能是接口参数，是否实际展示以文案决策表与浏览器证据为准"
"src/normalized-ui/VenueManagementPanel.tsx","118","VenueManagementPanel","jsx-text","最低消费（元）","","完整候选索引；表达式内字面量可能是接口参数，是否实际展示以文案决策表与浏览器证据为准"
"src/normalized-ui/VenueManagementPanel.tsx","118","VenueManagementPanel","jsx-text","状态","","完整候选索引；表达式内字面量可能是接口参数，是否实际展示以文案决策表与浏览器证据为准"
"src/normalized-ui/VenueManagementPanel.tsx","118","VenueManagementPanel","jsx-text","可用","","完整候选索引；表达式内字面量可能是接口参数，是否实际展示以文案决策表与浏览器证据为准"
"src/normalized-ui/VenueManagementPanel.tsx","118","VenueManagementPanel","jsx-text","暂停","","完整候选索引；表达式内字面量可能是接口参数，是否实际展示以文案决策表与浏览器证据为准"
"src/normalized-ui/VenueManagementPanel.tsx","118","VenueManagementPanel","jsx-text","停用","","完整候选索引；表达式内字面量可能是接口参数，是否实际展示以文案决策表与浏览器证据为准"
"src/normalized-ui/VenueManagementPanel.tsx","118","VenueManagementPanel","jsx-expression-literal","保存中","","完整候选索引；表达式内字面量可能是接口参数，是否实际展示以文案决策表与浏览器证据为准"
"src/normalized-ui/VenueManagementPanel.tsx","118","VenueManagementPanel","jsx-expression-literal","保存桌台","","完整候选索引；表达式内字面量可能是接口参数，是否实际展示以文案决策表与浏览器证据为准"
"src/normalized-ui/VenueManagementPanel.tsx","119","VenueManagementPanel","jsx-text","区域","","完整候选索引；表达式内字面量可能是接口参数，是否实际展示以文案决策表与浏览器证据为准"
"src/normalized-ui/VenueManagementPanel.tsx","119","VenueManagementPanel","jsx-expression-literal","active","","完整候选索引；表达式内字面量可能是接口参数，是否实际展示以文案决策表与浏览器证据为准"
"src/normalized-ui/VenueManagementPanel.tsx","119","VenueManagementPanel","jsx-expression-literal","启用","","完整候选索引；表达式内字面量可能是接口参数，是否实际展示以文案决策表与浏览器证据为准"
"src/normalized-ui/VenueManagementPanel.tsx","119","VenueManagementPanel","jsx-expression-literal","paused","","完整候选索引；表达式内字面量可能是接口参数，是否实际展示以文案决策表与浏览器证据为准"
"src/normalized-ui/VenueManagementPanel.tsx","119","VenueManagementPanel","jsx-expression-literal","暂停","","完整候选索引；表达式内字面量可能是接口参数，是否实际展示以文案决策表与浏览器证据为准"
"src/normalized-ui/VenueManagementPanel.tsx","119","VenueManagementPanel","jsx-expression-literal","停用","","完整候选索引；表达式内字面量可能是接口参数，是否实际展示以文案决策表与浏览器证据为准"
"src/normalized-ui/VenueManagementPanel.tsx","119","VenueManagementPanel","jsx-text","编辑","","完整候选索引；表达式内字面量可能是接口参数，是否实际展示以文案决策表与浏览器证据为准"
"src/normalized-ui/VenueManagementPanel.tsx","119","VenueManagementPanel","jsx-text","桌台","","完整候选索引；表达式内字面量可能是接口参数，是否实际展示以文案决策表与浏览器证据为准"
"src/normalized-ui/VenueManagementPanel.tsx","119","VenueManagementPanel","jsx-text","人 · 最低消费¥","","完整候选索引；表达式内字面量可能是接口参数，是否实际展示以文案决策表与浏览器证据为准"
"src/normalized-ui/VenueManagementPanel.tsx","119","VenueManagementPanel","jsx-text","编辑","","完整候选索引；表达式内字面量可能是接口参数，是否实际展示以文案决策表与浏览器证据为准"
"src/shared/analytics-contracts.ts","53","(module)","display-definition","自定义统计需要开始和结束营业日","","完整候选索引；表达式内字面量可能是接口参数，是否实际展示以文案决策表与浏览器证据为准"
"src/shared/analytics-contracts.ts","56","(module)","display-definition","非自定义统计不能附带日期范围","","完整候选索引；表达式内字面量可能是接口参数，是否实际展示以文案决策表与浏览器证据为准"
"src/shared/assistant-contracts.ts","43","(module)","display-definition","执行计划至少需要一个步骤","","完整候选索引；表达式内字面量可能是接口参数，是否实际展示以文案决策表与浏览器证据为准"
"src/shared/assistant-contracts.ts","46","(module)","display-definition","非计划响应不能包含执行步骤","","完整候选索引；表达式内字面量可能是接口参数，是否实际展示以文案决策表与浏览器证据为准"
"src/shared/assistant-contracts.ts","49","(module)","display-definition","追问响应至少需要一个候选","","完整候选索引；表达式内字面量可能是接口参数，是否实际展示以文案决策表与浏览器证据为准"
"src/shared/assistant-contracts.ts","234","(module)","display-definition","延后处理必须填写分钟数","","完整候选索引；表达式内字面量可能是接口参数，是否实际展示以文案决策表与浏览器证据为准"
"src/shared/assistant-contracts.ts","237","(module)","display-definition","标记误报必须记录复核原因","","完整候选索引；表达式内字面量可能是接口参数，是否实际展示以文案决策表与浏览器证据为准"
"src/shared/benefit-contracts.ts","159","(module)","display-definition","商品赠品权益必须关联商品","","完整候选索引；表达式内字面量可能是接口参数，是否实际展示以文案决策表与浏览器证据为准"
"src/shared/benefit-contracts.ts","170","(module)","display-definition","单次成本上限不能高于每日成本上限","","完整候选索引；表达式内字面量可能是接口参数，是否实际展示以文案决策表与浏览器证据为准"
"src/shared/contracts.ts","781","(module)","display-definition","SLA必须满足预警 < 首次升级 < 经理接管","","完整候选索引；表达式内字面量可能是接口参数，是否实际展示以文案决策表与浏览器证据为准"
"src/shared/contracts.ts","871","(module)","display-definition","AI能力配置不能重复","","完整候选索引；表达式内字面量可能是接口参数，是否实际展示以文案决策表与浏览器证据为准"
"src/shared/contracts.ts","884","(module)","display-definition","高频入口必须属于该岗位已有权限","","完整候选索引；表达式内字面量可能是接口参数，是否实际展示以文案决策表与浏览器证据为准"
"src/shared/contracts.ts","1091","(module)","display-definition","供应开始和结束时间必须同时填写","","完整候选索引；表达式内字面量可能是接口参数，是否实际展示以文案决策表与浏览器证据为准"
"src/shared/contracts.ts","1094","(module)","display-definition","供应开始和结束时间不能相同","","完整候选索引；表达式内字面量可能是接口参数，是否实际展示以文案决策表与浏览器证据为准"
"src/shared/contracts.ts","1097","(module)","display-definition","组合商品至少需要一个组成商品","","完整候选索引；表达式内字面量可能是接口参数，是否实际展示以文案决策表与浏览器证据为准"
"src/shared/contracts.ts","1100","(module)","display-definition","只有组合商品可以配置组成商品","","完整候选索引；表达式内字面量可能是接口参数，是否实际展示以文案决策表与浏览器证据为准"
"src/shared/contracts.ts","1106","(module)","display-definition","推荐最少人数不能大于最多人数","","完整候选索引；表达式内字面量可能是接口参数，是否实际展示以文案决策表与浏览器证据为准"
"src/shared/guest-insight-contracts.ts","41","(module)","display-definition","行为属性最多20项","","完整候选索引；表达式内字面量可能是接口参数，是否实际展示以文案决策表与浏览器证据为准"
"src/shared/hardware-contracts.ts","145","(module)","display-definition","离线时间必须大于预警时间","","完整候选索引；表达式内字面量可能是接口参数，是否实际展示以文案决策表与浏览器证据为准"
"src/shared/hardware-contracts.ts","148","(module)","display-definition","设备失败必须保留系统内降级通知","","完整候选索引；表达式内字面量可能是接口参数，是否实际展示以文案决策表与浏览器证据为准"
"src/shared/hardware-contracts.ts","151","(module)","display-definition","设备编号不能重复","","完整候选索引；表达式内字面量可能是接口参数，是否实际展示以文案决策表与浏览器证据为准"
"src/shared/hardware-contracts.ts","154","(module)","display-definition","降级通道不能重复","","完整候选索引；表达式内字面量可能是接口参数，是否实际展示以文案决策表与浏览器证据为准"
"src/shared/product-availability.ts","33","productAvailability","display-definition","已下架","","完整候选索引；表达式内字面量可能是接口参数，是否实际展示以文案决策表与浏览器证据为准"
"src/shared/product-availability.ts","52","productAvailability","display-definition","在售","","完整候选索引；表达式内字面量可能是接口参数，是否实际展示以文案决策表与浏览器证据为准"
"src/shared/sop-contracts.ts","216","(module)","display-definition","这个条件必须填写数值","","完整候选索引；表达式内字面量可能是接口参数，是否实际展示以文案决策表与浏览器证据为准"
"src/shared/sop-contracts.ts","219","(module)","display-definition","这个条件不需要填写数值","","完整候选索引；表达式内字面量可能是接口参数，是否实际展示以文案决策表与浏览器证据为准"
"src/shared/sop-contracts.ts","243","(module)","display-definition","预警、候补和经理接管时间必须依次增大","","完整候选索引；表达式内字面量可能是接口参数，是否实际展示以文案决策表与浏览器证据为准"
"src/shared/sop-contracts.ts","249","(module)","display-definition","非员工自确认至少需要一个验证岗位","","完整候选索引；表达式内字面量可能是接口参数，是否实际展示以文案决策表与浏览器证据为准"
"src/shared/sop-contracts.ts","252","(module)","display-definition","员工完成验证不需要指定岗位","","完整候选索引；表达式内字面量可能是接口参数，是否实际展示以文案决策表与浏览器证据为准"
"src/shared/sop-contracts.ts","257","(module)","display-definition","通知终端不能重复","","完整候选索引；表达式内字面量可能是接口参数，是否实际展示以文案决策表与浏览器证据为准"
"src/shared/sop-contracts.ts","260","(module)","display-definition","现场任务必须保留系统内通知","","完整候选索引；表达式内字面量可能是接口参数，是否实际展示以文案决策表与浏览器证据为准"
"src/shared/sop-contracts.ts","287","(module)","display-definition","同一SOP的步骤编号不能重复","","完整候选索引；表达式内字面量可能是接口参数，是否实际展示以文案决策表与浏览器证据为准"
"src/shared/sop-contracts.ts","290","(module)","display-definition","同一SOP的判断条件不能重复","","完整候选索引；表达式内字面量可能是接口参数，是否实际展示以文案决策表与浏览器证据为准"
"src/shared/sop-contracts.ts","293","(module)","display-definition","同一SOP的停止条件不能重复","","完整候选索引；表达式内字面量可能是接口参数，是否实际展示以文案决策表与浏览器证据为准"
"src/shared/sop-contracts.ts","297","(module)","display-definition","第一步必须从触发事件开始计时","","完整候选索引；表达式内字面量可能是接口参数，是否实际展示以文案决策表与浏览器证据为准"
"src/shared/sop-contracts.ts","306","(module)","display-definition","按前一步完成计时后，后续步骤不能再改回触发事件计时","","完整候选索引；表达式内字面量可能是接口参数，是否实际展示以文案决策表与浏览器证据为准"
"src/shared/sop-contracts.ts","309","(module)","display-definition","按触发事件计时的步骤必须按时间先后排列","","完整候选索引；表达式内字面量可能是接口参数，是否实际展示以文案决策表与浏览器证据为准"
"src/shared/sop-contracts.ts","318","(module)","display-definition","前置步骤不能重复","","完整候选索引；表达式内字面量可能是接口参数，是否实际展示以文案决策表与浏览器证据为准"
"src/shared/sop-contracts.ts","321","(module)","display-definition","步骤不能依赖自己","","完整候选索引；表达式内字面量可能是接口参数，是否实际展示以文案决策表与浏览器证据为准"
"src/shared/sop-contracts.ts","324","(module)","display-definition","引用了不存在的前置步骤","","完整候选索引；表达式内字面量可能是接口参数，是否实际展示以文案决策表与浏览器证据为准"
"src/shared/sop-contracts.ts","327","(module)","display-definition","同一步骤的判断条件不能重复","","完整候选索引；表达式内字面量可能是接口参数，是否实际展示以文案决策表与浏览器证据为准"
"src/shared/sop-contracts.ts","330","(module)","display-definition","失败补偿必须指定补偿步骤","","完整候选索引；表达式内字面量可能是接口参数，是否实际展示以文案决策表与浏览器证据为准"
"src/shared/sop-contracts.ts","333","(module)","display-definition","只有失败补偿策略可以指定补偿步骤","","完整候选索引；表达式内字面量可能是接口参数，是否实际展示以文案决策表与浏览器证据为准"
"src/shared/sop-contracts.ts","336","(module)","display-definition","补偿步骤引用无效","","完整候选索引；表达式内字面量可能是接口参数，是否实际展示以文案决策表与浏览器证据为准"
"src/shared/sop-contracts.ts","341","(module)","display-definition","指定步骤必须标记为仅失败时执行","","完整候选索引；表达式内字面量可能是接口参数，是否实际展示以文案决策表与浏览器证据为准"
"src/shared/sop-contracts.ts","358","(module)","display-definition","步骤依赖不能形成循环","","完整候选索引；表达式内字面量可能是接口参数，是否实际展示以文案决策表与浏览器证据为准"
"src/shared/sop-contracts.ts","361","(module)","display-definition","只有服务请求触发器可以筛选服务类型","","完整候选索引；表达式内字面量可能是接口参数，是否实际展示以文案决策表与浏览器证据为准"
"src/shared/sop-contracts.ts","364","(module)","display-definition","只有订单触发器可以筛选商品品类","","完整候选索引；表达式内字面量可能是接口参数，是否实际展示以文案决策表与浏览器证据为准"
"src/shared/sop-contracts.ts","367","(module)","display-definition","只有出品触发器可以筛选工作站","","完整候选索引；表达式内字面量可能是接口参数，是否实际展示以文案决策表与浏览器证据为准"
"src/shared/staff-module-access.ts","14","(module)","display-definition","订单中心","","完整候选索引；表达式内字面量可能是接口参数，是否实际展示以文案决策表与浏览器证据为准"
"src/shared/staff-module-access.ts","16","(module)","display-definition","现场","","完整候选索引；表达式内字面量可能是接口参数，是否实际展示以文案决策表与浏览器证据为准"
"src/shared/staff-module-access.ts","24","(module)","display-definition","任务","","完整候选索引；表达式内字面量可能是接口参数，是否实际展示以文案决策表与浏览器证据为准"
"src/shared/staff-module-access.ts","28","(module)","display-definition","出品","","完整候选索引；表达式内字面量可能是接口参数，是否实际展示以文案决策表与浏览器证据为准"
"src/shared/staff-module-access.ts","32","(module)","display-definition","预约","","完整候选索引；表达式内字面量可能是接口参数，是否实际展示以文案决策表与浏览器证据为准"
"src/shared/staff-module-access.ts","36","(module)","display-definition","收银与退款","","完整候选索引；表达式内字面量可能是接口参数，是否实际展示以文案决策表与浏览器证据为准"
"src/shared/staff-module-access.ts","46","(module)","display-definition","库存与酒水上架","","完整候选索引；表达式内字面量可能是接口参数，是否实际展示以文案决策表与浏览器证据为准"
"src/shared/staff-module-access.ts","54","(module)","display-definition","演出","","完整候选索引；表达式内字面量可能是接口参数，是否实际展示以文案决策表与浏览器证据为准"
"src/shared/staff-module-access.ts","58","(module)","display-definition","经营数据","","完整候选索引；表达式内字面量可能是接口参数，是否实际展示以文案决策表与浏览器证据为准"
"src/shared/staff-module-access.ts","66","(module)","display-definition","客户体验与活动","","完整候选索引；表达式内字面量可能是接口参数，是否实际展示以文案决策表与浏览器证据为准"
"src/shared/staff-module-access.ts","83","(module)","display-definition","会员权益待办","","完整候选索引；表达式内字面量可能是接口参数，是否实际展示以文案决策表与浏览器证据为准"
"src/shared/staff-module-access.ts","87","(module)","display-definition","会员权益异常","","完整候选索引；表达式内字面量可能是接口参数，是否实际展示以文案决策表与浏览器证据为准"
"src/shared/staff-module-access.ts","91","(module)","display-definition","会员等级与权益","","完整候选索引；表达式内字面量可能是接口参数，是否实际展示以文案决策表与浏览器证据为准"
"src/shared/staff-module-access.ts","95","(module)","display-definition","会员规则草稿","","完整候选索引；表达式内字面量可能是接口参数，是否实际展示以文案决策表与浏览器证据为准"
"src/shared/staff-module-access.ts","99","(module)","display-definition","待审批会员规则","","完整候选索引；表达式内字面量可能是接口参数，是否实际展示以文案决策表与浏览器证据为准"
"src/shared/staff-module-access.ts","103","(module)","display-definition","会员规则发布","","完整候选索引；表达式内字面量可能是接口参数，是否实际展示以文案决策表与浏览器证据为准"
"src/shared/staff-module-access.ts","107","(module)","display-definition","会员账户查询","","完整候选索引；表达式内字面量可能是接口参数，是否实际展示以文案决策表与浏览器证据为准"
"src/shared/staff-module-access.ts","111","(module)","display-definition","其他会员经营配置","","完整候选索引；表达式内字面量可能是接口参数，是否实际展示以文案决策表与浏览器证据为准"
"src/shared/staff-module-access.ts","132","(module)","display-definition","设备与打印","","完整候选索引；表达式内字面量可能是接口参数，是否实际展示以文案决策表与浏览器证据为准"
"src/shared/staff-module-access.ts","139","(module)","display-definition","系统配置","","完整候选索引；表达式内字面量可能是接口参数，是否实际展示以文案决策表与浏览器证据为准"
